# Blender 4.5.3 LTS
# www.blender.org
mtllib trophy.mtl
o trophy
v -9.052128 27.229452 -0.824130
v -9.674150 28.406265 0.824134
v -8.661824 27.802589 0.824134
v -8.661824 27.802589 -0.824130
v -9.674150 28.406265 -0.824130
v -9.384047 28.956512 0.824134
v -8.306711 28.478416 0.824135
v -8.306711 28.478416 -0.824130
v -9.384047 28.956512 -0.824130
v -9.191942 29.518347 0.824134
v -8.033786 29.299488 0.824135
v -8.033786 29.299488 -0.824129
v -9.191942 29.518347 -0.824130
v -9.166937 29.730505 0.824134
v -7.988518 29.754009 0.824135
v -7.988518 29.754009 -0.824129
v -9.166937 29.730505 -0.824129
v -9.180065 29.855906 0.824135
v -8.063763 30.234190 0.824135
v -8.063763 30.234190 -0.824129
v -9.180065 29.855907 -0.824129
v -9.206694 29.911158 0.824135
v -8.322024 30.689997 0.824135
v -8.322023 30.689997 -0.824129
v -9.206693 29.911161 -0.824129
v -9.282643 29.962589 0.824135
v -8.765347 31.021660 0.824135
v -8.765347 31.021664 -0.824129
v -9.282643 29.962589 -0.824129
v -9.566093 30.032110 0.824134
v -9.273420 31.173849 0.824135
v -9.273420 31.173849 -0.824129
v -9.566093 30.032110 -0.824129
v -13.865767 31.036417 0.824134
v -13.480530 32.150337 0.824135
v -13.480530 32.150337 -0.824129
v -13.865767 31.036417 -0.824129
v -17.361095 32.670517 0.824134
v -16.743752 33.674564 0.824135
v -16.743752 33.674568 -0.824129
v -17.361095 32.670517 -0.824129
v -20.060402 34.788864 0.824135
v -19.231874 35.627178 0.824136
v -19.231874 35.627178 -0.824128
v -20.060402 34.788868 -0.824129
v -22.038248 37.248169 0.824135
v -21.047466 37.886589 0.824136
v -21.047466 37.886593 -0.824128
v -22.038248 37.248169 -0.824129
v -23.379074 39.901207 0.824136
v -22.283195 40.335121 0.824136
v -22.283195 40.335121 -0.824128
v -23.379072 39.901207 -0.824128
v -24.176010 42.605526 0.824136
v -23.023060 42.850342 0.824137
v -23.023060 42.850342 -0.824127
v -24.176010 42.605526 -0.824128
v -24.524700 45.226055 0.824137
v -23.348524 45.302429 0.824137
v -23.348524 45.302429 -0.824127
v -24.524700 45.226055 -0.824127
v -24.518969 47.633568 0.824137
v -23.342888 47.555733 0.824137
v -23.342884 47.555733 -0.824126
v -24.518969 47.633568 -0.824127
v -24.248478 49.704502 0.824137
v -23.093609 49.468910 0.824138
v -23.093609 49.468910 -0.824126
v -24.069073 49.667904 -1.222291
v -24.248478 49.704502 -0.824127
v -23.791294 51.330292 0.824138
v -22.699734 50.885628 0.824138
v -22.699734 50.885628 -0.824126
v -23.791294 51.330292 -0.824126
v -23.128237 52.471870 0.824138
v -22.357569 51.580074 0.824138
v -22.357569 51.580074 -0.824126
v -23.128237 52.471870 -0.824126
v -22.222685 52.796909 0.824138
v -22.280853 51.619690 0.824138
v -22.280853 51.619690 -0.824126
v -22.222685 52.796909 -0.824126
v -21.417187 52.456581 0.824138
v -21.920948 51.391006 0.824138
v -21.920952 51.391006 -0.824126
v -21.417187 52.456581 -0.824126
v -19.310442 51.583717 0.824137
v -19.705704 50.473309 0.824137
v -19.705704 50.473309 -0.824126
v -19.310442 51.583717 -0.824127
v -17.465414 51.020214 0.824137
v -17.758591 49.878601 0.824137
v -17.758591 49.878601 -0.824127
v -17.465414 51.020214 -0.824127
v -15.786747 50.612888 0.824137
v -16.210354 49.512989 0.824138
v -16.210354 49.512989 -0.824126
v -15.786751 50.612888 -0.824126
v -15.056267 50.142628 0.824135
v -15.911196 49.331257 0.824137
v -15.911201 49.331257 -0.824127
v -15.056273 50.142632 -0.824129
v -14.662664 49.411713 0.824131
v -15.811821 49.149685 0.824136
v -15.811831 49.149693 -0.824128
v -14.662671 49.411724 -0.824132
v -14.681232 48.592731 0.824129
v -15.647766 48.831360 1.222298
v -15.825525 48.875256 0.824135
v -15.825533 48.875256 -0.824129
v -14.681239 48.592735 -0.824135
v -15.032767 47.814728 0.824128
v -16.020092 48.458485 0.824135
v -16.020100 48.458488 -0.824129
v -15.032776 47.814735 -0.824136
v -15.649582 47.096561 0.824131
v -16.451796 47.960087 0.824137
v -16.451805 47.960087 -0.824127
v -15.649593 47.096561 -0.824132
v -12.469751 49.882992 8.332026
v -8.332022 49.882992 12.469758
v -2.925812 49.882992 14.709083
v -2.925811 49.882992 -14.709079
v -8.332022 49.882992 -12.469754
v -12.469751 49.882992 -8.332024
v -14.709076 49.882988 -2.925815
v -14.709076 49.882988 2.925821
v -6.738561 28.487503 1.340387
v -6.738564 28.487503 -1.340382
v -5.712675 28.487503 -3.817090
v -3.817084 28.487503 -5.712679
v -1.340377 28.487503 -6.738564
v -1.340377 28.487503 6.738569
v -3.817084 28.487503 5.712682
v -5.712675 28.487503 3.817093
v -13.055042 39.109402 2.596813
v -13.055042 39.109402 -2.596808
v -11.067529 39.109398 -7.395087
v -7.395087 39.109402 -11.067532
v -2.596803 39.109398 -13.055043
v -2.596806 39.109402 13.055051
v -7.395087 39.109402 11.067534
v -11.067529 39.109398 7.395092
v -11.870249 49.928143 7.931452
v -7.931448 49.928143 11.870256
v -2.785147 49.928139 14.001923
v -2.785148 49.928139 -14.001917
v -7.931448 49.928143 -11.870253
v -11.870249 49.928143 -7.931448
v -14.001915 49.928139 -2.785152
v -14.001915 49.928139 2.785158
v -6.192143 28.955372 1.231697
v -6.192143 28.955372 -1.231693
v -5.249444 28.955374 -3.507569
v -3.507565 28.955374 -5.249449
v -1.231688 28.955376 -6.192147
v -1.231688 28.955376 6.192151
v -3.507565 28.955374 5.249452
v -5.249444 28.955374 3.507572
v -12.386799 39.352928 2.463891
v -12.386799 39.352928 -2.463886
v -10.501020 39.352932 -7.016558
v -7.016556 39.352928 -10.501022
v -2.463881 39.352928 -12.386801
v -2.463884 39.352928 12.386807
v -7.016556 39.352928 10.501026
v -10.501022 39.352932 7.016562
v -1.183558 24.768063 -0.328184
v -1.183558 24.768063 0.328189
v -1.032771 24.768064 1.024773
v -0.336185 24.768063 1.164743
v -0.336185 24.768063 -1.164739
v -1.032771 24.768064 -1.024769
v -0.361880 24.768063 -0.343061
v -0.361877 24.768061 0.343065
v -2.314234 22.235014 0.460333
v -2.314233 19.583395 0.460333
v -1.961911 22.235014 1.310914
v -1.961912 19.583393 1.310914
v -1.310904 22.235014 1.961920
v -1.310905 19.583395 1.961920
v -0.460324 22.235014 2.314242
v -0.460325 19.583395 2.314242
v -0.460325 19.583395 -2.314237
v -0.460324 22.235014 -2.314237
v -1.310904 22.235014 -1.961916
v -1.310905 19.583395 -1.961916
v -1.961912 19.583393 -1.310910
v -1.961911 22.235014 -1.310910
v -2.314233 19.583395 -0.460329
v -2.314234 22.235014 -0.460329
v -3.143642 11.270257 5.914393
v -5.914387 11.270260 3.143650
v -7.716141 11.270258 -0.037110
v -3.268015 11.270257 -0.087255
v -5.964532 11.270259 -3.268016
v -3.268012 11.270257 -5.964534
v -0.037107 11.270260 -7.716146
v -10.606647 49.882996 10.606653
v -6.348782 28.487503 2.629755
v -5.740274 49.882996 13.858262
v 0.000006 49.882996 15.000073
v -5.740273 49.882988 -13.858256
v -10.606647 49.882996 -10.606650
v -13.858254 49.882996 -5.740276
v -15.000067 49.882992 0.000003
v -4.859143 28.487505 4.859151
v -12.299894 39.109402 5.094788
v -2.629747 28.487505 6.348787
v -2.629747 28.487501 -6.348784
v -4.859144 28.487503 -4.859149
v -6.348782 28.487503 -2.629751
v -6.871872 28.487503 0.000002
v -10.633442 33.274864 2.115126
v -10.633443 33.274864 -2.115122
v -9.014596 33.274864 -6.023362
v -6.023359 33.274864 -9.014598
v -2.115117 33.274864 -10.633444
v -2.115117 33.274864 10.633450
v -6.023359 33.274864 9.014602
v -9.014596 33.274864 6.023365
v -9.413933 39.109402 9.413937
v -5.094780 39.109402 12.299903
v 0.000006 39.109402 13.313318
v -5.094780 39.109402 -12.299895
v -9.413933 39.109402 -9.413933
v -12.299894 39.109402 -5.094783
v -13.313312 39.109398 0.000003
v -13.858254 49.882996 5.740282
v -14.311031 44.981857 2.846645
v -14.311031 44.981857 -2.846639
v -12.132306 44.981861 -8.106548
v -8.106546 44.981865 -12.132307
v -2.846636 44.981865 -14.311034
v -2.846635 44.981865 14.311038
v -8.106546 44.981865 12.132311
v -12.132306 44.981861 8.106552
v -10.096718 49.928139 10.096724
v -5.833969 28.955374 2.416514
v -5.464301 49.928143 13.192004
v -5.464299 49.928143 -13.192000
v -10.096718 49.928139 -10.096721
v -13.191999 49.928139 -5.464303
v -14.278914 49.928143 0.000003
v -4.465125 28.955374 4.465133
v -11.670305 39.352928 4.834003
v -2.416505 28.955374 5.833977
v 0.000007 28.955376 6.314651
v -2.416505 28.955374 -5.833972
v -4.465125 28.955374 -4.465128
v -5.833969 28.955374 -2.416509
v -6.314645 28.955374 0.000002
v -10.015207 33.648418 1.992152
v -10.015207 33.648418 -1.992147
v -8.490481 33.648418 -5.673159
v -5.673153 33.648418 -8.490482
v -1.992143 33.648422 -10.015208
v -1.992143 33.648422 10.015212
v -5.673153 33.648418 8.490486
v -8.490481 33.648418 5.673162
v -8.932064 39.352932 8.932069
v -4.833994 39.352928 11.670314
v -4.833994 39.352928 -11.670305
v -8.932063 39.352932 -8.932065
v -11.670305 39.352928 -4.833998
v -12.631847 39.352932 0.000003
v -13.191999 49.928143 5.464309
v -13.613508 45.101852 2.707899
v -13.613508 45.101852 -2.707893
v -11.540974 45.101860 -7.711433
v -7.711429 45.101860 -11.540977
v -2.707889 45.101860 -13.613510
v -2.707889 45.101860 13.613514
v -7.711431 45.101860 11.540980
v -11.540974 45.101860 7.711437
v -0.678428 24.768063 -1.106704
v -1.121413 24.768061 -0.666424
v 0.000006 24.768061 -1.187781
v -0.347262 24.768064 -0.720012
v -0.748241 24.768063 -0.332555
v -1.208004 24.768063 0.000002
v -0.370070 24.768061 0.000002
v -0.748241 24.768063 0.332559
v -1.121413 24.768061 0.666428
v -0.347262 24.768064 0.720016
v -0.678428 24.768063 1.106708
v -0.903135 19.583393 2.180378
v 0.000006 22.235014 2.360025
v -0.903135 19.583393 -2.180374
v -0.903134 22.235014 -2.180374
v -0.903134 22.235014 2.180378
v -1.668782 19.583391 1.668790
v -1.668781 22.235016 1.668790
v -2.180370 19.583393 0.903143
v -2.180369 22.235012 0.903144
v 2.084428 17.810118 0.863398
v 2.084428 18.042135 0.863398
v 1.595353 18.042137 -1.595352
v -2.360017 19.583393 0.000002
v 1.595353 17.810120 -1.595352
v 2.084428 18.042137 -0.863398
v -2.360016 22.235014 0.000002
v 2.084428 17.810120 -0.863398
v 0.863399 18.042139 2.084428
v 0.863398 17.810122 2.084428
v -2.180369 22.235012 -0.903139
v -2.180370 19.583393 -0.903139
v 0.863400 24.008287 -2.084427
v 0.863399 23.776272 -2.084427
v 1.595352 24.008286 -1.595352
v 1.595354 23.776268 -1.595352
v 0.863399 18.042139 -2.084428
v 2.084429 24.008287 -0.863399
v 2.084429 23.776270 -0.863398
v -1.668782 19.583391 -1.668786
v 1.595352 24.008286 1.595352
v -1.668781 22.235016 -1.668786
v -2.417829 20.909203 0.480940
v -2.049736 20.909204 1.369596
v -1.369588 20.909204 2.049744
v -0.480931 20.909204 2.417838
v -0.480931 20.909204 -2.417833
v -1.369588 20.909204 -2.049740
v -2.049736 20.909204 -1.369592
v -2.417829 20.909203 -0.480935
v -1.566169 11.270258 6.967921
v -4.618611 11.270260 4.618620
v -6.967913 11.270259 1.566176
v -1.553632 11.270259 4.686825
v -4.686817 11.270260 1.553640
v -1.621839 11.270257 1.621845
v -6.980449 11.270258 -1.690046
v -4.749500 11.270259 -1.752727
v -1.715613 11.270260 -1.715614
v -4.712389 11.270256 -4.712390
v -1.752725 11.270260 -4.749502
v -1.690042 11.270259 -6.980453
v -2.107041 18.257582 -0.419116
v -7.667727 33.274868 7.667731
v -10.018371 33.274864 4.149748
v -4.149741 33.274868 10.018374
v 0.000006 33.274864 10.843810
v -4.149741 33.274864 -10.018371
v -7.667727 33.274864 -7.667728
v -10.018371 33.274864 -4.149744
v -10.843805 33.274864 0.000002
v -10.319621 44.981861 10.319625
v -5.584935 44.981869 13.483240
v -5.584934 44.981869 -13.483236
v -10.319621 44.981861 -10.319621
v -13.483234 44.981861 -5.584938
v -14.594148 44.981857 0.000003
v -13.483234 44.981861 5.584943
v -13.163034 54.293098 5.452312
v -7.221918 33.648422 7.221923
v -9.435893 33.648418 3.908479
v -3.908470 33.648418 9.435899
v 0.000007 33.648418 10.213343
v -3.908470 33.648418 -9.435895
v -7.221918 33.648418 -7.221920
v -9.435893 33.648418 -3.908475
v -10.213338 33.648418 0.000002
v -9.816638 45.101864 9.816644
v -5.312723 45.101860 12.826064
v -5.312723 45.101860 -12.826059
v -9.816639 45.101860 -9.816640
v -12.826059 45.101852 -5.312727
v -13.882826 45.101852 0.000003
v -12.826059 45.101852 5.312731
v -0.714436 24.768063 -0.692371
v -0.764593 24.768061 0.000002
v -0.714436 24.768063 0.692375
v 0.000007 20.909203 2.465670
v -0.943563 20.909203 -2.277978
v -0.943563 20.909203 2.277982
v -1.743484 20.909204 1.743493
v -2.277973 20.909204 0.943572
v -2.465661 20.909206 0.000002
v 0.863398 17.810122 -2.084428
v 2.212399 17.810122 0.440074
v 2.212401 18.042139 0.440074
v 1.875583 18.042139 1.253224
v 1.875583 17.810122 1.253224
v -2.277973 20.909204 -0.943568
v 0.440074 17.810123 2.212401
v 0.440074 18.042141 2.212401
v 2.212401 18.042141 -0.440074
v 1.595354 23.776268 1.595352
v 2.084429 23.776270 0.863398
v 2.084429 24.008287 0.863398
v 2.256169 24.008286 -0.000000
v 2.256169 23.776268 -0.000000
v 0.863400 24.008287 2.084428
v -1.743484 20.909204 -1.743488
v 0.863399 23.776272 2.084428
v -3.181953 11.270257 3.181961
v -5.981794 11.270261 -0.102306
v 0.000005 11.270260 0.000002
v -3.322613 11.270258 -3.322617
v -10.584347 54.298454 10.584353
v 9.674157 28.406267 -0.824135
v 8.661831 27.802593 -0.824134
v 8.661831 27.802593 0.824129
v 9.674157 28.406267 0.824129
v 9.384052 28.956516 -0.824135
v 8.306716 28.478418 -0.824135
v 8.306716 28.478418 0.824130
v 9.384052 28.956516 0.824130
v 9.191950 29.518349 -0.824135
v 8.033791 29.299490 -0.824135
v 8.033791 29.299490 0.824129
v 9.191950 29.518349 0.824129
v 9.166944 29.730507 -0.824135
v 8.171582 29.750360 -1.222299
v 7.988523 29.754011 -0.824135
v 7.988523 29.754011 0.824129
v 9.166944 29.730507 0.824129
v 9.180069 29.855911 -0.824135
v 9.006660 29.914673 -1.222299
v 8.063766 30.234192 -0.824135
v 8.063766 30.234196 0.824129
v 9.180069 29.855911 0.824129
v 9.206700 29.911161 -0.824135
v 8.322030 30.689997 -0.824135
v 8.322027 30.689997 0.824129
v 9.206697 29.911161 0.824129
v 9.282650 29.962593 -0.824135
v 8.765352 31.021666 -0.824135
v 8.765352 31.021666 0.824129
v 9.282650 29.962593 0.824129
v 9.566097 30.032110 -0.824135
v 9.273425 31.173851 -0.824135
v 9.273425 31.173851 0.824128
v 9.566097 30.032110 0.824129
v 13.865773 31.036421 -0.824136
v 13.480535 32.150341 -0.824137
v 13.480535 32.150341 0.824127
v 13.865773 31.036421 0.824128
v 17.361103 32.670517 -0.824137
v 16.743759 33.674568 -0.824138
v 16.743759 33.674568 0.824126
v 17.361103 32.670521 0.824126
v 20.060408 34.788872 -0.824139
v 19.231882 35.627182 -0.824139
v 19.231882 35.627182 0.824125
v 20.060408 34.788872 0.824125
v 22.038250 37.248177 -0.824139
v 21.047476 37.886593 -0.824140
v 21.047476 37.886593 0.824124
v 22.038250 37.248177 0.824124
v 23.379086 39.901211 -0.824140
v 22.283207 40.335125 -0.824140
v 22.283207 40.335125 0.824123
v 23.379086 39.901211 0.824124
v 24.176020 42.605537 -0.824141
v 23.023067 42.850349 -0.824141
v 23.023067 42.850349 0.824123
v 24.176020 42.605537 0.824123
v 24.524714 45.226059 -0.824142
v 24.341999 45.237930 -1.222306
v 23.348530 45.302437 -0.824142
v 23.348530 45.302437 0.824122
v 24.524714 45.226059 0.824122
v 24.518982 47.633572 -0.824142
v 23.342901 47.555737 -0.824142
v 23.342901 47.555737 0.824122
v 24.518982 47.633572 0.824122
v 24.248487 49.704502 -0.824142
v 23.093616 49.468903 -0.824142
v 23.093616 49.468903 0.824122
v 24.248487 49.704502 0.824122
v 23.791302 51.330288 -0.824143
v 22.699749 50.885632 -0.824142
v 22.699749 50.885632 0.824121
v 23.791302 51.330288 0.824121
v 23.128250 52.471867 -0.824142
v 22.357576 51.580082 -0.824142
v 22.357576 51.580082 0.824121
v 23.128250 52.471867 0.824121
v 22.222696 52.796902 -0.824142
v 22.280861 51.619686 -0.824142
v 22.280861 51.619686 0.824121
v 22.222696 52.796902 0.824122
v 21.417198 52.456581 -0.824142
v 21.920959 51.391006 -0.824142
v 21.920959 51.391006 0.824122
v 21.417198 52.456581 0.824122
v 19.310452 51.583710 -0.824141
v 19.705715 50.473309 -0.824141
v 19.705715 50.473309 0.824123
v 19.310452 51.583710 0.824123
v 17.465424 51.020210 -0.824140
v 17.758596 49.878601 -0.824140
v 17.758596 49.878601 0.824124
v 17.465424 51.020210 0.824124
v 15.786760 50.612892 -0.824140
v 16.210363 49.512989 -0.824140
v 16.210369 49.512989 0.824124
v 15.786760 50.612892 0.824124
v 15.056276 50.142628 -0.824137
v 15.911205 49.331253 -0.824139
v 15.911211 49.331257 0.824125
v 15.056282 50.142628 0.824127
v 14.662676 49.411709 -0.824133
v 15.811831 49.149685 -0.824138
v 15.811842 49.149693 0.824126
v 14.662682 49.411713 0.824130
v 14.681242 48.592728 -0.824131
v 15.825534 48.875248 -0.824137
v 15.825541 48.875259 0.824127
v 14.681249 48.592739 0.824133
v 15.032776 47.814732 -0.824130
v 16.020103 48.458477 -0.824137
v 16.020109 48.458481 0.824127
v 15.032786 47.814735 0.824134
v 15.649593 47.096561 -0.824134
v 16.451803 47.960091 -0.824140
v 16.451815 47.960091 0.824124
v 15.649604 47.096558 0.824130
v 16.050272 46.762112 0.824127
v 12.469756 49.882992 -8.332028
v 8.332023 49.882996 -12.469757
v 2.925814 49.882999 -14.709081
v 2.925826 49.882996 14.709082
v 8.332033 49.882992 12.469755
v 12.469761 49.882992 8.332022
v 14.709084 49.882996 2.925813
v 14.709084 49.882996 -2.925823
v 6.738567 28.487505 -1.340386
v 6.738570 28.487505 1.340383
v 5.712684 28.487505 3.817090
v 3.817092 28.487505 5.712680
v 1.340388 28.487503 6.738567
v 1.340382 28.487505 -6.738566
v 3.817090 28.487505 -5.712681
v 5.712678 28.487505 -3.817093
v 13.055051 39.109402 -2.596814
v 13.055051 39.109402 2.596807
v 11.067539 39.109402 7.395086
v 7.395098 39.109402 11.067533
v 2.596816 39.109402 13.055047
v 2.596810 39.109402 -13.055047
v 7.395092 39.109402 -11.067533
v 11.067531 39.109402 -7.395092
v 11.870255 49.928143 -7.931454
v 7.931450 49.928146 -11.870255
v 2.785149 49.928143 -14.001920
v 2.785161 49.928146 14.001920
v 7.931458 49.928143 11.870254
v 11.870260 49.928143 7.931447
v 14.001925 49.928139 2.785151
v 14.001925 49.928139 -2.785160
v 6.192148 28.955374 -1.231697
v 6.192148 28.955374 1.231694
v 5.249456 28.955374 3.507569
v 3.507575 28.955376 5.249450
v 1.231699 28.955376 6.192150
v 1.231694 28.955374 -6.192148
v 3.507575 28.955376 -5.249451
v 5.249451 28.955378 -3.507572
v 12.386806 39.352932 -2.463892
v 12.386811 39.352932 2.463885
v 10.501030 39.352932 7.016557
v 7.016565 39.352932 10.501023
v 2.463892 39.352932 12.386805
v 2.463886 39.352932 -12.386804
v 7.016559 39.352928 -10.501025
v 10.501024 39.352932 -7.016563
v 1.183564 24.768063 0.328187
v 1.183564 24.768063 -0.328186
v 1.032778 24.768063 -1.024771
v 0.336191 24.768063 -1.164740
v 0.336191 24.768063 1.164741
v 1.032778 24.768063 1.024771
v 0.361890 24.768063 0.343063
v 0.361887 24.768064 -0.343063
v 1.253225 24.008289 1.875583
v 1.253225 23.776272 1.875583
v 2.212399 17.810122 -0.440074
v 2.212403 24.008286 -0.440074
v 0.440074 18.042141 -2.212400
v 0.440074 17.810123 -2.212400
v -1.595345 18.042139 -1.595350
v -1.595345 17.810122 -1.595350
v 2.212402 23.776270 -0.440074
v 2.314241 22.235014 -0.460331
v 2.314241 19.583397 -0.460331
v 0.440074 23.776272 2.212401
v 1.961918 22.235016 -1.310912
v 1.961920 19.583393 -1.310912
v 0.440073 24.008287 2.212401
v 1.310910 22.235014 -1.961918
v 1.310912 19.583393 -1.961918
v 2.212402 23.776270 0.440074
v 0.460330 22.235016 -2.314239
v 0.460332 19.583393 -2.314239
v -0.863390 18.042137 2.084430
v 0.460332 19.583393 2.314240
v 0.460332 22.235014 2.314240
v 2.212403 24.008286 0.440074
v -0.863390 17.810122 2.084430
v 0.000002 18.042141 2.256169
v 1.310910 22.235014 1.961918
v 0.000003 17.810123 2.256169
v 1.310912 19.583393 1.961918
v -2.084421 18.042135 0.863400
v -2.084421 17.810120 0.863400
v -1.595345 18.042137 1.595354
v -1.595345 17.810120 1.595354
v 0.000002 17.810122 -2.256168
v 0.000001 18.042141 -2.256168
v 1.961920 19.583393 1.310911
v -0.863391 24.008287 2.084430
v -0.863391 23.776268 2.084430
v 1.961918 22.235016 1.310912
v -1.595345 24.008287 1.595354
v -2.084421 17.810120 -0.863396
v 2.314241 19.583397 0.460331
v -1.595345 23.776266 1.595354
v -2.084423 24.008286 0.863400
v 2.314241 22.235014 0.460331
v -2.084422 23.776268 0.863400
v -2.256162 24.008286 0.000002
v -2.256163 23.776268 0.000002
v 3.143652 11.270259 -5.914392
v 5.914393 11.270262 -3.143650
v 7.716147 11.270258 0.037111
v -0.087255 11.270263 -3.268018
v 3.268024 11.270257 0.087257
v 5.964544 11.270258 3.268017
v 0.087262 11.270258 3.268018
v 3.268024 11.270257 5.964536
v 0.037117 11.270260 7.716149
v 10.606653 49.882996 -10.606654
v 6.348785 28.487507 -2.629755
v 5.740277 49.882996 -13.858259
v -0.000003 49.882988 -15.000070
v 5.740285 49.882996 13.858259
v 0.000004 28.487505 6.871878
v 10.606659 49.882992 10.606649
v 13.858265 49.882996 5.740274
v 15.000074 49.882996 -0.000005
v 4.859150 28.487505 -4.859150
v 12.299902 39.109402 -5.094790
v 2.629753 28.487507 -6.348785
v -0.000001 28.487505 -6.871875
v 2.629759 28.487505 6.348786
v 4.859152 28.487503 4.859149
v 6.348788 28.487507 2.629752
v 6.871878 28.487505 -0.000002
v 10.633446 33.274868 -2.115127
v 10.633449 33.274868 2.115121
v 9.014602 33.274864 6.023362
v 6.023369 33.274868 9.014598
v 2.115126 33.274868 10.633446
v 2.115120 33.274864 -10.633447
v 6.023363 33.274864 -9.014601
v 9.014599 33.274864 -6.023365
v 9.413933 39.109402 -9.413937
v 5.094782 39.109402 -12.299901
v -0.000002 39.109402 -13.313313
v 5.094793 39.109406 12.299897
v 9.413941 39.109402 9.413934
v 12.299902 39.109402 5.094781
v 13.313316 39.109402 -0.000004
v 13.858264 49.882988 -5.740284
v 14.311043 44.981865 -2.846647
v 14.311043 44.981865 2.846638
v 12.132315 44.981865 8.106547
v 8.106558 44.981869 12.132308
v 2.846647 44.981865 14.311038
v 2.846641 44.981869 -14.311034
v 8.106549 44.981869 -12.132310
v 12.132309 44.981865 -8.106554
v 10.096720 49.928139 -10.096725
v 5.833974 28.955374 -2.416513
v 5.464306 49.928139 -13.192002
v -0.000004 49.928146 -14.278918
v 5.464312 49.928146 13.192003
v 10.096725 49.928146 10.096720
v 13.192009 49.928135 5.464302
v 14.278923 49.928146 -0.000005
v 4.465132 28.955374 -4.465132
v 11.670309 39.352932 -4.834004
v 2.416512 28.955374 -5.833975
v -0.000004 28.955374 -6.314648
v 2.416512 28.955374 5.833975
v 0.000003 39.352936 12.631854
v 4.465132 28.955374 4.465130
v 5.833977 28.955374 2.416510
v 6.314651 28.955376 -0.000002
v 10.015211 33.648422 -1.992152
v 10.015211 33.648422 1.992146
v 8.490486 33.648418 5.673158
v 5.673164 33.648422 8.490483
v 1.992156 33.648422 10.015211
v 1.992150 33.648422 -10.015208
v 5.673158 33.648418 -8.490485
v 8.490486 33.648422 -5.673163
v 8.932066 39.352932 -8.932069
v 4.833999 39.352932 -11.670311
v -0.000001 39.352932 -12.631850
v 4.834005 39.352932 11.670308
v 8.932072 39.352932 8.932066
v 11.670311 39.352932 4.833996
v 12.631855 39.352932 -0.000004
v 13.192003 49.928146 -5.464311
v 0.000004 49.928143 14.278922
v 13.613516 45.101860 -2.707901
v 13.613516 45.101864 2.707891
v 11.540985 45.101860 7.711432
v 7.711438 45.101864 11.540977
v 2.707902 45.101868 13.613514
v 2.707892 45.101860 -13.613510
v 7.711432 45.101864 -11.540979
v 11.540979 45.101860 -7.711439
v 0.678438 24.768063 1.106706
v 1.121423 24.768064 0.666426
v 0.000001 24.768064 1.187783
v 0.347269 24.768064 0.720014
v 0.748250 24.768064 0.332557
v 1.208012 24.768066 0.000000
v 0.000001 24.768064 0.349850
v 0.370076 24.768063 0.000000
v 0.748250 24.768064 -0.332557
v 1.121423 24.768064 -0.666426
v 0.000001 24.768064 -0.349849
v 0.347269 24.768064 -0.720013
v 0.678438 24.768063 -1.106706
v 0.903142 19.583393 -2.180376
v -2.084421 18.042135 -0.863396
v 0.000003 22.235014 -2.360022
v -0.000001 19.583395 -2.360022
v 0.903142 19.583393 2.180377
v -2.212393 18.042137 -0.440072
v 0.903140 22.235016 2.180377
v 2.126046 14.904233 -3.181855
v -1.595345 24.008287 -1.595350
v -1.595345 23.776266 -1.595350
v -2.084422 23.776268 -0.863396
v -2.084423 24.008286 -0.863396
v 0.000005 23.776270 -2.256167
v 0.000002 24.008287 -2.256167
v -2.212393 17.810120 -0.440072
v 0.000007 24.008286 2.256171
v 0.903140 22.235016 -2.180376
v -1.875575 17.810118 -1.253222
v 1.668792 19.583393 -1.668788
v -1.875575 18.042137 -1.253222
v -0.440067 18.042139 2.212402
v 1.668790 22.235016 -1.668788
v -0.440067 17.810122 2.212402
v -1.253216 18.042137 -1.875580
v -1.253216 17.810120 -1.875580
v 1.595354 18.042139 1.595352
v 1.595353 17.810122 1.595352
v 2.180377 19.583393 -0.903142
v 2.256168 18.042137 -0.000000
v 2.256168 17.810122 -0.000000
v 2.180378 22.235014 -0.903142
v 1.875583 18.042139 -1.253224
v 1.875583 17.810122 -1.253224
v 1.253225 18.042137 -1.875583
v 1.253224 17.810122 -1.875582
v 1.253225 18.042137 1.875582
v 2.360022 19.583395 -0.000000
v 1.253224 17.810122 1.875583
v -2.256161 18.042139 0.000002
v 2.360025 22.235012 -0.000000
v -2.256161 17.810122 0.000002
v -0.863390 18.042137 -2.084426
v 0.000008 23.776268 2.256171
v -1.253218 24.008286 -1.875580
v -1.253218 23.776270 -1.875580
v -1.875576 24.008286 1.253226
v -1.875576 23.776270 1.253226
v -2.212394 24.008284 0.440076
v -2.212394 23.776268 0.440076
v 2.180378 22.235014 0.903141
v -0.440068 23.776266 -2.212398
v 2.180377 19.583393 0.903141
v -0.440066 24.008287 -2.212398
v -1.875576 23.776270 -1.253222
v -1.875576 24.008286 -1.253222
v -2.212394 23.776268 -0.440072
v -2.212394 24.008284 -0.440072
v -0.000001 19.583395 2.360023
v 0.440073 24.008287 -2.212400
v 0.440074 23.776272 -2.212400
v -0.863390 17.810122 -2.084426
v 1.253225 24.008289 -1.875582
v 1.253225 23.776272 -1.875582
v 1.668792 19.583393 1.668788
v 1.875583 24.008286 -1.253224
v 1.668790 22.235016 1.668788
v 2.417837 20.909201 -0.480938
v 2.049745 20.909199 -1.369594
v 1.369596 20.909204 -2.049742
v 0.480935 20.909204 -2.417835
v 0.480938 20.909203 2.417836
v 1.369596 20.909204 2.049742
v 2.049745 20.909199 1.369594
v 2.417837 20.909201 0.480937
v 1.566176 11.270261 -6.967918
v 4.618618 11.270260 -4.618619
v 6.967920 11.270260 -1.566176
v 1.553642 11.270259 -4.686824
v 4.686827 11.270262 -1.553639
v 1.621845 11.270257 -1.621843
v 6.980457 11.270258 1.690046
v 4.749506 11.270257 1.752728
v 1.715622 11.270260 1.715617
v 4.712397 11.270258 4.712390
v 1.752734 11.270260 4.749504
v 1.690052 11.270262 6.980456
v 7.667728 33.274864 -7.667731
v 10.018371 33.274868 -4.149749
v 4.149747 33.274864 -10.018373
v -0.000003 33.274864 -10.843806
v 4.149753 33.274868 10.018372
v 7.667734 33.274864 7.667728
v 10.018376 33.274868 4.149743
v 10.843810 33.274868 -0.000003
v 10.319624 44.981865 -10.319625
v 5.584938 44.981865 -13.483237
v -0.000003 44.981865 -14.594151
v 5.584949 44.981861 13.483238
v 10.319630 44.981865 10.319621
v 13.483245 44.981869 5.584936
v 14.594155 44.981869 -0.000005
v 13.483240 44.981869 -5.584945
v 0.000006 44.981865 14.594154
v 7.221920 33.648422 -7.221922
v 9.435898 33.648422 -3.908480
v 3.908475 33.648418 -9.435897
v -0.000002 33.648418 -10.213339
v 3.908481 33.648422 9.435897
v 7.221926 33.648426 7.221921
v 9.435897 33.648418 3.908474
v 10.213342 33.648422 -0.000003
v 9.816643 45.101864 -9.816645
v 5.312726 45.101860 -12.826062
v -0.000002 45.101860 -13.882827
v 5.312734 45.101860 12.826061
v 9.816648 45.101864 9.816640
v 12.826068 45.101860 5.312725
v 13.882835 45.101864 -0.000004
v 12.826068 45.101860 -5.312734
v 0.000006 45.101860 13.882831
v 0.714443 24.768063 0.692373
v 0.764599 24.768063 0.000000
v 0.714443 24.768063 -0.692373
v 0.000001 24.768064 0.734258
v 0.000001 24.768064 0.000000
v 0.000001 24.768064 -0.734258
v -0.000001 20.909203 -2.465667
v 0.943571 20.909204 2.277980
v 1.464726 14.904233 3.536154
v 0.943571 20.909204 -2.277980
v 1.743492 20.909206 -1.743490
v 2.277979 20.909201 -0.943570
v 2.465669 20.909199 -0.000000
v -0.440067 17.810120 -2.212398
v -0.440067 18.042137 -2.212398
v -2.212393 18.042137 0.440076
v -2.212393 17.810120 0.440076
v -1.875575 18.042137 1.253226
v 2.277979 20.909201 0.943570
v -1.875575 17.810120 1.253226
v -1.253216 18.042137 1.875585
v -1.253216 17.810120 1.875585
v 1.875583 23.776272 -1.253224
v 1.875583 23.776272 1.253224
v 1.875583 24.008286 1.253224
v -0.863391 24.008287 -2.084426
v -0.863391 23.776268 -2.084426
v -0.440066 24.008287 2.212402
v -0.440067 23.776266 2.212402
v 1.743492 20.909206 1.743491
v -1.253218 24.008286 1.875585
v -1.253218 23.776270 1.875585
v -0.102309 11.270259 -5.981799
v 3.181960 11.270256 -3.181960
v 5.981803 11.270261 0.102306
v 3.322623 11.270259 3.322618
v 0.102313 11.270255 5.981801
v -23.008518 52.333332 -1.222290
v -16.144550 49.683853 1.222301
v -1.643348 24.768063 -0.326882
v 24.336285 47.621479 1.222286
v 19.371857 51.411221 1.222287
v 15.866740 48.358482 1.222292
v 16.144560 49.683853 1.222288
v 21.201384 37.787418 1.222288
v 23.531242 45.290577 -1.222306
v 0.419116 24.223732 2.107049
v 0.822283 17.594675 1.985170
v 7.830953 11.270256 3.243684
v 0.718375 15.528798 -3.611498
v 5.993552 11.270258 -5.993551
v 0.000008 23.560823 2.148734
v 1.393172 24.768063 -0.930886
v 0.822285 18.257582 1.985170
v -9.188014 27.352169 -1.222294
v -22.231722 52.614033 1.222302
v -19.360582 35.496948 1.222299
v 9.216691 28.882248 1.222294
v 13.540381 31.977297 -1.222301
v 15.647774 48.831360 -1.222300
v 1.519383 17.594677 1.519383
v -3.243680 11.776278 -7.830947
v 2.107049 23.560823 0.419118
v -21.884331 37.347343 -1.222293
v -14.841187 49.371017 -1.222296
v -0.419111 17.594677 -2.107046
v -1.985163 18.257580 0.822286
v 15.852568 50.442024 1.222288
v 1.786270 23.560827 1.193547
v 1.643356 24.768066 -0.326884
v 10.776164 0.000009 12.125200
v -23.202162 42.812313 -1.222291
v -9.520629 30.209471 -1.222293
v -15.852556 50.442024 -1.222290
v -24.336269 47.621479 1.222301
v 8.845711 30.857145 -1.222299
v 3.536156 14.904231 1.464722
v 12.125215 1.594009 10.776149
v -12.125196 0.000009 10.776149
v -3.181849 14.904233 2.126050
v -1.519376 17.594677 1.519385
v -0.822277 23.560827 -1.985167
v -1.548293 24.768061 -0.641324
v -2.107041 17.594675 0.419120
v -7.830944 11.776278 -3.243684
v 2.706458 14.904231 2.706455
v -0.326877 24.768063 -1.643353
v -0.000002 11.776277 -8.476157
v 2.604238 15.528800 2.604236
v 12.443537 54.298454 -8.314510
v -3.402591 15.528799 -1.409400
v 10.584358 54.298454 10.584349
v -2.107042 23.560825 -0.419116
v -10.904022 11.270255 -9.554976
v 1.193549 18.257584 -1.786269
v 1.985171 24.223732 0.822284
v 10.074556 54.293102 10.074551
v 7.914043 54.293102 11.844192
v -13.829117 54.298454 -5.728207
v 12.443542 54.298454 8.314504
v 1.185018 24.768063 -1.185016
v -9.554971 1.594010 10.904028
v -10.904022 1.594012 -9.554976
v 10.904043 1.594013 -9.554976
v 12.125216 0.000009 10.776149
v -10.776143 0.000009 -12.125200
v -13.805922 31.209457 1.222298
v -17.265194 32.826488 1.222299
v -3.753248 14.904232 0.746571
v -3.827497 14.904232 0.000002
v 17.713057 50.055943 1.222288
v 23.202177 42.812325 1.222287
v 1.653306 11.270259 -8.311728
v 1.519387 23.560825 1.519383
v -23.525585 47.567825 1.222301
v -8.213697 29.333488 -1.222293
v -24.341988 45.237919 -1.222291
v -1.786263 24.223728 1.193549
v -2.148725 17.594677 0.000002
v 19.931702 34.919098 1.222289
v 9.069270 30.032150 1.222293
v 24.341999 45.237930 1.222286
v 8.459455 30.569012 -1.222299
v 0.419118 17.594679 -2.107048
v -23.208834 39.968613 -1.222292
v -14.858990 48.636620 1.222294
v 21.884342 37.347347 -1.222304
v 23.208845 39.968616 -1.222304
v 19.360592 35.496956 -1.222303
v 1.548300 24.768064 -0.641326
v -8.237173 30.175428 -1.222293
v -8.459451 30.569008 -1.222293
v 0.746571 14.904234 3.753255
v -23.208838 39.968613 1.222299
v 17.713057 50.055943 -1.222304
v 0.000001 24.768064 -1.675866
v -1.786262 17.594675 -1.193545
v -3.682937 15.528799 0.000002
v 13.829123 54.298454 -5.728215
v 1.185018 24.768063 1.185017
v 1.548300 24.768064 0.641326
v -23.531235 45.290565 -1.222291
v -16.144552 49.683853 -1.222290
v 8.983882 29.734159 1.222293
v 15.647785 48.831371 1.222292
v 9.318891 30.996487 1.222292
v 2.107045 17.594677 0.419118
v 10.904043 11.270255 9.554976
v -3.243679 11.270257 -7.830947
v -7.914032 54.293098 11.844195
v -10.074548 54.293098 10.074555
v 0.419118 17.594679 2.107048
v -5.728205 54.298450 -13.829118
v 1.193547 24.223734 -1.786269
v 0.419118 18.257584 2.107048
v 14.247576 54.293098 -0.000005
v 13.971183 54.293098 2.779035
v -10.584347 54.298454 -10.584350
v -0.419111 18.257584 2.107050
v -1.985164 24.223732 -0.822282
v -7.830944 11.776278 3.243688
v -0.641319 24.768063 1.548301
v -14.247564 54.293102 0.000003
v -5.993546 11.776275 5.993552
v 0.000003 17.594677 2.148732
v 0.000008 23.560823 -2.148730
v 1.985170 18.257582 0.822284
v -2.107043 24.223728 0.419120
v -1.193540 18.257582 -1.786267
v -3.536148 14.904232 1.464725
v 5.993552 11.270258 5.993549
v 1.653304 11.776278 -8.311727
v -0.746563 14.904232 3.753256
v 8.476160 11.270259 -0.000002
v -3.536148 14.904232 -1.464721
v 0.000007 54.298454 14.968535
v -24.341988 45.237919 1.222301
v -23.008518 52.333332 1.222302
v 8.983882 29.734159 -1.222299
v -9.318886 30.996487 -1.222293
v -1.185011 24.768063 1.185019
v -0.000003 11.270261 -8.476157
v -8.983876 29.734154 1.222299
v 9.052135 27.229456 0.824129
v -2.604228 15.528798 2.604238
v -15.186152 47.914742 -1.222299
v -15.866714 48.358479 1.222298
v 9.012034 29.484352 1.222293
v 22.453449 40.267723 -1.222304
v 21.201384 37.787418 -1.222304
v 22.869310 50.954704 1.222285
v 8.474072 28.552689 1.222294
v 23.621738 51.261215 -1.222306
v 17.265202 32.826496 -1.222301
v 19.931702 34.919098 -1.222303
v -17.510958 50.842869 1.222301
v 16.160543 46.908264 -1.222302
v 9.052132 27.229458 -0.824135
v -3.611493 15.528799 0.718374
v -1.548293 24.768061 0.641328
v 19.644310 50.645802 -1.222305
v 23.621738 51.261215 1.222285
v -16.649927 47.556797 1.222303
v -9.052126 27.229456 0.824134
v -1.786263 23.560825 -1.193545
v -1.519377 23.560825 -1.519381
v 8.819089 27.896368 -1.222299
v 9.520635 30.209476 1.222293
v 9.202291 30.127113 -1.222299
v 24.069084 49.667908 1.222286
v 10.904043 11.270254 -9.554977
v -9.554971 11.270254 -10.904028
v 2.604233 15.528800 -2.604236
v 1.985171 23.560825 0.822284
v -1.193541 24.223730 -1.786267
v -11.844186 54.293098 7.914039
v -7.046338 11.270258 4.708218
v -1.985164 23.560825 -0.822282
v -1.786263 24.223728 -1.193545
v -2.706447 14.904231 2.706457
v -1.653299 11.270259 -8.311725
v -1.653299 11.270259 8.311729
v 1.786271 18.257584 -1.193547
v -9.318886 30.996485 1.222299
v -13.540374 31.977295 1.222299
v -0.822276 17.594677 1.985171
v -1.193539 17.594675 1.786271
v 3.061682 15.528800 2.045750
v 8.314507 54.298447 -12.443540
v 10.584352 54.298450 -10.584354
v -15.774214 47.230698 -1.222296
v 3.181858 14.904233 2.126048
v -9.554971 11.270254 10.904028
v -5.993544 11.270258 -5.993548
v -0.822277 18.257582 -1.985167
v -1.519376 18.257584 -1.519381
v -12.443533 54.298447 -8.314505
v 7.046345 11.776278 4.708214
v 5.993554 11.776276 5.993549
v 5.993551 11.776276 -5.993551
v 7.046345 11.776278 -4.708218
v 0.746571 14.904234 -3.753254
v 3.181858 14.904233 -2.126048
v -12.125196 1.594010 -10.776149
v 0.419118 18.257584 -2.107048
v -19.360582 35.496952 -1.222293
v -21.201376 37.787415 -1.222292
v -21.842693 51.556538 1.222302
v -15.866728 48.358482 -1.222294
v -0.419110 24.223732 -2.107046
v -0.000001 24.223732 -2.148731
v 0.419116 24.223732 -2.107048
v -0.419113 23.560823 -2.107046
v 15.633327 49.190395 1.222291
v -1.193540 18.257582 1.786271
v -14.841176 49.371006 1.222296
v -13.805922 31.209459 -1.222293
v -17.265194 32.826488 -1.222293
v -8.171577 29.750357 1.222299
v -8.237174 30.175425 1.222299
v -9.069265 30.032146 -1.222293
v -24.336269 47.621479 -1.222291
v -15.778385 49.457298 1.222301
v -15.189082 50.016586 -1.222293
v 9.318891 30.996487 -1.222299
v 16.327200 47.825947 1.222289
v 24.336285 47.621479 -1.222306
v 3.682947 15.528801 -0.000001
v 3.611500 15.528799 -0.718372
v -1.464715 14.904233 -3.536152
v -1.985163 18.257580 -0.822282
v -1.786262 18.257580 -1.193545
v -21.842693 51.556538 -1.222290
v -1.519376 17.594677 -1.519381
v 16.760223 47.702950 -0.824142
v 17.510967 50.842865 1.222288
v 0.419120 23.560829 2.107049
v -3.243678 11.270260 7.830951
v 3.536156 14.904231 -1.464723
v 3.753257 14.904234 0.746568
v -12.443533 54.298454 8.314510
v -13.829117 54.298454 5.728212
v 13.540381 31.977297 1.222291
v -8.171577 29.750357 -1.222293
v -9.216688 28.882244 1.222299
v 22.271832 51.802559 -1.222306
v 1.985171 23.560825 -0.822284
v 1.786270 23.560827 -1.193547
v 1.193549 18.257584 1.786269
v 1.519386 18.257584 1.519383
v 0.000007 24.223732 2.148734
v 1.193547 24.223734 1.786269
v 0.822287 24.223732 1.985170
v -10.904022 1.594011 9.554976
v 12.125216 0.000010 -10.776149
v 8.311728 11.776277 1.653303
v -3.243680 11.776278 7.830951
v 3.243688 11.270257 7.830949
v 1.653311 11.270258 8.311742
v -0.930879 24.768063 -1.393168
v -7.046336 11.776277 -4.708214
v 3.243683 11.270260 -7.830950
v 4.708214 11.270260 -7.046342
v -2.919658 54.298454 -14.678151
v 1.786270 24.223730 -1.193547
v -16.839651 33.518589 1.222299
v -8.476154 11.270258 0.000002
v -8.311723 11.270257 -1.653303
v -1.193541 23.560825 1.786271
v -7.046336 11.776277 4.708218
v -2.107042 23.560825 0.419120
v -14.968529 54.298450 0.000003
v -14.678150 54.298450 2.919669
v 0.419119 23.560829 -2.107048
v 0.822285 23.560829 -1.985169
v -5.452303 54.293102 13.163040
v 0.930889 24.768063 -1.393169
v 0.326883 24.768064 1.643356
v 7.830952 11.776278 3.243684
v 8.171582 29.750360 1.222293
v 9.926865 28.019442 -0.824135
v -1.193541 23.560825 -1.786267
v -16.050264 46.762108 -0.824129
v -19.644302 50.645809 -1.222291
v 22.231737 52.614033 1.222286
v 15.852562 50.442028 -1.222304
v 2.126051 14.904232 3.181855
v 0.326883 24.768064 -1.643355
v -21.495445 52.291054 1.222302
v 10.074551 54.293095 -10.074555
v -22.477285 51.718609 -1.222290
v -2.107041 18.257582 0.419120
v -1.675861 24.768061 0.000002
v -22.869303 50.954708 1.222302
v 13.805931 31.209463 -1.222300
v 14.859009 48.636620 1.222296
v 1.409406 15.528802 -3.402598
v -8.819083 27.896366 -1.222294
v -8.314504 54.298450 12.443542
v -0.419110 24.223732 2.107050
v -19.931694 34.919094 1.222299
v 15.186150 47.914730 -1.222296
v 9.006658 29.914677 1.222293
v 1.786269 17.594677 1.193547
v 2.148733 24.223732 -0.000000
v 1.985171 24.223732 -0.822284
v -1.653298 11.776277 8.311729
v 0.718375 15.528798 3.611499
v 2.107051 18.257582 -0.419118
v -7.830945 11.270257 -3.243684
v -0.822277 23.560827 1.985171
v -2.107043 24.223728 -0.419116
v 4.708220 11.776274 7.046342
v 1.643356 24.768066 0.326884
v -2.779032 54.293102 -13.971172
v 0.000000 11.776277 8.476161
v -1.185011 24.768063 -1.185015
v 7.830950 11.270256 -3.243689
v -0.419113 23.560823 2.107050
v 1.519383 17.594677 -1.519383
v 2.919673 54.298450 14.678154
v -13.971170 54.293095 -2.779037
v -23.996902 42.643555 1.222300
v -23.621727 51.261211 1.222302
v 9.012034 29.484352 -1.222299
v -13.540374 31.977295 -1.222293
v -1.393162 24.768063 0.930888
v -9.012031 29.484348 1.222299
v -2.045744 15.528801 3.061683
v -2.045744 15.528801 -3.061679
v -1.409396 15.528799 -3.402597
v 24.069084 49.667908 -1.222306
v 13.163040 54.293098 -5.452313
v 13.971177 54.293098 -2.779045
v 23.008535 52.333332 1.222285
v -9.188011 27.352175 1.222299
v -9.790976 27.896717 -1.222294
v -9.926860 28.019436 -0.824130
v 16.760242 47.702946 0.824122
v 16.649954 47.556793 1.222287
v 9.202289 30.127113 1.222293
v 9.069272 30.032148 -1.222299
v 9.188014 27.352177 -1.222299
v 9.554991 11.270253 -10.904029
v -1.519375 24.223730 -1.519381
v 2.045751 15.528802 -3.061681
v -3.061676 15.528801 2.045752
v 3.402600 15.528799 1.409402
v 5.728210 54.298454 -13.829122
v -2.604228 15.528798 -2.604234
v -0.718366 15.528800 -3.611497
v -0.419111 17.594677 2.107050
v -4.708210 11.270260 -7.046340
v 1.464723 14.904233 -3.536154
v 2.706453 14.904232 -2.706455
v -10.776143 1.594009 -12.125200
v 16.839655 33.518597 -1.222302
v -1.786262 17.594675 1.193549
v 23.996910 42.643566 -1.222305
v -23.202164 42.812313 1.222301
v -23.531235 45.290565 1.222301
v -1.985164 24.223732 0.822286
v 21.884342 37.347347 1.222288
v 23.208845 39.968616 1.222288
v 23.996910 42.643566 1.222287
v 8.845711 30.857145 1.222293
v 7.046347 11.270256 4.708214
v 3.753257 14.904234 -0.746570
v -0.641319 24.768063 -1.548296
v -1.985163 17.594675 -0.822282
v -8.459452 30.569008 1.222299
v -8.845707 30.857140 1.222299
v 11.844198 54.293102 7.914033
v -1.393162 24.768063 -0.930884
v 9.554991 11.270255 10.904027
v 8.476161 11.776278 -0.000002
v 2.148732 18.257582 -0.000000
v 2.107051 18.257582 0.419118
v -0.746561 14.904232 -3.753253
v -0.000000 14.904232 -3.827505
v 1.519381 24.223732 -1.519383
v -13.971170 54.293095 2.779043
v -0.000004 54.293102 -14.247566
v 2.779035 54.293106 -13.971175
v -0.000001 54.298454 -14.968532
v -0.718366 15.528800 3.611501
v -1.409396 15.528799 3.402600
v -8.983876 29.734154 -1.222293
v -9.006653 29.914671 -1.222293
v -21.201376 37.787415 1.222300
v -16.050251 46.762112 0.824135
v 7.830952 11.776278 -3.243689
v 16.327183 47.825943 -1.222303
v 16.649937 47.556797 -1.222305
v 7.914034 54.293098 -11.844193
v 8.311729 11.270255 1.653303
v -2.148725 18.257582 0.000002
v -8.819083 27.896366 1.222298
v 23.525599 47.567829 1.222286
v 23.273020 49.505508 1.222285
v -17.713047 50.055946 -1.222291
v -16.160555 46.908260 -1.222293
v -15.852552 50.442024 1.222301
v -22.453434 40.267715 -1.222292
v 22.271832 51.802559 1.222285
v 21.842701 51.556541 1.222286
v 22.231737 52.614033 -1.222306
v 21.495459 52.291050 -1.222306
v -1.653298 11.776277 -8.311725
v -22.869303 50.954700 -1.222290
v -21.884335 37.347343 1.222299
v -24.069073 49.667904 1.222301
v 9.790977 27.896721 -1.222299
v 19.371857 51.411221 -1.222305
v 1.519381 24.223732 1.519383
v 13.163042 54.293106 5.452305
v 1.786270 24.223730 1.193547
v 3.611500 15.528799 0.718371
v -9.554971 1.594011 -10.904028
v 2.045754 15.528802 3.061681
v -8.314504 54.298450 -12.443536
v 0.822287 24.223732 -1.985169
v -7.046338 11.270258 -4.708214
v -11.844186 54.293098 -7.914034
v -10.074548 54.293098 -10.074551
v -0.822278 24.223730 1.985171
v -1.193541 24.223730 1.786271
v -3.611493 15.528799 -0.718370
v -8.311723 11.270257 1.653308
v 0.000003 17.594677 -2.148731
v -1.464715 14.904233 3.536155
v -1.786262 18.257580 1.193549
v -1.643348 24.768063 0.326886
v 4.708219 11.270260 7.046342
v 0.000005 54.293106 14.247570
v -2.779032 54.293102 13.971178
v -0.822276 17.594677 -1.985167
v 13.829128 54.298454 5.728205
v -0.000000 14.904232 3.827506
v -1.193539 17.594675 -1.786267
v -1.985164 23.560825 0.822286
v -1.786263 23.560825 1.193549
v 10.776163 1.594011 -12.125200
v -8.474070 28.552685 1.222299
v -8.213699 29.333488 1.222299
v -9.520629 30.209471 1.222299
v -16.760220 47.702942 0.824139
v -16.760231 47.702942 -0.824124
v -15.647774 48.831371 -1.222294
v 23.531242 45.290577 1.222286
v 1.193548 23.560827 1.786269
v 0.822285 23.560829 1.985170
v 17.265202 32.826496 1.222290
v 13.805931 31.209463 1.222292
v -16.327171 47.825943 1.222300
v 22.453449 40.267723 1.222287
v 22.477303 51.718609 1.222285
v -19.931694 34.919094 -1.222293
v -16.327187 47.825943 -1.222292
v -16.649944 47.556793 -1.222289
v -9.790973 27.896719 1.222298
v -9.516891 28.312490 1.222298
v -1.985163 17.594675 0.822286
v 16.050261 46.762112 -0.824137
v 1.653310 11.776278 8.311728
v -3.402591 15.528799 1.409405
v -14.858999 48.636627 -1.222298
v 21.495459 52.291050 1.222286
v 14.678160 54.298450 -2.919672
v 14.968541 54.298454 -0.000005
v -9.516891 28.312490 -1.222294
v 23.525599 47.567829 -1.222306
v 23.273020 49.505508 -1.222306
v 22.869310 50.954704 -1.222306
v 22.477303 51.718609 -1.222306
v 1.393172 24.768063 0.930886
v 3.061682 15.528800 -2.045750
v 3.402600 15.528799 -1.409403
v 2.148733 23.560823 -0.000000
v 2.107049 23.560823 -0.419118
v 1.786269 17.594677 -1.193547
v 1.985170 17.594673 -0.822284
v -2.148726 23.560823 0.000002
v 14.678160 54.298454 2.919661
v -10.776143 1.594008 12.125200
v 10.776163 1.594010 12.125200
v 9.554992 1.594013 10.904028
v 10.904043 1.594012 9.554976
v 1.193546 17.594677 1.786269
v 0.000002 11.270260 8.476175
v 1.985170 18.257582 -0.822284
v 3.243684 11.776279 -7.830950
v -7.914032 54.293098 -11.844190
v -5.452303 54.293102 -13.163034
v 0.822283 17.594675 -1.985169
v 0.000007 15.528800 -3.682944
v -3.061676 15.528801 -2.045748
v 7.046344 11.270256 -4.708218
v 8.314515 54.298454 12.443538
v 5.728218 54.298454 13.829120
v 0.000001 24.768064 1.675867
v -0.326877 24.768063 1.643358
v 5.452316 54.293106 13.163036
v -12.125196 1.594009 10.776149
v 0.822285 18.257582 -1.985169
v -22.271816 51.802559 1.222302
v -0.822278 24.223730 -1.985167
v 8.213704 29.333490 -1.222299
v 15.778406 49.457302 1.222289
v 16.160564 46.908264 1.222290
v -1.519377 18.257580 1.519385
v -15.778395 49.457302 -1.222291
v -15.633316 49.190395 -1.222293
v -19.371845 51.411217 1.222301
v 1.519387 23.560825 -1.519383
v -2.107041 17.594675 -0.419116
v -15.189073 50.016586 1.222299
v -4.708209 11.776277 -7.046340
v 9.554991 1.594008 -10.904028
v 10.776164 0.000011 -12.125200
v -12.125196 0.000010 -10.776149
v -10.904022 11.270255 9.554977
v -4.708209 11.776277 7.046344
v -8.311723 11.776276 -1.653303
v -8.311723 11.776276 1.653308
v -8.476154 11.776278 0.000002
v -0.822277 18.257582 1.985172
v 2.779047 54.293102 13.971176
v -1.519377 23.560825 1.519385
v 1.193548 23.560827 -1.786269
v 0.641326 24.768063 -1.548298
v 0.641326 24.768063 1.548299
v 4.708214 11.776274 -7.046342
v -19.644302 50.645809 1.222301
v 8.474075 28.552689 -1.222299
v -23.621727 51.261211 -1.222290
v -1.519375 24.223730 1.519385
v 9.520634 30.209475 -1.222299
v -23.273010 49.505508 1.222302
v 9.790979 27.896719 1.222293
v 9.516896 28.312492 1.222293
v 1.675868 24.768064 0.000000
v -15.774199 47.230698 1.222296
v -16.160538 46.908268 1.222299
v -17.510958 50.842869 -1.222291
v -8.474069 28.552685 -1.222294
v -23.996902 42.643555 -1.222292
v 9.188019 27.352173 1.222293
v -9.926859 28.019438 0.824134
v 23.202177 42.812325 -1.222305
v 8.459455 30.569012 1.222293
v 21.842701 51.556541 -1.222306
v 19.360592 35.496960 1.222289
v 3.827505 14.904231 -0.000001
v -9.006654 29.914671 1.222299
v -9.069266 30.032146 1.222299
v 8.213703 29.333487 1.222293
v 15.866723 48.358471 -1.222300
v -9.202284 30.127111 -1.222293
v -7.830945 11.270257 3.243688
v 15.774207 47.230701 -1.222299
v 3.243690 11.776278 7.830949
v -9.202284 30.127111 1.222299
v -23.273010 49.505505 -1.222290
v 8.819089 27.896368 1.222294
v 15.186161 47.914738 1.222296
v 15.774225 47.230705 1.222293
v 9.516896 28.312492 -1.222299
v 15.189079 50.016579 -1.222302
v 14.841185 49.371006 -1.222298
v 9.216694 28.882246 -1.222299
v 9.926865 28.019438 0.824129
v 0.930889 24.768063 1.393170
v 2.148732 17.594677 -0.000000
v -3.181849 14.904233 -2.126046
v -2.706447 14.904231 -2.706453
v -2.126040 14.904231 -3.181854
v -5.993544 11.270258 5.993552
v 2.107045 17.594677 -0.419118
v -10.776143 0.000008 12.125200
v -2.126040 14.904231 3.181857
v -3.753248 14.904232 -0.746567
v 11.844193 54.293102 -7.914040
v -0.419111 18.257584 -2.107046
v 2.107052 24.223730 0.419118
v 8.311729 11.270255 -1.653308
v -2.919660 54.298454 14.678157
v 0.000000 18.257584 -2.148731
v -8.845707 30.857141 -1.222293
v 17.510963 50.842865 -1.222304
v 15.189092 50.016590 1.222291
v 14.841197 49.371014 1.222294
v 19.644318 50.645802 1.222287
v 8.311728 11.776277 -1.653308
v 8.237181 30.175428 -1.222299
v 15.778396 49.457294 -1.222303
v 15.633315 49.190384 -1.222301
v 16.839661 33.518597 1.222290
v -4.708210 11.270260 7.046344
v 1.193546 17.594677 -1.786269
v -23.525585 47.567825 -1.222291
v -22.453438 40.267715 1.222300
v 2.919665 54.298450 -14.678153
v -9.216686 28.882244 -1.222294
v -9.012030 29.484348 -1.222294
v 5.452307 54.293098 -13.163038
v -15.186141 47.914730 1.222293
v 1.786271 18.257584 1.193547
v 1.985170 17.594673 0.822284
v -5.993546 11.776275 -5.993548
v 0.000002 15.528800 3.682946
v 0.000000 18.257584 2.148732
v -13.163034 54.293098 -5.452307
v -14.678150 54.298450 -2.919664
v -0.930879 24.768063 1.393172
v 12.125215 1.594010 -10.776149
v -2.148726 24.223730 0.000002
v 1.519386 18.257580 -1.519383
v 8.237179 30.175430 1.222293
v -21.495445 52.291054 -1.222290
v -19.371845 51.411217 -1.222291
v -16.839651 33.518593 -1.222293
v -22.477285 51.718613 1.222302
v -15.633306 49.190388 1.222299
v -22.231722 52.614033 -1.222290
v 16.144560 49.683849 -1.222304
v -22.271816 51.802559 -1.222290
v -5.728205 54.298458 13.829123
v 14.858997 48.636620 -1.222296
v 23.008524 52.333336 -1.222306
v -17.713047 50.055946 1.222301
v 2.107052 24.223730 -0.419118
v 1.409406 15.528802 3.402598
v -2.045744 15.528801 -3.061679
v -1.409396 15.528799 -3.402597
v 13.163040 54.293098 -5.452313
v 13.971177 54.293098 -2.779045
v 16.760242 47.702946 0.824122
v 16.649954 47.556793 1.222287
v -2.604228 15.528798 -2.604234
v -0.718366 15.528800 -3.611497
v -23.202164 42.812313 1.222301
v -23.531235 45.290565 1.222301
v 23.208845 39.968616 1.222288
v 23.996910 42.643566 1.222287
v -8.459452 30.569008 1.222299
v -8.845707 30.857140 1.222299
v 2.148732 18.257582 -0.000000
v 2.107051 18.257582 0.419118
v -0.746561 14.904232 -3.753253
v -0.000000 14.904232 -3.827505
v -0.000004 54.293102 -14.247566
v 2.779035 54.293106 -13.971175
v -0.718366 15.528800 3.611501
v -1.409396 15.528799 3.402600
v -8.983876 29.734154 -1.222293
v -9.006653 29.914671 -1.222293
v 16.327183 47.825943 -1.222303
v 16.649937 47.556797 -1.222305
v 23.525599 47.567829 1.222286
v 23.273020 49.505508 1.222285
v 22.271832 51.802559 1.222285
v 21.842701 51.556541 1.222286
v 22.231737 52.614033 -1.222306
v 21.495459 52.291050 -1.222306
v 9.926865 28.019442 -0.824135
v 9.790977 27.896721 -1.222299
v 13.163042 54.293106 5.452305
v 11.844198 54.293102 7.914033
v 3.611500 15.528799 0.718371
v 3.402600 15.528799 1.409402
v -11.844186 54.293098 -7.914034
v -10.074548 54.293098 -10.074551
v -0.822278 24.223730 1.985171
v -1.193541 24.223730 1.786271
v 0.000005 54.293106 14.247570
v -2.779032 54.293102 13.971178
v -2.045744 15.528801 3.061683
v -1.193539 17.594675 -1.786267
v -0.822276 17.594677 -1.985167
v -1.985164 23.560825 0.822286
v -1.786263 23.560825 1.193549
v 10.776163 1.594011 -12.125200
v -10.776143 1.594009 -12.125200
v -8.474070 28.552685 1.222299
v -8.213699 29.333488 1.222299
v 8.983882 29.734159 -1.222299
v 9.006660 29.914673 -1.222299
v -13.805922 31.209457 1.222298
v -17.265194 32.826488 1.222299
v -16.760220 47.702942 0.824139
v -16.760231 47.702942 -0.824124
v 1.653306 11.270259 -8.311728
v 3.243683 11.270260 -7.830950
v -8.213697 29.333488 -1.222293
v -8.171577 29.750357 -1.222293
v 9.006658 29.914677 1.222293
v 9.069270 30.032150 1.222293
v -9.520629 30.209471 -1.222293
v -13.805922 31.209459 -1.222293
v 13.805931 31.209463 -1.222300
v 17.265202 32.826496 -1.222301
v -9.790973 27.896719 1.222298
v -9.516891 28.312490 1.222298
v 1.653310 11.776278 8.311728
v 0.000000 11.776277 8.476161
v -23.202162 42.812313 -1.222291
v -23.531235 45.290565 -1.222291
v 8.983882 29.734159 1.222293
v 22.477303 51.718609 -1.222306
v 22.271832 51.802559 -1.222306
v 1.985171 23.560825 0.822284
v 1.786270 23.560827 1.193547
v 1.786269 17.594677 1.193547
v 1.519383 17.594677 1.519383
v 1.653311 11.270258 8.311742
v 0.000002 11.270260 8.476175
v 0.822285 18.257582 1.985170
v 0.419118 18.257584 2.107048
v -0.000002 11.776277 -8.476157
v 1.653304 11.776278 -8.311727
v -7.914032 54.293098 -11.844190
v -5.452303 54.293102 -13.163034
v -0.822277 18.257582 -1.985167
v -1.193540 18.257582 -1.786267
v 4.708214 11.270260 -7.046342
v 5.993552 11.270258 -5.993551
v 1.393172 24.768063 -0.930886
v 1.548300 24.768064 -0.641326
v -12.125196 1.594010 -10.776149
v -12.125196 1.594009 10.776149
v -0.000001 24.223732 -2.148731
v 0.419116 24.223732 -2.107048
v -0.419113 23.560823 -2.107046
v 0.000008 23.560823 -2.148730
v -14.841176 49.371006 1.222296
v -14.858990 48.636620 1.222294
v -17.265194 32.826488 -1.222293
v -8.171577 29.750357 1.222299
v -8.237174 30.175425 1.222299
v -15.778395 49.457302 -1.222291
v -15.633316 49.190395 -1.222293
v -1.985163 18.257580 -0.822282
v -1.786262 18.257580 -1.193545
v -2.107041 18.257582 -0.419116
v -1.786262 17.594675 -1.193545
v -1.519376 17.594677 -1.519381
v 9.318891 30.996487 1.222292
v 13.540381 31.977297 1.222291
v 1.985171 23.560825 -0.822284
v 1.786270 23.560827 -1.193547
v 1.193547 24.223734 1.786269
v 0.822287 24.223732 1.985170
v 12.125216 0.000010 -10.776149
v 10.776164 0.000011 -12.125200
v -3.243680 11.776278 7.830951
v -4.708209 11.776277 7.046344
v 3.243688 11.270257 7.830949
v -8.311723 11.776276 -1.653303
v -7.830944 11.776278 -3.243684
v -8.311723 11.776276 1.653308
v -8.476154 11.776278 0.000002
v 0.822285 23.560829 -1.985169
v 0.419119 23.560829 -2.107048
v 8.474075 28.552689 -1.222299
v 8.213704 29.333490 -1.222299
v 0.000001 24.768064 -1.675866
v 0.326883 24.768064 -1.643355
v 9.790979 27.896719 1.222293
v 9.516896 28.312492 1.222293
v 1.643356 24.768066 0.326884
v 1.548300 24.768064 0.641326
v -8.474069 28.552685 -1.222294
v 9.202289 30.127113 1.222293
v -9.926860 28.019436 -0.824130
v -9.926859 28.019438 0.824134
v 9.069272 30.032148 -1.222299
v -14.858999 48.636627 -1.222298
v -15.186152 47.914742 -1.222299
v -9.202284 30.127111 -1.222293
v 3.243690 11.776278 7.830949
v 23.531242 45.290577 -1.222306
v 23.525599 47.567829 -1.222306
v 9.926865 28.019438 0.824129
v 0.746571 14.904234 3.753255
v -0.000000 14.904232 3.827506
v 2.148732 17.594677 -0.000000
v 2.107045 17.594677 0.419118
v 10.904043 11.270255 9.554976
v 10.904043 11.270254 -9.554977
v 2.148733 23.560823 -0.000000
v 2.107049 23.560823 0.419118
v 14.678160 54.298454 2.919661
v 13.829128 54.298454 5.728205
v -3.827497 14.904232 0.000002
v -3.753248 14.904232 -0.746567
v -9.318886 30.996485 1.222299
v -13.540374 31.977295 1.222299
v 14.247576 54.293098 -0.000005
v 0.000003 17.594677 -2.148731
v 0.419118 17.594679 -2.107048
v 2.107052 24.223730 0.419118
v 1.985171 24.223732 0.822284
v -12.125196 0.000009 10.776149
v -10.776143 0.000008 12.125200
v -8.845707 30.857141 -1.222293
v -9.318886 30.996487 -1.222293
v 15.189092 50.016590 1.222291
v 14.841197 49.371014 1.222294
v 19.644310 50.645802 -1.222305
v 17.713057 50.055943 -1.222304
v -1.519377 18.257580 1.519385
v -1.193540 18.257582 1.786271
v -9.069265 30.032146 -1.222293
v -24.341988 45.237919 -1.222291
v -24.336269 47.621479 -1.222291
v 9.216694 28.882246 -1.222299
v 9.012034 29.484352 -1.222299
v 3.682947 15.528801 -0.000001
v -1.464715 14.904233 -3.536152
v 0.822285 23.560829 1.985170
v 0.419120 23.560829 2.107049
v 15.633327 49.190395 1.222291
v 15.647785 48.831371 1.222292
v 5.452307 54.293098 -13.163038
v 2.107049 23.560823 -0.419118
v -15.186141 47.914730 1.222293
v 1.786271 18.257584 1.193547
v 1.519386 18.257584 1.519383
v -0.930879 24.768063 -1.393168
v -0.641319 24.768063 -1.548296
v -7.046336 11.776277 -4.708214
v -5.993546 11.776275 -5.993548
v 1.519381 24.223732 -1.519383
v 1.786270 24.223730 -1.193547
v -2.148726 23.560823 0.000002
v -2.107042 23.560825 0.419120
v -5.452303 54.293102 13.163040
v 0.419118 18.257584 -2.107048
v 0.000000 18.257584 -2.148731
v -22.477285 51.718613 1.222302
v -22.271816 51.802559 1.222302
v -19.931694 34.919094 -1.222293
v -1.786263 24.223728 1.193549
v -1.985164 24.223732 0.822286
v 22.453449 40.267723 1.222287
v 23.202177 42.812325 1.222287
v -16.144552 49.683853 -1.222290
v -22.231722 52.614033 1.222302
v -21.495445 52.291054 1.222302
v 9.202291 30.127113 -1.222299
v 9.520634 30.209475 -1.222299
v -8.983876 29.734154 1.222299
v -9.006654 29.914671 1.222299
v -2.148725 18.257582 0.000002
v -2.107041 18.257582 0.419120
v 24.341999 45.237930 1.222286
v 24.336285 47.621479 1.222286
v -22.231722 52.614033 -1.222290
v -21.495445 52.291054 -1.222290
v 9.216691 28.882248 1.222294
v 9.012034 29.484352 1.222293
v 14.859009 48.636620 1.222296
v 15.186161 47.914738 1.222296
v 15.633315 49.190384 -1.222301
v 15.647774 48.831360 -1.222300
v 7.914034 54.293098 -11.844193
v 23.621738 51.261215 -1.222306
v 23.008524 52.333336 -1.222306
v -22.271816 51.802559 -1.222290
v -21.842693 51.556538 -1.222290
v -19.931694 34.919094 1.222299
v -21.884335 37.347343 1.222299
v -9.188014 27.352169 -1.222294
v -8.819083 27.896366 -1.222294
v -16.327171 47.825943 1.222300
v -16.649927 47.556797 1.222303
v 16.760223 47.702950 -0.824142
v 16.144560 49.683849 -1.222304
v 15.778396 49.457294 -1.222303
v -14.678150 54.298450 -2.919664
v -13.829117 54.298454 -5.728207
v 1.985170 18.257582 0.822284
v 7.830950 11.270256 -3.243689
v 8.311729 11.270255 -1.653308
v -3.061676 15.528801 -2.045748
v -0.822277 18.257582 1.985172
v 4.708219 11.270260 7.046342
v 5.728218 54.298454 13.829120
v 2.919673 54.298450 14.678154
v 1.409406 15.528802 -3.402598
v 2.045751 15.528802 -3.061681
v 0.000007 54.298454 14.968535
v -24.069073 49.667904 1.222301
v -23.621727 51.261211 1.222302
v -23.008518 52.333332 1.222302
v -0.930879 24.768063 1.393172
v -1.185011 24.768063 1.185019
v 21.201384 37.787418 -1.222304
v 22.453449 40.267723 -1.222304
v 19.360592 35.496956 -1.222303
v 23.202177 42.812325 -1.222305
v 24.336285 47.621479 -1.222306
v 24.069084 49.667908 -1.222306
v 19.931702 34.919098 -1.222303
v 9.052132 27.229458 -0.824135
v 9.052135 27.229456 0.824129
v 24.069084 49.667908 1.222286
v 23.621738 51.261215 1.222285
v -9.188011 27.352175 1.222299
v -8.819083 27.896366 1.222298
v -9.052126 27.229456 0.824134
v -9.052128 27.229452 -0.824130
v -1.786263 23.560825 -1.193545
v -1.519377 23.560825 -1.519381
v 9.520635 30.209476 1.222293
v 13.805931 31.209463 1.222292
v 9.554991 11.270253 -10.904029
v -10.904022 11.270255 -9.554976
v -9.554971 11.270254 -10.904028
v -1.193541 24.223730 -1.786267
v -0.822278 24.223730 -1.985167
v -1.985164 24.223732 -0.822282
v -1.786263 24.223728 -1.193545
v -1.653299 11.270259 -8.311725
v -0.000003 11.270261 -8.476157
v -3.243679 11.270257 -7.830947
v 2.604233 15.528800 -2.604236
v 3.061682 15.528800 -2.045750
v -0.822276 17.594677 1.985171
v -1.193539 17.594675 1.786271
v 3.061682 15.528800 2.045750
v 2.604238 15.528800 2.604236
v 8.314507 54.298447 -12.443540
v 10.584352 54.298450 -10.584354
v 0.000003 17.594677 2.148732
v -0.419111 17.594677 2.107050
v 7.046345 11.776278 4.708214
v 5.993554 11.776276 5.993549
v 5.993551 11.776276 -5.993551
v 7.046345 11.776278 -4.708218
v 4.708214 11.776274 -7.046342
v 3.181858 14.904233 -2.126048
v 3.536156 14.904231 -1.464723
v -1.786262 17.594675 1.193549
v -1.985163 17.594675 0.822286
v 21.884342 37.347347 -1.222304
v 23.208845 39.968616 -1.222304
v -23.525585 47.567825 1.222301
v -2.107043 24.223728 0.419120
v -2.148726 24.223730 0.000002
v 8.845711 30.857145 -1.222299
v 9.318891 30.996487 -1.222299
v -12.443533 54.298454 8.314510
v -13.829117 54.298454 5.728212
v -14.678150 54.298450 2.919669
v -1.643348 24.768063 -0.326882
v -1.548293 24.768061 -0.641324
v -1.675861 24.768061 0.000002
v -8.237173 30.175428 -1.222293
v -8.459451 30.569008 -1.222293
v -2.107041 17.594675 -0.419116
v -1.985163 17.594675 -0.822282
v 12.443542 54.298454 8.314504
v 10.584358 54.298454 10.584349
v 8.314515 54.298454 12.443538
v -10.904022 1.594011 9.554976
v -10.904022 1.594012 -9.554976
v -9.554971 1.594010 10.904028
v 9.554991 11.270255 10.904027
v -9.554971 11.270254 10.904028
v 0.419118 17.594679 2.107048
v -5.728205 54.298450 -13.829118
v -2.919658 54.298454 -14.678151
v -14.247564 54.293102 0.000003
v -13.971170 54.293095 -2.779037
v -5.993546 11.776275 5.993552
v -7.046336 11.776277 4.708218
v -7.830944 11.776278 3.243688
v -16.839651 33.518589 1.222299
v -19.360582 35.496948 1.222299
v -2.706447 14.904231 2.706457
v -3.181849 14.904233 2.126050
v -2.126040 14.904231 3.181857
v -3.536148 14.904232 1.464725
v -0.822277 23.560827 -1.985167
v -1.193541 23.560825 -1.786267
v 10.074551 54.293095 -10.074555
v 11.844193 54.293102 -7.914040
v 22.869310 50.954704 1.222285
v 0.718375 15.528798 -3.611498
v -15.774214 47.230698 -1.222296
v -16.160555 46.908260 -1.222293
v 22.477303 51.718609 1.222285
v -3.243680 11.776278 -7.830947
v -1.653298 11.776277 -8.311725
v -22.477285 51.718609 -1.222290
v -15.647766 48.831360 1.222298
v -15.866714 48.358479 1.222298
v -15.633306 49.190388 1.222299
v -12.443533 54.298447 -8.314505
v -10.584347 54.298454 -10.584350
v -2.107043 24.223728 -0.419116
v -0.419113 23.560823 2.107050
v 0.000008 23.560823 2.148734
v -1.985163 18.257580 0.822286
v -1.786262 18.257580 1.193549
v -13.163034 54.293098 -5.452307
v 2.779047 54.293102 13.971176
v -15.647774 48.831371 -1.222294
v -3.753248 14.904232 0.746571
v 1.193548 23.560827 1.786269
v 17.265202 32.826496 1.222290
v 21.201384 37.787418 1.222288
v -21.884331 37.347343 -1.222293
v -23.208834 39.968613 -1.222292
v 16.050272 46.762112 0.824127
v 16.050261 46.762112 -0.824137
v 15.774207 47.230701 -1.222299
v 16.160543 46.908264 -1.222302
v 23.273020 49.505508 -1.222306
v 22.869310 50.954704 -1.222306
v 21.842701 51.556541 -1.222306
v 2.126051 14.904232 3.181855
v 1.464726 14.904233 3.536154
v 1.393172 24.768063 0.930886
v 1.185018 24.768063 1.185017
v 3.402600 15.528799 -1.409403
v 3.611500 15.528799 -0.718372
v 1.786269 17.594677 -1.193547
v 1.985170 17.594673 -0.822284
v 1.519383 17.594677 -1.519383
v -10.776143 1.594008 12.125200
v 10.904043 1.594013 -9.554976
v 10.904043 1.594012 9.554976
v 9.554991 1.594008 -10.904028
v 1.985170 18.257582 -0.822284
v 1.786271 18.257584 -1.193547
v 0.000000 18.257584 2.148732
v 3.243684 11.776279 -7.830950
v 0.822283 17.594675 -1.985169
v 1.193546 17.594677 -1.786269
v -0.419111 18.257584 -2.107046
v 0.000001 24.768064 1.675867
v -0.326877 24.768063 1.643358
v -0.641319 24.768063 1.548301
v 1.519386 18.257580 -1.519383
v 1.193549 18.257584 -1.786269
v 15.774225 47.230705 1.222293
v 16.160564 46.908264 1.222290
v 17.510967 50.842865 1.222288
v 15.852568 50.442024 1.222288
v 1.519387 23.560825 -1.519383
v 1.193548 23.560827 -1.786269
v -4.708209 11.776277 -7.046340
v -0.419111 18.257584 2.107050
v -14.968529 54.298450 0.000003
v -24.069073 49.667904 -1.222291
v -23.621727 51.261211 -1.222290
v -23.008518 52.333332 -1.222290
v 1.643356 24.768066 -0.326884
v 1.675868 24.768064 0.000000
v 9.188019 27.352173 1.222293
v 8.819089 27.896368 1.222294
v 16.839661 33.518597 1.222290
v 19.360592 35.496960 1.222289
v 3.827505 14.904231 -0.000001
v 3.753257 14.904234 0.746568
v 8.474072 28.552689 1.222294
v 8.213703 29.333487 1.222293
v 8.171582 29.750360 1.222293
v -7.046338 11.270258 4.708218
v -7.830945 11.270257 3.243688
v 15.186150 47.914730 -1.222296
v 4.708220 11.776274 7.046342
v -23.525585 47.567825 -1.222291
v -23.273010 49.505505 -1.222290
v 19.371857 51.411221 -1.222305
v 17.510963 50.842865 -1.222304
v 9.516896 28.312492 -1.222299
v -2.126040 14.904231 -3.181854
v -11.844186 54.293098 7.914039
v -13.163034 54.293098 5.452312
v -5.993544 11.270258 5.993552
v -4.708210 11.270260 7.046344
v 2.148733 24.223732 -0.000000
v -16.839651 33.518593 -1.222293
v -19.360582 35.496952 -1.222293
v 15.852562 50.442028 -1.222304
v 8.237181 30.175428 -1.222299
v 8.459455 30.569012 -1.222299
v 0.718375 15.528798 3.611499
v 0.000002 15.528800 3.682946
v 12.125215 1.594009 10.776149
v 12.125215 1.594010 -10.776149
v 8.237179 30.175430 1.222293
v -19.371845 51.411217 -1.222291
v 19.644318 50.645802 1.222287
v 17.713057 50.055943 1.222288
v -5.728205 54.298458 13.829123
v -8.314504 54.298450 12.443542
v 14.858997 48.636620 -1.222296
v 2.107052 24.223730 -0.419118
v 1.985171 24.223732 -0.822284
v 1.409406 15.528802 3.402598
v -23.996902 42.643555 1.222300
v -24.341988 45.237919 1.222301
v -13.540374 31.977295 -1.222293
v -1.393162 24.768063 0.930888
v -9.012031 29.484348 1.222299
v -2.604228 15.528798 2.604238
v -1.548293 24.768061 0.641328
v 23.008535 52.333332 1.222285
v -9.790976 27.896717 -1.222294
v 9.188014 27.352177 -1.222299
v -1.519375 24.223730 -1.519381
v -3.061676 15.528801 2.045752
v 5.728210 54.298454 -13.829122
v -5.993544 11.270258 -5.993548
v -4.708210 11.270260 -7.046340
v 0.746571 14.904234 -3.753254
v 1.464723 14.904233 -3.536154
v 2.706453 14.904232 -2.706455
v 13.540381 31.977297 -1.222301
v 16.839655 33.518597 -1.222302
v -1.519376 17.594677 1.519385
v 23.996910 42.643566 -1.222305
v 24.341999 45.237930 -1.222306
v 19.931702 34.919098 1.222289
v 21.884342 37.347347 1.222288
v 8.845711 30.857145 1.222293
v 7.830953 11.270256 3.243684
v 7.046347 11.270256 4.708214
v 3.753257 14.904234 -0.746570
v -0.326877 24.768063 -1.643353
v 10.074556 54.293102 10.074551
v -1.393162 24.768063 -0.930884
v 8.476161 11.776278 -0.000002
v 8.311728 11.776277 1.653303
v 1.193547 24.223734 -1.786269
v -13.971170 54.293095 2.779043
v -0.000001 54.298454 -14.968532
v 5.993552 11.270258 5.993549
v -21.201376 37.787415 1.222300
v -16.050264 46.762108 -0.824129
v -16.050251 46.762112 0.824135
v 7.830952 11.776278 -3.243689
v 8.311729 11.270255 1.653303
v -23.208838 39.968613 1.222299
v -21.201376 37.787415 -1.222292
v -22.453434 40.267715 -1.222292
v 8.819089 27.896368 -1.222299
v -22.869303 50.954700 -1.222290
v -24.336269 47.621479 1.222301
v 1.519381 24.223732 1.519383
v 2.126046 14.904233 -3.181855
v 1.786270 24.223730 1.193547
v -9.554971 1.594011 -10.904028
v 2.045754 15.528802 3.061681
v -8.314504 54.298450 -12.443536
v 0.822287 24.223732 -1.985169
v -7.046338 11.270258 -4.708214
v -2.779032 54.293102 -13.971172
v -3.682937 15.528799 0.000002
v -3.611493 15.528799 -0.718370
v -1.185011 24.768063 -1.185015
v -8.311723 11.270257 1.653308
v -8.476154 11.270258 0.000002
v -0.419111 17.594677 -2.107046
v -0.746563 14.904232 3.753256
v -1.464715 14.904233 3.536155
v -1.643348 24.768063 0.326886
v -0.419110 24.223732 2.107050
v 2.107051 18.257582 -0.419118
v -7.830945 11.270257 -3.243684
v 13.971183 54.293098 2.779035
v -9.520629 30.209471 1.222299
v -15.866728 48.358482 -1.222294
v 23.531242 45.290577 1.222286
v 1.519387 23.560825 1.519383
v -16.327187 47.825943 -1.222292
v -16.649944 47.556793 -1.222289
v -2.107041 17.594675 0.419120
v -3.402591 15.528799 1.409405
v -3.611493 15.528799 0.718374
v -14.841187 49.371017 -1.222296
v 21.495459 52.291050 1.222286
v 19.371857 51.411221 1.222287
v 22.231737 52.614033 1.222286
v 13.829123 54.298454 -5.728215
v 14.678160 54.298450 -2.919672
v 12.443537 54.298454 -8.314510
v 14.968541 54.298454 -0.000005
v -9.516891 28.312490 -1.222294
v 16.327200 47.825947 1.222289
v -7.914032 54.293098 11.844195
v -10.074548 54.293098 10.074555
v -2.107042 23.560825 -0.419116
v 10.776163 1.594010 12.125200
v 10.776164 0.000009 12.125200
v 12.125216 0.000009 10.776149
v 9.554992 1.594013 10.904028
v 1.193546 17.594677 1.786269
v 0.822283 17.594675 1.985170
v 0.000007 15.528800 -3.682944
v -3.402591 15.528799 -1.409400
v 7.046344 11.270256 -4.708218
v 1.185018 24.768063 -1.185016
v 0.326883 24.768064 1.643356
v 7.914043 54.293102 11.844192
v 5.452316 54.293106 13.163036
v 0.822285 18.257582 -1.985169
v -21.842693 51.556538 1.222302
v -0.419110 24.223732 -2.107046
v 8.171582 29.750360 -1.222299
v 15.778406 49.457302 1.222289
v 15.866740 48.358482 1.222292
v -17.510958 50.842869 1.222301
v -15.852552 50.442024 1.222301
v -9.216688 28.882244 1.222299
v -15.189073 50.016586 1.222299
v -10.776143 0.000009 -12.125200
v -12.125196 0.000010 -10.776149
v -10.904022 11.270255 9.554977
v -1.519377 23.560825 1.519385
v -1.193541 23.560825 1.786271
v 0.930889 24.768063 -1.393169
v 0.641326 24.768063 -1.548298
v 0.641326 24.768063 1.548299
v -15.852556 50.442024 -1.222290
v -15.189082 50.016586 -1.222293
v -1.519375 24.223730 1.519385
v -2.148725 17.594677 0.000002
v -19.371845 51.411217 1.222301
v -23.273010 49.505508 1.222302
v -22.869303 50.954708 1.222302
v -15.774199 47.230698 1.222296
v -16.160538 46.908268 1.222299
v -17.510958 50.842869 -1.222291
v -23.996902 42.643555 -1.222292
v 8.459455 30.569012 1.222293
v -9.069266 30.032146 1.222299
v 15.866723 48.358471 -1.222300
v -9.202284 30.127111 1.222299
v 15.189079 50.016579 -1.222302
v 14.841185 49.371006 -1.222298
v 0.930889 24.768063 1.393170
v -3.181849 14.904233 -2.126046
v -2.706447 14.904231 -2.706453
v 2.107045 17.594677 -0.419118
v -1.985164 23.560825 -0.822282
v -1.653299 11.270259 8.311729
v 8.476160 11.270259 -0.000002
v 3.536156 14.904231 1.464722
v 3.181858 14.904233 2.126048
v -3.536148 14.904232 -1.464721
v -1.519376 18.257584 -1.519381
v -2.919660 54.298454 14.678157
v 8.311728 11.776277 -1.653308
v -3.243678 11.270260 7.830951
v -10.584347 54.298454 10.584353
v -22.453438 40.267715 1.222300
v 2.919665 54.298450 -14.678153
v -9.216686 28.882244 -1.222294
v -9.012030 29.484348 -1.222294
v 1.193549 18.257584 1.786269
v 0.419116 24.223732 2.107049
v 0.000007 24.223732 2.148734
v 1.985170 17.594673 0.822284
v -8.311723 11.270257 -1.653303
v 7.830952 11.776278 3.243684
v -19.644302 50.645809 1.222301
v -19.644302 50.645809 -1.222291
v -17.713047 50.055946 -1.222291
v 16.144560 49.683853 1.222288
v -15.778385 49.457298 1.222301
v 2.706458 14.904231 2.706455
v -16.144550 49.683853 1.222301
v -17.713047 50.055946 1.222301
v -1.653298 11.776277 8.311729
v -0.822277 23.560827 1.985171
vn -0.0527 -0.9689 0.2416
vn -0.0553 -0.8990 0.4344
vn 0.6221 -0.6617 0.4185
vn 0.6854 -0.6932 0.2230
vn 0.2552 -0.9432 -0.2125
vn 0.2376 -0.8773 -0.4170
vn 0.3069 -0.8551 -0.4178
vn 0.3301 -0.9197 -0.2125
vn 0.7665 -0.4880 0.4175
vn 0.6384 -0.6467 0.4174
vn 0.6860 -0.6962 0.2113
vn 0.8246 -0.5254 0.2098
vn 0.2579 0.9421 0.2143
vn 0.3844 0.8991 0.2092
vn 0.3844 0.8991 -0.2092
vn 0.2579 0.9421 -0.2143
vn 0.8379 -0.5030 -0.2119
vn 0.8379 -0.5030 0.2119
vn 0.8086 -0.5501 0.2089
vn 0.8086 -0.5501 -0.2089
vn -0.4462 -0.8709 0.2062
vn -0.3301 -0.9197 0.2125
vn -0.3069 -0.8551 0.4178
vn -0.4118 -0.8150 0.4077
vn -0.3717 -0.9024 -0.2179
vn -0.7058 -0.6726 -0.2223
vn -0.7058 -0.6726 0.2223
vn -0.3717 -0.9024 0.2179
vn -0.9763 0.0031 0.2165
vn -0.9763 0.0031 -0.2165
vn -0.9521 0.2159 -0.2168
vn -0.9521 0.2159 0.2168
vn -0.2397 0.8767 0.4170
vn -0.3069 0.8551 0.4178
vn -0.3299 0.9191 0.2152
vn -0.2579 0.9421 0.2143
vn -0.9752 -0.0634 -0.2119
vn -0.9066 -0.0590 -0.4178
vn -0.8887 -0.1889 -0.4178
vn -0.9560 -0.2032 -0.2117
vn 0.3299 0.9191 -0.2152
vn 0.3299 0.9191 0.2152
vn -0.3460 -0.8405 0.4170
vn -0.2376 -0.8773 0.4170
vn -0.2552 -0.9432 0.2125
vn 0.2503 0.9446 0.2121
vn 0.2503 0.9446 -0.2121
vn 0.3187 0.9227 -0.2171
vn 0.3187 0.9227 0.2171
vn -0.0000 -0.0000 1.0000
vn -0.0000 -0.0000 -1.0000
vn -0.9575 0.1960 0.2117
vn -0.9575 0.1960 -0.2117
vn -0.9751 0.0646 -0.2120
vn -0.9751 0.0646 0.2120
vn -0.4462 -0.8709 -0.2062
vn -0.3301 -0.9197 -0.2125
vn -0.2552 -0.9432 -0.2125
vn -0.3788 -0.8256 -0.4182
vn -0.6829 -0.5970 -0.4209
vn -0.7359 -0.6390 -0.2239
vn -0.4002 -0.8898 -0.2192
vn 0.2397 0.8767 -0.4170
vn 0.3590 0.8347 -0.4176
vn -0.9499 -0.2189 -0.2231
vn -0.9474 0.2334 -0.2191
vn -0.9474 0.2334 0.2191
vn -0.9499 -0.2189 0.2231
vn 0.9066 -0.0600 0.4177
vn 0.9067 0.0588 0.4178
vn 0.9744 0.0632 0.2158
vn 0.9743 -0.0644 0.2156
vn 0.7178 0.6646 0.2074
vn 0.7178 0.6646 -0.2074
vn 0.9773 0.0269 -0.2102
vn 0.9773 0.0270 0.2102
vn 0.9561 -0.2038 0.2108
vn 0.9561 -0.2038 -0.2108
vn -0.6842 0.6966 -0.2160
vn -0.8192 0.5306 -0.2176
vn -0.7630 0.4937 -0.4173
vn -0.6363 0.6488 -0.4174
vn -0.6842 0.6966 0.2160
vn -0.8192 0.5306 0.2176
vn 0.7340 0.6463 0.2086
vn 0.7340 0.6463 -0.2086
vn 0.4392 0.8736 -0.2094
vn 0.4392 0.8736 0.2094
vn 0.8362 -0.3558 -0.4174
vn 0.8883 -0.1906 -0.4178
vn 0.8992 -0.3830 -0.2114
vn -0.4118 -0.8150 -0.4077
vn -0.3069 -0.8551 -0.4178
vn 0.2376 -0.8773 0.4170
vn 0.3460 -0.8405 0.4170
vn 0.3717 -0.9024 0.2179
vn 0.2552 -0.9432 0.2125
vn -0.2376 -0.8773 -0.4170
vn -0.3460 -0.8405 -0.4170
vn -0.7604 0.4991 0.4156
vn -0.7829 0.4619 0.4168
vn -0.8415 0.4958 0.2146
vn -0.8167 0.5347 0.2170
vn 0.3069 0.8551 0.4178
vn 0.3787 0.9012 0.2109
vn 0.3545 0.8394 0.4120
vn -0.9011 0.3802 -0.2084
vn -0.6272 0.7510 -0.2064
vn -0.5804 0.6971 -0.4210
vn -0.8387 0.3537 -0.4140
vn -0.3199 -0.9236 -0.2111
vn -0.2290 -0.9499 -0.2128
vn -0.2290 -0.9499 0.2128
vn -0.3199 -0.9236 0.2111
vn 0.3069 0.8551 -0.4178
vn -0.8829 0.2159 0.4171
vn -0.8844 -0.2044 0.4196
vn -0.8216 -0.5296 0.2110
vn -0.9087 -0.3600 0.2113
vn -0.9087 -0.3600 -0.2113
vn -0.8216 -0.5296 -0.2110
vn 0.9513 0.2280 0.2073
vn 0.9513 0.2280 -0.2073
vn -0.8992 -0.3830 0.2114
vn -0.9561 -0.2038 0.2108
vn -0.9561 -0.2038 -0.2108
vn -0.8992 -0.3830 -0.2114
vn 0.0287 0.9778 0.2075
vn -0.6272 0.7510 0.2064
vn -0.5804 0.6971 0.4210
vn 0.0250 0.9051 0.4244
vn 0.2397 0.8767 0.4170
vn -0.8387 0.3537 0.4140
vn -0.9011 0.3802 0.2084
vn -0.9363 -0.2748 -0.2186
vn -0.9363 -0.2748 0.2186
vn -0.7359 -0.6390 0.2239
vn -0.5121 -0.8327 -0.2107
vn -0.5121 -0.8327 0.2107
vn 0.8246 -0.5254 -0.2098
vn 0.9536 -0.2175 -0.2083
vn 0.9536 -0.2175 0.2083
vn -0.9513 0.2280 0.2073
vn -0.9536 -0.2175 0.2083
vn -0.8861 -0.2010 0.4176
vn -0.8830 0.2126 0.4185
vn -0.6584 -0.6253 0.4190
vn -0.6254 0.7501 -0.2150
vn -0.6254 0.7501 0.2150
vn -0.8883 -0.1906 -0.4178
vn -0.8362 -0.3558 -0.4174
vn -0.9560 -0.2032 0.2117
vn -0.9752 -0.0634 0.2119
vn 0.2325 0.8790 0.4162
vn 0.4079 0.8114 0.4186
vn -0.6584 -0.6253 -0.4190
vn -0.6871 -0.6953 0.2107
vn -0.6871 -0.6953 -0.2107
vn -0.8902 0.1822 0.4175
vn -0.9066 0.0600 0.4177
vn -0.8902 0.1822 -0.4175
vn 0.8992 -0.3830 0.2114
vn 0.6854 -0.6932 -0.2230
vn 0.9121 -0.3501 0.2132
vn 0.9121 -0.3501 -0.2132
vn -0.0527 -0.9689 -0.2416
vn 0.7794 -0.4676 0.4171
vn 0.7522 -0.5111 0.4159
vn 0.8362 -0.3558 0.4174
vn 0.3545 0.8394 -0.4120
vn 0.3787 0.9012 -0.2109
vn 0.8861 -0.2010 0.4176
vn 0.4079 0.8114 -0.4186
vn 0.2325 0.8790 -0.4162
vn 0.0287 0.9778 -0.2075
vn 0.5823 -0.6977 0.4173
vn 0.6262 -0.7502 0.2122
vn 0.9078 0.3592 0.2165
vn 0.8448 0.3343 0.4178
vn 0.7638 0.4920 0.4178
vn 0.8207 0.5286 0.2169
vn 0.6262 -0.7502 -0.2122
vn 0.5823 -0.6977 -0.4173
vn 0.6384 -0.6467 -0.4174
vn 0.6860 -0.6962 -0.2114
vn 0.7794 -0.4676 -0.4171
vn -0.8967 0.3865 -0.2158
vn -0.8967 0.3865 0.2158
vn 0.8829 0.2159 0.4171
vn 0.7630 0.4937 0.4173
vn 0.8192 0.5306 0.2176
vn 0.9474 0.2334 0.2191
vn -0.5820 0.6980 -0.4173
vn 0.9078 0.3592 -0.2165
vn 0.8207 0.5286 -0.2169
vn 0.7638 0.4920 -0.4178
vn 0.8448 0.3343 -0.4178
vn 0.3590 0.8347 0.4175
vn -0.8447 -0.3347 -0.4178
vn -0.7636 -0.4923 -0.4178
vn -0.3789 -0.8256 0.4182
vn -0.2147 -0.8839 0.4155
vn -0.4002 -0.8898 0.2192
vn -0.8415 0.4958 -0.2146
vn -0.8167 0.5347 -0.2170
vn 0.0250 0.9051 -0.4244
vn 0.9743 -0.0644 -0.2156
vn 0.9744 0.0632 -0.2158
vn 0.9569 -0.1944 -0.2157
vn 0.9569 -0.1944 0.2157
vn -0.0553 -0.8990 -0.4344
vn 0.9236 0.3214 -0.2090
vn 0.8580 0.2987 -0.4180
vn 0.6816 0.6002 -0.4185
vn 0.6862 0.6942 -0.2172
vn 0.6862 0.6942 0.2172
vn 0.2966 0.8586 0.4182
vn 0.6671 0.6164 0.4184
vn 0.6387 0.6461 0.4179
vn -0.8345 0.3597 0.4173
vn 0.9083 0.0250 0.4176
vn 0.8883 -0.1906 0.4178
vn 0.9551 0.2026 0.2160
vn 0.9551 0.2026 -0.2160
vn 0.6671 0.6164 -0.4184
vn -0.6860 -0.6962 0.2114
vn -0.6384 -0.6467 0.4174
vn -0.7665 -0.4880 0.4175
vn -0.8246 -0.5254 0.2098
vn -0.6363 0.6488 0.4174
vn -0.7629 0.4937 0.4174
vn -0.8447 -0.3347 0.4178
vn -0.8887 -0.1889 0.4178
vn -0.9090 -0.0015 0.4168
vn -0.8686 -0.2667 0.4175
vn 0.8345 0.3597 -0.4173
vn 0.8866 0.1988 -0.4176
vn 0.9520 0.2159 -0.2168
vn 0.8967 0.3865 -0.2158
vn -0.8844 -0.2044 -0.4196
vn 0.8905 -0.1810 0.4175
vn -0.8686 -0.2667 -0.4175
vn -0.9090 -0.0015 -0.4168
vn 0.8498 -0.3292 0.4118
vn 0.8905 -0.1810 -0.4175
vn 0.8498 -0.3292 -0.4117
vn -0.6702 -0.7421 -0.0000
vn 0.8830 0.2126 0.4185
vn -0.8829 0.2159 -0.4171
vn -0.9066 0.0600 -0.4177
vn 0.8167 0.5347 0.2170
vn 0.8415 0.4958 0.2146
vn 0.7829 0.4619 0.4168
vn 0.7604 0.4991 0.4156
vn -0.2972 -0.8584 -0.4182
vn -0.2147 -0.8839 -0.4155
vn -0.6829 -0.5970 0.4209
vn -0.3299 0.9191 -0.2152
vn -0.3069 0.8551 -0.4178
vn -0.2397 0.8767 -0.4170
vn -0.2579 0.9421 -0.2143
vn 0.9067 0.0588 -0.4178
vn 0.9066 -0.0600 -0.4177
vn -0.8866 0.1988 0.4176
vn 0.6387 0.6461 -0.4179
vn 0.5112 0.8316 0.2172
vn 0.5112 0.8316 -0.2172
vn 0.9236 0.3214 0.2090
vn 0.8580 0.2987 0.4180
vn 0.9083 0.0250 -0.4176
vn 0.8888 0.1886 0.4178
vn 0.8888 0.1886 -0.4178
vn 0.6221 -0.6617 -0.4185
vn -0.4759 -0.7739 0.4179
vn -0.6386 -0.6462 0.4179
vn 0.8844 -0.2044 0.4196
vn 0.9499 -0.2189 0.2231
vn 0.7058 -0.6726 0.2223
vn 0.6584 -0.6253 0.4190
vn 0.7522 -0.5111 -0.4159
vn -0.7636 -0.4923 0.4178
vn -0.8866 0.1988 -0.4176
vn -0.2972 -0.8584 0.4181
vn -0.7829 0.4619 -0.4168
vn -0.8345 0.3597 -0.4173
vn -0.6386 -0.6462 -0.4179
vn -0.4759 -0.7739 -0.4179
vn 0.8830 0.2126 -0.4185
vn 0.2966 0.8586 -0.4182
vn 0.4758 0.7739 0.4179
vn 0.4758 0.7739 -0.4179
vn 0.6816 0.6002 0.4185
vn -0.9066 -0.0590 0.4178
vn -0.5820 0.6980 0.4173
vn -0.7982 -0.6024 -0.0000
vn 0.3717 -0.9024 -0.2179
vn 0.3460 -0.8405 -0.4170
vn -0.8309 -0.0376 0.5552
vn -0.9232 -0.0376 0.3824
vn -0.9138 -0.1475 0.3785
vn -0.8224 -0.1475 0.5495
vn -0.6994 -0.1475 0.6994
vn -0.7066 -0.0376 0.7066
vn -0.7071 0.0071 0.7071
vn -0.8314 0.0071 0.5556
vn -0.9239 0.0071 0.3827
vn -0.5552 -0.0376 0.8309
vn -0.5495 -0.1475 0.8224
vn -0.3785 -0.1475 0.9138
vn -0.3824 -0.0376 0.9232
vn -0.3827 0.0071 0.9239
vn -0.5556 0.0071 0.8314
vn -0.1950 -0.0376 0.9801
vn -0.1930 -0.1475 0.9701
vn -0.0000 -0.1475 0.9891
vn -0.0000 -0.0376 0.9993
vn -0.0000 0.0071 1.0000
vn -0.1951 0.0071 0.9808
vn -0.1950 -0.0376 -0.9801
vn -0.0000 -0.0376 -0.9993
vn -0.0000 -0.1475 -0.9891
vn -0.1930 -0.1475 -0.9701
vn -0.3785 -0.1475 -0.9138
vn -0.3824 -0.0376 -0.9232
vn -0.3827 0.0071 -0.9239
vn -0.1951 0.0071 -0.9808
vn -0.0000 0.0071 -1.0000
vn -0.5552 -0.0376 -0.8309
vn -0.5495 -0.1475 -0.8224
vn -0.6994 -0.1475 -0.6994
vn -0.7066 -0.0376 -0.7066
vn -0.7071 0.0071 -0.7071
vn -0.5556 0.0071 -0.8314
vn -0.8309 -0.0376 -0.5552
vn -0.8224 -0.1475 -0.5495
vn -0.9138 -0.1475 -0.3785
vn -0.9232 -0.0376 -0.3824
vn -0.9239 0.0071 -0.3827
vn -0.8314 0.0071 -0.5556
vn -0.9801 -0.0376 -0.1950
vn -0.9701 -0.1475 -0.1930
vn -0.9891 -0.1475 -0.0000
vn -0.9993 -0.0376 -0.0000
vn -1.0000 0.0071 -0.0000
vn -0.9808 0.0071 -0.1951
vn -0.9801 -0.0376 0.1950
vn -0.9701 -0.1475 0.1930
vn -0.9808 0.0071 0.1951
vn -0.7100 -0.6899 0.1412
vn -0.7239 -0.6899 -0.0000
vn -0.6701 -0.7423 -0.0000
vn -0.6573 -0.7422 0.1307
vn -0.6191 -0.7423 0.2564
vn -0.6688 -0.6899 0.2770
vn -0.7916 -0.5157 0.3279
vn -0.8403 -0.5157 0.1672
vn -0.8568 -0.5157 -0.0000
vn -0.7100 -0.6899 -0.1412
vn -0.6688 -0.6899 -0.2770
vn -0.6191 -0.7423 -0.2564
vn -0.6573 -0.7422 -0.1307
vn -0.8403 -0.5157 -0.1672
vn -0.7916 -0.5157 -0.3279
vn -0.6019 -0.6899 -0.4022
vn -0.5119 -0.6899 -0.5119
vn -0.4738 -0.7423 -0.4738
vn -0.5572 -0.7422 -0.3723
vn -0.7124 -0.5157 -0.4760
vn -0.6058 -0.5157 -0.6058
vn -0.4022 -0.6899 -0.6019
vn -0.2770 -0.6899 -0.6688
vn -0.2564 -0.7423 -0.6191
vn -0.3723 -0.7422 -0.5572
vn -0.4760 -0.5157 -0.7124
vn -0.3279 -0.5157 -0.7916
vn -0.1412 -0.6899 -0.7100
vn -0.0000 -0.6899 -0.7239
vn -0.0000 -0.7423 -0.6701
vn -0.1307 -0.7422 -0.6573
vn -0.1672 -0.5157 -0.8403
vn -0.0000 -0.5157 -0.8568
vn -0.1412 -0.6899 0.7100
vn -0.2770 -0.6899 0.6688
vn -0.2564 -0.7423 0.6191
vn -0.1307 -0.7422 0.6573
vn -0.0000 -0.7423 0.6701
vn -0.0000 -0.6899 0.7239
vn -0.0000 -0.5157 0.8568
vn -0.1672 -0.5157 0.8403
vn -0.3279 -0.5157 0.7916
vn -0.4022 -0.6899 0.6019
vn -0.5119 -0.6899 0.5119
vn -0.4738 -0.7423 0.4738
vn -0.3723 -0.7422 0.5572
vn -0.4760 -0.5157 0.7124
vn -0.6058 -0.5157 0.6058
vn -0.6019 -0.6899 0.4022
vn -0.5572 -0.7422 0.3723
vn -0.7124 -0.5157 0.4760
vn -0.9353 -0.3011 0.1860
vn -0.9536 -0.3011 -0.0000
vn -0.8810 -0.3011 0.3649
vn -0.9353 -0.3011 -0.1860
vn -0.8810 -0.3011 -0.3649
vn -0.7929 -0.3011 -0.5298
vn -0.6743 -0.3011 -0.6743
vn -0.5298 -0.3011 -0.7929
vn -0.3649 -0.3011 -0.8810
vn -0.1860 -0.3011 -0.9353
vn -0.0000 -0.3011 -0.9536
vn -0.1860 -0.3011 0.9353
vn -0.3649 -0.3011 0.8810
vn -0.0000 -0.3011 0.9536
vn -0.5298 -0.3011 0.7929
vn -0.6743 -0.3011 0.6743
vn -0.7929 -0.3011 0.5298
vn 0.8309 0.0372 -0.5552
vn 0.8224 0.1469 -0.5495
vn 0.9139 0.1469 -0.3785
vn 0.9232 0.0372 -0.3824
vn 0.9239 -0.0072 -0.3827
vn 0.8314 -0.0072 -0.5556
vn 0.7071 -0.0072 -0.7071
vn 0.7066 0.0372 -0.7066
vn 0.6994 0.1469 -0.6994
vn 0.5552 0.0372 -0.8309
vn 0.5495 0.1469 -0.8224
vn 0.5556 -0.0072 -0.8314
vn 0.3827 -0.0072 -0.9239
vn 0.3824 0.0372 -0.9232
vn 0.3785 0.1469 -0.9139
vn 0.1950 0.0372 -0.9801
vn 0.1930 0.1469 -0.9701
vn 0.1951 -0.0072 -0.9808
vn -0.0000 -0.0072 -1.0000
vn -0.0000 0.0372 -0.9993
vn -0.0000 0.1469 -0.9891
vn 0.1950 0.0372 0.9801
vn 0.1930 0.1469 0.9701
vn -0.0000 0.1469 0.9891
vn -0.0000 0.0372 0.9993
vn -0.0000 -0.0072 1.0000
vn 0.1951 -0.0072 0.9808
vn 0.3827 -0.0072 0.9239
vn 0.3824 0.0372 0.9232
vn 0.3785 0.1469 0.9139
vn 0.5552 0.0372 0.8309
vn 0.5495 0.1469 0.8224
vn 0.5556 -0.0072 0.8314
vn 0.7071 -0.0072 0.7071
vn 0.7066 0.0372 0.7066
vn 0.6994 0.1469 0.6994
vn 0.8309 0.0372 0.5552
vn 0.8224 0.1469 0.5495
vn 0.8314 -0.0072 0.5556
vn 0.9239 -0.0072 0.3827
vn 0.9232 0.0372 0.3824
vn 0.9139 0.1469 0.3785
vn 0.9801 0.0372 0.1950
vn 0.9701 0.1469 0.1930
vn 0.9808 -0.0072 0.1951
vn 1.0000 -0.0072 -0.0000
vn 0.9993 0.0372 -0.0000
vn 0.9891 0.1469 -0.0000
vn 0.9801 0.0372 -0.1950
vn 0.9701 0.1469 -0.1930
vn 0.9808 -0.0072 -0.1951
vn 0.7097 0.6902 -0.1412
vn 0.6573 0.7422 -0.1307
vn 0.6701 0.7423 -0.0000
vn 0.7236 0.6902 -0.0000
vn 0.8565 0.5162 -0.0000
vn 0.8400 0.5162 -0.1671
vn 0.7913 0.5162 -0.3278
vn 0.6685 0.6902 -0.2769
vn 0.6191 0.7423 -0.2564
vn 0.7097 0.6902 0.1412
vn 0.6573 0.7422 0.1307
vn 0.6191 0.7423 0.2564
vn 0.6685 0.6902 0.2769
vn 0.7913 0.5162 0.3278
vn 0.8400 0.5162 0.1671
vn 0.6017 0.6902 0.4020
vn 0.5572 0.7422 0.3723
vn 0.4738 0.7423 0.4738
vn 0.5117 0.6902 0.5117
vn 0.6056 0.5162 0.6056
vn 0.7121 0.5162 0.4758
vn 0.4020 0.6902 0.6017
vn 0.3723 0.7422 0.5572
vn 0.2564 0.7423 0.6191
vn 0.2769 0.6902 0.6685
vn 0.3278 0.5162 0.7913
vn 0.4758 0.5162 0.7121
vn 0.1412 0.6902 0.7097
vn 0.1307 0.7422 0.6573
vn -0.0000 0.7423 0.6701
vn -0.0000 0.6902 0.7236
vn -0.0000 0.5162 0.8565
vn 0.1671 0.5162 0.8400
vn 0.1412 0.6902 -0.7098
vn 0.1307 0.7422 -0.6573
vn 0.2564 0.7423 -0.6191
vn 0.2769 0.6902 -0.6685
vn 0.3278 0.5162 -0.7913
vn 0.1671 0.5162 -0.8400
vn -0.0000 0.5162 -0.8565
vn -0.0000 0.6902 -0.7236
vn -0.0000 0.7423 -0.6701
vn 0.4020 0.6902 -0.6017
vn 0.3723 0.7422 -0.5572
vn 0.4738 0.7423 -0.4738
vn 0.5117 0.6902 -0.5117
vn 0.6056 0.5162 -0.6056
vn 0.4758 0.5162 -0.7121
vn 0.6017 0.6902 -0.4020
vn 0.5572 0.7422 -0.3723
vn 0.7121 0.5162 -0.4758
vn 0.9353 0.3011 -0.1860
vn 0.9536 0.3011 -0.0000
vn 0.8810 0.3011 -0.3649
vn 0.9353 0.3011 0.1860
vn 0.8810 0.3011 0.3649
vn 0.7929 0.3011 0.5298
vn 0.6743 0.3011 0.6743
vn 0.5298 0.3011 0.7929
vn 0.3649 0.3011 0.8810
vn 0.1860 0.3011 0.9353
vn -0.0000 0.3011 0.9536
vn 0.1860 0.3011 -0.9353
vn 0.3649 0.3011 -0.8810
vn -0.0000 0.3011 -0.9536
vn 0.5298 0.3011 -0.7929
vn 0.6743 0.3011 -0.6743
vn 0.7929 0.3011 -0.5298
vn -0.0014 1.0000 -0.0073
vn -0.0000 1.0000 -0.0074
vn 0.0053 1.0000 0.0052
vn 0.0041 1.0000 0.0062
vn 0.0069 1.0000 0.0028
vn 0.0062 1.0000 0.0041
vn 0.0028 1.0000 0.0069
vn 0.0074 1.0000 -0.0000
vn 0.0073 1.0000 0.0014
vn 0.0069 1.0000 -0.0028
vn 0.0073 1.0000 -0.0014
vn 0.0053 1.0000 -0.0053
vn 0.0062 1.0000 -0.0041
vn 0.0028 1.0000 -0.0069
vn 0.0041 1.0000 -0.0062
vn 0.0014 1.0000 -0.0073
vn -0.0028 1.0000 -0.0069
vn -0.0000 1.0000 -0.0000
vn -0.9000 0.2261 -0.3728
vn -0.8268 0.4463 -0.3425
vn -0.7441 0.4462 -0.4972
vn -0.8099 0.2261 -0.5412
vn -0.6888 -0.2261 -0.6888
vn -0.6328 -0.4463 -0.6328
vn -0.7441 -0.4462 -0.4972
vn -0.8099 -0.2261 -0.5412
vn -0.3728 0.2261 -0.9000
vn -0.3425 0.4463 -0.8268
vn -0.1746 0.4462 -0.8777
vn -0.1900 0.2261 -0.9554
vn -0.9741 -0.2261 -0.0000
vn -0.8949 -0.4463 -0.0000
vn -0.8777 -0.4462 0.1746
vn -0.9554 -0.2261 0.1900
vn -0.3728 -0.2261 0.9000
vn -0.3425 -0.4463 0.8268
vn -0.1746 -0.4462 0.8777
vn -0.1900 -0.2261 0.9554
vn 0.8268 -0.4463 0.3425
vn 0.8777 -0.4462 0.1746
vn 0.9554 -0.2261 0.1900
vn 0.9000 -0.2261 0.3728
vn -0.9000 -0.2261 0.3728
vn -0.8268 -0.4463 0.3425
vn -0.0000 0.2261 -0.9741
vn -0.0000 0.4463 -0.8949
vn 0.1746 0.4462 -0.8777
vn 0.1900 0.2261 -0.9554
vn 0.3425 0.4463 -0.8268
vn 0.3728 0.2261 -0.9000
vn -0.3425 0.4463 0.8268
vn -0.3728 0.2261 0.9000
vn -0.1900 0.2261 0.9554
vn -0.1746 0.4462 0.8777
vn -0.5412 -0.2261 0.8099
vn -0.4972 -0.4462 0.7441
vn -0.7441 -0.4462 0.4972
vn -0.8099 -0.2261 0.5412
vn -0.6888 0.2261 0.6888
vn -0.6328 0.4463 0.6328
vn -0.7441 0.4462 0.4972
vn -0.8099 0.2261 0.5412
vn -0.9741 0.2261 -0.0000
vn -0.9554 0.2261 0.1900
vn -0.8777 0.4462 0.1746
vn -0.8949 0.4463 -0.0000
vn -0.9000 -0.2261 -0.3728
vn -0.8268 -0.4463 -0.3425
vn -0.7071 -0.0000 -0.7071
vn -0.8315 -0.0000 -0.5556
vn -0.9808 -0.0000 -0.1951
vn -1.0000 -0.0000 -0.0000
vn -0.3827 -0.0000 -0.9239
vn -0.5556 -0.0000 -0.8315
vn -0.9239 -0.0000 -0.3827
vn -0.1951 -0.0000 -0.9808
vn -0.3827 -0.0000 0.9239
vn -0.1951 -0.0000 0.9808
vn -0.7071 -0.0000 0.7071
vn -0.5556 -0.0000 0.8315
vn -0.9239 -0.0000 0.3827
vn -0.8315 -0.0000 0.5556
vn -0.9808 -0.0000 0.1951
vn 0.9239 -0.0000 0.3827
vn 0.9808 -0.0000 0.1951
vn -0.3947 0.8297 -0.3948
vn -0.4642 0.8296 -0.3102
vn -0.3102 0.8296 -0.4642
vn -0.5158 0.8297 -0.2136
vn -0.5476 0.8296 -0.1089
vn -0.5583 0.8297 -0.0000
vn -0.5476 0.8296 0.1089
vn -0.5158 0.8297 0.2136
vn -0.4642 0.8296 0.3102
vn -0.3947 0.8297 0.3947
vn -0.3102 0.8296 0.4642
vn -0.2136 0.8297 0.5158
vn -0.1089 0.8296 0.5476
vn -0.0000 0.8297 -0.5583
vn -0.1089 0.8296 -0.5476
vn -0.0000 0.8297 0.5583
vn 0.2136 0.8297 0.5158
vn 0.3102 0.8296 0.4642
vn -0.2136 0.8297 -0.5158
vn -0.9001 0.2255 -0.3728
vn -0.9555 0.2255 -0.1901
vn -0.9555 0.2255 0.1901
vn -0.9001 0.2255 0.3728
vn -0.6889 0.2255 -0.6889
vn -0.8101 0.2255 -0.5413
vn -0.9742 0.2255 -0.0000
vn -0.3728 0.2255 -0.9001
vn -0.5413 0.2255 -0.8101
vn -0.0000 0.2255 -0.9742
vn -0.1901 0.2255 -0.9555
vn -0.3728 0.2255 0.9001
vn -0.1901 0.2255 0.9555
vn -0.6889 0.2255 0.6889
vn -0.5413 0.2255 0.8101
vn -0.0000 0.2255 0.9742
vn -0.8101 0.2255 0.5413
vn 0.9742 0.2255 -0.0000
vn 0.9555 0.2255 -0.1901
vn -0.0000 0.5962 -0.8028
vn -0.1566 0.5961 -0.7875
vn -0.3072 0.5962 -0.7417
vn -0.4461 0.5961 -0.6676
vn -0.5677 0.5962 -0.5677
vn -0.6676 0.5961 -0.4461
vn -0.7417 0.5962 -0.3072
vn -0.7875 0.5961 -0.1566
vn -0.8028 0.5962 -0.0000
vn -0.7875 0.5961 0.1566
vn -0.7417 0.5962 0.3072
vn -0.6676 0.5961 0.4461
vn -0.5677 0.5962 0.5677
vn -0.4461 0.5961 0.6676
vn 0.3072 0.5962 -0.7417
vn 0.1566 0.5961 -0.7875
vn -0.3072 0.5962 0.7417
vn -0.6888 -0.2261 0.6888
vn -0.6328 -0.4463 0.6328
vn -0.9739 0.1182 0.1937
vn -0.9686 0.1574 0.1927
vn -0.9875 0.1574 -0.0000
vn -0.9930 0.1182 -0.0000
vn -0.9174 0.1182 0.3800
vn -0.9124 0.1574 0.3779
vn -0.9739 -0.1182 0.1937
vn -0.9930 -0.1182 -0.0000
vn -0.9875 -0.1574 -0.0000
vn -0.9686 -0.1574 0.1927
vn -0.9124 -0.1574 0.3779
vn -0.9174 -0.1182 0.3800
vn -0.8256 0.1182 0.5517
vn -0.8211 0.1574 0.5486
vn -0.7021 0.1182 0.7021
vn -0.6983 0.1574 0.6983
vn -0.8256 -0.1182 0.5517
vn -0.8211 -0.1574 0.5486
vn -0.6983 -0.1574 0.6983
vn -0.7021 -0.1182 0.7021
vn -0.5412 0.2261 -0.8099
vn -0.4972 0.4462 -0.7441
vn -0.5517 0.1182 0.8256
vn -0.5486 0.1574 0.8211
vn -0.3800 0.1182 0.9174
vn -0.3779 0.1574 0.9124
vn -0.5517 -0.1182 0.8256
vn -0.5486 -0.1574 0.8211
vn -0.3779 -0.1574 0.9124
vn -0.3800 -0.1182 0.9174
vn -0.5412 -0.2261 -0.8099
vn -0.4972 -0.4462 -0.7441
vn 0.3425 -0.4463 0.8268
vn 0.4972 -0.4462 0.7441
vn 0.5412 -0.2261 0.8099
vn 0.3728 -0.2261 0.9000
vn 0.6888 0.2261 0.6888
vn 0.5412 0.2261 0.8099
vn 0.6888 -0.2261 0.6888
vn -0.1937 0.1182 0.9739
vn -0.1927 0.1574 0.9686
vn -0.0000 0.1182 0.9930
vn -0.0000 0.1574 0.9875
vn -0.1937 -0.1182 0.9739
vn -0.1927 -0.1574 0.9686
vn -0.0000 -0.1574 0.9875
vn -0.0000 -0.1182 0.9930
vn 0.3728 0.2261 0.9000
vn -0.1937 -0.1182 -0.9739
vn -0.1927 -0.1574 -0.9686
vn -0.3779 -0.1574 -0.9124
vn -0.3800 -0.1182 -0.9174
vn -0.0000 -0.1182 -0.9930
vn -0.0000 -0.1574 -0.9875
vn -0.1937 0.1182 -0.9739
vn -0.3800 0.1182 -0.9174
vn -0.3779 0.1574 -0.9124
vn -0.1927 0.1574 -0.9686
vn -0.0000 0.1574 -0.9875
vn -0.0000 0.1182 -0.9930
vn 0.9000 0.2261 0.3728
vn 0.9554 0.2261 0.1900
vn 0.8777 0.4462 0.1746
vn 0.8268 0.4463 0.3425
vn -0.9554 0.2261 -0.1900
vn -0.8777 0.4462 -0.1746
vn -0.5412 0.2261 0.8099
vn -0.4972 0.4462 0.7441
vn -0.0000 -0.2261 -0.9741
vn -0.0000 -0.4463 -0.8949
vn -0.1746 -0.4462 -0.8777
vn -0.1900 -0.2261 -0.9554
vn -0.5517 0.1182 -0.8256
vn -0.5486 0.1574 -0.8211
vn -0.7021 0.1182 -0.7021
vn -0.6983 0.1574 -0.6983
vn -0.9000 0.2261 0.3728
vn -0.5517 -0.1182 -0.8256
vn -0.5486 -0.1574 -0.8211
vn -0.6983 -0.1574 -0.6983
vn -0.7021 -0.1182 -0.7021
vn -0.8268 0.4463 0.3425
vn -0.0000 0.2261 0.9741
vn -0.0000 -0.2261 0.9741
vn -0.6888 0.2261 -0.6888
vn -0.6328 0.4463 -0.6328
vn -0.8777 -0.4462 -0.1746
vn -0.9554 -0.2261 -0.1900
vn 0.6328 0.4463 0.6328
vn 0.4972 0.4462 0.7441
vn -0.8256 -0.1182 -0.5517
vn -0.8211 -0.1574 -0.5486
vn -0.9124 -0.1574 -0.3779
vn -0.9174 -0.1182 -0.3800
vn -0.8256 0.1182 -0.5517
vn -0.9174 0.1182 -0.3800
vn -0.9124 0.1574 -0.3779
vn -0.8211 0.1574 -0.5486
vn -0.0000 0.4463 0.8949
vn -0.3728 -0.2261 -0.9000
vn -0.9739 -0.1182 -0.1937
vn -0.9686 -0.1574 -0.1927
vn -0.3425 -0.4463 -0.8268
vn -0.9739 0.1182 -0.1937
vn -0.9686 0.1574 -0.1927
vn -0.0000 -1.0000 -0.0000
vn 0.0527 -0.9689 -0.2416
vn 0.0553 -0.8990 -0.4344
vn -0.6221 -0.6617 -0.4185
vn -0.6854 -0.6932 -0.2230
vn -0.3787 0.9012 -0.2109
vn -0.3545 0.8394 -0.4120
vn -0.3844 0.8991 -0.2092
vn -0.3844 0.8991 0.2092
vn -0.8379 -0.5030 0.2119
vn -0.8379 -0.5030 -0.2119
vn -0.8086 -0.5501 -0.2089
vn -0.8086 -0.5501 0.2089
vn -0.6671 0.6164 0.4184
vn -0.7178 0.6646 0.2074
vn 0.7058 -0.6726 -0.2223
vn 0.9763 0.0031 -0.2165
vn 0.9763 0.0031 0.2165
vn 0.9520 0.2159 0.2168
vn -0.3590 0.8347 -0.4175
vn 0.9752 -0.0634 0.2119
vn 0.9066 -0.0590 0.4178
vn 0.8887 -0.1889 0.4178
vn 0.9560 -0.2032 0.2117
vn 0.8866 0.1988 0.4176
vn 0.8345 0.3597 0.4173
vn 0.8967 0.3865 0.2158
vn -0.3787 0.9012 0.2109
vn -0.2503 0.9446 -0.2121
vn -0.2503 0.9446 0.2121
vn -0.3187 0.9227 0.2171
vn -0.3187 0.9227 -0.2171
vn 0.9575 0.1960 -0.2117
vn 0.9575 0.1960 0.2117
vn 0.9751 0.0646 0.2120
vn 0.9751 0.0646 -0.2120
vn 0.4462 -0.8709 -0.2062
vn 0.4462 -0.8709 0.2062
vn 0.3301 -0.9197 0.2125
vn -0.8861 -0.2010 -0.4176
vn -0.7665 -0.4880 -0.4175
vn -0.8246 -0.5254 -0.2098
vn -0.9536 -0.2175 -0.2083
vn 0.3788 -0.8256 0.4182
vn 0.6829 -0.5971 0.4209
vn 0.7359 -0.6390 0.2239
vn 0.4002 -0.8898 0.2192
vn 0.9474 0.2334 -0.2191
vn 0.9499 -0.2189 -0.2231
vn -0.9066 -0.0600 -0.4177
vn -0.9067 0.0588 -0.4178
vn -0.9744 0.0632 -0.2158
vn -0.9743 -0.0644 -0.2156
vn -0.7178 0.6646 -0.2074
vn -0.9773 0.0269 0.2102
vn -0.9773 0.0269 -0.2102
vn -0.3590 0.8347 0.4175
vn 0.6842 0.6966 0.2160
vn 0.6842 0.6966 -0.2160
vn 0.8192 0.5306 -0.2176
vn 0.3069 -0.8551 0.4178
vn 0.4118 -0.8150 -0.4077
vn -0.7340 0.6463 -0.2086
vn -0.7340 0.6463 0.2086
vn -0.4392 0.8736 0.2094
vn -0.4392 0.8736 -0.2094
vn -0.7794 -0.4676 0.4171
vn -0.8362 -0.3558 0.4174
vn 0.8844 -0.2044 -0.4196
vn 0.6584 -0.6253 -0.4190
vn 0.6363 0.6488 0.4174
vn 0.9011 0.3802 0.2084
vn 0.6272 0.7510 0.2064
vn 0.5804 0.6971 0.4210
vn 0.8387 0.3537 0.4140
vn 0.3199 -0.9236 0.2111
vn 0.2290 -0.9499 0.2128
vn 0.2290 -0.9499 -0.2128
vn 0.3199 -0.9236 -0.2111
vn 0.7665 -0.4880 -0.4175
vn 0.8216 -0.5296 -0.2109
vn 0.9087 -0.3600 -0.2113
vn 0.9087 -0.3600 0.2113
vn 0.8216 -0.5296 0.2109
vn -0.9513 0.2280 -0.2073
vn -0.6671 0.6164 -0.4184
vn -0.8830 0.2126 -0.4185
vn -0.0287 0.9778 -0.2075
vn 0.6272 0.7510 -0.2064
vn 0.5804 0.6971 -0.4210
vn -0.0250 0.9051 -0.4244
vn 0.7629 0.4937 -0.4174
vn 0.8829 0.2159 -0.4171
vn 0.8387 0.3537 -0.4140
vn 0.9011 0.3802 -0.2084
vn 0.9363 -0.2748 0.2186
vn 0.9363 -0.2748 -0.2186
vn 0.7359 -0.6390 -0.2238
vn 0.5121 -0.8327 0.2107
vn 0.5121 -0.8327 -0.2107
vn -0.3545 0.8394 0.4120
vn 0.6254 0.7501 0.2150
vn 0.6254 0.7501 -0.2150
vn 0.6363 0.6488 -0.4174
vn 0.9560 -0.2032 -0.2117
vn 0.9752 -0.0634 -0.2119
vn -0.2325 0.8790 -0.4162
vn -0.4079 0.8114 -0.4186
vn -0.7794 -0.4676 -0.4171
vn -0.7522 -0.5111 -0.4159
vn 0.6871 -0.6953 -0.2107
vn 0.6871 -0.6953 0.2107
vn 0.8902 0.1822 -0.4175
vn 0.9066 0.0600 -0.4177
vn 0.8902 0.1822 0.4175
vn -0.6854 -0.6932 0.2230
vn -0.9121 -0.3501 -0.2132
vn -0.9121 -0.3501 0.2132
vn 0.0527 -0.9689 0.2416
vn -0.8883 -0.1906 0.4178
vn 0.4118 -0.8150 0.4077
vn 0.8415 0.4958 -0.2146
vn -0.4079 0.8114 0.4186
vn -0.2325 0.8790 0.4162
vn -0.0287 0.9778 0.2075
vn -0.6384 -0.6467 -0.4174
vn -0.5823 -0.6977 -0.4173
vn -0.6262 -0.7502 -0.2122
vn -0.6860 -0.6962 -0.2114
vn -0.9078 0.3592 -0.2165
vn -0.8448 0.3343 -0.4178
vn -0.7638 0.4920 -0.4178
vn -0.8207 0.5286 -0.2169
vn -0.6262 -0.7502 0.2122
vn -0.5823 -0.6977 0.4173
vn -0.7604 0.4991 -0.4156
vn 0.5820 0.6979 0.4173
vn -0.9078 0.3592 0.2165
vn -0.8207 0.5286 0.2169
vn -0.7638 0.4920 0.4178
vn -0.8448 0.3343 0.4178
vn 0.8447 -0.3347 0.4178
vn 0.7636 -0.4923 0.4178
vn 0.3789 -0.8256 -0.4182
vn 0.2147 -0.8839 -0.4155
vn 0.4002 -0.8898 -0.2192
vn 0.8167 0.5347 -0.2170
vn -0.0250 0.9051 0.4244
vn -0.9743 -0.0644 0.2156
vn -0.9744 0.0632 0.2158
vn -0.9569 -0.1944 0.2157
vn -0.9569 -0.1944 -0.2157
vn 0.0553 -0.8990 0.4344
vn 0.7829 0.4619 -0.4168
vn -0.9236 0.3214 0.2090
vn -0.8580 0.2987 0.4180
vn -0.6816 0.6002 0.4185
vn -0.6862 0.6942 0.2172
vn -0.6862 0.6942 -0.2172
vn -0.2966 0.8586 -0.4182
vn -0.6387 0.6461 -0.4179
vn -0.9083 0.0250 -0.4176
vn -0.9551 0.2026 -0.2160
vn -0.9551 0.2026 0.2160
vn 0.8861 -0.2010 -0.4176
vn 0.8447 -0.3347 -0.4178
vn 0.8887 -0.1889 -0.4178
vn 0.9090 -0.0015 -0.4168
vn 0.8686 -0.2667 -0.4175
vn -0.8905 -0.1810 -0.4175
vn 0.8686 -0.2667 0.4175
vn 0.9090 -0.0015 0.4168
vn -0.8498 -0.3292 -0.4117
vn -0.8905 -0.1810 0.4175
vn -0.8498 -0.3292 0.4117
vn 0.6702 -0.7421 -0.0000
vn 0.9066 0.0600 0.4177
vn 0.2972 -0.8584 0.4181
vn 0.2147 -0.8839 0.4155
vn 0.6829 -0.5971 -0.4208
vn -0.9067 0.0588 0.4178
vn -0.9066 -0.0600 0.4177
vn -0.6387 0.6461 0.4179
vn -0.5112 0.8316 -0.2172
vn -0.5112 0.8316 0.2172
vn -0.9236 0.3214 -0.2090
vn -0.8580 0.2987 -0.4180
vn -0.9083 0.0250 0.4176
vn -0.8888 0.1886 -0.4178
vn -0.8888 0.1886 0.4178
vn -0.6221 -0.6617 0.4185
vn 0.4759 -0.7739 -0.4179
vn 0.6386 -0.6462 -0.4179
vn -0.7522 -0.5111 0.4159
vn 0.7636 -0.4923 -0.4178
vn 0.2972 -0.8584 -0.4181
vn 0.6386 -0.6462 0.4179
vn 0.4759 -0.7739 0.4179
vn -0.2966 0.8586 0.4182
vn -0.4758 0.7739 -0.4179
vn -0.4758 0.7739 0.4179
vn 0.7604 0.4991 -0.4156
vn -0.6816 0.6002 -0.4185
vn 0.9066 -0.0590 -0.4178
vn 0.5820 0.6979 -0.4174
vn 0.7982 -0.6024 -0.0000
vn 0.8309 -0.0376 -0.5552
vn 0.9232 -0.0376 -0.3824
vn 0.9138 -0.1475 -0.3785
vn 0.8224 -0.1475 -0.5495
vn 0.6994 -0.1475 -0.6994
vn 0.7066 -0.0376 -0.7066
vn 0.7071 0.0071 -0.7071
vn 0.8314 0.0071 -0.5556
vn 0.9239 0.0071 -0.3827
vn 0.5552 -0.0376 -0.8309
vn 0.5495 -0.1475 -0.8224
vn 0.3785 -0.1475 -0.9138
vn 0.3824 -0.0376 -0.9232
vn 0.3827 0.0071 -0.9239
vn 0.5556 0.0071 -0.8314
vn 0.1950 -0.0376 -0.9801
vn 0.1930 -0.1475 -0.9701
vn 0.1951 0.0071 -0.9808
vn 0.1950 -0.0376 0.9801
vn 0.1930 -0.1475 0.9701
vn 0.3785 -0.1475 0.9138
vn 0.3824 -0.0376 0.9232
vn 0.3827 0.0071 0.9239
vn 0.1951 0.0071 0.9808
vn 0.5552 -0.0376 0.8309
vn 0.5495 -0.1475 0.8224
vn 0.6994 -0.1475 0.6994
vn 0.7066 -0.0376 0.7066
vn 0.7071 0.0071 0.7071
vn 0.5556 0.0071 0.8314
vn 0.8309 -0.0376 0.5552
vn 0.8224 -0.1475 0.5495
vn 0.9138 -0.1475 0.3785
vn 0.9232 -0.0376 0.3824
vn 0.9239 0.0071 0.3827
vn 0.8314 0.0071 0.5556
vn 0.9801 -0.0376 0.1950
vn 0.9701 -0.1475 0.1930
vn 0.9891 -0.1475 -0.0000
vn 0.9993 -0.0376 -0.0000
vn 1.0000 0.0071 -0.0000
vn 0.9808 0.0071 0.1951
vn 0.9801 -0.0376 -0.1950
vn 0.9701 -0.1475 -0.1930
vn 0.9808 0.0071 -0.1951
vn 0.7100 -0.6899 -0.1412
vn 0.7239 -0.6899 -0.0000
vn 0.6701 -0.7423 -0.0000
vn 0.6573 -0.7422 -0.1307
vn 0.6191 -0.7423 -0.2564
vn 0.6688 -0.6899 -0.2770
vn 0.7916 -0.5157 -0.3279
vn 0.8403 -0.5157 -0.1672
vn 0.8568 -0.5157 -0.0000
vn 0.7100 -0.6899 0.1412
vn 0.6688 -0.6899 0.2770
vn 0.6191 -0.7423 0.2564
vn 0.6573 -0.7422 0.1307
vn 0.8403 -0.5157 0.1672
vn 0.7916 -0.5157 0.3279
vn 0.6019 -0.6899 0.4022
vn 0.5119 -0.6899 0.5119
vn 0.4738 -0.7423 0.4738
vn 0.5572 -0.7422 0.3723
vn 0.7124 -0.5157 0.4760
vn 0.6058 -0.5157 0.6058
vn 0.4022 -0.6899 0.6019
vn 0.2770 -0.6899 0.6688
vn 0.2564 -0.7423 0.6191
vn 0.3723 -0.7422 0.5572
vn 0.4760 -0.5157 0.7124
vn 0.3279 -0.5157 0.7916
vn 0.1412 -0.6899 0.7100
vn 0.1307 -0.7422 0.6573
vn 0.1672 -0.5157 0.8403
vn 0.1412 -0.6899 -0.7100
vn 0.2770 -0.6899 -0.6688
vn 0.2564 -0.7423 -0.6191
vn 0.1307 -0.7422 -0.6573
vn 0.1672 -0.5157 -0.8403
vn 0.3279 -0.5157 -0.7916
vn 0.4022 -0.6899 -0.6019
vn 0.5119 -0.6899 -0.5119
vn 0.4738 -0.7423 -0.4738
vn 0.3723 -0.7422 -0.5572
vn 0.4760 -0.5157 -0.7124
vn 0.6058 -0.5157 -0.6058
vn 0.6019 -0.6899 -0.4022
vn 0.5572 -0.7422 -0.3723
vn 0.7124 -0.5157 -0.4760
vn 0.9353 -0.3011 -0.1860
vn 0.9536 -0.3011 -0.0000
vn 0.8810 -0.3011 -0.3649
vn 0.9353 -0.3011 0.1860
vn 0.8810 -0.3011 0.3649
vn 0.7929 -0.3011 0.5298
vn 0.6743 -0.3011 0.6743
vn 0.5298 -0.3011 0.7929
vn 0.3649 -0.3011 0.8810
vn 0.1860 -0.3011 0.9353
vn 0.1860 -0.3011 -0.9353
vn 0.3649 -0.3011 -0.8810
vn 0.5298 -0.3011 -0.7929
vn 0.6743 -0.3011 -0.6743
vn 0.7929 -0.3011 -0.5298
vn -0.8309 0.0372 0.5552
vn -0.8224 0.1469 0.5495
vn -0.9139 0.1469 0.3785
vn -0.9232 0.0372 0.3824
vn -0.9239 -0.0072 0.3827
vn -0.8314 -0.0072 0.5556
vn -0.7071 -0.0072 0.7071
vn -0.7066 0.0372 0.7066
vn -0.6994 0.1469 0.6994
vn -0.5552 0.0372 0.8309
vn -0.5495 0.1469 0.8224
vn -0.5556 -0.0072 0.8314
vn -0.3827 -0.0072 0.9239
vn -0.3824 0.0372 0.9232
vn -0.3785 0.1469 0.9139
vn -0.1950 0.0372 0.9801
vn -0.1930 0.1469 0.9701
vn -0.1951 -0.0072 0.9808
vn -0.1950 0.0372 -0.9801
vn -0.1930 0.1469 -0.9701
vn -0.1951 -0.0072 -0.9808
vn -0.3827 -0.0072 -0.9239
vn -0.3824 0.0372 -0.9232
vn -0.3785 0.1469 -0.9139
vn -0.5552 0.0372 -0.8309
vn -0.5495 0.1469 -0.8224
vn -0.5556 -0.0072 -0.8314
vn -0.7071 -0.0072 -0.7071
vn -0.7066 0.0372 -0.7066
vn -0.6994 0.1469 -0.6994
vn -0.8309 0.0372 -0.5552
vn -0.8224 0.1469 -0.5495
vn -0.8314 -0.0072 -0.5556
vn -0.9239 -0.0072 -0.3827
vn -0.9232 0.0372 -0.3824
vn -0.9139 0.1469 -0.3785
vn -0.9801 0.0372 -0.1950
vn -0.9701 0.1469 -0.1930
vn -0.9808 -0.0072 -0.1951
vn -1.0000 -0.0072 -0.0000
vn -0.9993 0.0372 -0.0000
vn -0.9891 0.1469 -0.0000
vn -0.9801 0.0372 0.1950
vn -0.9701 0.1469 0.1930
vn -0.9808 -0.0072 0.1951
vn -0.7097 0.6902 0.1412
vn -0.6573 0.7422 0.1307
vn -0.6701 0.7423 -0.0000
vn -0.7236 0.6902 -0.0000
vn -0.8565 0.5162 -0.0000
vn -0.8400 0.5162 0.1671
vn -0.7913 0.5162 0.3278
vn -0.6685 0.6902 0.2769
vn -0.6191 0.7423 0.2564
vn -0.7097 0.6902 -0.1412
vn -0.6573 0.7422 -0.1307
vn -0.6191 0.7423 -0.2564
vn -0.6685 0.6902 -0.2769
vn -0.7913 0.5162 -0.3278
vn -0.8400 0.5162 -0.1671
vn -0.6017 0.6902 -0.4020
vn -0.5572 0.7422 -0.3723
vn -0.4738 0.7423 -0.4738
vn -0.5117 0.6902 -0.5117
vn -0.6056 0.5162 -0.6056
vn -0.7121 0.5162 -0.4758
vn -0.4020 0.6902 -0.6017
vn -0.3723 0.7422 -0.5572
vn -0.2564 0.7423 -0.6191
vn -0.2769 0.6902 -0.6685
vn -0.3278 0.5162 -0.7913
vn -0.4758 0.5162 -0.7121
vn -0.1412 0.6902 -0.7097
vn -0.1307 0.7422 -0.6573
vn -0.1671 0.5162 -0.8400
vn -0.1412 0.6902 0.7097
vn -0.1307 0.7422 0.6573
vn -0.2564 0.7423 0.6191
vn -0.2769 0.6902 0.6685
vn -0.3278 0.5162 0.7913
vn -0.1671 0.5162 0.8400
vn -0.4020 0.6902 0.6017
vn -0.3723 0.7422 0.5572
vn -0.4738 0.7423 0.4738
vn -0.5117 0.6902 0.5117
vn -0.6056 0.5162 0.6056
vn -0.4758 0.5162 0.7121
vn -0.6017 0.6902 0.4020
vn -0.5572 0.7422 0.3723
vn -0.7121 0.5162 0.4758
vn -0.9353 0.3011 0.1860
vn -0.9536 0.3011 -0.0000
vn -0.8810 0.3011 0.3649
vn -0.9353 0.3011 -0.1860
vn -0.8810 0.3011 -0.3649
vn -0.7929 0.3011 -0.5298
vn -0.6743 0.3011 -0.6743
vn -0.5298 0.3011 -0.7929
vn -0.3649 0.3011 -0.8810
vn -0.1860 0.3011 -0.9353
vn -0.1860 0.3011 0.9353
vn -0.3649 0.3011 0.8810
vn -0.5298 0.3011 0.7929
vn -0.6743 0.3011 0.6743
vn -0.7929 0.3011 0.5298
vn -0.0052 1.0000 -0.0053
vn -0.0041 1.0000 -0.0062
vn -0.0069 1.0000 -0.0028
vn -0.0062 1.0000 -0.0041
vn -0.0074 1.0000 -0.0000
vn -0.0073 1.0000 -0.0014
vn -0.0069 1.0000 0.0028
vn -0.0073 1.0000 0.0014
vn -0.0053 1.0000 0.0052
vn -0.0062 1.0000 0.0041
vn -0.0028 1.0000 0.0069
vn -0.0041 1.0000 0.0062
vn -0.0000 1.0000 0.0074
vn -0.0014 1.0000 0.0073
vn 0.0014 1.0000 0.0073
vn 0.7441 0.4462 0.4972
vn 0.8099 0.2261 0.5412
vn 0.1900 -0.2261 -0.9554
vn 0.6328 -0.4463 0.6328
vn 0.7441 -0.4462 0.4972
vn 0.8099 -0.2261 0.5412
vn 0.1746 -0.4462 -0.8777
vn 0.3425 0.4463 0.8268
vn 0.1746 0.4462 0.8777
vn 0.1900 0.2261 0.9554
vn 0.9741 0.2261 -0.0000
vn 0.9554 0.2261 -0.1900
vn 0.8777 0.4462 -0.1746
vn 0.8949 0.4463 -0.0000
vn 0.9000 -0.2261 -0.3728
vn 0.9554 -0.2261 -0.1900
vn 0.8777 -0.4462 -0.1746
vn 0.8268 -0.4463 -0.3425
vn 0.4972 0.4462 -0.7441
vn 0.5412 0.2261 -0.8099
vn 0.6888 -0.2261 -0.6888
vn 0.6328 -0.4463 -0.6328
vn 0.4972 -0.4462 -0.7441
vn 0.5412 -0.2261 -0.8099
vn 0.7441 -0.4462 -0.4972
vn 0.8099 -0.2261 -0.5412
vn 0.7071 -0.0000 0.7071
vn 0.8315 -0.0000 0.5556
vn 1.0000 -0.0000 -0.0000
vn 0.3827 -0.0000 0.9239
vn 0.5556 -0.0000 0.8315
vn 0.1951 -0.0000 0.9808
vn 0.3827 -0.0000 -0.9239
vn 0.1951 -0.0000 -0.9808
vn 0.7071 -0.0000 -0.7071
vn 0.5556 -0.0000 -0.8315
vn 0.9239 -0.0000 -0.3827
vn 0.8315 -0.0000 -0.5556
vn 0.9808 -0.0000 -0.1951
vn 0.3947 0.8297 0.3948
vn 0.4642 0.8296 0.3102
vn 0.5158 0.8297 0.2136
vn 0.5476 0.8296 0.1089
vn 0.5583 0.8297 -0.0000
vn 0.5476 0.8296 -0.1089
vn 0.5158 0.8297 -0.2136
vn 0.4642 0.8296 -0.3102
vn 0.3947 0.8297 -0.3948
vn 0.3102 0.8296 -0.4642
vn 0.2136 0.8297 -0.5158
vn 0.1089 0.8296 -0.5476
vn 0.1089 0.8296 0.5476
vn -0.1566 0.5961 0.7875
vn 0.9001 0.2255 0.3728
vn 0.9555 0.2255 0.1901
vn 0.9001 0.2255 -0.3728
vn 0.6889 0.2255 0.6889
vn 0.8101 0.2255 0.5413
vn 0.3728 0.2255 0.9001
vn 0.5413 0.2255 0.8101
vn 0.1901 0.2255 0.9555
vn 0.3728 0.2255 -0.9001
vn 0.1901 0.2255 -0.9555
vn 0.6889 0.2255 -0.6889
vn 0.5413 0.2255 -0.8101
vn 0.8101 0.2255 -0.5413
vn -0.0000 0.5962 0.8028
vn 0.1566 0.5961 0.7875
vn 0.3072 0.5962 0.7417
vn 0.4461 0.5961 0.6676
vn 0.5677 0.5962 0.5677
vn 0.6676 0.5961 0.4461
vn 0.7417 0.5962 0.3072
vn 0.7875 0.5961 0.1566
vn 0.8028 0.5962 -0.0000
vn 0.7875 0.5961 -0.1566
vn 0.7417 0.5962 -0.3072
vn 0.6676 0.5961 -0.4461
vn 0.5677 0.5962 -0.5677
vn 0.4461 0.5961 -0.6676
vn 0.9739 0.1182 -0.1937
vn 0.9686 0.1574 -0.1927
vn 0.9875 0.1574 -0.0000
vn 0.9930 0.1182 -0.0000
vn 0.9174 0.1182 -0.3800
vn 0.9124 0.1574 -0.3779
vn 0.9739 -0.1182 -0.1937
vn 0.9930 -0.1182 -0.0000
vn 0.9875 -0.1574 -0.0000
vn 0.9686 -0.1574 -0.1927
vn 0.9124 -0.1574 -0.3779
vn 0.9174 -0.1182 -0.3800
vn 0.3728 -0.2261 -0.9000
vn 0.3425 -0.4463 -0.8268
vn 0.8256 0.1182 -0.5517
vn 0.8211 0.1574 -0.5486
vn 0.7021 0.1182 -0.7021
vn 0.6983 0.1574 -0.6983
vn 0.8256 -0.1182 -0.5517
vn 0.8211 -0.1574 -0.5486
vn 0.6983 -0.1574 -0.6983
vn 0.7021 -0.1182 -0.7021
vn 0.9741 -0.2261 -0.0000
vn 0.5517 0.1182 -0.8256
vn 0.5486 0.1574 -0.8211
vn 0.3800 0.1182 -0.9174
vn 0.3779 0.1574 -0.9124
vn 0.5517 -0.1182 -0.8256
vn 0.5486 -0.1574 -0.8211
vn 0.3779 -0.1574 -0.9124
vn 0.3800 -0.1182 -0.9174
vn 0.8949 -0.4463 -0.0000
vn 0.1937 0.1182 -0.9739
vn 0.1927 0.1574 -0.9686
vn 0.1937 -0.1182 -0.9739
vn 0.1927 -0.1574 -0.9686
vn 0.1937 -0.1182 0.9739
vn 0.1927 -0.1574 0.9686
vn 0.3779 -0.1574 0.9124
vn 0.3800 -0.1182 0.9174
vn 0.1937 0.1182 0.9739
vn 0.3800 0.1182 0.9174
vn 0.3779 0.1574 0.9124
vn 0.1927 0.1574 0.9686
vn 0.1900 -0.2261 0.9554
vn 0.1746 -0.4462 0.8777
vn 0.9000 0.2261 -0.3728
vn 0.8268 0.4463 -0.3425
vn 0.5517 0.1182 0.8256
vn 0.5486 0.1574 0.8211
vn 0.7021 0.1182 0.7021
vn 0.6983 0.1574 0.6983
vn 0.5517 -0.1182 0.8256
vn 0.5486 -0.1574 0.8211
vn 0.6983 -0.1574 0.6983
vn 0.7021 -0.1182 0.7021
vn -0.0000 -0.4463 0.8949
vn 0.6888 0.2261 -0.6888
vn 0.6328 0.4463 -0.6328
vn 0.8099 0.2261 -0.5412
vn 0.7441 0.4462 -0.4972
vn 0.8256 -0.1182 0.5517
vn 0.8211 -0.1574 0.5486
vn 0.9124 -0.1574 0.3779
vn 0.9174 -0.1182 0.3800
vn 0.8256 0.1182 0.5517
vn 0.9174 0.1182 0.3800
vn 0.9124 0.1574 0.3779
vn 0.8211 0.1574 0.5486
vn 0.9739 -0.1182 0.1937
vn 0.9686 -0.1574 0.1927
vn 0.9739 0.1182 0.1937
vn 0.9686 0.1574 0.1927
s 1
usemtl gold
f 80//1 1731//2 1730//3 76//4
f 493//5 1700//6 1699//7 489//8
f 1496//9 2126//10 116//11 112//12
f 91//13 95//14 98//15 94//16
f 4//17 3//18 1801//19 1802//20
f 84//21 88//22 2161//23 1097//24
f 97//25 101//26 100//27 96//28
f 14//29 17//30 13//31 10//32
f 1125//33 891//34 491//35 495//36
f 61//37 966//38 2129//39 57//40
f 94//16 90//41 87//42 91//13
f 96//28 2167//43 2168//44 92//45
f 31//46 32//47 36//48 35//49
s 0
f 2109//50 1351//50 1287//50 1574//50
f 1584//51 1662//51 2153//51 1494//51
s 1
f 66//52 70//53 65//54 62//55
f 84//21 85//56 89//57 88//22
s 0
f 1510//51 1173//51 1122//51 1509//51
f 1626//50 1625//50 1513//50 108//50
f 1669//51 1478//51 981//51 1703//51
s 1
f 92//45 88//22 89//57 93//58
s 0
f 1360//51 1764//51 1763//51 2003//51
s 1
f 1448//59 1110//60 25//61 29//62
f 1434//63 94//16 98//15 2119//64
f 105//65 110//66 109//67 104//68
f 964//69 1250//70 59//71 63//72
f 95//14 99//73 102//74 98//15
f 16//75 15//76 11//77 12//78
f 118//79 114//80 1098//81 2070//82
f 118//79 117//83 113//84 114//80
s 0
f 2163//51 1173//51 1510//51 2128//51
f 1403//50 1739//50 2102//50 1423//50
s 1
f 23//85 24//86 28//87 27//88
f 2161//23 88//22 92//45 2168//44
f 1435//89 965//90 12//78 8//91
f 1760//92 2162//93 89//57 85//56
f 960//94 893//95 498//96 494//97
f 1290//98 1737//99 97//25 93//58
f 1592//100 1593//101 2//102 1665//103
s 0
f 1432//50 1716//50 1036//50 1765//50
f 1765//50 1766//50 2127//50 1432//50
s 1
f 2123//104 87//42 83//105 1178//106
f 74//107 78//108 1949//109 1425//110
f 37//111 33//112 30//113 34//114
f 1434//63 1986//115 90//41 94//16
f 104//68 109//67 1887//116 1889//117
f 46//118 50//119 53//120 49//121
s 0
f 1579//50 1578//50 1687//50 1155//50
s 1
f 99//73 103//122 106//123 102//74
f 407//124 411//125 410//126 406//127
s 0
f 1584//51 1494//51 1545//51 1585//51
f 2133//50 1445//50 1535//50 1536//50
s 1
f 79//128 75//129 1785//130 905//131
s 0
f 906//50 2033//50 1762//50 1761//50
s 1
f 87//42 2123//104 2107//132 91//13
f 1784//133 1785//130 75//129 71//134
f 25//61 21//135 18//136 22//137
f 41//138 37//111 34//114 38//139
f 112//12 115//140 111//141 107//142
s 0
f 1183//50 1512//50 1027//50 1213//50
f 1627//51 1511//51 1997//51 1589//51
s 1
f 101//26 105//65 104//68 100//27
f 507//143 511//144 1185//145 1698//146
s 0
f 1350//50 1799//50 1287//50 1351//50
s 1
f 1889//117 2165//147 100//27 104//68
f 118//79 1581//148 1580//149 117//83
f 97//25 96//28 92//45 93//58
f 410//126 1655//150 1654//151 406//127
f 54//152 58//153 61//37 57//40
f 1073//154 1261//155 27//88 31//46
f 1737//99 1630//156 101//26 97//25
f 38//139 42//157 45//158 41//138
f 1783//159 66//52 62//55 924//160
s 0
f 1491//50 1531//50 1995//50 983//50
s 1
f 1425//110 1947//161 70//53 74//107
s 0
f 1882//51 2071//51 1348//51 1080//51
s 1
f 49//121 45//158 42//157 46//118
f 3//18 4//17 8//91 7//162
f 77//163 76//4 72//164 73//165
s 0
f 2043//50 1026//50 1532//50 1838//50
f 1626//50 108//50 1036//50 1716//50
f 974//51 1436//51 1596//51 1293//51
s 1
f 81//166 80//1 76//4 77//163
s 0
f 1029//51 1588//51 1589//51 1997//51
s 1
f 3//18 1800//167 1225//168 1801//19
s 0
f 2108//50 1045//50 1520//50 888//50
s 1
f 7//162 1333//169 1800//167 3//18
f 1986//115 1749//170 86//171 90//41
s 0
f 1575//50 1217//50 2109//50 1574//50
s 1
f 975//172 1496//9 112//12 107//142
f 1695//173 1696//174 32//47 28//87
s 0
f 1518//51 1755//51 1447//51 1191//51
s 1
f 82//175 78//108 75//129 79//128
f 65//54 61//37 58//153 62//55
s 0
f 1491//50 983//50 1762//50 2033//50
s 1
f 2126//10 1433//176 2035//177 116//11
f 113//84 109//67 110//66 114//80
f 51//178 2151//179 1279//180 47//181
f 2034//182 1291//183 1881//184 119//185
f 1187//186 1435//89 8//91 4//17
s 0
f 1704//51 1705//51 1490//51 1597//51
s 1
f 13//31 9//187 6//188 10//32
f 2162//93 1290//98 93//58 89//57
f 994//189 2106//190 514//191 510//192
f 1349//193 1581//148 118//79 2070//82
s 0
f 1732//51 1095//51 1511//51 1627//51
f 1395//50 2102//50 1739//50 1738//50
f 981//51 980//51 1546//51 1703//51
s 1
f 52//194 48//195 1096//196 2040//197
f 95//14 91//13 2107//132 1292//198
f 49//121 53//120 1905//199 913//200
s 0
f 1738//50 1027//50 1512//50 1395//50
s 1
f 1452//201 2066//202 30//113 26//203
f 31//46 27//88 28//87 32//47
f 2//102 5//204 1664//205 1665//103
s 0
f 1513//50 1625//50 1406//50 1112//50
s 1
f 82//175 86//171 1749//170 1748//206
f 64//207 63//72 59//71 60//208
f 64//207 68//209 67//210 63//72
f 85//56 81//166 1759//211 1760//92
s 0
f 2163//51 2128//51 923//51 992//51
s 1
f 17//30 14//29 18//136 21//135
s 0
f 1578//50 1335//50 1686//50 1687//50
s 1
f 74//107 70//53 66//52 71//134
f 22//137 26//203 29//62 25//61
f 24//86 20//212 1849//213 1850//214
f 44//215 48//195 47//181 43//216
f 35//49 1074//217 1073//154 31//46
s 0
f 1122//51 1516//51 1514//51 1509//51
f 974//51 1293//51 2039//51 1904//51
s 1
f 1292//198 2110//218 99//73 95//14
f 47//181 1279//180 1870//219 43//216
s 0
f 1335//50 2133//50 1536//50 1686//50
s 1
f 1134//220 6//188 2//102 1593//101
s 0
f 1183//50 1213//50 1301//50 1428//50
s 1
f 11//77 15//76 1108//221 1334//222
s 0
f 1436//51 1704//51 1597//51 1596//51
s 1
f 55//223 56//224 60//208 59//71
f 1178//106 83//105 79//128 905//131
f 107//142 111//141 106//123 103//122
s 0
f 1669//51 1588//51 1029//51 1478//51
s 1
f 102//74 2120//225 2119//64 98//15
f 519//226 1938//227 1455//228 515//229
f 117//83 1344//230 1888//231 113//84
s 0
f 1743//50 1742//50 1628//50 1629//50
f 1045//50 1403//50 1423//50 1520//50
s 1
f 2038//232 1212//233 54//152 50//119
s 0
f 1948//51 887//51 1180//51 2042//51
s 1
f 1032//234 1444//235 18//136 14//29
s 0
f 980//51 1585//51 1545//51 1546//51
s 1
f 2035//177 2034//182 119//185 116//11
s 0
f 1301//50 2043//50 1838//50 1428//50
s 1
f 1706//236 1707//237 409//238 405//239
f 1631//240 105//65 101//26 1630//156
f 52//194 56//224 55//223 51//178
f 63//72 67//210 2124//241 964//69
s 0
f 887//51 1514//51 1516//51 1180//51
s 1
f 17//30 21//135 1278//242 1277//243
f 1730//3 2125//244 72//164 76//4
f 1966//245 1299//246 73//165 68//209
s 0
f 1438//247 1053//247 1799//247 1350//247
f 1401//51 1113//51 914//51 1402//51
s 1
f 1105//248 975//172 107//142 103//122
f 115//140 112//12 116//11 119//185
f 1098//81 114//80 110//66 1899//249
f 65//54 70//53 1947//161 1111//250
f 1673//251 404//252 1659//253 1658//254
s 0
f 1667//51 1338//51 1402//51 914//51
s 1
f 51//178 47//181 48//195 52//194
f 72//164 67//210 68//209 73//165
s 0
f 984//51 1515//51 1978//51 1479//51
s 1
f 37//111 1106//255 922//256 33//112
s 0
f 1360//51 2153//51 1662//51 1764//51
s 1
f 2131//257 1452//201 26//203 22//137
f 488//258 1967//259 1968//260 492//261
f 21//135 25//61 1110//60 1278//242
s 0
f 69//51 1948//51 2042//51 1453//51
f 1705//51 69//51 1453//51 1490//51
s 1
f 29//62 33//112 922//256 1448//59
f 991//262 1965//263 64//207 60//208
f 1134//220 1999//264 10//32 6//188
f 1977//265 1096//196 48//195 44//215
f 43//216 39//266 40//267 44//215
f 19//268 1109//269 1108//221 15//76
f 1133//270 1849//213 20//212 16//75
s 0
f 1050//51 1303//51 1554//51 1441//51
s 1
f 50//119 54//152 57//40 53//120
s 0
f 1532//50 1026//50 1995//50 1531//50
f 992//51 923//51 1113//51 1401//51
s 1
f 6//188 9//187 5//204 2//102
f 51//178 55//223 1249//271 2151//179
f 65//54 1111//250 966//38 61//37
f 56//224 52//194 2040//197 921//272
f 1759//211 81//166 77//163 1886//273
f 957//274 1190//275 42//157 38//139
f 20//212 19//268 15//76 16//75
f 1999//264 1032//234 14//29 10//32
f 1899//249 110//66 105//65 1631//240
f 33//112 29//62 26//203 30//113
f 1103//276 506//277 502//278 2105//279
f 39//266 35//49 36//48 40//267
f 1187//186 4//17 1802//20 904//280
f 99//73 2110//218 1105//248 103//122
f 1300//281 2038//232 50//119 46//118
f 1277//243 2154//282 13//31 17//30
s 0
f 1742//50 1217//50 1575//50 1628//50
f 1761//50 1579//50 1155//50 906//50
s 1
f 34//114 30//113 2066//202 956//283
f 2083//284 5//204 9//187 1493//285
f 2125//244 2124//241 67//210 72//164
s 0
f 1535//50 1445//50 1743//50 1629//50
s 1
f 41//138 45//158 1347//286 1107//287
s 0
f 2067//51 1668//51 1080//51 1348//51
s 1
f 1250//70 1249//271 55//223 59//71
f 106//123 2075//288 2120//225 102//74
f 1215//289 36//48 32//47 1696//174
f 1107//287 1106//255 37//111 41//138
f 991//262 60//208 56//224 921//272
f 45//158 49//121 913//200 1347//286
f 78//108 82//175 1748//206 1949//109
s 0
f 2039//51 1095//51 1732//51 1904//51
s 1
f 2131//257 22//137 18//136 1444//235
f 1190//275 1300//281 46//118 42//157
f 43//216 1870//219 1869//290 39//266
f 1976//291 1977//265 44//215 40//267
f 86//171 82//175 79//128 83//105
f 1783//159 1784//133 71//134 66//52
f 965//90 1133//270 16//75 12//78
s 0
f 2108//50 888//50 1112//50 1406//50
s 1
f 84//21 1097//24 1731//2 80//1
s 0
f 1050//51 984//51 1479//51 1303//51
s 1
f 27//88 1261//155 1260//292 23//85
f 1215//289 1976//291 40//267 36//48
f 1966//245 68//209 64//207 1965//263
f 24//86 23//85 19//268 20//212
f 75//129 78//108 74//107 71//134
f 1996//293 58//153 54//152 1212//233
f 19//268 23//85 1260//292 1109//269
f 53//120 57//40 2129//39 1905//199
f 85//56 84//21 80//1 81//166
f 1850//214 1695//173 28//87 24//86
f 38//139 34//114 956//283 957//274
f 1299//246 1886//273 77//163 73//165
f 924//160 62//55 58//153 1996//293
f 117//83 1580//149 1052//294 1344//230
f 39//266 1869//290 1074//217 35//49
s 0
f 1227//247 1//247 1053//247 1438//247
f 1763//247 1//247 1227//247 2003//247
f 1172//295 1337//295 2071//295 1882//295
s 1
f 497//296 1768//297 1700//6 493//5
s 0
f 1280//295 1336//295 1337//295 1172//295
f 2127//295 1766//295 1336//295 1280//295
s 1
f 120//298 229//299 353//300 237//301
f 120//298 237//301 347//302 199//303
f 120//298 199//303 2150//304 1130//305
f 120//298 1130//305 1131//306 229//299
f 121//307 199//303 347//302 236//308
f 121//307 236//308 348//309 201//310
f 121//307 201//310 1989//311 1188//312
f 121//307 1188//312 2150//304 199//303
f 122//313 201//310 348//309 235//314
f 122//313 235//314 832//315 202//316
f 122//313 202//316 1025//317 2147//318
f 122//313 2147//318 1989//311 201//310
f 123//319 637//320 826//321 234//322
f 123//319 234//322 349//323 203//324
f 123//319 203//324 1862//325 1153//326
f 123//319 1153//326 2031//327 637//320
f 124//328 203//324 349//323 233//329
f 124//328 233//329 350//330 204//331
f 124//328 204//331 1891//332 2049//333
f 124//328 2049//333 1862//325 203//324
f 125//334 204//331 350//330 232//335
f 125//334 232//335 351//336 205//337
f 125//334 205//337 1771//338 1890//339
f 125//334 1890//339 1891//332 204//331
f 126//340 205//337 351//336 231//341
f 126//340 231//341 352//342 206//343
f 126//340 206//343 1161//344 1770//345
f 126//340 1770//345 1771//338 205//337
f 127//346 206//343 352//342 230//347
f 127//346 230//347 353//300 229//299
f 127//346 229//299 1131//306 1845//348
f 127//346 1845//348 1161//344 206//343
f 128//349 213//350 1506//351 1017//352
f 128//349 1017//352 1734//353 200//354
f 128//349 200//354 340//355 214//356
f 128//349 214//356 346//357 213//350
f 129//358 212//359 1009//360 1201//361
f 129//358 1201//361 1506//351 213//350
f 129//358 213//350 346//357 215//362
f 129//358 215//362 345//363 212//359
f 130//364 211//365 2005//366 1068//367
f 130//364 1068//367 1009//360 212//359
f 130//364 212//359 345//363 216//368
f 130//364 216//368 344//369 211//365
f 131//370 210//371 1396//372 1064//373
f 131//370 1064//373 2005//366 211//365
f 131//370 211//365 344//369 217//374
f 131//370 217//374 343//375 210//371
f 132//376 646//377 1100//378 2103//379
f 132//376 2103//379 1396//372 210//371
f 132//376 210//371 343//375 218//380
f 132//376 218//380 819//381 646//377
f 133//382 209//383 1563//384 1189//385
f 133//382 1189//385 2157//386 639//387
f 133//382 639//387 342//388 219//389
f 133//382 219//389 341//390 209//383
f 134//391 207//392 1426//393 1564//394
f 134//391 1564//394 1563//384 209//383
f 134//391 209//383 341//390 220//395
f 134//391 220//395 339//396 207//392
f 135//397 200//354 1734//353 1733//398
f 135//397 1733//398 1426//393 207//392
f 135//397 207//392 339//396 221//399
f 135//397 221//399 340//355 200//354
f 136//400 228//401 346//357 214//356
f 136//400 214//356 340//355 208//402
f 136//400 208//402 353//300 230//347
f 136//400 230//347 352//342 228//401
f 137//403 227//404 345//363 215//362
f 137//403 215//362 346//357 228//401
f 137//403 228//401 352//342 231//341
f 137//403 231//341 351//336 227//404
f 138//405 226//406 344//369 216//368
f 138//405 216//368 345//363 227//404
f 138//405 227//404 351//336 232//335
f 138//405 232//335 350//330 226//406
f 139//407 225//408 343//375 217//374
f 139//407 217//374 344//369 226//406
f 139//407 226//406 350//330 233//329
f 139//407 233//329 349//323 225//408
f 140//409 661//410 819//381 218//380
f 140//409 218//380 343//375 225//408
f 140//409 225//408 349//323 234//322
f 140//409 234//322 826//321 661//410
f 141//411 223//412 341//390 219//389
f 141//411 219//389 342//388 224//413
f 141//411 224//413 832//315 235//314
f 141//411 235//314 348//309 223//412
f 142//414 222//415 339//396 220//395
f 142//414 220//395 341//390 223//412
f 142//414 223//412 348//309 236//308
f 142//414 236//308 347//302 222//415
f 143//416 208//402 340//355 221//399
f 143//416 221//399 339//396 222//415
f 143//416 222//415 347//302 237//301
f 143//416 237//301 353//300 208//402
f 144//417 275//418 369//419 267//420
f 144//417 267//420 354//421 1065//422
f 144//417 1065//422 2086//423 238//424
f 144//417 238//424 363//425 275//418
f 145//426 274//427 363//425 238//424
f 145//426 238//424 2086//423 999//428
f 145//426 999//428 1727//429 240//430
f 145//426 240//430 364//431 274//427
f 146//432 273//433 364//431 240//430
f 146//432 240//430 1727//429 1566//434
f 146//432 1566//434 1565//435 708//436
f 146//432 708//436 849//437 273//433
f 147//438 272//439 843//440 678//441
f 147//438 678//441 1541//442 1204//443
f 147//438 1204//443 1612//444 241//445
f 147//438 241//445 365//446 272//439
f 148//447 271//448 365//446 241//445
f 148//447 241//445 1612//444 1611//449
f 148//447 1611//449 1562//450 242//451
f 148//447 242//451 366//452 271//448
f 149//453 270//454 366//452 242//451
f 149//453 242//451 1562//450 1561//455
f 149//453 1561//455 1897//456 243//457
f 149//453 243//457 367//458 270//454
f 150//459 269//460 367//458 243//457
f 150//459 243//457 1897//456 1865//461
f 150//459 1865//461 1012//462 244//463
f 150//459 244//463 368//464 269//460
f 151//465 268//466 368//464 244//463
f 151//465 244//463 1012//462 2030//467
f 151//465 2030//467 354//421 267//420
f 151//465 267//420 369//419 268//466
f 152//468 2061//469 1182//470 252//471
f 152//468 252//471 362//472 253//473
f 152//468 253//473 356//474 239//475
f 152//468 239//475 1049//476 2061//469
f 153//477 889//478 932//479 251//480
f 153//477 251//480 361//481 254//482
f 153//477 254//482 362//472 252//471
f 153//477 252//471 1182//470 889//478
f 154//483 2026//484 2055//485 250//486
f 154//483 250//486 360//487 255//488
f 154//483 255//488 361//481 251//480
f 154//483 251//480 932//479 2026//484
f 155//489 1719//490 1720//491 249//492
f 155//489 249//492 359//493 256//494
f 155//489 256//494 360//487 250//486
f 155//489 250//486 2055//485 1719//490
f 156//495 936//496 1656//497 686//498
f 156//495 686//498 836//499 257//500
f 156//495 257//500 359//493 249//492
f 156//495 249//492 1720//491 936//496
f 157//501 1391//502 1011//503 247//504
f 157//501 247//504 357//505 258//506
f 157//501 258//506 358//507 248//508
f 157//501 248//508 1390//509 1391//502
f 158//510 1504//511 1787//512 245//513
f 158//510 245//513 355//514 259//515
f 158//510 259//515 357//505 247//504
f 158//510 247//504 1011//503 1504//511
f 159//516 1998//517 1049//476 239//475
f 159//516 239//475 356//474 260//518
f 159//516 260//518 355//514 245//513
f 159//516 245//513 1787//512 1998//517
f 160//519 253//473 362//472 266//520
f 160//519 266//520 368//464 268//466
f 160//519 268//466 369//419 246//521
f 160//519 246//521 356//474 253//473
f 161//522 254//482 361//481 265//523
f 161//522 265//523 367//458 269//460
f 161//522 269//460 368//464 266//520
f 161//522 266//520 362//472 254//482
f 162//524 255//488 360//487 264//525
f 162//524 264//525 366//452 270//454
f 162//524 270//454 367//458 265//523
f 162//524 265//523 361//481 255//488
f 163//526 256//494 359//493 263//527
f 163//526 263//527 365//446 271//448
f 163//526 271//448 366//452 264//525
f 163//526 264//525 360//487 256//494
f 164//528 257//500 836//499 702//529
f 164//528 702//529 843//440 272//439
f 164//528 272//439 365//446 263//527
f 164//528 263//527 359//493 257//500
f 165//530 258//506 357//505 262//531
f 165//530 262//531 364//431 273//433
f 165//530 273//433 849//437 688//532
f 165//530 688//532 358//507 258//506
f 166//533 259//515 355//514 261//534
f 166//533 261//534 363//425 274//427
f 166//533 274//427 364//431 262//531
f 166//533 262//531 357//505 259//515
f 167//535 260//518 356//474 246//521
f 167//535 246//521 369//419 275//418
f 167//535 275//418 363//425 261//534
f 167//535 261//534 355//514 260//518
f 1417//536 1324//537 1782//537 1779//536
f 1007//538 1314//538 1382//539 1310//539
f 948//540 1502//540 1313//541 1086//541
f 1310//539 1382//539 1383//542 1002//542
f 1946//543 1864//543 1211//544 1503//544
f 1086//541 1313//541 1314//538 1007//538
f 1972//545 1271//546 1162//546 1844//545
f 1503//544 1211//544 1502//540 948//540
f 400//547 1000//547 1971//548 1843//548
f 1162//546 1271//546 1864//543 1946//543
f 1517//549 1165//549 2085//550 1990//550
f 1843//548 1971//548 1972//545 1844//545
f 1782//537 1324//537 1325//551 1476//551
f 1990//550 2085//550 1000//547 400//547
f 1778//552 2100//552 1417//536 1779//536
f 1325//551 1165//549 1517//549 1476//551
f 168//553 277//553 1847//553 1846//553
f 168//553 280//553 370//553 277//553
f 168//553 281//553 371//553 280//553
f 168//553 1846//553 1848//553 281//553
f 169//553 281//553 1848//553 1322//553
f 169//553 283//553 371//553 281//553
f 169//553 284//553 372//553 283//553
f 169//553 1322//553 2001//553 284//553
f 170//553 284//553 2001//553 1216//553
f 170//553 286//553 372//553 284//553
f 170//553 1786//553 1935//553 286//553
f 170//553 1216//553 1030//553 1786//553
f 171//553 285//553 372//553 286//553
f 171//553 719//553 853//553 285//553
f 171//553 1934//553 1933//553 719//553
f 171//553 286//553 1935//553 1934//553
f 172//553 278//553 985//553 2024//553
f 172//553 279//553 855//553 278//553
f 172//553 276//553 370//553 279//553
f 172//553 2024//553 1258//553 276//553
f 173//553 276//553 1258//553 1149//553
f 173//553 277//553 370//553 276//553
f 173//553 1263//553 1847//553 277//553
f 173//553 1149//553 1206//553 1263//553
f 174//553 279//553 370//553 280//553
f 174//553 727//553 855//553 279//553
f 174//553 282//553 854//553 727//553
f 174//553 280//553 371//553 282//553
f 175//553 282//553 371//553 283//553
f 175//553 723//553 854//553 282//553
f 175//553 285//553 853//553 723//553
f 175//553 283//553 372//553 285//553
f 741//554 1812//555 1813//556 784//557
f 739//558 1055//559 1054//560 783//561
f 875//562 1811//563 1099//564 782//565
f 624//566 1725//567 1726//568 778//569
f 601//570 1819//571 1826//572 752//573
f 2158//574 996//575 380//576 296//577
f 622//578 778//569 1726//568 1570//579
f 743//580 1621//581 1622//582 788//583
f 1311//584 308//585 788//583 1622//582
f 1416//586 597//587 750//588 1945//589
f 601//570 871//590 1820//591 1819//571
f 607//578 1352//579 1834//592 869//593
f 608//594 1400//595 1321//596 867//597
f 768//598 865//599 1745//600 1744//601
f 607//578 866//569 2072//568 1352//579
f 771//562 1084//563 1473//564 864//565
f 617//602 747//561 986//560 1852//603
f 1722//604 1083//604 2051//605 1721//605
f 1413//606 1157//606 2057//607 1651//607
f 998//608 2009//609 1407//609 911//608
f 1721//605 2051//605 1199//610 934//610
f 1298//611 1070//611 998//608 911//608
f 1407//609 2009//609 1083//604 1722//604
f 1645//612 2149//612 1071//613 2169//613
f 2169//613 1071//613 1606//50 1595//50
f 1467//614 1488//615 1646//615 1866//614
f 1868//616 1449//616 1066//617 1867//617
f 1488//615 2149//612 1645//612 1646//615
f 1651//607 2057//607 2056//618 1650//618
f 1066//617 1467//614 1866//614 1867//617
f 898//619 2037//620 2028//620 1168//619
f 2056//618 1449//616 1868//616 1650//618
f 1465//621 1499//621 1150//622 2137//622
f 1970//623 1944//623 1499//621 1465//621
f 2145//624 1649//624 1648//625 1685//625
f 2137//622 1150//622 1649//624 2145//624
f 1684//626 1415//626 1414//627 958//627
f 1685//625 1648//625 1415//626 1684//626
f 1874//628 1010//628 1159//629 929//629
f 958//627 1414//627 1010//628 1874//628
f 1871//630 1013//630 1412//631 1470//631
f 1159//629 1013//630 1871//630 929//629
f 2060//632 1146//632 1196//633 1022//633
f 1470//631 1412//631 1146//632 2060//632
f 937//634 1885//635 1539//635 1540//634
f 1196//633 1205//636 1675//636 1022//633
f 1451//637 1202//638 1176//638 1914//637
f 1539//635 1885//635 1884//639 1709//639
f 1024//640 1471//641 2054//641 2095//640
f 2074//642 1900//642 1019//643 1355//643
f 2138//644 1464//645 1775//645 1529//644
f 1471//641 959//646 987//646 2054//641
f 1119//647 1466//648 1523//648 1524//647
f 1775//645 1464//645 1024//640 2095//640
f 1385//649 1269//649 1268//650 1530//650
f 1523//648 1466//648 2138//644 1529//644
f 1320//651 2059//652 1543//652 1544//651
f 1268//650 1119//647 1524//647 1530//650
f 2000//653 1069//653 1873//654 1567//654
f 1543//652 2059//652 1328//655 1982//655
f 1355//643 1019//643 1872//656 2006//656
f 1567//654 1873//654 1320//651 1544//651
f 1956//657 1257//658 1918//658 1708//657
f 1872//656 1069//653 2000//653 2006//656
f 2094//659 1240//660 915//660 1689//659
f 1240//660 1220//661 1569//661 915//660
f 1220//661 1219//662 1568//662 1569//661
f 1239//663 1386//664 1635//664 1636//663
f 1568//662 1219//662 1239//663 1636//663
f 1259//665 940//665 1317//666 1405//666
f 1635//664 1386//664 940//665 1259//665
f 2053//667 1048//668 933//668 2122//667
f 1405//666 1317//666 2053//667 2122//667
f 1835//669 2073//669 1236//670 1247//670
f 933//668 1048//668 2073//669 1835//669
f 930//671 1034//671 1218//672 1076//672
f 1247//670 1236//670 1034//671 930//671
f 1186//673 899//674 1690//674 1384//673
f 1076//672 1218//672 1276//675 1075//675
f 622//578 1570//579 1571//592 776//593
f 619//676 776//593 1571//592 1418//677
f 176//678 1160//679 1372//680 302//681
f 176//678 302//681 378//607 318//618
f 176//678 318//618 377//616 295//682
f 176//678 295//682 1330//683 1160//679
f 177//684 318//618 378//607 299//685
f 177//684 299//685 1286//686 1181//687
f 177//684 1181//687 916//688 294//689
f 177//684 294//689 377//616 318//618
f 619//676 1418//677 2115//591 881//590
f 614//570 881//590 2115//591 1200//571
f 178//690 1331//691 1330//683 295//682
f 178//690 295//682 377//616 319//617
f 178//690 319//617 376//614 293//692
f 178//690 293//692 2114//693 1331//691
f 179//694 319//617 377//616 294//689
f 179//694 294//689 916//688 1896//695
f 179//694 1896//695 1701//696 292//697
f 179//694 292//697 376//614 319//617
f 614//570 1200//571 1893//572 878//573
f 875//562 773//698 1810//699 1811//563
f 180//700 1158//701 2114//693 293//692
f 180//700 293//692 376//614 320//615
f 180//700 320//615 375//612 291//702
f 180//700 291//702 2170//703 1158//701
f 181//704 320//615 376//614 292//697
f 181//704 292//697 1701//696 1702//705
f 181//704 1702//705 1776//706 287//707
f 181//704 287//707 375//612 320//615
f 739//558 774//708 1876//709 1055//559
f 1341//710 1340//711 578//712 395//713
f 316//714 577//715 578//712 388//716
f 182//717 1208//718 2170//703 291//702
f 182//717 291//702 375//612 321//613
f 182//717 321//613 373//50 288//719
f 182//717 288//719 901//720 1208//718
f 183//721 321//613 375//612 287//707
f 183//721 287//707 1776//706 1008//722
f 183//721 1008//722 1501//723 787//724
f 183//721 787//724 373//50 321//613
f 305//713 767//712 765//715 304//725
f 184//726 1932//727 1613//728 289//729
f 184//726 289//729 374//608 322//611
f 184//726 322//611 856//51 733//730
f 184//726 733//730 1477//731 1932//727
f 185//732 322//611 374//608 290//733
f 185//732 290//733 931//734 1623//735
f 185//732 1623//735 1624//736 732//737
f 185//732 732//737 856//51 322//611
f 390//738 600//739 1691//740 1692//741
f 741//554 786//742 1892//743 1812//555
f 597//587 601//570 752//573 750//588
f 597//587 870//744 871//590 601//570
f 608//594 870//744 1104//745 1400//595
f 610//746 1319//747 2058//748 863//749
f 186//750 1171//751 931//734 290//733
f 186//750 290//733 374//608 323//609
f 186//750 323//609 394//604 317//752
f 186//750 317//752 1804//753 1171//751
f 1416//586 1104//745 870//744 597//587
f 606//754 607//578 869//593 867//597
f 187//755 323//609 374//608 289//729
f 187//755 289//729 1613//728 1614//756
f 187//755 1614//756 1085//757 315//758
f 187//755 315//758 394//604 323//609
f 1895//759 606//754 867//597 1321//596
f 609//676 608//594 867//597 869//593
f 2015//677 609//676 869//593 1834//592
f 770//566 866//569 865//599 768//598
f 602//760 750//588 752//573 604//761
f 583//762 749//557 1121//556 2146//763
f 768//598 1744//601 338//743 735//742
f 968//567 2072//568 866//569 770//566
f 606//754 865//599 866//569 607//578
f 617//602 1852//603 1851//764 744//765
f 755//714 1718//766 1138//767 765//715
f 1895//759 1745//600 865//599 606//754
f 188//768 1633//769 1632//770 307//771
f 188//768 307//771 384//610 324//605
f 188//768 324//605 394//604 315//758
f 188//768 315//758 1085//757 1633//769
f 740//602 741//554 784//557 783//561
f 189//772 324//605 384//610 306//773
f 189//772 306//773 1067//774 1803//775
f 189//772 1803//775 1804//753 317//752
f 189//772 317//752 394//604 324//605
f 745//760 1140//776 2062//589 877//588
f 2140//603 740//602 783//561 1054//560
f 790//777 771//562 864//565 863//749
f 771//562 753//698 1018//699 1084//563
f 190//778 1634//779 1286//686 299//685
f 190//778 299//685 378//607 325//606
f 190//778 325//606 384//610 307//771
f 190//778 307//771 1632//770 1634//779
f 738//762 739//558 783//561 784//557
f 1234//763 738//762 784//557 1813//556
f 876//777 875//562 782//565 780//749
f 1875//780 876//777 780//749 1102//748
f 191//781 325//606 378//607 302//681
f 191//781 302//681 1372//680 2087//782
f 191//781 2087//782 1067//774 306//773
f 191//781 306//773 384//610 325//606
f 623//598 624//566 778//569 777//599
f 1840//601 623//598 777//599 1839//600
f 620//754 777//599 778//569 622//578
f 743//580 782//565 1099//564 1621//581
f 2044//766 1141//767 577//715 316//714
f 1251//759 1839//600 777//599 620//754
f 624//566 785//765 942//764 1725//567
f 633//783 2141//783 1127//783 326//783
f 192//783 327//783 396//783 329//783
f 192//783 329//783 886//783 326//783
f 192//783 326//783 1127//783 1974//783
f 192//783 1974//783 1973//783 327//783
f 193//783 328//783 397//783 330//783
f 193//783 330//783 396//783 327//783
f 193//783 327//783 1973//783 1961//783
f 193//783 1961//783 1962//783 328//783
f 194//783 2159//783 2064//783 332//783
f 194//783 332//783 397//783 328//783
f 194//783 328//783 1962//783 1318//783
f 194//783 1318//783 1156//783 2159//783
f 631//783 329//783 396//783 331//783
f 195//783 333//783 399//783 334//783
f 195//783 334//783 398//783 331//783
f 195//783 331//783 396//783 330//783
f 195//783 330//783 397//783 333//783
f 196//783 1312//783 2008//783 335//783
f 196//783 335//783 399//783 333//783
f 196//783 333//783 397//783 332//783
f 196//783 332//783 2064//783 1312//783
f 628//783 334//783 399//783 336//783
f 197//783 1242//783 1816//783 337//783
f 197//783 337//783 882//783 336//783
f 197//783 336//783 399//783 335//783
f 197//783 335//783 2008//783 1242//783
f 198//783 337//783 1816//783 1814//783
f 481//784 1600//785 1599//786 477//787
f 1967//259 488//258 484//788 1297//789
f 492//261 496//790 499//791 495//36
f 403//792 402//793 1047//794 1796//795
f 507//143 1698//146 1697//796 503//797
f 498//96 502//278 501//798 497//296
f 413//799 417//800 412//801 409//238
f 492//261 1968//260 1175//802 496//790
f 463//803 971//804 1254//805 458//806
f 412//801 1751//807 1750//808 408//809
f 488//258 491//35 487//810 484//788
f 432//811 433//812 437//813 436//814
s 0
f 1430//50 907//50 1041//50 1454//50
f 1518//51 2135//51 1754//51 1755//51
s 1
f 468//815 471//816 467//817 464//818
f 485//819 486//820 490//821 489//8
s 0
f 1988//50 1987//50 2077//50 1940//50
f 1115//50 892//50 1753//50 1456//50
f 1663//50 1255//50 2130//50 1587//50
s 1
f 1991//822 1963//823 512//824 508//825
f 1230//826 970//827 426//828 430//829
f 506//277 510//192 509//830 505//831
f 1672//832 1671//833 461//834 465//835
f 496//790 500//836 503//797 499//791
f 416//837 415//838 410//126 411//125
f 499//791 917//839 1125//33 495//36
f 518//840 517//841 513//842 514//191
f 1482//843 960//94 494//97 490//821
f 485//819 489//8 1699//7 1912//844
f 424//845 425//846 429//847 428//848
f 1953//849 1958//850 407//124 403//792
s 0
f 1429//50 1430//50 1454//50 1952//50
f 1940//50 1941//50 2164//50 1988//50
s 1
f 13//31 2154//282 1493//285 9//187
f 1486//851 1769//852 501//798 505//831
s 0
f 1547//51 1548//51 1909//51 1450//51
s 1
f 518//840 514//191 2106//190 2084//853
f 492//261 495//36 491//35 488//258
f 475//854 479//855 2002//856 1051//857
f 438//858 434//859 431//860 435//861
f 119//185 1881//184 1035//862 115//140
f 497//296 501//798 1769//852 1768//297
f 447//863 451//864 454//865 450//866
s 0
f 1591//51 1590//51 908//51 2014//51
s 1
f 500//836 504//867 507//143 503//797
s 0
f 1446//50 1037//50 1598//50 1169//50
s 1
f 500//836 2134//868 1459//869 504//867
s 0
f 1058//51 1666//51 972//51 925//51
s 1
f 480//870 476//871 1758//872 1296//873
s 0
f 978//51 1039//51 976//51 1044//51
s 1
f 509//830 513//842 2132//874 909//875
f 1757//876 1758//872 476//871 472//877
f 426//828 422//878 418//879 423//880
f 442//881 438//858 435//861 439//882
f 512//824 515//229 511//144 508//825
s 0
f 1363//51 1364//51 1519//51 1042//51
f 1342//50 1487//50 1638//50 1343//50
s 1
f 502//278 506//277 505//831 501//798
s 0
f 1752//50 1713//50 1712//50 1481//50
s 1
f 491//35 891//34 2076//883 487//810
f 518//840 1527//884 1767//885 517//841
f 498//96 497//296 493//5 494//97
f 517//841 1282//886 2132//874 513//842
f 455//887 459//888 463//803 458//806
f 1842//889 1841//890 428//848 432//811
f 402//793 2041//891 2004//892 1047//794
f 439//882 443//893 446//894 442//881
f 1793//895 468//815 464//818 1792//896
s 0
f 1038//51 1439//51 2016//51 977//51
s 1
f 1051//857 1059//897 471//816 475//854
s 0
f 1939//50 1229//50 1115//50 1456//50
s 1
f 450//866 446//894 443//893 447//863
f 402//793 403//792 407//124 406//127
f 478//898 477//787 473//899 474//900
s 0
f 1116//51 460//51 895//51 1361//51
f 1753//50 892//50 1713//50 1752//50
f 1533//50 1534//50 1736//50 1735//50
s 1
f 482//901 481//784 477//787 478//898
s 0
f 1446//50 1041//50 907//50 1037//50
f 1637//50 1057//50 1343//50 1638//50
s 1
f 1459//869 1991//822 508//825 504//867
f 1958//850 1959//902 411//125 407//124
f 486//820 1552//903 1482//843 490//821
s 0
f 1398//50 2164//50 1941//50 1480//50
s 1
f 405//239 408//809 404//252 401//904
f 2020//905 995//906 433//812 429//847
f 483//907 479//855 476//871 480//870
f 467//817 463//803 459//888 464//818
s 0
f 1038//51 977//51 976//51 1039//51
s 1
f 1908//908 1046//909 1907//910 516//911
f 513//842 509//830 510//192 514//191
f 452//912 1789//913 1788//914 448//915
f 1906//916 1399//917 1938//227 519//226
s 0
f 1987//50 1295//50 1357//50 2077//50
f 1746//50 1747//50 1549//50 1339//50
s 1
f 412//801 408//809 405//239 409//238
s 0
f 1668//51 2067//51 1338//51 1667//51
s 1
f 1664//205 5//204 2083//284 1226//918
f 1528//919 1527//884 518//840 2084//853
s 0
f 969//50 1442//50 1487//50 1342//50
f 1135//51 1441//51 1554//51 1553//51
f 2130//50 1508//50 1586//50 1587//50
s 1
f 453//920 449//921 1903//922 1345//923
s 0
f 1460//51 1457//51 1056//51 1424//51
s 1
f 450//866 454//865 1253//924 2019//925
s 0
f 1553//51 1519//51 1364//51 1135//51
s 1
f 1740//926 1741//927 431//860 427//928
f 432//811 428//848 429//847 433//812
f 401//904 404//252 1673//251 1170//929
f 96//28 100//27 2165//147 2167//43
f 483//907 487//810 2076//883 2078//930
f 466//931 465//835 461//834 462//932
f 466//931 470//933 469//934 465//835
f 486//820 482//901 1551//935 1552//903
f 1455//228 1185//145 511//144 515//229
f 493//5 489//8 490//821 494//97
f 417//800 413//799 418//879 422//878
s 0
f 1450//51 1191//51 1447//51 1547//51
f 1590//51 1427//51 1114//51 908//51
s 1
f 1706//236 405//239 401//904 1969//936
f 475//854 471//816 468//815 472//877
f 423//880 427//928 430//829 426//828
f 425//846 421//937 1985//938 1440//939
f 445//940 449//921 448//915 444//941
f 436//814 2013//942 1842//889 432//811
s 0
f 1457//51 1556//51 1232//51 1056//51
f 1295//50 1294//50 1174//50 1357//50
f 1533//50 1735//50 894//50 1252//50
s 1
f 406//127 1654//151 2041//891 402//793
f 448//915 1788//914 1790//943 444//941
s 0
f 1427//51 1058//51 925//51 1114//51
f 1363//51 1042//51 1221//51 1362//51
s 1
f 410//126 415//838 414//944 1655//150
s 0
f 1534//50 1746//50 1339//50 1736//50
s 1
f 456//945 457//946 462//932 461//834
f 1297//789 484//788 480//870 1296//873
f 508//825 511//144 507//143 504//867
s 0
f 1663//50 1057//50 1637//50 1255//50
s 1
f 11//77 1334//222 1333//169 7//162
f 106//123 111//141 1356//947 2075//288
s 0
f 1577//51 1576//51 2104//51 1484//51
s 1
f 1837//948 1248//949 455//887 451//864
s 0
f 1798//50 1224//50 1346//50 1879//50
s 1
f 1028//950 419//951 418//879 413//799
s 0
f 1508//50 1169//50 1598//50 1586//50
s 1
f 1907//910 1906//916 519//226 516//911
s 0
f 1221//51 1116//51 1361//51 1362//51
s 1
f 505//831 509//830 909//875 1486//851
f 453//920 457//946 456//945 452//912
f 465//835 469//934 1910//952 1672//832
s 0
f 1224//50 1174//50 1294//50 1346//50
s 1
f 417//800 422//878 1192//953 993//954
f 1599//786 1911//955 473//899 477//787
f 503//797 1697//796 917//839 499//791
f 1289//956 1040//957 474//900 470//933
s 0
f 1555//958 1795//958 1232//958 1556//958
f 1481//50 1712//50 1398//50 1480//50
s 1
f 515//229 512//824 516//911 519//226
f 1908//908 516//911 512//824 1963//823
f 467//817 471//816 1059//897 890//959
s 0
f 1458//51 1978//51 1515//51 1485//51
s 1
f 452//912 448//915 449//921 453//920
f 473//899 469//934 470//933 474//900
s 0
f 1397//51 1214//51 1460//51 1424//51
s 1
f 438//858 1806//960 1805//961 434//859
f 1231//962 1740//926 427//928 423//880
f 109//67 113//84 1888//231 1887//116
f 422//878 426//828 970//827 1192//953
s 0
f 1797//50 1798//50 1879//50 1550//50
f 1747//50 1797//50 1550//50 1549//50
s 1
f 430//829 434//859 1805//961 1230//826
f 2068//963 1288//964 466//931 462//932
f 893//95 2105//279 502//278 498//96
f 1955//965 1903//922 449//921 445//940
f 444//941 440//966 441//967 445//940
f 420//968 1979//969 414//944 415//838
f 1960//970 1985//938 421//937 416//837
f 1356//947 111//141 115//140 1035//862
f 451//864 455//887 458//806 454//865
s 0
f 895//51 460//51 2016//51 1439//51
f 1754//51 2135//51 1458//51 1485//51
s 1
f 1659//253 404//252 408//809 1750//808
f 452//912 456//945 1791//971 1789//913
f 467//817 890//959 971//804 463//803
f 457//946 453//920 1345//923 961//972
f 1551//935 482//901 478//898 1883//973
f 1043//974 1794//975 443//893 439//882
f 421//937 420//968 415//838 416//837
f 1707//237 1028//950 413//799 409//238
f 994//189 510//192 506//277 1103//276
f 434//859 430//829 427//928 431//860
f 440//966 436//814 437//813 441//967
f 1953//849 403//792 1796//795 1437//976
f 1836//977 1837//948 451//864 447//863
f 993//954 1751//807 412//801 417//800
s 0
f 1576//51 1214//51 1397//51 2104//51
f 1044//51 1591//51 2014//51 978//51
s 1
f 435//861 431//860 1741//927 1184//978
f 1911//955 1910//952 469//934 473//899
s 0
f 972//51 1666//51 1577//51 1484//51
s 1
f 442//881 446//894 2018//979 1902//980
f 1175//802 2134//868 500//836 496//790
f 1671//833 1791//971 456//945 461//834
f 1132//981 437//813 433//812 995//906
f 1902//980 1806//960 438//858 442//881
f 2068//963 462//932 457//946 961//972
f 446//894 450//866 2019//925 2018//979
f 479//855 483//907 2078//930 2002//856
s 0
f 894//50 1442//50 969//50 1252//50
s 1
f 1231//962 423//880 418//879 419//951
f 1794//975 1836//977 447//863 443//893
f 444//941 1790//943 1246//982 440//966
f 1954//983 1955//965 445//940 441//967
f 487//810 483//907 480//870 484//788
f 1793//895 1757//876 472//877 468//815
f 1959//902 1960//970 416//837 411//125
f 1969//936 401//904 1170//929 1302//984
f 485//819 1912//844 1600//785 481//784
f 428//848 1841//890 1980//985 424//845
f 1132//981 1954//983 441//967 437//813
f 1289//956 470//933 466//931 1288//964
f 425//846 424//845 420//968 421//937
f 476//871 479//855 475//854 472//877
f 2017//986 459//888 455//887 1248//949
f 420//968 424//845 1980//985 1979//969
f 454//865 458//806 1254//805 1253//924
f 486//820 485//819 481//784 482//901
f 1440//939 2020//905 429//847 425//846
f 439//882 435//861 1184//978 1043//974
f 1040//957 1883//973 478//898 474//900
f 1792//896 464//818 459//888 2017//986
f 517//841 1767//885 1283//987 1282//886
f 440//966 1246//982 2013//942 436//814
s 0
f 1461//958 1033//958 1795//958 1555//958
f 1952//958 1033//958 1461//958 1429//958
f 520//988 1228//988 1229//988 1939//988
f 1353//988 1124//988 1228//988 520//988
f 1909//988 1548//988 1124//988 1353//988
s 1
f 521//989 666//990 831//991 674//992
f 521//989 674//992 824//993 634//994
f 521//989 634//994 1079//995 2081//996
f 521//989 2081//996 2079//997 666//990
f 522//998 634//994 824//993 673//999
f 522//998 673//999 825//1000 636//1001
f 522//998 636//1001 2007//1002 1823//1003
f 522//998 1823//1003 1079//995 634//994
f 523//1004 636//1001 825//1000 672//1005
f 523//1004 672//1005 826//321 637//320
f 523//1004 637//320 2031//327 1492//1006
f 523//1004 1492//1006 2007//1002 636//1001
f 524//1007 202//316 832//315 671//1008
f 524//1007 671//1008 827//1009 638//1010
f 524//1007 638//1010 1389//1011 1210//1012
f 524//1007 1210//1012 1025//317 202//316
f 525//1013 638//1010 827//1009 670//1014
f 525//1013 670//1014 828//1015 640//1016
f 525//1013 640//1016 941//1017 1855//1018
f 525//1013 1855//1018 1389//1011 638//1010
f 526//1019 640//1016 828//1015 669//1020
f 526//1019 669//1020 829//1021 641//1022
f 526//1019 641//1022 1683//1023 1853//1024
f 526//1019 1853//1024 941//1017 640//1016
f 527//1025 641//1022 829//1021 668//1026
f 527//1025 668//1026 830//1027 642//1028
f 527//1025 642//1028 1359//1029 1682//1030
f 527//1025 1682//1030 1683//1023 641//1022
f 528//1031 642//1028 830//1027 667//1032
f 528//1031 667//1032 831//991 666//990
f 528//1031 666//990 2079//997 2080//1033
f 528//1031 2080//1033 1359//1029 642//1028
f 529//1034 650//1035 1194//1036 1521//1037
f 529//1034 1521//1037 1195//1038 635//1039
f 529//1034 635//1039 817//1040 651//1041
f 529//1034 651//1041 823//1042 650//1035
f 530//1043 649//1044 945//1045 1474//1046
f 530//1043 1474//1046 1194//1036 650//1035
f 530//1043 650//1035 823//1042 652//1047
f 530//1043 652//1047 822//1048 649//1044
f 531//1049 648//1050 1304//1051 2046//1052
f 531//1049 2046//1052 945//1045 649//1044
f 531//1049 649//1044 822//1048 653//1053
f 531//1049 653//1053 821//1054 648//1050
f 532//1055 647//1056 1642//1057 1641//1058
f 532//1055 1641//1058 1304//1051 648//1050
f 532//1055 648//1050 821//1054 654//1059
f 532//1055 654//1059 820//1060 647//1056
f 533//1061 639//387 2157//386 896//1062
f 533//1061 896//1062 1642//1057 647//1056
f 533//1061 647//1056 820//1060 655//1063
f 533//1061 655//1063 342//388 639//387
f 534//1064 645//1065 2050//1066 1101//1067
f 534//1064 1101//1067 1100//378 646//377
f 534//1064 646//377 819//381 656//1068
f 534//1064 656//1068 818//1069 645//1065
f 535//1070 643//1071 1723//1072 1003//1073
f 535//1070 1003//1073 2050//1066 645//1065
f 535//1070 645//1065 818//1069 657//1074
f 535//1070 657//1074 816//1075 643//1071
f 536//1076 635//1039 1195//1038 1724//1077
f 536//1076 1724//1077 1723//1072 643//1071
f 536//1076 643//1071 816//1075 658//1078
f 536//1076 658//1078 817//1040 635//1039
f 537//1079 665//1080 823//1042 651//1041
f 537//1079 651//1041 817//1040 644//1081
f 537//1079 644//1081 831//991 667//1032
f 537//1079 667//1032 830//1027 665//1080
f 538//1082 664//1083 822//1048 652//1047
f 538//1082 652//1047 823//1042 665//1080
f 538//1082 665//1080 830//1027 668//1026
f 538//1082 668//1026 829//1021 664//1083
f 539//1084 663//1085 821//1054 653//1053
f 539//1084 653//1053 822//1048 664//1083
f 539//1084 664//1083 829//1021 669//1020
f 539//1084 669//1020 828//1015 663//1085
f 540//1086 662//1087 820//1060 654//1059
f 540//1086 654//1059 821//1054 663//1085
f 540//1086 663//1085 828//1015 670//1014
f 540//1086 670//1014 827//1009 662//1087
f 541//1088 224//413 342//388 655//1063
f 541//1088 655//1063 820//1060 662//1087
f 541//1088 662//1087 827//1009 671//1008
f 541//1088 671//1008 832//315 224//413
f 542//1089 660//1090 818//1069 656//1068
f 542//1089 656//1068 819//381 661//410
f 542//1089 661//410 826//321 672//1005
f 542//1089 672//1005 825//1000 660//1090
f 543//1091 659//1092 816//1075 657//1074
f 543//1091 657//1074 818//1069 660//1090
f 543//1091 660//1090 825//1000 673//999
f 543//1091 673//999 824//993 659//1092
f 544//1093 644//1081 817//1040 658//1078
f 544//1093 658//1078 816//1075 659//1092
f 544//1093 659//1092 824//993 674//992
f 544//1093 674//992 831//991 644//1081
f 545//1094 716//1095 848//1096 707//1097
f 545//1094 707//1097 1525//1098 1878//1099
f 545//1094 1878//1099 1179//1100 675//1101
f 545//1094 675//1101 841//1102 716//1095
f 546//1103 715//1104 841//1102 675//1101
f 546//1103 675//1101 1179//1100 1756//1105
f 546//1103 1756//1105 1714//1106 677//1107
f 546//1103 677//1107 842//1108 715//1104
f 547//1109 714//1110 842//1108 677//1107
f 547//1109 677//1107 1714//1106 1542//1111
f 547//1109 1542//1111 1541//442 678//441
f 547//1109 678//441 843//440 714//1110
f 548//1112 713//1113 849//437 708//436
f 548//1112 708//436 1565//435 1898//1114
f 548//1112 1898//1114 1392//1115 679//1116
f 548//1112 679//1116 844//1117 713//1113
f 549//1118 712//1119 844//1117 679//1116
f 549//1118 679//1116 1392//1115 2099//1120
f 549//1118 2099//1120 946//1121 680//1122
f 549//1118 680//1122 845//1123 712//1119
f 550//1124 711//1125 845//1123 680//1122
f 550//1124 680//1122 946//1121 1558//1126
f 550//1124 1558//1126 1557//1127 681//1128
f 550//1124 681//1128 846//1129 711//1125
f 551//1130 710//1131 846//1129 681//1128
f 551//1130 681//1128 1557//1127 2065//1132
f 551//1130 2065//1132 1688//1133 682//1134
f 551//1130 682//1134 847//1135 710//1131
f 552//1136 709//1137 847//1135 682//1134
f 552//1136 682//1134 1688//1133 1526//1138
f 552//1136 1526//1138 1525//1098 707//1097
f 552//1136 707//1097 848//1096 709//1137
f 553//1139 919//1140 1431//1141 691//1142
f 553//1139 691//1142 840//1143 692//1144
f 553//1139 692//1144 834//1145 676//1146
f 553//1139 676//1146 1618//1147 919//1140
f 554//1148 1660//1149 1661//1150 690//1151
f 554//1148 690//1151 839//1152 693//1153
f 554//1148 693//1153 840//1143 691//1142
f 554//1148 691//1142 1431//1141 1660//1149
f 555//1154 1365//1155 1916//1156 689//1157
f 555//1154 689//1157 838//1158 694//1159
f 555//1154 694//1159 839//1152 690//1151
f 555//1154 690//1151 1661//1150 1365//1155
f 556//1160 2136//1161 1421//1162 687//1163
f 556//1160 687//1163 837//1164 695//1165
f 556//1160 695//1165 838//1158 689//1157
f 556//1160 689//1157 1916//1156 2136//1161
f 557//1166 2098//1167 1390//509 248//508
f 557//1166 248//508 358//507 696//1168
f 557//1166 696//1168 837//1164 687//1163
f 557//1166 687//1163 1421//1162 2098//1167
f 558//1169 1657//1170 1420//1171 685//1172
f 558//1169 685//1172 835//1173 697//1174
f 558//1169 697//1174 836//499 686//498
f 558//1169 686//498 1656//497 1657//1170
f 559//1175 2116//1176 2097//1177 683//1178
f 559//1175 683//1178 833//1179 698//1180
f 559//1175 698//1180 835//1173 685//1172
f 559//1175 685//1172 1420//1171 2116//1176
f 560//1181 1617//1182 1618//1147 676//1146
f 560//1181 676//1146 834//1145 699//1183
f 560//1181 699//1183 833//1179 683//1178
f 560//1181 683//1178 2097//1177 1617//1182
f 561//1184 692//1144 840//1143 706//1185
f 561//1184 706//1185 847//1135 709//1137
f 561//1184 709//1137 848//1096 684//1186
f 561//1184 684//1186 834//1145 692//1144
f 562//1187 693//1153 839//1152 705//1188
f 562//1187 705//1188 846//1129 710//1131
f 562//1187 710//1131 847//1135 706//1185
f 562//1187 706//1185 840//1143 693//1153
f 563//1189 694//1159 838//1158 704//1190
f 563//1189 704//1190 845//1123 711//1125
f 563//1189 711//1125 846//1129 705//1188
f 563//1189 705//1188 839//1152 694//1159
f 564//1191 695//1165 837//1164 703//1192
f 564//1191 703//1192 844//1117 712//1119
f 564//1191 712//1119 845//1123 704//1190
f 564//1191 704//1190 838//1158 695//1165
f 565//1193 696//1168 358//507 688//532
f 565//1193 688//532 849//437 713//1113
f 565//1193 713//1113 844//1117 703//1192
f 565//1193 703//1192 837//1164 696//1168
f 566//1194 697//1174 835//1173 701//1195
f 566//1194 701//1195 842//1108 714//1110
f 566//1194 714//1110 843//440 702//529
f 566//1194 702//529 836//499 697//1174
f 567//1196 698//1180 833//1179 700//1197
f 567//1196 700//1197 841//1102 715//1104
f 567//1196 715//1104 842//1108 701//1195
f 567//1196 701//1195 835//1173 698//1180
f 568//1198 699//1183 834//1145 684//1186
f 568//1198 684//1186 848//1096 716//1095
f 568//1198 716//1095 841//1102 700//1197
f 568//1198 700//1197 833//1179 699//1183
f 2025//1199 947//1200 1388//1200 1854//1199
f 1327//1201 1305//1201 1262//1202 949//1202
f 1388//1200 947//1200 2100//552 1778//552
f 2082//1203 1005//1203 1006//1204 1373//1204
f 949//1202 1262//1202 2025//1199 1854//1199
f 988//1205 1222//1205 1223//1206 1358//1206
f 1373//1204 1006//1204 1305//1201 1327//1201
f 1824//1207 1877//1207 1472//1208 939//1208
f 1358//1206 1223//1206 1005//1203 2082//1203
f 1238//1209 1495//1209 1284//1210 1078//1210
f 1472//1208 1222//1205 988//1205 939//1208
f 1272//1211 1273//1212 2152//1212 1274//1211
f 1078//1210 1284//1210 1877//1207 1824//1207
f 1863//1213 2052//1213 1272//1211 1274//1211
f 2152//1212 1273//1212 1495//1209 1238//1209
f 569//553 718//553 990//553 1203//553
f 569//553 721//553 850//553 718//553
f 569//553 722//553 851//553 721//553
f 569//553 1203//553 1951//553 722//553
f 570//553 722//553 1951//553 1950//553
f 570//553 725//553 851//553 722//553
f 570//553 726//553 852//553 725//553
f 570//553 1950//553 979//553 726//553
f 571//553 726//553 979//553 902//553
f 571//553 729//553 852//553 726//553
f 571//553 1166//553 2117//553 729//553
f 571//553 902//553 950//553 1166//553
f 572//553 728//553 852//553 729//553
f 572//553 278//553 855//553 728//553
f 572//553 1177//553 985//553 278//553
f 572//553 729//553 2117//553 1177//553
f 573//553 719//553 1933//553 1167//553
f 573//553 720//553 853//553 719//553
f 573//553 717//553 850//553 720//553
f 573//553 1167//553 2118//553 717//553
f 574//553 717//553 2118//553 1462//553
f 574//553 718//553 850//553 717//553
f 574//553 1915//553 990//553 718//553
f 574//553 1462//553 989//553 1915//553
f 575//553 720//553 850//553 721//553
f 575//553 723//553 853//553 720//553
f 575//553 724//553 854//553 723//553
f 575//553 721//553 851//553 724//553
f 576//553 724//553 851//553 725//553
f 576//553 727//553 854//553 724//553
f 576//553 728//553 855//553 727//553
f 576//553 725//553 852//553 728//553
f 390//738 1692//741 1306//1214 874//1215
f 742//746 743//580 788//583 789//1216
f 388//716 2069//1217 918//1218 873//1219
f 1015//747 742//746 789//1216 1653//1220
f 393//725 1142//1221 2156//1222 591//1223
f 620//754 622//578 776//593 775//597
f 745//760 591//1223 2156//1222 1140//776
f 1251//759 620//754 775//597 967//596
f 312//585 581//583 1728//582 1394//584
f 1326//780 790//777 863//749 2058//748
f 1928//776 1945//589 750//588 602//760
f 731//554 749//557 747//561 617//602
f 391//1224 580//1225 1992//1226 1975//1227
f 616//594 775//597 776//593 619//676
f 314//1228 585//1229 1715//1230 1639//1231
f 2121//595 967//596 775//597 616//594
f 312//585 1394//584 1937//1232 763//1233
f 1120//555 1121//556 749//557 731//554
f 581//583 611//580 1729//581 1728//582
f 300//1234 1209//1235 1931//1236 764//1237
f 303//1228 1371//1231 1370//1238 762//1239
f 609//676 871//590 870//744 608//594
f 300//1234 762//1239 1370//1238 1209//1235
f 2015//677 1820//591 871//590 609//676
f 758//1224 387//1225 1198//1226 1537//1227
f 611//580 610//746 863//749 864//565
f 303//1228 579//1229 2139//1230 1371//1231
f 1729//581 611//580 864//565 1473//564
f 304//725 1607//1221 1608//1222 386//1223
f 584//558 747//561 749//557 583//762
f 297//738 1772//741 1717//1214 382//1215
f 1123//559 986//560 747//561 584//558
f 1020//1240 2022//1241 1827//1241 1088//1240
f 2028//620 2037//620 2142//1242 2027//1242
f 1670//1243 1647//1243 1777//1244 1964//1244
f 2022//1241 898//619 1168//619 1827//1241
f 1606//50 1605//1245 1594//1245 1595//50
f 1777//1244 1020//1240 1088//1240 1964//1244
f 1583//1246 1582//1247 1610//1247 1381//1246
f 1594//1245 1605//1245 1647//1243 1670//1243
f 1616//1248 1615//1249 1831//1249 1089//1248
f 1582//1247 1815//51 1609//51 1610//1247
f 1773//1250 1387//1251 1830//1251 2036//1250
f 1831//1249 1615//1249 1583//1246 1381//1246
f 2027//1242 2142//1242 1774//1252 1483//1252
f 1830//1251 1387//1251 1616//1248 1089//1248
f 1609//51 1815//51 1070//611 1298//611
f 1483//1252 1774//1252 1773//1250 2036//1250
f 1828//1253 1087//1254 2144//1254 2166//1253
f 1202//638 1828//1253 2166//1253 1176//638
f 2160//1255 1145//1256 1129//1256 926//1255
f 1087//1254 2160//1255 926//1255 2144//1254
f 1443//1257 1265//1257 2148//1258 2023//1258
f 1129//1256 1145//1256 1265//1257 1443//1257
f 1833//1259 1281//1259 1090//1260 1832//1260
f 2023//1258 2148//1258 1281//1259 1833//1259
f 2012//1261 1829//1261 1422//1262 737//1262
f 1090//1260 1829//1261 2012//1261 1832//1260
f 2011//1263 1929//1263 1021//1264 1091//1264
f 737//1262 1422//1262 1929//1263 2011//1263
f 1205//636 1354//1265 1674//1265 1675//636
f 1674//1265 1354//1265 1451//637 1914//637
f 1021//1264 937//634 1540//634 1091//1264
f 1276//675 1275//1266 1241//1266 1075//675
f 2143//1267 1957//1268 1559//1268 1560//1267
f 1918//658 1257//658 1128//1269 1367//1269
f 935//1270 1081//1271 1077//1271 938//1270
f 1559//1268 1957//1268 1956//657 1708//657
f 858//1272 1913//1273 2048//1273 1522//1272
f 1081//1271 2143//1267 1560//1267 1077//1271
f 982//1274 858//1272 1522//1272 1981//1274
f 1913//1273 935//1270 938//1270 2048//1273
f 1243//1275 2010//1276 1880//1276 1780//1275
f 2010//1276 1269//649 1385//649 1880//1276
f 1062//1277 1244//1277 2045//1278 1781//1278
f 1367//1269 1128//1269 1092//1279 1366//1279
f 1781//1278 2045//1278 1243//1275 1780//1275
f 1328//655 982//1274 1981//1274 1982//655
f 1092//1279 1244//1277 1062//1277 1366//1279
f 1500//1280 1197//1281 1001//1281 1014//1280
f 899//674 2094//659 1689//659 1690//674
f 1994//1282 1309//1283 1378//1283 2093//1282
f 1001//1281 1197//1281 1994//1282 2093//1282
f 1822//1284 1821//1285 1603//1285 1604//1284
f 1309//1283 1822//1284 1604//1284 1378//1283
f 1498//1286 1237//1286 1307//1287 1677//1287
f 1603//1285 1821//1285 1237//1286 1498//1286
f 1117//1288 1118//1289 1468//1289 1676//1288
f 1677//1287 1307//1287 1117//1288 1676//1288
f 1920//1290 1917//1290 1818//1291 1919//1291
f 1468//1289 1118//1289 1917//1290 1920//1290
f 1921//1292 1817//1292 1235//1293 1489//1293
f 1919//1291 1818//1291 1817//1292 1921//1292
f 1241//1266 1275//1266 1500//1280 1014//1280
f 1489//1293 1235//1293 1186//673 1384//673
f 314//1228 1639//1231 1640//1238 872//1239
f 616//594 619//676 881//590 880//744
f 311//1234 872//1239 1640//1238 1404//1235
f 2121//595 616//594 880//744 1316//745
f 586//1294 1369//1295 1368//1296 769//1297
f 586//1294 769//1297 862//1242 796//1252
f 586//1294 796//1252 861//1250 760//1298
f 586//1294 760//1298 1136//1299 1369//1295
f 587//1300 796//1252 862//1242 766//1301
f 587//1300 766//1301 1266//1302 2063//1303
f 587//1300 2063//1303 1380//1304 757//1305
f 587//1300 757//1305 861//1250 796//1252
f 311//1234 1404//1235 1419//1236 792//1237
f 613//587 880//744 881//590 614//570
f 309//1306 792//1237 1419//1236 1652//1307
f 1315//586 1316//745 880//744 613//587
f 589//1308 1137//1309 1136//1299 760//1298
f 589//1308 760//1298 861//1250 797//1251
f 589//1308 797//1251 860//1248 751//1310
f 589//1308 751//1310 1942//1311 1137//1309
f 590//1312 797//1251 861//1250 757//1305
f 590//1312 757//1305 1380//1304 1072//1313
f 590//1312 1072//1313 1507//1314 748//1315
f 590//1312 748//1315 860//1248 797//1251
f 309//1306 1652//1307 1653//1220 789//1216
f 613//587 614//570 878//573 877//588
f 392//1316 391//1224 600//739 594//576
f 1315//586 613//587 877//588 2062//589
f 592//1317 1943//1318 1942//1311 751//1310
f 592//1317 751//1310 860//1248 798//1249
f 592//1317 798//1249 859//1246 746//1319
f 592//1317 746//1319 1164//1320 1943//1318
f 593//1321 798//1249 860//1248 748//1315
f 593//1321 748//1315 1507//1314 944//1322
f 593//1321 944//1322 2101//1323 730//1324
f 593//1321 730//1324 859//1246 798//1249
f 388//716 578//712 1340//711 2069//1217
f 876//777 774//708 773//698 875//562
f 1680//1325 392//1316 594//576 1681//575
f 393//725 577//715 1141//767 1142//1221
f 595//1326 1163//1327 1164//1320 746//1319
f 595//1326 746//1319 859//1246 799//1247
f 595//1326 799//1247 856//51 732//737
f 595//1326 732//737 1624//736 1163//1327
f 596//1328 799//1247 859//1246 730//1324
f 596//1328 730//1324 2101//1323 1094//1329
f 596//1328 1094//1329 1477//731 733//730
f 596//1328 733//730 856//51 799//1247
f 1123//559 584//558 754//708 1329//709
f 770//566 768//598 735//742 744//765
f 759//1316 579//1229 387//1225 758//1224
f 968//567 770//566 744//765 1851//764
f 598//1330 1004//1331 903//1332 734//1333
f 598//1330 734//1333 857//1243 800//1245
f 598//1330 800//1245 373//50 787//724
f 598//1330 787//724 1501//723 1004//1331
f 599//1334 800//1245 857//1243 736//1335
f 599//1334 736//1335 1710//1336 1711//1337
f 599//1334 1711//1337 901//720 288//719
f 599//1334 288//719 373//50 800//1245
f 395//713 578//712 577//715 393//725
f 1875//780 1876//709 774//708 876//777
f 1341//710 395//713 588//1338 1126//1339
f 738//762 773//698 774//708 739//558
f 1463//1325 2139//1230 579//1229 759//1316
f 731//554 617//602 744//765 735//742
f 301//1340 387//1225 579//1229 303//1228
f 1120//555 731//554 735//742 338//743
f 305//713 304//725 386//1223 385//1338
f 756//716 755//714 765//715 767//712
f 1926//1341 1198//1226 387//1225 301//1340
f 584//558 583//762 753//698 754//708
f 603//1342 1901//1343 1710//1336 736//1335
f 603//1342 736//1335 857//1243 801//1244
f 603//1342 801//1244 879//1240 795//1344
f 603//1342 795//1344 963//1345 1901//1343
f 897//710 305//713 385//1338 1861//1339
f 910//1217 756//716 767//712 2092//711
f 296//577 297//738 382//1215 383//1219
f 790//777 754//708 753//698 771//562
f 605//1346 801//1244 857//1243 734//1333
f 605//1346 734//1333 903//1332 2155//1347
f 605//1346 2155//1347 1139//1348 793//1349
f 605//1346 793//1349 879//1240 801//1244
f 2158//574 296//577 383//1219 1193//1218
f 1326//780 1329//709 754//708 790//777
f 756//716 383//1219 382//1215 755//714
f 379//1306 582//1216 581//583 312//585
f 910//1217 1193//1218 383//1219 756//716
f 1930//1307 973//1220 582//1216 379//1306
f 602//760 604//761 385//1338 386//1223
f 379//1306 312//585 763//1233 764//1237
f 755//714 382//1215 1717//1214 1718//766
f 1930//1307 379//1306 764//1237 1931//1236
f 604//761 1825//1350 1861//1339 385//1338
f 897//710 2092//711 767//712 305//713
f 758//1224 1537//1227 1538//740 381//739
f 582//1216 610//746 611//580 581//583
f 1928//776 602//760 386//1223 1608//1222
f 973//1220 1319//747 610//746 582//1216
f 759//1316 758//1224 381//739 380//576
f 298//1351 300//1234 764//1237 763//1233
f 297//738 381//739 1538//740 1772//741
f 1936//1352 298//1351 763//1233 1937//1232
f 604//761 752//573 1826//572 1825//1350
f 301//1340 303//1228 762//1239 761//1353
f 1463//1325 759//1316 380//576 996//575
f 1926//1341 301//1340 761//1353 1927//1354
f 612//1355 1497//1356 1016//1357 781//1358
f 612//1355 781//1358 868//619 802//1241
f 612//1355 802//1241 879//1240 793//1349
f 612//1355 793//1349 1139//1348 1497//1356
f 772//761 588//1338 591//1223 745//760
f 1234//763 1810//699 773//698 738//762
f 1894//1350 1126//1339 588//1338 772//761
f 389//577 594//576 600//739 390//738
f 392//1316 585//1229 580//1225 391//1224
f 1063//574 1681//575 594//576 389//577
f 1680//1325 1715//1230 585//1229 392//1316
f 740//602 785//765 786//742 741//554
f 615//1359 802//1241 868//619 779//1360
f 615//1359 779//1360 1601//1361 1602//1362
f 615//1359 1602//1362 963//1345 795//1344
f 615//1359 795//1344 879//1240 802//1241
f 313//1340 580//1225 585//1229 314//1228
f 2140//603 942//764 785//765 740//602
f 1993//1341 1992//1226 580//1225 313//1340
f 772//761 745//760 877//588 878//573
f 296//577 380//576 381//739 297//738
f 298//1351 761//1353 762//1239 300//1234
f 304//725 765//715 1138//767 1607//1221
f 1936//1352 1927//1354 761//1353 298//1351
f 618//1363 1267//1364 1266//1302 766//1301
f 618//1363 766//1301 862//1242 803//620
f 618//1363 803//620 868//619 781//1358
f 618//1363 781//1358 1016//1357 1267//1364
f 313//1340 314//1228 872//1239 794//1353
f 1894//1350 772//761 878//573 1893//572
f 1993//1341 313//1340 794//1353 1154//1354
f 742//746 780//749 782//565 743//580
f 310//1351 794//1353 872//1239 311//1234
f 1015//747 1102//748 780//749 742//746
f 1270//1352 1154//1354 794//1353 310//1351
f 623//598 786//742 785//765 624//566
f 621//1365 803//620 862//1242 769//1297
f 621//1365 769//1297 1368//1296 912//1366
f 621//1365 912//1366 1601//1361 779//1360
f 621//1365 779//1360 868//619 803//620
f 310//1351 311//1234 792//1237 791//1233
f 1840//601 1892//743 786//742 623//598
f 1270//1352 310//1351 791//1233 2029//1232
f 389//577 390//738 874//1215 873//1219
f 308//585 791//1233 792//1237 309//1306
f 1063//574 389//577 873//1219 918//1218
f 1311//584 2029//1232 791//1233 308//585
f 316//714 388//716 873//1219 874//1215
f 308//585 309//1306 789//1216 788//583
f 2044//766 316//714 874//1215 1306//1214
f 391//1224 1975//1227 1691//740 600//739
f 395//713 393//725 591//1223 588//1338
f 198//783 962//783 1151//783 804//783
f 625//783 805//783 883//783 807//783
f 625//783 807//783 882//783 804//783
f 625//783 804//783 1151//783 1152//783
f 625//783 1152//783 900//783 805//783
f 626//783 806//783 884//783 808//783
f 626//783 808//783 883//783 805//783
f 626//783 805//783 900//783 2096//783
f 626//783 2096//783 1207//783 806//783
f 627//783 1285//783 2021//783 810//783
f 627//783 810//783 884//783 806//783
f 627//783 806//783 1207//783 1475//783
f 627//783 1475//783 1023//783 1285//783
f 628//783 807//783 883//783 809//783
f 629//783 811//783 885//783 812//783
f 629//783 812//783 398//783 809//783
f 629//783 809//783 883//783 808//783
f 629//783 808//783 884//783 811//783
f 630//783 1256//783 2032//783 813//783
f 630//783 813//783 885//783 811//783
f 630//783 811//783 884//783 810//783
f 630//783 810//783 2021//783 1256//783
f 631//783 812//783 885//783 814//783
f 632//783 1323//783 1147//783 815//783
f 632//783 815//783 886//783 814//783
f 632//783 814//783 885//783 813//783
f 632//783 813//783 2032//783 1323//783
f 633//783 815//783 1147//783 1148//783
f 2141//783 633//783 1148//783 1379//783
f 633//783 326//783 886//783 815//783
f 631//783 814//783 886//783 329//783
f 398//783 812//783 631//783 331//783
f 398//783 334//783 628//783 809//783
f 628//783 336//783 882//783 807//783
f 198//783 804//783 882//783 337//783
f 198//783 1814//783 1031//783 962//783
f 934//610 1199//610 1157//606 1413//606
f 959//646 1900//642 2074//642 987//646
f 1002//542 1383//542 2052//1213 1863//1213
f 1884//639 1944//623 1970//623 1709//639
f 583//762 2146//763 1018//699 753//698
f 8//91 12//78 11//77 7//162
f 87//42 90//41 86//171 83//105
s 0
usemtl grey
f 2091//50 1859//50 1082//50 1858//50
f 1308//553 1925//553 1572//553 1573//553
f 1620//607 1619//607 1410//607 1693//607
f 1376//553 951//553 1374//553 2088//553
f 1923//1242 1679//1242 1678//1242 1924//1242
f 2047//51 1061//51 1233//51 1408//51
f 1643//783 2112//783 2111//783 1644//783
f 1060//553 1807//553 1264//553 997//553
f 953//553 1377//553 927//553 1984//553
f 1856//607 2113//607 1808//607 1857//607
f 1245//51 1332//51 1409//51 955//51
f 1505//1242 1983//1242 2090//1242 1144//1242
f 1375//50 1922//50 1694//50 2089//50
f 1858//614 1082//614 2113//614 1856//614
f 1061//604 2047//604 1857//604 1808//604
f 1679//1248 1923//1248 1408//1248 1233//1248
f 1859//1240 2091//1240 1924//1240 1678//1240
f 1376//553 2088//553 927//553 1377//553
f 1572//553 1925//553 953//553 1984//553
f 1143//553 1393//553 1374//553 951//553
f 1093//553 952//553 1308//553 1573//553
f 1375//1240 2089//1240 2090//1240 1983//1240
f 1409//1248 1332//1248 1505//1248 1144//1248
f 1245//604 955//604 1410//604 1619//604
f 1694//614 1922//614 1620//614 1693//614
f 1143//553 952//553 1093//553 1393//553
f 943//553 1411//553 1860//553 1809//553
f 1809//553 1860//553 1264//553 1807//553
f 920//783 1469//783 928//783 954//783
f 954//783 928//783 2112//783 1643//783
