# Blender 4.5.3 LTS
# www.blender.org
mtllib laptop.2obj.mtl
o case
v 0.104768 -0.000162 0.444092
v 0.911838 0.024598 0.261426
v 0.911459 0.025291 0.663735
v 0.911838 0.018378 0.261592
v 0.911838 0.026168 0.320269
v 0.891676 -0.000162 0.444092
v 0.911459 0.027741 0.666057
v 0.911838 0.019947 0.320435
v 0.915022 0.033754 0.631451
v 0.917737 0.010489 0.445327
v 0.915022 0.034793 0.629519
v 0.911459 0.025642 0.664920
v 0.078707 0.010489 0.445327
v 0.915022 0.034286 0.630947
v 0.915022 0.034666 0.630241
v 0.911459 0.026539 0.665770
v 0.885358 0.001209 0.315754
v 0.078707 0.009519 0.311152
v 0.111086 0.001209 0.315754
v 0.917737 0.009519 0.311152
v 0.915022 0.020657 0.638323
v 0.917827 0.029973 0.170782
v 0.915022 0.021763 0.638919
v 0.911459 0.028401 0.666040
v 0.915022 0.020818 0.638865
v 0.886258 0.029114 0.138579
v 0.915022 0.021223 0.639083
v 0.911459 0.030723 0.663590
v 0.913520 0.029540 0.154555
v 0.911459 0.029585 0.665688
v 0.901997 0.029228 0.142860
v 0.911459 0.030435 0.664792
v 0.915022 0.034702 0.626091
v 0.878795 0.006085 0.212409
v 0.861164 0.007782 0.186023
v 0.915022 0.033595 0.625496
v 0.873545 0.007065 0.197175
v 0.915022 0.034541 0.625549
v 0.886089 0.043890 0.692682
v 0.915022 0.034136 0.625332
v 0.911459 0.027328 0.650572
v 0.917737 0.043089 0.662650
v 0.901913 0.043783 0.688658
v 0.911459 0.025005 0.653021
v 0.915022 0.021605 0.632964
v 0.913497 0.043489 0.677666
v 0.915022 0.020566 0.634895
v 0.911459 0.026143 0.650923
v 0.915022 0.021073 0.633467
v 0.896102 0.001380 0.647647
v 0.911459 0.025293 0.651820
v 0.915022 0.020693 0.634174
v 0.864696 0.010031 0.677760
v 0.892136 0.004302 0.662741
v 0.880640 0.007193 0.673771
v 0.110186 0.029114 0.138579
v 0.915022 0.033486 0.621402
v 0.911459 0.030437 0.652876
v 0.078707 0.029966 0.170531
v 0.915022 0.034525 0.619471
v 0.911459 0.027988 0.650554
v 0.915022 0.034018 0.620899
v 0.094446 0.029228 0.142860
v 0.915022 0.034398 0.620192
v 0.082924 0.029540 0.154555
v 0.911459 0.030086 0.651692
v 0.911459 0.029189 0.650842
v 0.117649 0.006085 0.212409
v 0.122898 0.007065 0.197175
v 0.915022 0.020389 0.628275
v 0.135280 0.007782 0.186023
v 0.915022 0.021496 0.628870
v 0.078707 0.043089 0.662650
v 0.915022 0.020550 0.628817
v 0.110355 0.043890 0.692682
v 0.915022 0.020955 0.629035
v 0.082947 0.043489 0.677666
v 0.094531 0.043783 0.688658
v 0.131748 0.010031 0.677760
v 0.100342 0.001380 0.647647
v 0.915022 0.034434 0.616043
v 0.115804 0.007193 0.673771
v 0.104308 0.004302 0.662741
v 0.915022 0.033327 0.615448
v 0.886122 0.019170 0.140844
v 0.915022 0.034273 0.615501
v 0.917737 0.016843 0.173036
v 0.915022 0.033868 0.615283
v 0.901929 0.018858 0.145157
v 0.913502 0.018007 0.156940
v 0.078707 0.016301 0.663286
v 0.110498 0.032406 0.692988
v 0.082966 0.021886 0.678203
v 0.915022 0.021337 0.622916
v 0.094602 0.028407 0.689058
v 0.915022 0.020298 0.624847
v 0.917737 0.016301 0.663286
v 0.915022 0.020805 0.623419
v 0.915022 0.020425 0.624126
v 0.885946 0.032406 0.692988
v 0.913478 0.021886 0.678203
v 0.901841 0.028407 0.689058
v 0.078707 0.016843 0.173036
v 0.110322 0.019170 0.140844
v 0.082942 0.018007 0.156940
v 0.915022 0.033218 0.611354
v 0.094514 0.018858 0.145157
v 0.915022 0.034257 0.609423
v 0.119451 0.034873 0.354536
v 0.915022 0.033750 0.610851
v 0.915022 0.034130 0.610144
v 0.129173 0.034610 0.344676
v 0.120714 0.034742 0.349619
v 0.124273 0.034645 0.346010
v 0.131672 0.040809 0.577166
v 0.915022 0.020121 0.618227
v 0.121739 0.040548 0.567369
v 0.915022 0.021228 0.618822
v 0.915022 0.020282 0.618769
v 0.915022 0.020687 0.618986
v 0.123248 0.040677 0.572186
v 0.915022 0.034166 0.605995
v 0.915022 0.033059 0.605399
v 0.865522 0.040755 0.575138
v 0.875350 0.040493 0.565286
v 0.915022 0.034005 0.605453
v 0.915022 0.033600 0.605235
v 0.870436 0.040720 0.573808
v 0.874033 0.040624 0.570202
v 0.865522 0.034538 0.341972
v 0.875350 0.034799 0.351760
v 0.915022 0.021069 0.612867
v 0.915022 0.020030 0.614799
v 0.915022 0.020537 0.613371
v 0.915022 0.020157 0.614078
v 0.870346 0.034576 0.343412
v 0.873891 0.034670 0.346943
v 0.915022 0.032950 0.601305
v 0.915022 0.033989 0.599374
v 0.915022 0.033482 0.600802
v 0.917737 0.041098 0.587979
v 0.915022 0.033862 0.600095
v 0.460497 0.029959 0.170261
v 0.696649 0.029950 0.169926
v 0.697025 0.033787 0.313835
v 0.461250 0.033792 0.314002
v 0.442354 0.029963 0.170416
v 0.915022 0.019853 0.608178
v 0.915022 0.020960 0.608773
v 0.421369 0.030529 0.191648
v 0.915022 0.020014 0.608720
v 0.915022 0.020419 0.608938
v 0.432030 0.030049 0.173628
v 0.424457 0.030253 0.181289
v 0.915022 0.033898 0.595946
v 0.915022 0.032791 0.595351
v 0.715105 0.029946 0.169770
v 0.736164 0.030502 0.190644
v 0.915022 0.033737 0.595404
v 0.915022 0.033332 0.595186
v 0.725443 0.030027 0.172807
v 0.733039 0.030227 0.180336
v 0.915022 0.020801 0.602819
v 0.915022 0.019762 0.604750
v 0.736164 0.033222 0.292615
v 0.915022 0.020269 0.603322
v 0.715105 0.033785 0.313757
v 0.915022 0.019889 0.604029
v 0.733343 0.033503 0.303153
v 0.725634 0.033709 0.310892
v 0.442857 0.033794 0.314080
v 0.421724 0.033235 0.293117
v 0.432317 0.033720 0.311304
v 0.915022 0.032682 0.591257
v 0.915022 0.033721 0.589326
v 0.424582 0.033515 0.303631
v 0.460497 0.027854 0.170317
v 0.915022 0.033214 0.590754
v 0.915022 0.033594 0.590047
v 0.696649 0.027845 0.169983
v 0.697025 0.031682 0.313891
v 0.461250 0.031687 0.314058
v 0.432030 0.027943 0.173684
v 0.442354 0.027858 0.170472
v 0.421369 0.028424 0.191704
v 0.915022 0.019585 0.598130
v 0.424457 0.028148 0.181345
v 0.915022 0.020692 0.598725
v 0.915022 0.019746 0.598672
v 0.715105 0.027840 0.169826
v 0.725443 0.027921 0.172863
v 0.915022 0.020151 0.598890
v 0.733039 0.028122 0.180393
v 0.736164 0.028397 0.190700
v 0.421724 0.031130 0.293173
v 0.424582 0.031410 0.303687
v 0.432317 0.031615 0.311360
v 0.915022 0.033630 0.585898
v 0.442857 0.031689 0.314136
v 0.915022 0.032524 0.585303
v 0.736164 0.031116 0.292671
v 0.915022 0.033469 0.585356
v 0.733343 0.031397 0.303209
v 0.915022 0.033064 0.585138
v 0.725634 0.031604 0.310948
v 0.715105 0.031680 0.313814
v 0.126332 0.040758 0.575243
v 0.119451 0.031241 0.354633
v 0.915022 0.020533 0.592771
v 0.120714 0.031110 0.349716
v 0.915022 0.019494 0.594702
v 0.121739 0.036917 0.567466
v 0.865522 0.030906 0.342069
v 0.915022 0.020001 0.593274
v 0.915022 0.019621 0.593981
v 0.870346 0.030945 0.343509
v 0.126332 0.037127 0.575339
v 0.131672 0.037178 0.577262
v 0.875350 0.031167 0.351857
v 0.873891 0.031039 0.347040
v 0.915022 0.032414 0.581209
v 0.129173 0.030978 0.344773
v 0.915022 0.033453 0.579277
v 0.124273 0.031014 0.346107
v 0.915022 0.032946 0.580705
v 0.865522 0.037124 0.575235
v 0.870436 0.037089 0.573905
v 0.915022 0.033326 0.579998
v 0.123248 0.037045 0.572283
v 0.875350 0.036861 0.565383
v 0.874033 0.036992 0.570299
v 0.889512 0.001275 0.444076
v 0.915022 0.019317 0.588081
v 0.917737 0.025273 0.663073
v 0.915022 0.020424 0.588676
v 0.917737 0.030706 0.662944
v 0.915022 0.019478 0.588623
v 0.917737 0.025005 0.653021
v 0.917737 0.030437 0.652876
v 0.915022 0.019883 0.588841
v 0.917737 0.025293 0.651820
v 0.917737 0.027988 0.650554
v 0.917737 0.027328 0.650572
v 0.917737 0.026143 0.650923
v 0.915022 0.033362 0.575849
v 0.917737 0.029189 0.650842
v 0.915022 0.032256 0.575254
v 0.917737 0.030086 0.651692
v 0.916878 0.027741 0.666057
v 0.915022 0.033201 0.575307
v 0.915022 0.032796 0.575089
v 0.916879 0.028401 0.666040
v 0.916970 0.029585 0.665688
v 0.916968 0.026539 0.665770
v 0.917555 0.030723 0.663590
v 0.917214 0.025642 0.664920
v 0.915022 0.020265 0.582722
v 0.917550 0.025291 0.663735
v 0.915022 0.019226 0.584653
v 0.917217 0.030435 0.664792
v 0.915022 0.019733 0.583225
v 0.915022 0.019353 0.583932
v 0.915022 0.032146 0.571160
v 0.915022 0.033185 0.569229
v 0.915022 0.032678 0.570657
v 0.915022 0.033058 0.569950
v 0.915022 0.019049 0.578033
v 0.915022 0.020156 0.578628
v 0.915022 0.019210 0.578575
v 0.915022 0.019615 0.578793
v 0.915022 0.033094 0.565801
v 0.915022 0.031988 0.565206
v 0.915022 0.032933 0.565259
v 0.915022 0.032528 0.565041
v 0.915022 0.019997 0.572674
v 0.915022 0.018958 0.574605
v 0.915022 0.019465 0.573177
v 0.915022 0.019085 0.573884
v 0.915022 0.031878 0.561112
v 0.915022 0.032917 0.559181
v 0.915022 0.032410 0.560609
v 0.915022 0.032790 0.559902
v 0.915022 0.018782 0.567984
v 0.915022 0.019888 0.568580
v 0.915022 0.018942 0.568527
v 0.915022 0.019347 0.568744
v 0.915022 0.032826 0.555753
v 0.915022 0.031720 0.555157
v 0.915022 0.032665 0.555210
v 0.915022 0.032260 0.554993
v 0.915022 0.019729 0.562625
v 0.915022 0.018690 0.564556
v 0.915022 0.019197 0.563129
v 0.915022 0.018817 0.563835
v 0.915022 0.031610 0.551063
v 0.915022 0.032649 0.549132
v 0.915022 0.032142 0.550560
v 0.915022 0.032523 0.549853
v 0.915022 0.018514 0.557936
v 0.915022 0.019620 0.558531
v 0.915022 0.018674 0.558478
v 0.915022 0.019079 0.558696
v 0.915022 0.032558 0.545704
v 0.915022 0.031452 0.545109
v 0.915022 0.032397 0.545162
v 0.915022 0.031993 0.544944
v 0.915022 0.019461 0.552577
v 0.915022 0.018422 0.554508
v 0.915022 0.018929 0.553080
v 0.915022 0.018549 0.553787
v 0.915022 0.031343 0.541015
v 0.915022 0.032381 0.539084
v 0.915022 0.031874 0.540512
v 0.915022 0.032255 0.539805
v 0.915022 0.018246 0.547888
v 0.915022 0.019352 0.548483
v 0.915022 0.018406 0.548430
v 0.915022 0.018811 0.548648
v 0.915022 0.032290 0.535656
v 0.915022 0.031184 0.535061
v 0.915022 0.032129 0.535114
v 0.915022 0.031725 0.534896
v 0.915022 0.019193 0.542529
v 0.915022 0.018154 0.544460
v 0.915022 0.018661 0.543032
v 0.915022 0.018281 0.543739
v 0.915022 0.031075 0.530966
v 0.915022 0.032113 0.529035
v 0.915022 0.031606 0.530463
v 0.915022 0.031987 0.529756
v 0.915022 0.017978 0.537839
v 0.915022 0.019084 0.538434
v 0.915022 0.018138 0.538381
v 0.915022 0.018543 0.538599
v 0.915022 0.032022 0.525607
v 0.915022 0.030916 0.525012
v 0.915022 0.031862 0.525065
v 0.915022 0.031457 0.524847
v 0.915022 0.018925 0.532480
v 0.915022 0.017886 0.534411
v 0.915022 0.018393 0.532983
v 0.915022 0.018013 0.533690
v 0.915022 0.030807 0.520918
v 0.915022 0.031846 0.518987
v 0.915022 0.031338 0.520415
v 0.915022 0.031719 0.519708
v 0.915022 0.017710 0.527791
v 0.915022 0.018816 0.528386
v 0.915022 0.017870 0.528333
v 0.915022 0.018275 0.528551
v 0.915022 0.031754 0.515559
v 0.915022 0.030648 0.514964
v 0.915022 0.031594 0.515017
v 0.915022 0.031189 0.514799
v 0.915022 0.018657 0.522432
v 0.915022 0.017618 0.524363
v 0.915022 0.018125 0.522935
v 0.915022 0.017745 0.523642
v 0.915022 0.030539 0.510870
v 0.915022 0.031578 0.508938
v 0.915022 0.031070 0.510366
v 0.915022 0.031451 0.509660
v 0.915022 0.017442 0.517742
v 0.915022 0.018548 0.518338
v 0.915022 0.017602 0.518284
v 0.915022 0.018007 0.518502
v 0.915022 0.031486 0.505510
v 0.915022 0.030380 0.504915
v 0.915022 0.031326 0.504968
v 0.915022 0.030921 0.504751
v 0.915022 0.018389 0.512383
v 0.915022 0.017350 0.514314
v 0.915022 0.017857 0.512886
v 0.915022 0.017477 0.513593
v 0.915022 0.030271 0.500821
v 0.915022 0.031310 0.498890
v 0.915022 0.030802 0.500318
v 0.915022 0.031183 0.499611
v 0.915022 0.017174 0.507694
v 0.915022 0.018280 0.508289
v 0.915022 0.017334 0.508236
v 0.915022 0.017739 0.508454
v 0.915022 0.031218 0.495462
v 0.915022 0.030112 0.494867
v 0.915022 0.031058 0.494920
v 0.915022 0.030653 0.494702
v 0.915022 0.018121 0.502335
v 0.915022 0.017082 0.504266
v 0.915022 0.017590 0.502838
v 0.915022 0.017209 0.503545
v 0.915022 0.030003 0.490773
v 0.915022 0.031042 0.488842
v 0.915022 0.030535 0.490270
v 0.915022 0.030915 0.489563
v 0.915022 0.016906 0.497646
v 0.915022 0.018012 0.498241
v 0.915022 0.017066 0.498188
v 0.915022 0.017471 0.498405
v 0.915022 0.030950 0.485414
v 0.915022 0.029844 0.484818
v 0.915022 0.030790 0.484872
v 0.915022 0.030385 0.484654
v 0.915022 0.017853 0.492286
v 0.915022 0.016814 0.494218
v 0.915022 0.017322 0.492790
v 0.915022 0.016941 0.493496
v 0.915022 0.029735 0.480724
v 0.915022 0.030774 0.478793
v 0.915022 0.030267 0.480221
v 0.915022 0.030647 0.479514
v 0.915022 0.016638 0.487597
v 0.915022 0.017744 0.488192
v 0.915022 0.016798 0.488139
v 0.915022 0.017203 0.488357
v 0.915022 0.030682 0.475365
v 0.915022 0.029576 0.474770
v 0.915022 0.030522 0.474823
v 0.915022 0.030117 0.474605
v 0.915022 0.017585 0.482238
v 0.915022 0.016546 0.484169
v 0.915022 0.017054 0.482741
v 0.915022 0.016673 0.483448
v 0.917737 0.031183 0.499611
v 0.917737 0.031310 0.498890
v 0.917737 0.031218 0.495462
v 0.917737 0.031058 0.494920
v 0.917737 0.030653 0.494702
v 0.917737 0.030535 0.490270
v 0.917737 0.030950 0.485414
v 0.917737 0.031042 0.488842
v 0.917737 0.030915 0.489563
v 0.917737 0.030385 0.484654
v 0.917737 0.028921 0.481231
v 0.917737 0.029844 0.484818
v 0.917737 0.030647 0.479514
v 0.917737 0.030267 0.480221
v 0.917737 0.029735 0.480724
v 0.917737 0.030790 0.484872
v 0.917737 0.030682 0.475365
v 0.917737 0.029576 0.474770
v 0.917737 0.030117 0.474605
v 0.917737 0.030522 0.474823
v 0.917737 0.030774 0.478793
v 0.917737 0.021223 0.639083
v 0.917737 0.020818 0.638865
v 0.917737 0.021763 0.638919
v 0.917737 0.020657 0.638323
v 0.917737 0.020693 0.634174
v 0.917737 0.020566 0.634895
v 0.917737 0.021605 0.632964
v 0.917737 0.020955 0.629035
v 0.917737 0.021496 0.628870
v 0.917737 0.024028 0.631455
v 0.917737 0.020425 0.624126
v 0.917737 0.020389 0.628275
v 0.917737 0.020550 0.628817
v 0.917737 0.020298 0.624847
v 0.917737 0.021073 0.633467
v 0.917737 0.020687 0.618986
v 0.917737 0.020805 0.623419
v 0.917737 0.021337 0.622916
v 0.917737 0.021228 0.618822
v 0.917737 0.023578 0.621520
v 0.917737 0.020121 0.618227
v 0.917737 0.020282 0.618769
v 0.917737 0.020537 0.613371
v 0.917737 0.020960 0.608773
v 0.917737 0.023128 0.611585
v 0.917737 0.021069 0.612867
v 0.917737 0.020419 0.608938
v 0.917737 0.020014 0.608720
v 0.917737 0.019853 0.608178
v 0.917737 0.020030 0.614799
v 0.917737 0.020157 0.614078
v 0.917737 0.019762 0.604750
v 0.917737 0.020269 0.603322
v 0.917737 0.020151 0.598890
v 0.917737 0.020801 0.602819
v 0.917737 0.022678 0.601650
v 0.917737 0.019746 0.598672
v 0.917737 0.019585 0.598130
v 0.917737 0.020692 0.598725
v 0.917737 0.019889 0.604029
v 0.917737 0.019621 0.593981
v 0.917737 0.020533 0.592771
v 0.917737 0.019883 0.588841
v 0.917737 0.022228 0.591715
v 0.917737 0.020001 0.593274
v 0.917737 0.022045 0.587667
v 0.917737 0.019317 0.588081
v 0.917737 0.019478 0.588623
v 0.917737 0.020424 0.588676
v 0.917737 0.019494 0.594702
v 0.917737 0.019353 0.583932
v 0.917737 0.019733 0.583225
v 0.917737 0.019226 0.584653
v 0.917737 0.019615 0.578793
v 0.917737 0.021595 0.577732
v 0.917737 0.019049 0.578033
v 0.917737 0.019210 0.578575
v 0.917737 0.020156 0.578628
v 0.917737 0.020265 0.582722
v 0.917737 0.021778 0.581780
v 0.917737 0.019085 0.573884
v 0.917737 0.021328 0.571845
v 0.917737 0.019997 0.572674
v 0.917737 0.019347 0.568744
v 0.917737 0.019465 0.573177
v 0.917737 0.018958 0.574605
v 0.917737 0.021145 0.567797
v 0.917737 0.018782 0.567984
v 0.917737 0.018942 0.568527
v 0.917737 0.019888 0.568580
v 0.917737 0.018690 0.564556
v 0.917737 0.018817 0.563835
v 0.917737 0.019729 0.562625
v 0.917737 0.019079 0.558696
v 0.917737 0.020878 0.561910
v 0.917737 0.019197 0.563129
v 0.917737 0.020695 0.557862
v 0.917737 0.018514 0.557936
v 0.917737 0.018674 0.558478
v 0.917737 0.019620 0.558531
v 0.917737 0.018549 0.553787
v 0.917737 0.019461 0.552577
v 0.917737 0.018811 0.548648
v 0.917737 0.020428 0.551975
v 0.917737 0.018929 0.553080
v 0.917737 0.018246 0.547888
v 0.917737 0.020245 0.547927
v 0.917737 0.018406 0.548430
v 0.917737 0.019352 0.548483
v 0.917737 0.018422 0.554508
v 0.917737 0.018281 0.543739
v 0.917737 0.019193 0.542529
v 0.917737 0.018543 0.538599
v 0.917737 0.019978 0.542040
v 0.917737 0.018661 0.543032
v 0.917737 0.017978 0.537839
v 0.917737 0.019794 0.537992
v 0.917737 0.018138 0.538381
v 0.917737 0.019084 0.538434
v 0.917737 0.018013 0.533690
v 0.917737 0.019528 0.532105
v 0.917737 0.018275 0.528551
v 0.917737 0.018343 0.528530
v 0.917737 0.018925 0.532480
v 0.917737 0.018393 0.532983
v 0.917737 0.017870 0.528333
v 0.917737 0.017710 0.527791
v 0.917737 0.018816 0.528386
v 0.917737 0.019344 0.528057
v 0.917737 0.017886 0.534411
v 0.917737 0.018154 0.544460
v 0.917737 0.018125 0.522935
v 0.917737 0.019078 0.522170
v 0.917737 0.018657 0.522432
v 0.917737 0.018007 0.518502
v 0.917737 0.017602 0.518284
v 0.917737 0.017442 0.517742
v 0.917737 0.018548 0.518338
v 0.917737 0.018894 0.518122
v 0.917737 0.017745 0.523642
v 0.917737 0.017857 0.512886
v 0.917737 0.018628 0.512235
v 0.917737 0.018389 0.512383
v 0.917737 0.017739 0.508454
v 0.917737 0.017334 0.508236
v 0.917737 0.018444 0.508187
v 0.917737 0.018280 0.508289
v 0.917737 0.017174 0.507694
v 0.917737 0.017477 0.513593
v 0.917737 0.017350 0.514314
v 0.917737 0.017590 0.502838
v 0.917737 0.018178 0.502300
v 0.917737 0.018121 0.502335
v 0.917737 0.017471 0.498405
v 0.917737 0.017066 0.498188
v 0.917737 0.017994 0.498246
v 0.917737 0.016906 0.497646
v 0.917737 0.017209 0.503545
v 0.917737 0.017322 0.492790
v 0.917737 0.016798 0.488139
v 0.917737 0.017203 0.488357
v 0.917737 0.017054 0.482741
v 0.917737 0.016673 0.483448
v 0.917737 0.016546 0.484169
v 0.917737 0.016638 0.487597
v 0.917737 0.016814 0.494218
v 0.917737 0.016941 0.493496
v 0.917737 0.017082 0.504266
v 0.917737 0.017618 0.524363
v 0.917737 0.022042 0.581615
v 0.917737 0.022502 0.591544
v 0.917737 0.021123 0.561757
v 0.917737 0.021583 0.571686
v 0.917737 0.020663 0.551828
v 0.917737 0.020203 0.541899
v 0.917737 0.019744 0.531970
v 0.917737 0.019284 0.522041
v 0.917737 0.018824 0.512112
v 0.917737 0.018012 0.498241
v 0.917737 0.018364 0.502183
v 0.917737 0.017853 0.492286
v 0.917737 0.034286 0.630947
v 0.917737 0.034793 0.629519
v 0.917737 0.034666 0.630241
v 0.917737 0.033754 0.631451
v 0.917737 0.034702 0.626091
v 0.917737 0.033327 0.615448
v 0.917737 0.034273 0.615501
v 0.917737 0.033868 0.615283
v 0.917737 0.033218 0.611354
v 0.917737 0.034130 0.610144
v 0.917737 0.033750 0.610851
v 0.917737 0.034005 0.605453
v 0.917737 0.034166 0.605995
v 0.917737 0.034257 0.609423
v 0.917737 0.033059 0.605399
v 0.917737 0.032950 0.601305
v 0.917737 0.033600 0.605235
v 0.917737 0.033862 0.600095
v 0.917737 0.033898 0.595946
v 0.917737 0.033989 0.599374
v 0.917737 0.033482 0.600802
v 0.917737 0.033737 0.595404
v 0.917737 0.033332 0.595186
v 0.917737 0.032682 0.591257
v 0.917737 0.032791 0.595351
v 0.917737 0.033214 0.590754
v 0.917737 0.033710 0.588894
v 0.917737 0.033721 0.589326
v 0.917737 0.033594 0.590047
v 0.917737 0.033469 0.585356
v 0.917737 0.033630 0.585898
v 0.917737 0.032524 0.585303
v 0.917737 0.033064 0.585138
v 0.917737 0.032414 0.581209
v 0.917737 0.032946 0.580705
v 0.917737 0.033326 0.579998
v 0.917737 0.033362 0.575849
v 0.917737 0.032796 0.575089
v 0.917737 0.032256 0.575254
v 0.917737 0.032146 0.571160
v 0.917737 0.032678 0.570657
v 0.917737 0.033201 0.575307
v 0.917737 0.033453 0.579277
v 0.917737 0.033058 0.569950
v 0.917737 0.032528 0.565041
v 0.917737 0.033094 0.565801
v 0.917737 0.031988 0.565206
v 0.917737 0.032933 0.565259
v 0.917737 0.032790 0.559902
v 0.917737 0.032917 0.559181
v 0.917737 0.032410 0.560609
v 0.917737 0.032665 0.555210
v 0.917737 0.032826 0.555753
v 0.917737 0.031878 0.561112
v 0.917737 0.033185 0.569229
v 0.917737 0.031720 0.555157
v 0.917737 0.031610 0.551063
v 0.917737 0.032260 0.554993
v 0.917737 0.032523 0.549853
v 0.917737 0.032649 0.549132
v 0.917737 0.032142 0.550560
v 0.917737 0.032397 0.545162
v 0.917737 0.032558 0.545704
v 0.917737 0.031452 0.545109
v 0.917737 0.031993 0.544944
v 0.917737 0.031874 0.540512
v 0.917737 0.032381 0.539084
v 0.917737 0.032255 0.539805
v 0.917737 0.031343 0.541015
v 0.917737 0.032129 0.535114
v 0.917737 0.031606 0.530463
v 0.917737 0.031184 0.535061
v 0.917737 0.031075 0.530966
v 0.917737 0.031725 0.534896
v 0.917737 0.032290 0.535656
v 0.917737 0.032022 0.525607
v 0.917737 0.031862 0.525065
v 0.917737 0.031457 0.524847
v 0.917737 0.030807 0.520918
v 0.917737 0.030916 0.525012
v 0.917737 0.032113 0.529035
v 0.917737 0.031987 0.529756
v 0.917737 0.031338 0.520415
v 0.917737 0.031846 0.518987
v 0.917737 0.031719 0.519708
v 0.917737 0.031594 0.515017
v 0.917737 0.031754 0.515559
v 0.917737 0.030648 0.514964
v 0.917737 0.031189 0.514799
v 0.917737 0.030539 0.510870
v 0.917737 0.031070 0.510366
v 0.917737 0.031486 0.505510
v 0.917737 0.031578 0.508938
v 0.917737 0.031451 0.509660
v 0.917737 0.030921 0.504751
v 0.917737 0.030271 0.500821
v 0.917737 0.030380 0.504915
v 0.917737 0.030802 0.500318
v 0.917737 0.030112 0.494867
v 0.917737 0.031326 0.504968
v 0.917737 0.030003 0.490773
v 0.917737 0.017744 0.488192
v 0.917737 0.017585 0.482238
v 0.917737 0.034136 0.625332
v 0.917737 0.034541 0.625549
v 0.917737 0.034398 0.620192
v 0.917737 0.034525 0.619471
v 0.917737 0.033595 0.625496
v 0.917737 0.033486 0.621402
v 0.917737 0.034434 0.616043
v 0.917737 0.034018 0.620899
v 0.917737 0.031632 0.454719
v 0.917737 0.031223 0.455151
v 0.917737 0.031517 0.455020
v 0.917737 0.031519 0.455022
v 0.917737 0.030666 0.421849
v 0.917737 0.030702 0.422691
v 0.917737 0.030268 0.422281
v 0.917737 0.030684 0.422270
v 0.917737 0.030603 0.422308
v 0.917737 0.030608 0.422482
v 0.917737 0.030481 0.422362
v 0.917737 0.030559 0.422150
v 0.917737 0.022616 0.422894
v 0.917737 0.023126 0.422471
v 0.917737 0.022802 0.422600
v 0.917737 0.021845 0.425351
v 0.917737 0.022237 0.424647
v 0.917737 0.022085 0.425024
v 0.917737 0.018795 0.428724
v 0.917737 0.019087 0.428011
v 0.917737 0.018876 0.428341
v 0.917737 0.019712 0.450469
v 0.917737 0.019357 0.449806
v 0.917737 0.019466 0.450174
v 0.917737 0.022970 0.453128
v 0.917737 0.022550 0.452471
v 0.917737 0.022816 0.452764
v 0.917737 0.023505 0.455761
v 0.917737 0.023301 0.454946
v 0.917737 0.023798 0.455349
v 0.917737 0.023392 0.455356
v 0.917737 0.023465 0.455318
v 0.917737 0.023433 0.455143
v 0.917737 0.023578 0.455261
v 0.917737 0.023538 0.455474
v 0.917737 0.030501 0.454468
v 0.917737 0.030909 0.454036
v 0.917737 0.030795 0.454337
v 0.917737 0.030020 0.423411
v 0.917737 0.029587 0.423001
v 0.917737 0.029888 0.423117
v 0.917737 0.023695 0.423158
v 0.917737 0.023185 0.423581
v 0.917737 0.023372 0.423287
v 0.917737 0.022878 0.425004
v 0.917737 0.022486 0.425708
v 0.917737 0.022727 0.425381
v 0.917737 0.019797 0.428301
v 0.917737 0.019505 0.429015
v 0.917737 0.019586 0.428631
v 0.917737 0.020049 0.449435
v 0.917737 0.020405 0.450099
v 0.917737 0.020158 0.449804
v 0.917737 0.023189 0.452063
v 0.917737 0.023609 0.452720
v 0.917737 0.023455 0.452356
v 0.917737 0.023884 0.454228
v 0.917737 0.024381 0.454631
v 0.917737 0.024061 0.454518
v 0.912121 0.030501 0.454468
v 0.912121 0.030795 0.454337
v 0.912121 0.030909 0.454036
v 0.912121 0.030020 0.423411
v 0.912121 0.029888 0.423117
v 0.912121 0.029587 0.423001
v 0.912121 0.023695 0.423158
v 0.912121 0.023372 0.423287
v 0.912121 0.023185 0.423581
v 0.912121 0.022878 0.425004
v 0.912121 0.022727 0.425381
v 0.912121 0.022486 0.425708
v 0.912121 0.019797 0.428301
v 0.912121 0.019586 0.428631
v 0.912121 0.019505 0.429015
v 0.912121 0.020049 0.449435
v 0.912121 0.020158 0.449804
v 0.912121 0.020405 0.450099
v 0.912121 0.023189 0.452063
v 0.912121 0.023455 0.452356
v 0.912121 0.023609 0.452720
v 0.912121 0.023884 0.454228
v 0.912121 0.024061 0.454518
v 0.912121 0.024381 0.454631
v 0.912121 0.027773 0.450611
v 0.912121 0.027235 0.427501
v 0.912121 0.024811 0.427566
v 0.912121 0.025466 0.450673
v 0.916614 0.027773 0.450611
v 0.916614 0.027235 0.427501
v 0.916614 0.024811 0.427566
v 0.916614 0.025466 0.450673
v 0.917737 0.028856 0.406635
v 0.917737 0.034321 0.333853
v 0.917737 0.009898 0.363669
v 0.917737 0.009680 0.333444
v 0.916654 0.025314 0.337140
v 0.916654 0.025887 0.360686
v 0.916654 0.022837 0.360667
v 0.916654 0.022217 0.337171
v 0.916654 0.023390 0.381460
v 0.916654 0.026459 0.381378
v 0.916654 0.027060 0.404933
v 0.916654 0.024067 0.404985
v 0.912161 0.027060 0.404933
v 0.912161 0.024067 0.404985
v 0.912161 0.023390 0.381460
v 0.912161 0.026459 0.381378
v 0.912161 0.022837 0.360667
v 0.912161 0.022217 0.337171
v 0.912161 0.025314 0.337140
v 0.912161 0.025887 0.360686
v 0.917737 0.027728 0.380097
v 0.917737 0.027510 0.379607
v 0.917737 0.028190 0.378886
v 0.917737 0.028228 0.380290
v 0.917737 0.027862 0.379842
v 0.917737 0.027976 0.379950
v 0.917737 0.028018 0.379758
v 0.917737 0.027851 0.379493
v 0.917737 0.027789 0.379678
v 0.917737 0.027976 0.379609
v 0.917737 0.028203 0.379354
v 0.917737 0.028097 0.379233
v 0.917737 0.028116 0.379494
v 0.917737 0.028143 0.380015
v 0.917737 0.028216 0.379822
v 0.917737 0.028131 0.379757
v 0.917737 0.017558 0.380367
v 0.917737 0.017070 0.380587
v 0.917737 0.017749 0.379867
v 0.917737 0.017303 0.380235
v 0.917737 0.017411 0.380120
v 0.917737 0.017273 0.380098
v 0.917737 0.017090 0.380270
v 0.917737 0.017234 0.380397
v 0.917737 0.017198 0.380136
v 0.917737 0.017476 0.380002
v 0.917737 0.017227 0.380037
v 0.917737 0.017306 0.380021
v 0.917737 0.018391 0.406377
v 0.917737 0.018610 0.406871
v 0.917737 0.017886 0.406185
v 0.917737 0.018258 0.406633
v 0.917737 0.018143 0.406524
v 0.917737 0.018121 0.406663
v 0.917737 0.018145 0.406770
v 0.917737 0.018331 0.406798
v 0.917737 0.018159 0.406739
v 0.917737 0.017974 0.406460
v 0.917737 0.018019 0.406676
v 0.917737 0.018043 0.406629
v 0.917737 0.027673 0.361703
v 0.917737 0.027709 0.363107
v 0.917737 0.026986 0.362415
v 0.917737 0.027183 0.361917
v 0.917737 0.027685 0.362171
v 0.917737 0.027600 0.361981
v 0.917737 0.027602 0.362240
v 0.917737 0.027595 0.362764
v 0.917737 0.027697 0.362639
v 0.917737 0.027600 0.362503
v 0.917737 0.027262 0.362332
v 0.917737 0.027334 0.362514
v 0.917737 0.027453 0.362393
v 0.917737 0.027437 0.362053
v 0.917737 0.027327 0.362166
v 0.917737 0.027487 0.362243
v 0.917737 0.026637 0.335866
v 0.917737 0.026421 0.335374
v 0.917737 0.027138 0.336061
v 0.917737 0.026772 0.335612
v 0.917737 0.026886 0.335721
v 0.917737 0.026825 0.335585
v 0.917737 0.026743 0.335360
v 0.917737 0.026702 0.335520
v 0.917737 0.026833 0.335501
v 0.917737 0.026945 0.335712
v 0.917737 0.027054 0.335547
v 0.917737 0.026989 0.335707
v 0.917737 0.015914 0.336286
v 0.917737 0.016598 0.335570
v 0.917737 0.016404 0.336069
v 0.917737 0.016034 0.335782
v 0.917737 0.015986 0.336007
v 0.917737 0.016045 0.335835
v 0.917737 0.016323 0.335654
v 0.917737 0.016168 0.335683
v 0.917737 0.016154 0.335721
v 0.917737 0.016149 0.335935
v 0.917737 0.016258 0.335821
v 0.917737 0.016120 0.335798
v 0.917737 0.017084 0.362048
v 0.917737 0.017299 0.362545
v 0.917737 0.015905 0.362669
v 0.917737 0.016579 0.361852
v 0.917737 0.016949 0.362303
v 0.917737 0.016834 0.362193
v 0.917737 0.016759 0.362358
v 0.917737 0.016855 0.362566
v 0.917737 0.017021 0.362469
v 0.917737 0.016765 0.362478
v 0.917737 0.016241 0.362509
v 0.917737 0.016345 0.362612
v 0.917737 0.016498 0.362492
v 0.917737 0.016665 0.362127
v 0.917737 0.016485 0.362213
v 0.917737 0.016607 0.362328
v 0.917737 0.027435 0.405965
v 0.917737 0.028120 0.405247
v 0.917737 0.028645 0.406434
v 0.917737 0.027784 0.405863
v 0.917737 0.028035 0.405600
v 0.917737 0.018566 0.405467
v 0.917737 0.019290 0.406153
v 0.917737 0.018401 0.406367
v 0.917737 0.018671 0.405816
v 0.917737 0.018936 0.406067
v 0.917737 0.018473 0.380550
v 0.917737 0.017794 0.381270
v 0.917737 0.017568 0.380377
v 0.917737 0.018126 0.380653
v 0.917737 0.017877 0.380917
v 0.917737 0.027543 0.381010
v 0.917737 0.026825 0.380327
v 0.917737 0.027718 0.380107
v 0.917737 0.027441 0.380662
v 0.917737 0.027178 0.380412
v 0.917737 0.017263 0.361141
v 0.917737 0.017983 0.361833
v 0.917737 0.017093 0.362038
v 0.917737 0.017366 0.361491
v 0.917737 0.017629 0.361744
v 0.917737 0.017318 0.336258
v 0.917737 0.016635 0.336973
v 0.917737 0.016414 0.336078
v 0.917737 0.016970 0.336359
v 0.917737 0.016720 0.336621
v 0.917737 0.026451 0.336777
v 0.917737 0.025734 0.336089
v 0.917737 0.026627 0.335876
v 0.917737 0.026349 0.336428
v 0.917737 0.026087 0.336176
v 0.917737 0.026269 0.361722
v 0.917737 0.026957 0.361011
v 0.917737 0.027173 0.361908
v 0.917737 0.026618 0.361623
v 0.917737 0.026870 0.361363
v 0.912161 0.019290 0.406153
v 0.912161 0.018566 0.405467
v 0.912161 0.019274 0.406021
v 0.912161 0.018936 0.406067
v 0.912161 0.018671 0.405816
v 0.912161 0.028120 0.405247
v 0.912161 0.027435 0.405965
v 0.912161 0.027627 0.405467
v 0.912161 0.028035 0.405600
v 0.912161 0.027784 0.405863
v 0.912161 0.026825 0.380327
v 0.912161 0.027543 0.381010
v 0.912161 0.027178 0.380412
v 0.912161 0.027441 0.380662
v 0.912161 0.017794 0.381270
v 0.912161 0.018473 0.380550
v 0.912161 0.017877 0.380917
v 0.912161 0.018126 0.380653
v 0.912161 0.016635 0.336973
v 0.912161 0.017318 0.336258
v 0.912161 0.017309 0.336383
v 0.912161 0.016720 0.336621
v 0.912161 0.016970 0.336359
v 0.912161 0.017983 0.361833
v 0.912161 0.017263 0.361141
v 0.912161 0.017968 0.361697
v 0.912161 0.017629 0.361744
v 0.912161 0.017366 0.361491
v 0.912161 0.026957 0.361011
v 0.912161 0.026269 0.361722
v 0.912161 0.026870 0.361363
v 0.912161 0.026618 0.361623
v 0.912161 0.025734 0.336089
v 0.912161 0.026451 0.336777
v 0.912161 0.026087 0.336176
v 0.912161 0.026349 0.336428
v 0.917737 0.026168 0.320269
v 0.917737 0.019826 0.315907
v 0.917737 0.019947 0.320435
v 0.917737 0.018378 0.261592
v 0.917737 0.024598 0.261426
v 0.078707 0.017520 0.467478
v 0.078707 0.017267 0.458563
v 0.078707 0.015913 0.464672
v 0.078707 0.015821 0.461455
v 0.078707 0.027926 0.468633
v 0.078707 0.019011 0.468886
v 0.078707 0.025120 0.470240
v 0.078707 0.021903 0.470332
v 0.078707 0.029116 0.458190
v 0.078707 0.029370 0.467105
v 0.078707 0.030724 0.460996
v 0.078707 0.030815 0.464212
v 0.078707 0.018710 0.457035
v 0.078707 0.027626 0.456781
v 0.078707 0.021516 0.455427
v 0.078707 0.024733 0.455336
v 0.078707 0.019675 0.460247
v 0.078707 0.018748 0.462102
v 0.078707 0.018798 0.463860
v 0.078707 0.019829 0.465660
v 0.078707 0.020695 0.466478
v 0.078707 0.022550 0.467405
v 0.078707 0.024308 0.467355
v 0.078707 0.026108 0.466324
v 0.078707 0.026961 0.465421
v 0.078707 0.027888 0.463566
v 0.078707 0.027839 0.461808
v 0.078707 0.026807 0.460008
v 0.078707 0.025942 0.459190
v 0.078707 0.024086 0.458263
v 0.078707 0.022328 0.458312
v 0.078707 0.020528 0.459344
v 0.089939 0.018748 0.462102
v 0.089939 0.019675 0.460247
v 0.089939 0.020528 0.459344
v 0.089939 0.018798 0.463860
v 0.089939 0.019829 0.465660
v 0.089939 0.020695 0.466478
v 0.089939 0.022550 0.467405
v 0.089939 0.024308 0.467355
v 0.089939 0.026108 0.466324
v 0.089939 0.026961 0.465421
v 0.089939 0.027888 0.463565
v 0.089939 0.027839 0.461808
v 0.089939 0.026807 0.460008
v 0.089939 0.025942 0.459190
v 0.089939 0.024086 0.458262
v 0.089939 0.022328 0.458312
v 0.078707 0.018819 0.484663
v 0.078707 0.018801 0.483961
v 0.089939 0.018819 0.484663
v 0.089939 0.028298 0.511152
v 0.089939 0.027578 0.486991
v 0.089939 0.025291 0.487052
v 0.089939 0.024597 0.487071
v 0.089939 0.025147 0.511236
v 0.089939 0.029303 0.553736
v 0.089939 0.028760 0.530867
v 0.089939 0.025703 0.530948
v 0.089939 0.026268 0.553817
v 0.080071 0.028298 0.511152
v 0.080071 0.027578 0.486991
v 0.080071 0.025147 0.511236
v 0.080071 0.024597 0.487071
v 0.080071 0.029303 0.553736
v 0.080071 0.028760 0.530867
v 0.080071 0.026268 0.553817
v 0.080071 0.025703 0.530948
v 0.078707 0.017881 0.483986
v 0.078707 0.017311 0.484581
v 0.078707 0.017720 0.484402
v 0.078707 0.017596 0.484025
v 0.078707 0.017654 0.484058
v 0.078707 0.017513 0.484114
v 0.078707 0.017373 0.484351
v 0.078707 0.017337 0.484270
v 0.078707 0.017422 0.484209
v 0.078707 0.017600 0.484197
v 0.078707 0.017509 0.484291
v 0.078707 0.017485 0.484178
v 0.078707 0.017828 0.514115
v 0.078707 0.018417 0.514679
v 0.078707 0.018239 0.514275
v 0.078707 0.017917 0.514524
v 0.078707 0.017897 0.514342
v 0.078707 0.017952 0.514489
v 0.078707 0.018187 0.514620
v 0.078707 0.018133 0.514652
v 0.078707 0.018045 0.514564
v 0.078707 0.018034 0.514396
v 0.078707 0.018129 0.514547
v 0.078707 0.018015 0.514510
v 0.078707 0.030377 0.484064
v 0.078707 0.030795 0.484222
v 0.078707 0.030195 0.483658
v 0.078707 0.030582 0.483943
v 0.078707 0.030487 0.483853
v 0.078707 0.030565 0.483829
v 0.078707 0.030699 0.483940
v 0.078707 0.030721 0.483995
v 0.078707 0.030616 0.483857
v 0.078707 0.030426 0.483717
v 0.078707 0.030483 0.483736
v 0.078707 0.030528 0.483806
v 0.078707 0.031800 0.513742
v 0.078707 0.031398 0.513924
v 0.078707 0.031240 0.514337
v 0.078707 0.031829 0.514901
v 0.078707 0.031743 0.513973
v 0.078707 0.031810 0.514129
v 0.078707 0.031744 0.514186
v 0.078707 0.031519 0.514128
v 0.078707 0.031609 0.514033
v 0.078707 0.031651 0.514190
v 0.078707 0.031526 0.514416
v 0.078707 0.031467 0.514266
v 0.078707 0.031624 0.514315
v 0.078707 0.031819 0.514515
v 0.078707 0.031738 0.514619
v 0.078707 0.031743 0.514404
v 0.078707 0.032022 0.556927
v 0.078707 0.032590 0.556332
v 0.078707 0.032182 0.556512
v 0.078707 0.032305 0.556834
v 0.078707 0.032249 0.556856
v 0.078707 0.032388 0.556768
v 0.078707 0.032476 0.556564
v 0.078707 0.032543 0.556687
v 0.078707 0.032479 0.556680
v 0.078707 0.032302 0.556717
v 0.078707 0.032393 0.556622
v 0.078707 0.032417 0.556736
v 0.078707 0.019353 0.556856
v 0.078707 0.018941 0.556696
v 0.078707 0.019533 0.557260
v 0.078707 0.019148 0.556977
v 0.078707 0.019243 0.557066
v 0.078707 0.019112 0.557135
v 0.078707 0.018945 0.557064
v 0.078707 0.019011 0.556923
v 0.078707 0.019017 0.557135
v 0.078707 0.019303 0.557201
v 0.078707 0.019145 0.557258
v 0.078707 0.018725 0.528282
v 0.078707 0.018884 0.527866
v 0.078707 0.018318 0.528461
v 0.078707 0.018604 0.528076
v 0.078707 0.018514 0.528171
v 0.078707 0.018490 0.528058
v 0.078707 0.018601 0.527929
v 0.078707 0.018659 0.527991
v 0.078707 0.018517 0.527976
v 0.078707 0.018378 0.528231
v 0.078707 0.018441 0.528006
v 0.078707 0.018427 0.528089
v 0.078707 0.032032 0.528096
v 0.078707 0.032012 0.526936
v 0.078707 0.031441 0.527531
v 0.078707 0.031620 0.527935
v 0.078707 0.032025 0.527709
v 0.078707 0.031962 0.527868
v 0.078707 0.031954 0.527655
v 0.078707 0.031930 0.527223
v 0.078707 0.032018 0.527323
v 0.078707 0.031944 0.527438
v 0.078707 0.031671 0.527590
v 0.078707 0.031724 0.527438
v 0.078707 0.031826 0.527533
v 0.078707 0.031825 0.527815
v 0.078707 0.031731 0.527725
v 0.078707 0.031860 0.527656
v 0.078707 0.018027 0.485387
v 0.078707 0.018717 0.484666
v 0.078707 0.017730 0.484412
v 0.078707 0.018115 0.485033
v 0.078707 0.018368 0.484769
v 0.078707 0.019229 0.513955
v 0.078707 0.018515 0.513272
v 0.078707 0.018248 0.514265
v 0.078707 0.018876 0.513870
v 0.078707 0.018615 0.513620
v 0.078707 0.029395 0.484381
v 0.078707 0.030121 0.485064
v 0.078707 0.030368 0.484075
v 0.078707 0.029749 0.484466
v 0.078707 0.030015 0.484716
v 0.078707 0.031070 0.512937
v 0.078707 0.030392 0.513657
v 0.078707 0.031387 0.513915
v 0.078707 0.030988 0.513290
v 0.078707 0.030740 0.513554
v 0.078707 0.019038 0.529267
v 0.078707 0.019724 0.528546
v 0.078707 0.018735 0.528291
v 0.078707 0.019124 0.528913
v 0.078707 0.019375 0.528650
v 0.078707 0.020341 0.556537
v 0.078707 0.019624 0.555853
v 0.078707 0.019363 0.556846
v 0.078707 0.019988 0.556452
v 0.078707 0.019726 0.556202
v 0.078707 0.030631 0.528255
v 0.078707 0.031346 0.528938
v 0.078707 0.031610 0.527946
v 0.078707 0.030983 0.528340
v 0.078707 0.031245 0.528590
v 0.078707 0.031872 0.555527
v 0.078707 0.031184 0.556247
v 0.078707 0.032172 0.556502
v 0.078707 0.031785 0.555880
v 0.078707 0.031533 0.556144
v 0.089939 0.018717 0.484666
v 0.089939 0.018027 0.485387
v 0.089939 0.018368 0.484769
v 0.089939 0.018115 0.485033
v 0.089939 0.018515 0.513272
v 0.089939 0.019229 0.513955
v 0.089939 0.018615 0.513620
v 0.089939 0.018876 0.513870
v 0.089939 0.030121 0.485064
v 0.089939 0.029395 0.484381
v 0.089939 0.029611 0.484869
v 0.089939 0.030015 0.484716
v 0.089939 0.029749 0.484466
v 0.089939 0.030392 0.513657
v 0.089939 0.031070 0.512937
v 0.089939 0.030740 0.513554
v 0.089939 0.030988 0.513290
v 0.089939 0.031184 0.556247
v 0.089939 0.031872 0.555527
v 0.089939 0.031381 0.555741
v 0.089939 0.031533 0.556144
v 0.089939 0.031785 0.555880
v 0.089939 0.019624 0.555853
v 0.089939 0.020341 0.556537
v 0.089939 0.019726 0.556202
v 0.089939 0.019988 0.556452
v 0.089939 0.019724 0.528546
v 0.089939 0.019038 0.529267
v 0.089939 0.019375 0.528650
v 0.089939 0.019124 0.528913
v 0.089939 0.031346 0.528938
v 0.089939 0.030631 0.528255
v 0.089939 0.030842 0.528738
v 0.089939 0.031245 0.528590
v 0.089939 0.030983 0.528340
v 0.078707 0.018340 0.581793
v 0.078707 0.014131 0.581891
v 0.078707 0.014868 0.609559
v 0.096025 0.003231 0.582147
v 0.094976 0.003968 0.609778
v 0.078707 0.033102 0.581447
v 0.078707 0.033972 0.609172
v 0.078707 0.022208 0.581714
v 0.078707 0.022296 0.609431
v 0.084323 0.022296 0.609431
v 0.084323 0.033972 0.609172
v 0.084323 0.017948 0.590946
v 0.084323 0.018011 0.587342
v 0.084323 0.022366 0.603918
v 0.084323 0.017976 0.603958
v 0.084323 0.022139 0.587292
v 0.084323 0.018039 0.600359
v 0.084323 0.014373 0.590993
v 0.084323 0.014624 0.600400
v 0.084323 0.033102 0.581447
v 0.084323 0.022208 0.581714
v 0.077801 0.014570 0.609563
v 0.094070 0.003669 0.609782
v 0.077801 0.013832 0.581896
v 0.077801 0.021909 0.581718
v 0.095119 0.002932 0.582151
v 0.077801 0.017649 0.590950
v 0.077801 0.017712 0.587346
v 0.077801 0.014326 0.600405
v 0.077801 0.022067 0.603922
v 0.077801 0.017678 0.603962
v 0.077801 0.021841 0.587296
v 0.077801 0.017741 0.600363
v 0.077801 0.014075 0.590998
v 0.077801 0.021997 0.609436
v 0.078707 0.042614 0.644819
v 0.078707 0.015825 0.645452
v 0.078707 0.030933 0.648975
v 0.078707 0.024402 0.649123
v 0.078707 0.028871 0.650141
v 0.078707 0.026514 0.650194
v 0.078707 0.031387 0.641814
v 0.078707 0.031536 0.648345
v 0.078707 0.032553 0.643876
v 0.078707 0.032606 0.646232
v 0.078707 0.024239 0.641373
v 0.078707 0.030770 0.641224
v 0.078707 0.026301 0.640207
v 0.078707 0.028657 0.640153
v 0.078707 0.023785 0.648534
v 0.078707 0.023637 0.642003
v 0.078707 0.022620 0.646472
v 0.078707 0.022566 0.644116
v 0.078707 0.025137 0.648085
v 0.078707 0.026802 0.648929
v 0.078707 0.028527 0.648890
v 0.078707 0.030497 0.647610
v 0.078707 0.031341 0.645945
v 0.078707 0.031302 0.644220
v 0.078707 0.030383 0.642595
v 0.078707 0.030035 0.642262
v 0.078707 0.028370 0.641418
v 0.078707 0.026645 0.641458
v 0.078707 0.025020 0.642376
v 0.078707 0.023831 0.644403
v 0.078707 0.023870 0.646128
v 0.078707 0.027397 0.646138
v 0.078707 0.027813 0.646128
v 0.078707 0.028303 0.645845
v 0.078707 0.028550 0.645357
v 0.078707 0.028540 0.644941
v 0.078707 0.028263 0.644457
v 0.078707 0.027775 0.644210
v 0.078707 0.027359 0.644219
v 0.078707 0.026869 0.644503
v 0.078707 0.026622 0.644991
v 0.078707 0.026632 0.645407
v 0.078707 0.026901 0.645883
v 0.089939 0.030933 0.648975
v 0.089939 0.028871 0.650141
v 0.089939 0.026514 0.650194
v 0.089939 0.024402 0.649123
v 0.089939 0.032553 0.643876
v 0.089939 0.032606 0.646232
v 0.089939 0.024239 0.641373
v 0.089939 0.026301 0.640207
v 0.089939 0.028657 0.640153
v 0.089939 0.030770 0.641224
v 0.089939 0.022620 0.646472
v 0.089939 0.022566 0.644116
v 0.089939 0.026802 0.648929
v 0.089939 0.025137 0.648085
v 0.089939 0.028527 0.648890
v 0.089939 0.030497 0.647610
v 0.089939 0.031341 0.645945
v 0.089939 0.031302 0.644220
v 0.089939 0.030383 0.642595
v 0.089939 0.028370 0.641418
v 0.089939 0.026645 0.641458
v 0.089939 0.025020 0.642376
v 0.089939 0.023831 0.644403
v 0.089939 0.023870 0.646128
v 0.087131 0.027397 0.646138
v 0.087131 0.026901 0.645882
v 0.087131 0.027813 0.646128
v 0.087131 0.028303 0.645845
v 0.087131 0.028550 0.645357
v 0.087131 0.028540 0.644941
v 0.087131 0.028263 0.644457
v 0.087131 0.027775 0.644210
v 0.087131 0.027359 0.644219
v 0.087131 0.026869 0.644503
v 0.087131 0.026622 0.644990
v 0.087131 0.026632 0.645406
v 0.917737 0.041085 0.587501
v 0.791414 0.043890 0.692682
v 0.209936 0.043962 0.692682
v 0.083834 0.042614 0.644819
v 0.083834 0.043058 0.661484
v 0.087156 0.043369 0.673151
v 0.095536 0.043579 0.681038
v 0.108314 0.043665 0.684261
v 0.155495 0.043719 0.684261
v 0.155502 0.042880 0.653079
v 0.156912 0.042684 0.648767
v 0.161389 0.042518 0.645089
v 0.166647 0.042465 0.643923
v 0.203141 0.042461 0.643847
v 0.208412 0.042513 0.644994
v 0.212905 0.042680 0.648672
v 0.214312 0.042876 0.652990
v 0.214287 0.043719 0.684261
v 0.787187 0.043665 0.684261
v 0.787161 0.042885 0.652897
v 0.788602 0.042704 0.648582
v 0.793193 0.042550 0.644900
v 0.798587 0.042502 0.643734
v 0.836119 0.042499 0.643658
v 0.841522 0.042546 0.644803
v 0.846135 0.042700 0.648470
v 0.847597 0.042880 0.652781
v 0.847674 0.043665 0.684261
v 0.888312 0.043665 0.684261
v 0.901090 0.043579 0.681038
v 0.909470 0.043369 0.673151
v 0.912792 0.043058 0.661484
v 0.083805 0.041180 0.591074
v 0.084876 0.041133 0.589279
v 0.912793 0.041142 0.589621
v 0.793140 0.032406 0.692988
v 0.841475 0.032406 0.692988
v 0.841475 0.010031 0.677760
v 0.793140 0.010031 0.677760
v 0.841475 0.043890 0.692682
v 0.793140 0.043890 0.692682
v 0.793140 0.003371 0.657935
v 0.793140 0.003937 0.660854
v 0.794145 0.002646 0.654185
v 0.796890 0.002114 0.651440
v 0.800640 0.001920 0.650435
v 0.837726 0.002114 0.651440
v 0.841475 0.003371 0.657935
v 0.841475 0.004115 0.661776
v 0.833975 0.001920 0.650435
v 0.840471 0.002646 0.654185
v 0.793140 0.007193 0.673771
v 0.793140 0.004671 0.664148
v 0.841475 0.004491 0.663461
v 0.841475 0.007193 0.673771
v 0.841475 0.043810 0.689699
v 0.793140 0.042956 0.657935
v 0.794145 0.042855 0.654185
v 0.841475 0.042930 0.657935
v 0.800640 0.042744 0.650435
v 0.796890 0.042776 0.651440
v 0.840471 0.042810 0.654185
v 0.833975 0.042711 0.650435
v 0.837726 0.042736 0.651440
v 0.209247 0.032406 0.692988
v 0.160912 0.032406 0.692988
v 0.160912 0.010031 0.677760
v 0.209247 0.010031 0.677760
v 0.209247 0.043957 0.692682
v 0.209247 0.043962 0.692682
v 0.160912 0.043957 0.692682
v 0.160912 0.007193 0.673771
v 0.209247 0.007193 0.673771
v 0.160912 0.003371 0.657935
v 0.164662 0.002114 0.651440
v 0.168412 0.001920 0.650435
v 0.161917 0.002646 0.654185
v 0.205497 0.002114 0.651440
v 0.209247 0.003371 0.657935
v 0.208242 0.002646 0.654185
v 0.201747 0.001920 0.650435
v 0.160912 0.004332 0.662857
v 0.209247 0.004358 0.662956
v 0.160912 0.004225 0.662346
v 0.209247 0.004160 0.662009
v 0.160912 0.043863 0.689249
v 0.205497 0.042700 0.651440
v 0.209247 0.042918 0.657935
v 0.208242 0.042801 0.654185
v 0.168412 0.042760 0.650435
v 0.160912 0.043011 0.657935
v 0.161917 0.042898 0.654185
v 0.164662 0.042804 0.651440
v 0.201747 0.042675 0.650435
v 0.840471 0.032404 0.654185
v 0.837726 0.032398 0.651440
v 0.794145 0.032305 0.654185
v 0.796890 0.032311 0.651440
v 0.833975 0.032390 0.650435
v 0.800640 0.032319 0.650435
v 0.793140 0.031924 0.657935
v 0.841475 0.031898 0.657935
v 0.161917 0.029046 0.654185
v 0.205497 0.028808 0.651440
v 0.164662 0.028808 0.651440
v 0.160912 0.029370 0.657935
v 0.208242 0.029046 0.654185
v 0.201747 0.028721 0.650435
v 0.168412 0.028721 0.650435
v 0.209247 0.029370 0.657935
v 0.793140 0.004357 0.662741
v 0.841475 0.004330 0.662741
vn -0.2697 -0.9625 -0.0308
vn -0.3823 -0.9240 0.0003
vn -0.3885 -0.9214 0.0010
vn -0.2636 -0.9640 -0.0342
vn 0.2697 -0.9625 -0.0308
vn 0.2030 -0.9763 -0.0745
vn 0.1743 -0.9798 -0.0982
vn 0.2636 -0.9640 -0.0342
vn -0.1743 -0.9798 -0.0982
vn -0.2030 -0.9763 -0.0745
vn -0.0000 -0.6997 0.7144
vn -0.0000 -0.5626 0.8267
vn -0.0434 -0.5976 0.8006
vn -0.0123 -0.6966 0.7173
vn 0.0123 -0.6966 0.7173
vn 0.0434 -0.5976 0.8006
vn -0.4595 -0.8882 0.0049
vn -0.4590 -0.8884 0.0053
vn -0.4429 -0.8869 0.1315
vn -0.4206 -0.8752 0.2389
vn -0.4613 -0.8872 0.0103
vn -0.4604 -0.8877 0.0046
vn -0.4653 -0.8850 0.0143
vn -0.1308 -0.2200 -0.9667
vn -0.1278 -0.2201 -0.9671
vn 0.1278 -0.2201 -0.9671
vn 0.1308 -0.2200 -0.9667
vn -0.0000 -0.9698 -0.2439
vn 0.0579 -0.9781 -0.1999
vn 0.0387 -0.9759 -0.2147
vn -0.0387 -0.9759 -0.2147
vn -0.0579 -0.9781 -0.1999
vn 0.3865 -0.9223 0.0003
vn 0.8337 -0.5522 0.0007
vn 0.4249 -0.8732 0.2388
vn 0.4484 -0.8841 0.1316
vn -0.0000 0.0266 0.9996
vn -0.1249 0.0252 0.9919
vn -0.1316 0.0251 0.9910
vn -0.0000 0.0267 0.9996
vn 0.1316 0.0252 0.9910
vn 0.1249 0.0253 0.9918
vn 1.0000 -0.0000 -0.0000
vn 0.9905 0.0031 0.1376
vn 0.9906 0.0031 0.1371
vn 0.1297 -0.9818 -0.1385
vn 0.1203 -0.9817 -0.1475
vn -0.4830 0.0208 0.8754
vn -0.5234 0.0201 0.8519
vn -0.8556 0.0119 0.5176
vn -0.8859 0.0106 0.4638
vn -0.7818 0.4791 -0.3990
vn -0.9925 0.0030 0.1224
vn 0.1396 -0.6967 0.7036
vn 0.1721 -0.7005 0.6926
vn 0.3354 -0.8185 0.4664
vn 0.3153 -0.8042 0.5038
vn -0.0029 -0.9999 -0.0134
vn -0.5532 -0.8328 0.0183
vn -0.1193 -0.9277 -0.3538
vn -0.1297 -0.9818 -0.1385
vn -0.1203 -0.9817 -0.1475
vn 0.9126 -0.0377 -0.4071
vn 0.8239 -0.2247 -0.5203
vn 0.5150 -0.1865 -0.8367
vn 0.4826 -0.1911 -0.8547
vn -0.1721 -0.7005 0.6926
vn -0.1396 -0.6967 0.7036
vn -0.3153 -0.8042 0.5038
vn -0.3354 -0.8185 0.4664
vn 0.5234 0.0201 0.8519
vn 0.4830 0.0208 0.8754
vn 0.8859 0.0106 0.4638
vn 0.8556 0.0119 0.5176
vn 0.9623 0.0062 0.2720
vn 0.9926 0.0028 0.1217
vn -0.5150 -0.1865 -0.8367
vn -0.4826 -0.1911 -0.8547
vn -0.8829 -0.0975 -0.4593
vn -0.8508 -0.1099 -0.5139
vn -0.9938 -0.0218 -0.1086
vn -0.9721 -0.1030 -0.2108
vn 0.3122 -0.9500 -0.0089
vn 0.3081 -0.9513 -0.0089
vn -0.0000 -0.8149 0.5796
vn 0.0050 0.0267 0.9996
vn 0.1545 0.0263 0.9876
vn -0.9915 -0.0035 -0.1303
vn -0.9892 0.0039 0.1466
vn -0.5085 0.0230 0.8607
vn -0.1382 0.0264 0.9900
vn -0.0000 0.9996 -0.0267
vn 0.0049 0.0267 0.9996
vn -0.8567 0.0138 0.5156
vn -0.8666 -0.0133 -0.4988
vn 1.0000 -0.0001 -0.0035
vn -0.0025 -0.0267 -0.9996
vn -0.5027 -0.0230 -0.8642
vn 0.9650 -0.0070 -0.2621
vn 0.8642 -0.0134 -0.5030
vn -0.1346 -0.0264 -0.9905
vn 0.4965 -0.0231 -0.8677
vn 0.8605 0.0136 0.5092
vn 0.9584 0.0076 0.2855
vn 0.1263 -0.0264 -0.9916
vn 0.5197 0.0228 0.8540
vn -0.9892 0.0039 0.1464
vn -0.8574 0.0137 0.5144
vn 0.1691 0.9763 0.1353
vn 0.6891 0.6617 -0.2954
vn 0.3819 0.6829 -0.6228
vn -0.0826 0.8067 -0.5852
vn 0.1774 0.8815 -0.4376
vn 0.8704 0.0131 0.4922
vn 0.9928 0.0032 0.1201
vn -0.1428 0.0264 0.9894
vn 0.1344 0.0264 0.9906
vn 0.3389 -0.0251 -0.9405
vn 0.3931 -0.0863 -0.9154
vn 0.3275 0.4771 -0.8155
vn 0.7126 0.4924 -0.4998
vn -0.5017 -0.0231 -0.8647
vn -0.8664 -0.0133 -0.4991
vn 0.9928 -0.1152 0.0343
vn 0.9345 0.1071 -0.3396
vn 0.9475 -0.0684 -0.3124
vn 0.7041 -0.0189 -0.7098
vn 0.1334 0.4826 -0.8656
vn 0.5562 0.6563 -0.5097
vn -0.9915 -0.0035 -0.1304
vn -0.5115 0.0229 0.8590
vn 0.1141 -0.3800 -0.9179
vn -0.3550 0.3323 -0.8738
vn 0.5049 0.0230 0.8629
vn -0.0021 -0.9956 0.0932
vn -0.0000 -1.0000 -0.0013
vn -0.0000 -0.9996 -0.0299
vn -0.0000 -0.9987 -0.0505
vn -0.0000 0.9946 0.1041
vn -0.0000 0.9876 -0.1569
vn -0.0000 0.9909 -0.1345
vn -0.0000 -0.1041 0.9946
vn -0.0000 0.1569 0.9876
vn -0.0000 0.1040 -0.9946
vn -0.0000 -0.1569 -0.9876
vn -0.0000 -0.1599 -0.9871
vn -0.0000 0.1069 -0.9943
vn -0.0000 -0.9996 0.0267
vn -0.0000 -0.9967 -0.0815
vn -0.0000 -0.9946 -0.1040
vn -0.0000 -0.9876 0.1569
vn -0.0000 0.8524 -0.5229
vn -0.0000 0.8719 -0.4896
vn -0.0000 0.4767 -0.8790
vn -0.0000 0.4960 -0.8683
vn -0.0000 -0.8790 -0.4767
vn -0.0000 -0.8968 -0.4424
vn -0.0000 -0.5229 -0.8524
vn -0.0000 -0.5417 -0.8405
vn -0.0000 -0.4767 0.8790
vn -0.0000 -0.8524 0.5229
vn -0.0000 0.8790 0.4767
vn -0.0000 0.5229 0.8524
vn -0.0000 -0.9973 -0.0737
vn -0.0000 -0.9877 0.1566
vn -0.0000 0.5287 0.8488
vn -0.0000 0.4136 0.9105
vn -0.0000 0.6111 0.7916
vn -0.0000 -0.4136 -0.9105
vn -0.0000 -0.6111 -0.7916
vn -0.0000 0.9973 0.0737
vn -0.0000 0.9877 -0.1566
vn -0.0000 -0.9448 -0.3277
vn -0.0000 -0.7941 -0.6078
vn -0.0000 0.7760 -0.6308
vn -0.0000 0.0987 -0.9951
vn -0.0000 0.7941 0.6078
vn -0.0000 0.9448 0.3277
vn -0.0000 -0.7759 0.6308
vn -0.0000 -0.0987 0.9951
vn -0.0000 0.7759 -0.6308
vn -0.0000 -0.7760 0.6308
vn -0.0000 0.0988 -0.9951
vn -0.0000 -0.5287 -0.8488
vn -0.0000 -0.2915 -0.9566
vn -0.0000 -0.2914 -0.9566
vn 0.6832 0.4840 -0.5468
vn 0.6791 0.4973 -0.5399
vn 1.0000 -0.0000 0.0001
vn 0.0023 0.0267 0.9996
vn 1.0000 -0.0001 -0.0000
vn 0.7559 0.5772 -0.3090
vn 0.6714 0.6246 -0.3989
vn 0.6832 0.6996 -0.2092
vn 0.6682 0.6952 -0.2649
vn 0.6390 0.4848 -0.5972
vn 0.6682 0.1164 -0.7348
vn 0.6657 -0.1652 -0.7277
vn 0.6301 -0.5641 -0.5336
vn 0.6657 -0.7358 -0.1244
vn 0.6658 -0.7273 0.1666
vn 0.6304 -0.5334 0.5640
vn 0.6657 -0.1259 0.7355
vn 0.6698 0.1492 0.7274
vn 0.7838 0.3964 0.4780
vn -0.0695 -0.3037 -0.9502
vn 0.6791 0.7251 -0.1146
vn 0.6698 0.6873 0.2811
vn 0.6885 0.6934 0.2127
vn 0.6800 0.6406 0.3567
vn 0.6885 0.5459 0.4775
vn 0.6817 0.5660 0.4637
vn 0.6688 0.6880 0.2816
vn 0.6817 0.7286 0.0662
vn 0.6641 0.6591 -0.3529
vn 0.6437 0.4886 0.5891
vn 0.6714 0.6246 -0.3990
vn -0.0000 -0.0267 -0.9996
vn -0.0000 -0.9996 0.0283
vn -0.0000 0.9997 -0.0233
vn 0.7376 0.0788 -0.6706
vn 0.7377 -0.0973 -0.6680
vn 0.7377 -0.6674 0.1021
vn 0.7378 -0.6710 -0.0743
vn 0.6788 -0.7298 -0.0808
vn 0.6789 -0.7258 0.1110
vn 1.0000 -0.0000 -0.0001
vn 1.0000 -0.0000 0.0003
vn 0.7378 0.6713 0.0708
vn 0.7376 0.6670 -0.1052
vn 0.6789 -0.1126 -0.7256
vn 0.6789 0.0788 -0.7300
vn 0.7377 -0.6670 0.1041
vn 0.7377 -0.6712 -0.0722
vn 0.6789 -0.7300 -0.0786
vn 0.6789 -0.7255 0.1132
vn 0.7377 0.1060 0.6667
vn 0.7377 -0.0703 0.6714
vn 0.6789 -0.0765 0.7303
vn 0.6788 0.1153 0.7252
vn 1.0000 0.0001 -0.0000
vn 1.0000 -0.0000 -0.0002
vn 1.0000 -0.0000 0.0002
vn 0.6788 0.7302 0.0770
vn 0.6790 0.7252 -0.1144
vn 0.6790 0.0857 -0.7291
vn 0.6788 -0.1058 -0.7266
vn 0.7378 0.1016 0.6674
vn 0.7377 -0.0747 0.6710
vn 0.6789 -0.0813 0.7297
vn 0.6788 0.1105 0.7259
vn -0.0000 -0.9997 0.0264
vn -0.0000 -0.0100 -1.0000
vn 0.7377 0.6718 0.0669
vn 0.7376 0.6663 -0.1092
vn 1.0000 -0.0000 0.0011
vn 1.0000 -0.0000 -0.0004
vn 0.6788 0.7307 0.0727
vn 0.6789 0.7245 -0.1188
vn 0.6530 0.6671 0.3586
vn 0.6530 0.3970 0.6450
vn 0.6531 -0.3616 0.6654
vn 0.6531 -0.6463 0.3947
vn 0.6529 -0.6629 -0.3663
vn 0.6529 -0.3889 -0.6500
vn 0.6533 -0.3652 0.6632
vn 0.6533 -0.6478 0.3920
vn 1.0000 -0.0000 0.0008
vn 1.0000 -0.0000 -0.0003
vn 1.0000 -0.0000 -0.0005
vn 1.0000 -0.0000 0.0007
vn 1.0000 0.0001 0.0001
vn 1.0000 0.0003 0.0001
vn 0.7377 -0.1035 -0.6671
vn 0.7376 0.0725 -0.6713
vn 0.7703 -0.3316 -0.5446
vn 0.7703 -0.5596 -0.3057
vn 0.7698 0.5432 -0.3353
vn 0.7698 0.3049 -0.5608
vn 0.7705 0.3341 0.5428
vn 0.7705 0.5614 0.3018
vn 0.7704 -0.5441 0.3323
vn 0.7704 -0.3044 0.5602
vn 0.7696 0.5457 -0.3316
vn 0.7696 0.3098 -0.5584
vn 0.7706 0.3306 0.5449
vn 0.7706 0.5595 0.3052
vn 0.7702 -0.5457 0.3302
vn 0.7702 -0.3077 0.5587
vn 0.7707 -0.3272 -0.5468
vn 0.7707 -0.5577 -0.3082
vn 0.6536 0.3616 -0.6649
vn 0.6536 0.6440 -0.3976
vn 0.6532 -0.6645 -0.3631
vn 0.6532 -0.3937 -0.6467
vn 0.6530 0.6649 0.3626
vn 0.6529 0.3928 0.6476
vn 0.6536 0.3671 -0.6618
vn 0.6537 0.6467 -0.3930
vn -0.0000 -0.9996 0.0287
vn -0.0000 0.0176 0.9998
vn -0.0000 0.9997 -0.0243
vn -0.0000 -0.0064 1.0000
vn -0.0000 0.9997 -0.0255
vn -0.0000 0.6880 -0.7257
vn -0.0000 -0.7257 -0.6880
vn -0.0000 -0.6880 0.7257
vn -0.0000 0.7257 0.6880
vn -0.0000 0.8195 0.5730
vn -0.0000 0.9764 0.2158
vn -1.0000 -0.0000 -0.0000
vn -0.0000 0.2709 0.9626
vn -0.0000 0.6186 0.7857
vn -0.0000 -0.6186 -0.7857
vn -0.0000 -0.8195 -0.5730
vn -0.0000 -0.9764 -0.2158
vn -0.0000 0.9626 -0.2709
vn -0.0000 -0.9626 0.2709
vn -0.0000 0.7857 -0.6186
vn -0.0000 -0.7857 0.6186
vn -0.0000 0.5730 -0.8195
vn -0.0000 -0.5730 0.8195
vn -0.0000 0.2158 -0.9764
vn -0.0000 -0.2158 0.9764
vn -0.0000 -0.2709 -0.9626
vn -0.9541 0.2635 0.1421
vn -0.9541 -0.1430 0.2631
vn -0.3837 -0.9200 0.0795
vn -0.6732 -0.7180 -0.1772
vn -0.7376 -0.0701 0.6716
vn -0.7071 0.0188 0.7069
vn -0.2831 -0.0996 0.9539
vn -0.7376 0.6709 0.0762
vn -0.7378 0.6676 -0.1000
vn -0.0000 0.9890 -0.1481
vn -0.0000 0.9936 0.1129
vn -0.7376 -0.6710 -0.0747
vn -1.0000 -0.0000 0.0001
vn -1.0000 -0.0000 -0.0001
vn -1.0000 0.0001 -0.0000
vn -0.7378 -0.6674 0.1015
vn -0.7377 0.6712 0.0733
vn -0.7377 0.6672 -0.1030
vn -0.0000 0.9883 -0.1525
vn -0.0000 0.9941 0.1085
vn -0.7378 -0.6719 -0.0654
vn 0.0062 -0.0267 -0.9996
vn -0.7376 -0.6661 0.1107
vn -0.2809 -0.9488 0.1443
vn -0.2827 -0.9533 -0.1061
vn -0.7378 -0.0704 0.6714
vn -0.7377 0.1058 0.6668
vn -0.0000 0.1568 0.9876
vn -0.2843 -0.1000 0.9535
vn -0.7377 0.0703 -0.6714
vn -0.7376 -0.1058 -0.6669
vn -0.2811 -0.1503 -0.9478
vn -0.0000 0.1042 -0.9946
vn -0.2986 -0.0254 -0.9540
vn -0.0020 0.0327 0.9995
vn -0.0024 0.0267 0.9996
vn -0.7378 0.0704 -0.6713
vn -1.0000 0.0001 -0.0001
vn -1.0000 0.0001 0.0004
vn -1.0000 0.0001 0.0001
vn -0.7378 -0.1061 -0.6666
vn -0.0000 -0.1571 -0.9876
vn -0.0000 0.1044 -0.9945
vn -1.0000 -0.0001 -0.0000
vn -0.9542 -0.1428 0.2629
vn -0.9544 0.2985 -0.0080
vn -0.6732 0.4946 -0.5497
vn -0.6334 0.0176 0.7736
vn -0.0000 -0.9467 0.3221
vn -0.1923 -0.9596 -0.2056
vn -0.0000 -0.9997 0.0247
vn -0.0000 0.9997 -0.0237
vn -0.2294 0.9480 -0.2207
vn -0.0000 0.9996 -0.0298
vn -0.8091 -0.3734 0.4537
vn -0.1924 -0.9591 -0.2077
vn -0.0000 -0.9997 0.0228
vn 0.7738 -0.6333 0.0144
vn -0.2292 0.2176 0.9487
vn -0.2294 0.2178 0.9486
vn -0.1924 -0.2039 0.9599
vn -0.7376 0.1057 0.6669
vn -1.0000 -0.0000 0.0002
vn -0.2806 -0.9468 0.1574
vn -0.0000 -0.9953 -0.0969
vn -1.0000 -0.0001 -0.0017
vn -1.0000 -0.0001 -0.0015
vn -1.0000 -0.0004 0.0006
vn -1.0000 -0.0001 0.0001
vn -1.0000 -0.0001 0.0002
vn -1.0000 -0.0000 0.0004
vn -1.0000 0.0001 0.0003
vn -0.9999 0.0004 0.0148
vn 0.5037 -0.0230 -0.8636
vn -1.0000 -0.0000 -0.0004
vn -1.0000 -0.0000 -0.0002
vn -1.0000 -0.0001 -0.0054
vn -0.9939 -0.0709 0.0841
vn -1.0000 -0.0000 -0.0011
vn -1.0000 -0.0000 0.0006
vn -1.0000 0.0003 -0.0008
vn -1.0000 0.0001 -0.0002
vn -1.0000 -0.0002 -0.0000
vn -1.0000 -0.0002 0.0001
vn -1.0000 0.0002 -0.0001
vn -0.7698 0.5591 0.3080
vn -0.7698 0.3324 0.5448
vn -0.7708 0.3052 -0.5592
vn -0.7708 0.5453 -0.3296
vn -0.7698 -0.3031 0.5617
vn -0.7698 -0.5422 0.3366
vn -0.7707 -0.5618 -0.3008
vn -0.7707 -0.3344 -0.5425
vn -0.7700 0.5598 0.3061
vn -0.7701 0.3330 0.5442
vn -0.7705 0.3046 -0.5599
vn -0.7705 0.5444 -0.3315
vn -0.7706 -0.3049 0.5596
vn -0.7706 -0.5448 0.3305
vn -0.7699 -0.5595 -0.3070
vn -0.7698 -0.3326 -0.5448
vn -0.6535 -0.6431 0.3992
vn -0.6535 -0.3595 0.6661
vn -0.6535 -0.3945 -0.6460
vn -0.6535 -0.6636 -0.3641
vn -0.6530 -0.6476 0.3928
vn -0.6529 -0.3624 0.6651
vn -0.0000 -0.5247 -0.8513
vn -0.0000 -0.8816 -0.4721
vn -0.0000 0.8775 0.4796
vn -0.0000 0.5218 0.8531
vn -0.0000 0.8759 0.4825
vn -0.0000 0.5207 0.8537
vn -0.0000 0.1566 0.9877
vn -0.0000 0.8541 -0.5201
vn -0.0000 0.4779 -0.8784
vn -0.0000 0.8558 -0.5173
vn -0.0000 0.4790 -0.8778
vn -0.5898 -0.4639 -0.6610
vn -0.4451 0.7986 -0.4051
vn -0.0000 0.7566 -0.6538
vn -0.0075 0.8438 -0.5367
vn 0.0934 0.9947 0.0433
vn 0.1381 0.9888 -0.0567
vn 0.2928 0.3003 0.9078
vn -0.0000 0.0245 0.9997
vn 0.0108 0.0324 0.9994
vn 0.0344 -0.0084 0.9994
vn 0.0349 -0.0474 -0.9983
vn -0.0015 -0.0118 -0.9999
vn 0.0267 -0.1505 -0.9882
vn 0.5507 0.0298 -0.8342
vn -1.0000 0.0007 0.0013
vn -1.0000 0.0003 0.0014
vn -0.0000 -0.0313 -0.9995
vn 0.0697 0.1907 0.9792
vn 0.0514 0.0073 0.9987
vn 0.0167 0.0295 0.9994
vn 0.0882 0.0138 0.9960
vn -0.0000 0.2299 -0.9732
vn -0.0000 -0.9995 0.0313
vn -0.0000 -0.9595 0.2817
vn -0.7310 0.3860 0.5628
vn -0.0008 0.7215 0.6924
vn 0.0167 0.0306 0.9994
vn 0.0879 0.0149 0.9960
vn -0.0260 0.9975 -0.0658
vn -0.0285 0.9992 0.0286
vn -0.0134 0.9997 -0.0217
vn -0.0500 0.9984 0.0263
vn 0.0345 0.9988 0.0348
vn 0.9081 -0.2922 -0.3001
vn 0.0715 0.1751 -0.9820
vn 0.0719 -0.0645 -0.9953
vn 0.0168 0.0088 -0.9998
vn -0.3128 0.9495 -0.0239
vn -0.0110 0.9999 0.0079
vn 0.0126 0.9990 -0.0429
vn -0.0496 0.9988 0.0006
vn -0.0115 0.9987 0.0487
vn -0.0281 0.9996 -0.0041
vn 0.0149 0.9975 0.0698
vn 0.0093 -0.0153 -0.9998
vn 0.0365 -0.0569 -0.9977
vn -0.9879 -0.1036 0.1154
vn -0.9958 -0.0264 0.0872
vn -1.0000 -0.0015 0.0005
vn -0.9012 0.4140 -0.1285
vn -0.7859 -0.0568 -0.6157
vn -0.9958 -0.0629 0.0659
vn -0.9887 -0.0983 -0.1133
vn -0.9961 -0.0856 -0.0209
vn -0.9534 -0.2958 0.0590
vn -0.8723 0.0130 0.4888
vn -1.0000 0.0013 -0.0006
vn -0.9961 -0.0854 -0.0209
vn -0.5475 -0.8366 0.0165
vn -0.5455 -0.8381 0.0062
vn -0.5495 -0.8354 0.0110
vn -0.5459 -0.8377 0.0162
vn -0.5432 -0.8394 0.0162
vn -0.5402 -0.8414 0.0148
vn 0.3119 -0.9493 0.0391
vn 0.3183 -0.9470 0.0435
vn 0.3172 -0.9471 0.0488
vn 0.3095 -0.9496 0.0498
vn 0.4236 -0.0712 0.9030
vn -0.0047 0.0229 0.9997
vn -0.0070 0.0172 0.9998
vn -0.0497 0.0199 0.9986
vn 0.0020 0.4701 -0.8826
vn 0.3024 0.0101 -0.9531
vn 0.0013 -0.0220 -0.9998
vn 0.0995 0.0296 -0.9946
vn -1.0000 -0.0011 -0.0000
vn 0.1331 0.9871 0.0887
vn -0.0260 0.9978 -0.0604
vn -0.0285 0.9990 0.0339
vn -0.0402 0.9986 -0.0337
vn 0.9936 -0.0243 -0.1103
vn 0.9989 0.0411 -0.0245
vn 0.0754 -0.6001 0.7964
vn -0.0042 0.0152 0.9999
vn 0.0014 -0.0146 -0.9999
vn -0.0038 -0.0201 -0.9998
vn -1.0000 0.0011 -0.0000
vn -1.0000 0.0018 0.0034
vn -0.0000 0.9641 -0.2654
vn -0.0000 0.7510 -0.6602
vn -0.0000 0.6303 -0.7764
vn -1.0000 -0.0036 0.0013
vn -0.9988 0.0277 0.0401
vn -0.0000 0.9658 0.2595
vn -0.0000 0.9532 -0.3025
vn -0.0000 0.9752 0.2214
vn -0.0000 0.6838 0.7296
vn -0.0000 0.7985 0.6020
vn -0.0000 0.2730 0.9620
vn -0.0000 0.3168 0.9485
vn -0.0000 -0.9657 -0.2595
vn -0.0000 -0.6952 -0.7188
vn -0.0000 -0.6623 0.7492
vn -0.0000 -0.2213 0.9752
vn -0.0000 0.2655 0.9641
vn -0.0000 -0.2214 0.9752
vn -0.0000 0.6953 0.7187
vn -0.0000 -0.9621 0.2728
vn -0.0000 -0.9619 -0.2734
vn -0.0000 -0.9734 -0.2290
vn -0.0000 -0.9490 0.3152
vn -0.0000 0.7121 -0.7020
vn -0.0000 0.2504 -0.9682
vn -0.0000 -0.7308 0.6826
vn -0.0000 -0.6022 0.7983
vn -0.0000 0.6624 -0.7491
vn -0.0000 -0.9531 0.3025
vn -0.9998 0.0104 -0.0177
vn -0.9983 0.0505 -0.0285
vn -0.9970 -0.0647 0.0421
vn -0.9998 -0.0205 0.0005
vn -0.9970 -0.0423 -0.0653
vn -0.9998 -0.0005 -0.0199
vn -0.0000 0.2691 0.9631
vn 0.0716 0.6956 0.7148
vn -0.0000 0.7275 0.6862
vn -0.0000 0.2703 0.9628
vn -0.9974 0.0714 0.0086
vn -1.0000 -0.0000 0.0008
vn -0.9970 -0.0391 0.0666
vn -0.9998 0.0005 0.0205
vn -0.9998 0.0108 0.0167
vn -0.9970 0.0694 0.0352
vn -0.9998 0.0172 -0.0112
vn -0.9970 0.0349 -0.0689
vn -0.9955 0.0181 0.0925
vn -1.0000 -0.0016 -0.0000
vn -1.0000 -0.0009 -0.0004
vn -0.9954 -0.0470 -0.0832
vn -0.9956 -0.0181 -0.0924
vn -1.0000 0.0016 -0.0000
vn -0.0000 -0.6376 -0.7703
vn -0.0000 -0.7459 -0.6661
vn -0.0000 -0.2654 -0.9641
vn -0.0000 0.2214 -0.9752
vn -0.0000 -0.2655 -0.9641
vn -0.9954 0.0850 0.0437
vn -1.0000 0.0009 -0.0001
vn -1.0000 0.0003 -0.0014
vn -1.0000 0.0007 -0.0014
vn -1.0000 -0.0009 -0.0002
vn -1.0000 -0.0008 -0.0004
vn -1.0000 -0.0003 0.0016
vn -1.0000 -0.0007 0.0013
vn -0.0000 -0.9635 0.2678
vn 0.0446 -0.7195 0.6930
vn -0.0000 -0.6879 0.7259
vn -0.0000 -0.9633 0.2685
vn -0.0000 0.2253 -0.9743
vn -0.0000 -0.2692 -0.9631
vn -0.0012 -0.2711 -0.9626
vn -0.0000 0.2244 -0.9745
vn 0.0717 -0.6956 -0.7149
vn -0.0000 -0.7278 -0.6858
vn -0.0000 -0.9752 -0.2214
vn -0.0000 0.9752 0.2213
vn -0.0008 0.9996 -0.0268
vn -0.0005 0.9996 -0.0268
vn -0.0012 0.9996 -0.0270
vn -0.0017 0.9996 -0.0286
vn -0.0016 0.9996 -0.0293
vn -0.0019 0.9995 -0.0314
vn -0.0012 0.9996 -0.0299
vn -0.0015 0.9995 -0.0300
vn -0.0030 0.9994 -0.0333
vn -0.0005 0.9996 -0.0290
vn -0.0003 0.9996 -0.0283
vn -0.0008 0.9996 -0.0297
vn -0.0002 0.9996 -0.0275
vn -0.0003 0.9996 -0.0278
vn -0.0004 0.9996 -0.0282
vn 0.1309 -0.0000 0.9914
vn 0.1305 -0.0000 0.9914
vn -0.1305 -0.0000 0.9914
vn -0.1307 -0.0000 0.9914
vn 0.9893 -0.0000 0.1462
vn 0.9914 -0.0000 0.1305
vn -0.9918 -0.0000 0.1281
vn -0.9914 -0.0000 0.1305
vn 0.5021 -0.0000 0.8648
vn 0.5000 -0.0000 0.8660
vn 0.8518 -0.0000 0.5239
vn 0.4858 -0.0000 0.8741
vn 0.8660 -0.0000 0.5000
vn 0.9917 -0.0000 0.1283
vn 0.8680 -0.0000 0.4966
vn -0.5000 -0.0000 0.8660
vn -0.5019 -0.0000 0.8649
vn -0.8660 -0.0000 0.5000
vn -0.8681 -0.0000 0.4963
vn 0.1311 -0.0000 0.9914
vn 0.9917 -0.0000 0.1282
vn -0.9918 -0.0000 0.1280
vn 0.5026 -0.0000 0.8645
vn 0.8683 -0.0000 0.4961
vn -0.5024 -0.0000 0.8646
vn -0.8684 -0.0000 0.4959
vn -0.1284 -0.0000 0.9917
vn -0.4858 -0.0000 0.8741
vn 0.1284 -0.0000 0.9917
vn -0.8518 -0.0000 0.5239
vn -0.9893 -0.0000 0.1462
vn -0.0000 -0.9814 0.1919
vn -0.0000 -0.9673 0.2536
vn -0.0000 -0.9679 0.2513
vn -0.0000 -0.9677 0.2522
vn -0.0000 -1.0000 0.0076
vn 1.0000 -0.0030 0.0003
vt 0.526067 0.580508
vt 0.618352 0.585044
vt 0.618864 0.603776
vt 0.522466 0.603791
vt 0.526067 0.023363
vt 0.451619 0.028086
vt 0.421505 0.000047
vt 0.522466 0.000048
vt 0.421505 0.603790
vt 0.451619 0.575786
vt 0.962847 0.506761
vt 0.962847 0.086605
vt 0.978181 0.086607
vt 0.978181 0.506762
vt 0.978181 0.577820
vt 0.962847 0.562527
vt 0.962847 0.541542
vt 0.978181 0.541543
vt 0.962847 0.035116
vt 0.978181 0.019827
vt 0.978181 0.051826
vt 0.962847 0.051825
vt 0.717454 0.591316
vt 0.716886 0.603756
vt 0.764596 0.588206
vt 0.775309 0.603743
vt 0.762508 0.603746
vt 0.736745 0.603752
vt 0.737287 0.592066
vt 0.994025 0.569672
vt 0.986874 0.569770
vt 0.986874 0.011328
vt 0.994025 0.011426
vt 0.398286 0.022795
vt 0.401397 0.011420
vt 0.432596 0.040772
vt 0.432596 0.563098
vt 0.401397 0.592414
vt 0.398286 0.581039
vt 0.618352 0.018807
vt 0.618864 0.000033
vt 0.775309 0.000000
vt 0.764596 0.015599
vt 0.986441 0.543340
vt 0.986441 0.577922
vt 0.986441 0.084489
vt 0.986441 0.085744
vt 0.986441 0.507021
vt 0.986441 0.507534
vt 0.986437 0.507534
vt 0.978181 0.051826
vt 0.986441 0.019724
vt 0.986441 0.049555
vt 0.826242 0.876593
vt 0.825850 0.876701
vt 0.818588 0.880960
vt 0.817082 0.878896
vt 0.825850 0.873754
vt 0.826242 0.873402
vt 0.826529 0.872901
vt 0.826635 0.872385
vt 0.826635 0.869917
vt 0.826529 0.869524
vt 0.826242 0.869360
vt 0.825850 0.869468
vt 0.818455 0.873805
vt 0.817082 0.871663
vt 0.825850 0.866521
vt 0.826242 0.866169
vt 0.826529 0.865668
vt 0.826635 0.865152
vt 0.826635 0.864841
vt 0.831967 0.864324
vt 0.831967 0.918075
vt 0.823053 0.918049
vt 0.823053 0.910802
vt 0.822823 0.909943
vt 0.822195 0.909314
vt 0.821336 0.909084
vt 0.820861 0.909084
vt 0.820002 0.909314
vt 0.819373 0.909943
vt 0.819143 0.910802
vt 0.816690 0.900703
vt 0.817082 0.900595
vt 0.825850 0.895453
vt 0.826242 0.895102
vt 0.826529 0.894600
vt 0.826635 0.894084
vt 0.826635 0.891617
vt 0.826529 0.891224
vt 0.826242 0.891059
vt 0.825850 0.891167
vt 0.818854 0.895270
vt 0.817082 0.893362
vt 0.825850 0.888220
vt 0.826242 0.887868
vt 0.826529 0.887367
vt 0.826635 0.886851
vt 0.826635 0.884383
vt 0.826529 0.883990
vt 0.826242 0.883826
vt 0.825850 0.883934
vt 0.818721 0.888115
vt 0.817082 0.886129
vt 0.825850 0.880987
vt 0.826242 0.880635
vt 0.826529 0.880134
vt 0.826635 0.879618
vt 0.826635 0.877150
vt 0.826529 0.876757
vt 0.818101 0.845079
vt 0.817922 0.845184
vt 0.817082 0.842730
vt 0.817868 0.842269
vt 0.818267 0.863734
vt 0.818522 0.866532
vt 0.818321 0.866650
vt 0.817082 0.864429
vt 0.817082 0.857196
vt 0.818134 0.856579
vt 0.818382 0.859381
vt 0.818188 0.859494
vt 0.818001 0.849424
vt 0.818241 0.852230
vt 0.818055 0.852339
vt 0.817082 0.849963
vt 0.817961 0.837928
vt 0.817789 0.838029
vt 0.817082 0.835497
vt 0.817735 0.835114
vt 0.817821 0.830777
vt 0.817656 0.830874
vt 0.817082 0.828264
vt 0.817601 0.827959
vt 0.817680 0.823627
vt 0.817522 0.823719
vt 0.816739 0.821125
vt 0.817082 0.821030
vt 0.817468 0.820804
vt 0.817540 0.816476
vt 0.817389 0.816564
vt 0.816690 0.813905
vt 0.817082 0.813797
vt 0.817335 0.813649
vt 0.817202 0.806494
vt 0.817400 0.809325
vt 0.817256 0.809409
vt 0.816690 0.806672
vt 0.817082 0.806564
vt 0.817259 0.802174
vt 0.817123 0.802254
vt 0.816690 0.799439
vt 0.817069 0.799335
vt 0.826242 0.789795
vt 0.825850 0.789903
vt 0.825255 0.787305
vt 0.825850 0.786956
vt 0.440636 0.031863
vt 0.409895 0.003094
vt 0.986557 0.589309
vt 0.975498 0.589257
vt 0.986874 0.597644
vt 0.971338 0.597630
vt 0.808954 0.928866
vt 0.793404 0.928894
vt 0.793404 0.918084
vt 0.812685 0.918027
vt 0.961001 0.023642
vt 0.975498 0.008388
vt 0.793404 0.011412
vt 0.783166 0.026711
vt 0.775341 0.018446
vt 0.785832 0.003052
vt 0.618290 0.020361
vt 0.440636 0.572008
vt 0.409895 0.600742
vt 0.831967 0.552336
vt 0.823663 0.552392
vt 0.824502 0.543944
vt 0.831966 0.543929
vt 0.987014 0.000000
vt 0.994472 0.000049
vt 0.961001 0.574000
vt 0.783166 0.577067
vt 0.793404 0.592279
vt 0.785832 0.600666
vt 0.775341 0.585345
vt 0.986557 0.008337
vt 0.971338 0.000014
vt 0.986874 0.000000
vt 0.823053 0.918514
vt 0.831966 0.928888
vt 0.816417 0.928859
vt 0.812685 0.918018
vt 0.819143 0.918037
vt 0.819143 0.918514
vt 0.819373 0.919373
vt 0.820002 0.920002
vt 0.820861 0.920232
vt 0.821336 0.920232
vt 0.822195 0.920002
vt 0.822823 0.919373
vt 0.994472 0.581045
vt 0.987014 0.581094
vt 0.793404 0.543929
vt 0.800869 0.543944
vt 0.801707 0.552399
vt 0.793404 0.552343
vt 0.802853 0.563953
vt 0.793404 0.563841
vt 0.560197 0.000042
vt 0.538482 0.000045
vt 0.783166 0.089674
vt 0.785933 0.089667
vt 0.785933 0.509821
vt 0.783166 0.509827
vt 0.785933 0.565587
vt 0.783166 0.544608
vt 0.785933 0.544602
vt 0.785933 0.038178
vt 0.785933 0.054887
vt 0.783166 0.054893
vt 0.110774 0.624266
vt 0.110790 0.611211
vt 0.112304 0.611212
vt 0.112288 0.624267
vt 0.198549 0.616933
vt 0.198549 0.690335
vt 0.197033 0.690335
vt 0.197033 0.616933
vt 0.110677 0.814914
vt 0.110596 0.807476
vt 0.112110 0.807477
vt 0.112191 0.814915
vt 0.095908 0.606017
vt 0.101330 0.611473
vt 0.103528 0.618908
vt 0.103441 0.632188
vt 0.000000 0.632106
vt 0.000031 0.619097
vt 0.002076 0.611516
vt 0.007627 0.605959
vt 0.015198 0.603915
vt 0.088494 0.603781
vt 0.103528 0.802117
vt 0.000207 0.801764
vt 0.000176 0.814999
vt 0.103442 0.815172
vt 0.101147 0.822606
vt 0.095651 0.828065
vt 0.088209 0.830301
vt 0.015273 0.830179
vt 0.007712 0.828136
vt 0.002186 0.822580
vt 0.110613 0.794195
vt 0.112127 0.794196
vt 0.110889 0.820380
vt 0.112404 0.820381
vt 0.198549 0.609349
vt 0.197033 0.609349
vt 0.200064 0.616763
vt 0.200064 0.689803
vt 0.198549 0.689803
vt 0.198549 0.616763
vt 0.110287 0.630172
vt 0.110478 0.799830
vt 0.108964 0.799832
vt 0.108773 0.630174
vt 0.198549 0.697756
vt 0.197033 0.697756
vt 0.198549 0.603781
vt 0.197033 0.603781
vt 0.200064 0.697369
vt 0.198549 0.697369
vt 0.110494 0.812839
vt 0.110596 0.820415
vt 0.109082 0.820417
vt 0.108981 0.812841
vt 0.110596 0.603781
vt 0.110352 0.609351
vt 0.108838 0.609353
vt 0.109082 0.603783
vt 0.200064 0.609304
vt 0.198549 0.609304
vt 0.110270 0.616937
vt 0.108756 0.616939
vt 0.110889 0.603781
vt 0.112404 0.603783
vt 0.200064 0.603781
vt 0.198549 0.603781
vt 0.106142 0.763616
vt 0.106142 0.767084
vt 0.103528 0.767084
vt 0.103528 0.763616
vt 0.999898 0.536856
vt 0.999857 0.533385
vt 0.999961 0.003526
vt 1.000000 0.000000
vt 0.108756 0.763989
vt 0.108756 0.760449
vt 0.108756 0.607247
vt 0.108756 0.603781
vt 0.994534 0.002220
vt 0.994472 0.006064
vt 0.994590 0.534123
vt 0.994634 0.537659
vt 0.103528 0.606376
vt 0.103528 0.609914
vt 0.106142 0.763989
vt 0.106142 0.760449
vt 0.997245 0.533385
vt 0.997349 0.003526
vt 0.997145 0.002220
vt 0.997083 0.006064
vt 0.106142 0.603781
vt 0.106142 0.606375
vt 0.103528 0.603781
vt 0.106142 0.607247
vt 0.997245 0.000000
vt 0.994634 0.000000
vt 0.106142 0.609914
vt 0.997286 0.536856
vt 0.997201 0.534123
vt 0.997245 0.537658
vt 0.997388 0.000000
vt 0.106142 0.766591
vt 0.108756 0.766591
vt 0.997388 0.539407
vt 1.000000 0.539407
vt 0.106142 0.603781
vt 0.407324 0.605729
vt 0.407323 0.612954
vt 0.402806 0.612954
vt 0.402807 0.605253
vt 0.407190 0.605253
vt 0.510223 0.614242
vt 0.509748 0.614242
vt 0.509748 0.609724
vt 0.510223 0.609724
vt 0.522369 0.610947
vt 0.522844 0.610947
vt 0.522844 0.614847
vt 0.522369 0.614847
vt 0.398286 0.606420
vt 0.398418 0.605956
vt 0.402804 0.605956
vt 0.402805 0.613646
vt 0.398288 0.613646
vt 0.402807 0.604408
vt 0.406948 0.604408
vt 0.520922 0.610946
vt 0.521521 0.610947
vt 0.521521 0.614911
vt 0.520922 0.615087
vt 0.402804 0.605083
vt 0.398661 0.605083
vt 0.402806 0.604408
vt 0.398840 0.604408
vt 0.523712 0.610947
vt 0.523712 0.614913
vt 0.511072 0.614242
vt 0.511072 0.609724
vt 0.511675 0.614242
vt 0.511675 0.609724
vt 0.402806 0.614485
vt 0.398288 0.614485
vt 0.402806 0.613824
vt 0.407324 0.613824
vt 0.402807 0.614486
vt 0.407325 0.614486
vt 0.508881 0.614242
vt 0.508881 0.609724
vt 0.420655 0.615555
vt 0.420179 0.615555
vt 0.419321 0.615325
vt 0.418692 0.614697
vt 0.418462 0.613838
vt 0.418462 0.606126
vt 0.418692 0.605267
vt 0.419321 0.604638
vt 0.420179 0.604408
vt 0.420655 0.604408
vt 0.421513 0.604638
vt 0.422142 0.605267
vt 0.422372 0.606126
vt 0.422372 0.613838
vt 0.422142 0.614697
vt 0.421513 0.615325
vt 0.305776 0.613190
vt 0.305776 0.615651
vt 0.303822 0.615651
vt 0.303822 0.613190
vt 0.580483 0.612239
vt 0.580483 0.605085
vt 0.582437 0.605085
vt 0.582437 0.614052
vt 0.580483 0.614052
vt 0.345421 0.617065
vt 0.345134 0.617229
vt 0.344742 0.617121
vt 0.342613 0.615873
vt 0.342221 0.615521
vt 0.341934 0.615020
vt 0.341829 0.614504
vt 0.341829 0.604339
vt 0.341934 0.603946
vt 0.342221 0.603781
vt 0.342613 0.603889
vt 0.344742 0.605138
vt 0.345134 0.605489
vt 0.345421 0.605991
vt 0.345526 0.606507
vt 0.345526 0.616672
vt 0.557036 0.605085
vt 0.557036 0.614077
vt 0.555082 0.614076
vt 0.555082 0.605084
vt 0.289612 0.615158
vt 0.289613 0.612694
vt 0.291566 0.612694
vt 0.291566 0.615158
vt 0.305776 0.612668
vt 0.303822 0.612668
vt 0.305777 0.612146
vt 0.303823 0.612146
vt 0.557036 0.614485
vt 0.555082 0.614484
vt 0.289613 0.612307
vt 0.291567 0.612307
vt 0.557036 0.604409
vt 0.557036 0.604688
vt 0.555082 0.604688
vt 0.555082 0.604408
vt 0.582437 0.614458
vt 0.580483 0.614458
vt 0.289613 0.616195
vt 0.289612 0.615679
vt 0.291566 0.615679
vt 0.291567 0.616195
vt 0.305777 0.616035
vt 0.303823 0.616035
vt 0.582437 0.604408
vt 0.582437 0.604689
vt 0.580483 0.604688
vt 0.580483 0.604408
vt 0.337034 0.612064
vt 0.337034 0.614525
vt 0.335080 0.614525
vt 0.335080 0.612064
vt 0.560944 0.612376
vt 0.560944 0.605085
vt 0.562898 0.605085
vt 0.562898 0.614052
vt 0.560944 0.614052
vt 0.389789 0.617065
vt 0.389501 0.617229
vt 0.389109 0.617121
vt 0.386981 0.615873
vt 0.386589 0.615521
vt 0.386301 0.615020
vt 0.386196 0.614503
vt 0.386196 0.604339
vt 0.386301 0.603946
vt 0.386589 0.603781
vt 0.386981 0.603889
vt 0.389109 0.605138
vt 0.389501 0.605489
vt 0.389789 0.605991
vt 0.389894 0.606507
vt 0.389894 0.616672
vt 0.558990 0.605085
vt 0.558990 0.614077
vt 0.557037 0.614076
vt 0.557036 0.605084
vt 0.287393 0.615158
vt 0.287394 0.612694
vt 0.289348 0.612694
vt 0.289347 0.615158
vt 0.337034 0.611541
vt 0.335080 0.611541
vt 0.337035 0.611020
vt 0.335081 0.611020
vt 0.558990 0.614485
vt 0.557037 0.614484
vt 0.287394 0.612307
vt 0.289348 0.612307
vt 0.558990 0.604409
vt 0.558990 0.604688
vt 0.557036 0.604688
vt 0.557037 0.604408
vt 0.562898 0.614458
vt 0.560944 0.614458
vt 0.287394 0.616195
vt 0.287393 0.615679
vt 0.289347 0.615679
vt 0.289348 0.616195
vt 0.337035 0.614909
vt 0.335081 0.614909
vt 0.562898 0.604408
vt 0.562898 0.604689
vt 0.560944 0.604688
vt 0.560944 0.604408
vt 0.517641 0.612140
vt 0.517641 0.614601
vt 0.515687 0.614601
vt 0.515687 0.612140
vt 0.578530 0.612512
vt 0.578530 0.605085
vt 0.580483 0.605085
vt 0.580483 0.614052
vt 0.578530 0.614052
vt 0.393696 0.603946
vt 0.393983 0.603781
vt 0.394375 0.603889
vt 0.396504 0.605138
vt 0.396896 0.605489
vt 0.397183 0.605991
vt 0.397288 0.606507
vt 0.397288 0.616672
vt 0.397183 0.617065
vt 0.396896 0.617229
vt 0.396504 0.617121
vt 0.394375 0.615873
vt 0.393983 0.615521
vt 0.393696 0.615020
vt 0.393591 0.614503
vt 0.393591 0.604339
vt 0.549220 0.613808
vt 0.549220 0.604816
vt 0.551174 0.604817
vt 0.551174 0.613809
vt 0.489267 0.615094
vt 0.489268 0.612630
vt 0.491222 0.612630
vt 0.491221 0.615094
vt 0.517641 0.611617
vt 0.515687 0.611617
vt 0.517642 0.611096
vt 0.515688 0.611096
vt 0.549220 0.604408
vt 0.551174 0.604409
vt 0.489268 0.612243
vt 0.491222 0.612243
vt 0.549220 0.614484
vt 0.549220 0.614205
vt 0.551174 0.614206
vt 0.551174 0.614485
vt 0.580483 0.614458
vt 0.578530 0.614458
vt 0.489268 0.616131
vt 0.489268 0.615615
vt 0.491221 0.615615
vt 0.491222 0.616131
vt 0.517642 0.614985
vt 0.515688 0.614985
vt 0.580483 0.604408
vt 0.580483 0.604689
vt 0.578530 0.604688
vt 0.578530 0.604408
vt 0.488483 0.612222
vt 0.488483 0.614683
vt 0.486529 0.614683
vt 0.486529 0.612222
vt 0.570714 0.612648
vt 0.570714 0.605085
vt 0.572668 0.605085
vt 0.572668 0.614052
vt 0.570714 0.614052
vt 0.389999 0.603946
vt 0.390286 0.603781
vt 0.390678 0.603889
vt 0.392807 0.605138
vt 0.393199 0.605489
vt 0.393486 0.605991
vt 0.393591 0.606507
vt 0.393591 0.616672
vt 0.393486 0.617065
vt 0.393199 0.617229
vt 0.392807 0.617121
vt 0.390678 0.615873
vt 0.390286 0.615521
vt 0.389999 0.615020
vt 0.389894 0.614503
vt 0.389894 0.604339
vt 0.555082 0.605085
vt 0.555082 0.614077
vt 0.553128 0.614076
vt 0.553128 0.605084
vt 0.279311 0.615163
vt 0.279311 0.612699
vt 0.281265 0.612699
vt 0.281265 0.615163
vt 0.488483 0.611700
vt 0.486529 0.611700
vt 0.488483 0.611178
vt 0.486530 0.611178
vt 0.555082 0.614485
vt 0.553128 0.614484
vt 0.279312 0.612312
vt 0.281265 0.612313
vt 0.555082 0.604409
vt 0.555082 0.604688
vt 0.553128 0.604688
vt 0.553128 0.604408
vt 0.572668 0.614458
vt 0.570714 0.614458
vt 0.279312 0.616200
vt 0.279311 0.615684
vt 0.281265 0.615685
vt 0.281265 0.616200
vt 0.488483 0.615067
vt 0.486530 0.615067
vt 0.572668 0.604408
vt 0.572668 0.604689
vt 0.570714 0.604688
vt 0.570714 0.604408
vt 0.305777 0.613500
vt 0.305777 0.613190
vt 0.307731 0.613190
vt 0.307731 0.615651
vt 0.305777 0.615651
vt 0.558990 0.612579
vt 0.558990 0.605085
vt 0.560944 0.605085
vt 0.560944 0.614052
vt 0.558990 0.614052
vt 0.558990 0.612784
vt 0.364118 0.603946
vt 0.364405 0.603781
vt 0.364797 0.603889
vt 0.366926 0.605138
vt 0.367318 0.605489
vt 0.367605 0.605991
vt 0.367710 0.606507
vt 0.367710 0.616672
vt 0.367605 0.617065
vt 0.367318 0.617229
vt 0.366926 0.617121
vt 0.364797 0.615873
vt 0.364405 0.615521
vt 0.364118 0.615020
vt 0.364013 0.614503
vt 0.364013 0.604339
vt 0.547265 0.605085
vt 0.547266 0.614077
vt 0.545312 0.614076
vt 0.545312 0.605084
vt 0.275402 0.615163
vt 0.275402 0.612699
vt 0.277356 0.612699
vt 0.277356 0.615163
vt 0.307731 0.612668
vt 0.305777 0.612668
vt 0.307731 0.612146
vt 0.305778 0.612146
vt 0.547266 0.614485
vt 0.545312 0.614484
vt 0.275403 0.612312
vt 0.277357 0.612313
vt 0.547266 0.604409
vt 0.547265 0.604688
vt 0.545312 0.604688
vt 0.545312 0.604408
vt 0.560944 0.614458
vt 0.558991 0.614458
vt 0.275403 0.616200
vt 0.275402 0.615684
vt 0.277356 0.615685
vt 0.277357 0.616200
vt 0.307731 0.616035
vt 0.305778 0.616035
vt 0.560944 0.604408
vt 0.560944 0.604689
vt 0.558990 0.604688
vt 0.558991 0.604408
vt 0.519595 0.612140
vt 0.519596 0.614601
vt 0.517642 0.614601
vt 0.517642 0.612140
vt 0.586345 0.612723
vt 0.586345 0.605085
vt 0.588299 0.605085
vt 0.588299 0.614052
vt 0.586345 0.614052
vt 0.586345 0.612920
vt 0.338237 0.603946
vt 0.338524 0.603781
vt 0.338916 0.603889
vt 0.341045 0.605138
vt 0.341437 0.605489
vt 0.341724 0.605991
vt 0.341829 0.606507
vt 0.341829 0.616672
vt 0.341724 0.617065
vt 0.341437 0.617229
vt 0.341045 0.617121
vt 0.338916 0.615873
vt 0.338524 0.615521
vt 0.338237 0.615020
vt 0.338132 0.614503
vt 0.338132 0.604339
vt 0.529678 0.606300
vt 0.529678 0.605084
vt 0.531632 0.605085
vt 0.531632 0.614077
vt 0.529679 0.614076
vt 0.293521 0.615109
vt 0.293521 0.612645
vt 0.295475 0.612645
vt 0.295475 0.615109
vt 0.519596 0.611617
vt 0.517642 0.611617
vt 0.519596 0.611096
vt 0.517642 0.611096
vt 0.531633 0.614485
vt 0.529679 0.614484
vt 0.293522 0.612259
vt 0.295475 0.612259
vt 0.531633 0.604409
vt 0.531632 0.604688
vt 0.529678 0.604688
vt 0.529679 0.604408
vt 0.588299 0.614458
vt 0.586345 0.614458
vt 0.293522 0.616146
vt 0.293521 0.615631
vt 0.295475 0.615631
vt 0.295476 0.616146
vt 0.519596 0.614985
vt 0.517642 0.614985
vt 0.588299 0.604408
vt 0.588299 0.604689
vt 0.586345 0.604688
vt 0.586345 0.604408
vt 0.463329 0.612045
vt 0.463329 0.614505
vt 0.461375 0.614505
vt 0.461375 0.612045
vt 0.568760 0.612866
vt 0.568760 0.605085
vt 0.570714 0.605085
vt 0.570714 0.614052
vt 0.568760 0.614052
vt 0.568760 0.613057
vt 0.356513 0.617065
vt 0.356226 0.617229
vt 0.355834 0.617121
vt 0.353705 0.615873
vt 0.353313 0.615521
vt 0.353026 0.615020
vt 0.352921 0.614503
vt 0.352921 0.604339
vt 0.353026 0.603946
vt 0.353313 0.603781
vt 0.353705 0.603889
vt 0.355834 0.605138
vt 0.356226 0.605489
vt 0.356513 0.605991
vt 0.356618 0.606507
vt 0.356618 0.616672
vt 0.531633 0.606163
vt 0.531632 0.605084
vt 0.533586 0.605085
vt 0.533587 0.614077
vt 0.531633 0.614076
vt 0.301604 0.614997
vt 0.301604 0.612533
vt 0.303558 0.612533
vt 0.303558 0.614997
vt 0.463329 0.611522
vt 0.461375 0.611522
vt 0.463330 0.611000
vt 0.461376 0.611000
vt 0.533587 0.614485
vt 0.531633 0.614484
vt 0.301604 0.612146
vt 0.303558 0.612146
vt 0.533587 0.604409
vt 0.533586 0.604688
vt 0.531633 0.604688
vt 0.531633 0.604408
vt 0.570714 0.614458
vt 0.568760 0.614458
vt 0.301605 0.616034
vt 0.301604 0.615518
vt 0.303558 0.615518
vt 0.303558 0.616034
vt 0.463330 0.614889
vt 0.461376 0.614889
vt 0.570714 0.604408
vt 0.570714 0.604689
vt 0.568760 0.604688
vt 0.568760 0.604408
vt 0.301603 0.613190
vt 0.301603 0.615651
vt 0.299650 0.615651
vt 0.299649 0.613190
vt 0.566806 0.613010
vt 0.566806 0.605085
vt 0.568760 0.605085
vt 0.568760 0.614052
vt 0.566806 0.614052
vt 0.566806 0.613193
vt 0.382604 0.603946
vt 0.382891 0.603781
vt 0.383283 0.603889
vt 0.385412 0.605138
vt 0.385804 0.605489
vt 0.386091 0.605991
vt 0.386196 0.606507
vt 0.386196 0.616672
vt 0.386091 0.617065
vt 0.385804 0.617229
vt 0.385412 0.617121
vt 0.383283 0.615873
vt 0.382891 0.615521
vt 0.382604 0.615020
vt 0.382499 0.614503
vt 0.382499 0.604339
vt 0.533587 0.606027
vt 0.533587 0.605084
vt 0.535540 0.605085
vt 0.535541 0.614077
vt 0.533587 0.614076
vt 0.291567 0.615109
vt 0.291567 0.612645
vt 0.293521 0.612645
vt 0.293521 0.615109
vt 0.301603 0.612668
vt 0.299649 0.612668
vt 0.301604 0.612146
vt 0.299650 0.612146
vt 0.535541 0.614485
vt 0.533587 0.614484
vt 0.291567 0.612259
vt 0.293521 0.612259
vt 0.535541 0.604409
vt 0.535541 0.604688
vt 0.533587 0.604688
vt 0.533587 0.604408
vt 0.568760 0.614458
vt 0.566806 0.614458
vt 0.291567 0.616146
vt 0.291567 0.615631
vt 0.293521 0.615631
vt 0.293521 0.616146
vt 0.301604 0.616035
vt 0.299650 0.616035
vt 0.568760 0.604408
vt 0.568760 0.604689
vt 0.566806 0.604688
vt 0.566806 0.604408
vt 0.486528 0.612222
vt 0.486528 0.614683
vt 0.484575 0.614683
vt 0.484574 0.612222
vt 0.584391 0.613153
vt 0.584391 0.605085
vt 0.586345 0.605085
vt 0.586345 0.614052
vt 0.584391 0.614052
vt 0.584391 0.613329
vt 0.356723 0.603946
vt 0.357010 0.603781
vt 0.357402 0.603889
vt 0.359531 0.605138
vt 0.359923 0.605489
vt 0.360210 0.605991
vt 0.360315 0.606507
vt 0.360315 0.616672
vt 0.360210 0.617065
vt 0.359923 0.617229
vt 0.359531 0.617121
vt 0.357402 0.615873
vt 0.357010 0.615521
vt 0.356723 0.615020
vt 0.356618 0.614503
vt 0.356618 0.604339
vt 0.537495 0.605890
vt 0.537495 0.605084
vt 0.539449 0.605085
vt 0.539449 0.614077
vt 0.537495 0.614076
vt 0.297430 0.615109
vt 0.297430 0.612645
vt 0.299384 0.612645
vt 0.299384 0.615109
vt 0.486528 0.611700
vt 0.484574 0.611700
vt 0.486529 0.611178
vt 0.484575 0.611178
vt 0.539449 0.614485
vt 0.537495 0.614484
vt 0.297431 0.612259
vt 0.299385 0.612259
vt 0.539449 0.604409
vt 0.539449 0.604688
vt 0.537495 0.604688
vt 0.537495 0.604408
vt 0.586345 0.614458
vt 0.584391 0.614458
vt 0.297431 0.616146
vt 0.297430 0.615631
vt 0.299384 0.615631
vt 0.299385 0.616146
vt 0.486529 0.615067
vt 0.484575 0.615067
vt 0.586345 0.604408
vt 0.586345 0.604689
vt 0.584391 0.604688
vt 0.584391 0.604408
vt 0.335079 0.612064
vt 0.335080 0.614525
vt 0.333126 0.614525
vt 0.333125 0.612064
vt 0.576576 0.613297
vt 0.576576 0.605085
vt 0.578529 0.605085
vt 0.578530 0.614052
vt 0.576576 0.614052
vt 0.576576 0.613465
vt 0.375210 0.603946
vt 0.375497 0.603781
vt 0.375889 0.603889
vt 0.378017 0.605138
vt 0.378410 0.605489
vt 0.378697 0.605991
vt 0.378802 0.606507
vt 0.378802 0.616672
vt 0.378697 0.617065
vt 0.378410 0.617229
vt 0.378017 0.617121
vt 0.375889 0.615873
vt 0.375497 0.615521
vt 0.375210 0.615020
vt 0.375104 0.614503
vt 0.375104 0.604339
vt 0.541403 0.605754
vt 0.541403 0.605084
vt 0.543357 0.605085
vt 0.543357 0.614077
vt 0.541403 0.614076
vt 0.281530 0.615163
vt 0.281530 0.612699
vt 0.283484 0.612699
vt 0.283484 0.615163
vt 0.335079 0.611541
vt 0.333125 0.611541
vt 0.335080 0.611020
vt 0.333126 0.611020
vt 0.543357 0.614485
vt 0.541404 0.614484
vt 0.281530 0.612312
vt 0.283484 0.612312
vt 0.543357 0.604409
vt 0.543357 0.604688
vt 0.541403 0.604688
vt 0.541404 0.604408
vt 0.578530 0.614458
vt 0.576576 0.614458
vt 0.281531 0.616200
vt 0.281530 0.615685
vt 0.283484 0.615685
vt 0.283484 0.616200
vt 0.335080 0.614909
vt 0.333126 0.614909
vt 0.578530 0.604408
vt 0.578530 0.604689
vt 0.576576 0.604688
vt 0.576576 0.604408
vt 0.465284 0.612045
vt 0.465284 0.614505
vt 0.463330 0.614505
vt 0.463330 0.612045
vt 0.582437 0.613440
vt 0.582437 0.605085
vt 0.584391 0.605085
vt 0.584391 0.614052
vt 0.582437 0.614052
vt 0.582437 0.613601
vt 0.374999 0.617065
vt 0.374712 0.617229
vt 0.374320 0.617121
vt 0.372192 0.615873
vt 0.371799 0.615521
vt 0.371512 0.615020
vt 0.371407 0.614503
vt 0.371407 0.604339
vt 0.371512 0.603946
vt 0.371799 0.603781
vt 0.372192 0.603889
vt 0.374320 0.605138
vt 0.374712 0.605489
vt 0.374999 0.605991
vt 0.375105 0.606507
vt 0.375105 0.616672
vt 0.547266 0.605617
vt 0.547266 0.605084
vt 0.549219 0.605085
vt 0.549220 0.614077
vt 0.547266 0.614076
vt 0.283484 0.615158
vt 0.283485 0.612694
vt 0.285438 0.612694
vt 0.285438 0.615158
vt 0.465284 0.611522
vt 0.463330 0.611522
vt 0.465284 0.611000
vt 0.463331 0.611000
vt 0.549220 0.614485
vt 0.547266 0.614484
vt 0.283485 0.612307
vt 0.285439 0.612307
vt 0.549220 0.604409
vt 0.549219 0.604688
vt 0.547266 0.604688
vt 0.547266 0.604408
vt 0.584391 0.614458
vt 0.582437 0.614458
vt 0.283485 0.616195
vt 0.283485 0.615679
vt 0.285438 0.615679
vt 0.285439 0.616195
vt 0.465284 0.614889
vt 0.463331 0.614889
vt 0.584391 0.604408
vt 0.584391 0.604689
vt 0.582437 0.604688
vt 0.582437 0.604408
vt 0.515686 0.612183
vt 0.515687 0.614644
vt 0.513733 0.614644
vt 0.513732 0.612183
vt 0.588299 0.613583
vt 0.588299 0.605085
vt 0.590253 0.605085
vt 0.590253 0.614052
vt 0.588299 0.614052
vt 0.588299 0.613738
vt 0.349118 0.617065
vt 0.348831 0.617229
vt 0.348439 0.617121
vt 0.346311 0.615873
vt 0.345918 0.615521
vt 0.345631 0.615020
vt 0.345526 0.614503
vt 0.345526 0.604339
vt 0.345631 0.603946
vt 0.345918 0.603781
vt 0.346311 0.603889
vt 0.348439 0.605138
vt 0.348831 0.605489
vt 0.349118 0.605991
vt 0.349223 0.606507
vt 0.349223 0.616672
vt 0.539449 0.605480
vt 0.539449 0.605084
vt 0.541403 0.605085
vt 0.541403 0.614077
vt 0.539449 0.614076
vt 0.295476 0.615109
vt 0.295476 0.612645
vt 0.297430 0.612645
vt 0.297429 0.615109
vt 0.515686 0.611661
vt 0.513732 0.611661
vt 0.515687 0.611139
vt 0.513733 0.611139
vt 0.541403 0.614485
vt 0.539449 0.614484
vt 0.295476 0.612259
vt 0.297430 0.612259
vt 0.541403 0.604409
vt 0.541403 0.604688
vt 0.539449 0.604688
vt 0.539449 0.604408
vt 0.539449 0.604737
vt 0.590253 0.614458
vt 0.588299 0.614458
vt 0.295476 0.616146
vt 0.295476 0.615631
vt 0.297430 0.615631
vt 0.297430 0.616146
vt 0.515687 0.615028
vt 0.513733 0.615028
vt 0.590253 0.604408
vt 0.590253 0.604689
vt 0.588299 0.604688
vt 0.588299 0.604408
vt 0.615499 0.612553
vt 0.615499 0.615014
vt 0.613546 0.615014
vt 0.613545 0.612553
vt 0.564852 0.613727
vt 0.564852 0.605085
vt 0.566806 0.605085
vt 0.566806 0.614052
vt 0.564852 0.614052
vt 0.564852 0.613874
vt 0.349329 0.603946
vt 0.349616 0.603781
vt 0.350008 0.603889
vt 0.352136 0.605138
vt 0.352529 0.605489
vt 0.352816 0.605991
vt 0.352921 0.606507
vt 0.352921 0.616672
vt 0.352816 0.617065
vt 0.352529 0.617229
vt 0.352136 0.617121
vt 0.350008 0.615873
vt 0.349616 0.615521
vt 0.349329 0.615020
vt 0.349223 0.614504
vt 0.349223 0.604339
vt 0.535541 0.605344
vt 0.535541 0.605084
vt 0.537495 0.605085
vt 0.537495 0.614077
vt 0.535541 0.614076
vt 0.491222 0.615094
vt 0.491222 0.612630
vt 0.493176 0.612630
vt 0.493176 0.615094
vt 0.615499 0.612030
vt 0.613545 0.612030
vt 0.615500 0.611509
vt 0.613546 0.611509
vt 0.537495 0.614485
vt 0.535541 0.614484
vt 0.491223 0.612243
vt 0.493176 0.612243
vt 0.537495 0.604409
vt 0.537495 0.604688
vt 0.535541 0.604688
vt 0.535541 0.604408
vt 0.566806 0.614458
vt 0.564852 0.614458
vt 0.491223 0.616131
vt 0.491222 0.615615
vt 0.493176 0.615615
vt 0.493176 0.616131
vt 0.615500 0.615398
vt 0.613546 0.615398
vt 0.566806 0.604408
vt 0.566806 0.604689
vt 0.564852 0.604688
vt 0.564852 0.604408
vt 0.333124 0.612064
vt 0.333125 0.614525
vt 0.331171 0.614525
vt 0.331170 0.612064
vt 0.572668 0.613870
vt 0.572668 0.605085
vt 0.574622 0.605085
vt 0.574622 0.614052
vt 0.572668 0.614052
vt 0.572668 0.614010
vt 0.382394 0.617065
vt 0.382107 0.617229
vt 0.381715 0.617121
vt 0.379586 0.615873
vt 0.379194 0.615521
vt 0.378907 0.615020
vt 0.378802 0.614504
vt 0.378802 0.604339
vt 0.378907 0.603946
vt 0.379194 0.603781
vt 0.379586 0.603889
vt 0.381715 0.605138
vt 0.382107 0.605489
vt 0.382394 0.605991
vt 0.382499 0.606507
vt 0.382499 0.616672
vt 0.527724 0.605207
vt 0.527724 0.605084
vt 0.529678 0.605085
vt 0.529678 0.614077
vt 0.527724 0.614076
vt 0.277357 0.615163
vt 0.277357 0.612699
vt 0.279311 0.612699
vt 0.279310 0.615163
vt 0.333124 0.611541
vt 0.331171 0.611541
vt 0.333125 0.611020
vt 0.331171 0.611020
vt 0.529678 0.614485
vt 0.527725 0.614484
vt 0.277357 0.612312
vt 0.279311 0.612313
vt 0.529678 0.604409
vt 0.529678 0.604688
vt 0.527724 0.604688
vt 0.527725 0.604408
vt 0.574622 0.614458
vt 0.572668 0.614458
vt 0.277357 0.616200
vt 0.277357 0.615684
vt 0.279310 0.615685
vt 0.279311 0.616200
vt 0.333125 0.614909
vt 0.331171 0.614909
vt 0.574622 0.604408
vt 0.574622 0.604689
vt 0.572668 0.604688
vt 0.572668 0.604408
vt 0.604738 0.612490
vt 0.604738 0.614950
vt 0.602784 0.614950
vt 0.602784 0.612490
vt 0.576576 0.605085
vt 0.576576 0.614052
vt 0.574622 0.614052
vt 0.574622 0.605085
vt 0.371302 0.617065
vt 0.371015 0.617229
vt 0.370623 0.617121
vt 0.368494 0.615873
vt 0.368102 0.615521
vt 0.367815 0.615020
vt 0.367710 0.614503
vt 0.367710 0.604339
vt 0.367815 0.603946
vt 0.368102 0.603781
vt 0.368494 0.603889
vt 0.370623 0.605138
vt 0.371015 0.605489
vt 0.371302 0.605991
vt 0.371407 0.606507
vt 0.371407 0.616672
vt 0.545311 0.605085
vt 0.545311 0.614077
vt 0.543357 0.614076
vt 0.543357 0.605084
vt 0.436808 0.615341
vt 0.436809 0.612877
vt 0.438763 0.612877
vt 0.438762 0.615341
vt 0.604738 0.611967
vt 0.602784 0.611967
vt 0.604739 0.611446
vt 0.602785 0.611446
vt 0.545311 0.614485
vt 0.543358 0.614484
vt 0.436809 0.612491
vt 0.438763 0.612491
vt 0.545311 0.604409
vt 0.545311 0.604688
vt 0.543357 0.604688
vt 0.543358 0.604408
vt 0.543357 0.605071
vt 0.576576 0.614458
vt 0.574622 0.614458
vt 0.436809 0.616378
vt 0.436808 0.615862
vt 0.438762 0.615863
vt 0.438763 0.616378
vt 0.604739 0.615334
vt 0.602785 0.615334
vt 0.576576 0.604408
vt 0.576576 0.604689
vt 0.574622 0.604688
vt 0.574622 0.604408
vt 0.513731 0.612183
vt 0.513732 0.614644
vt 0.511778 0.614644
vt 0.511778 0.612183
vt 0.564852 0.605085
vt 0.564852 0.614052
vt 0.562898 0.614052
vt 0.562898 0.605085
vt 0.360420 0.603946
vt 0.360708 0.603781
vt 0.361100 0.603889
vt 0.363228 0.605138
vt 0.363620 0.605489
vt 0.363908 0.605991
vt 0.364013 0.606507
vt 0.364013 0.616672
vt 0.363908 0.617065
vt 0.363620 0.617229
vt 0.363228 0.617121
vt 0.361100 0.615873
vt 0.360708 0.615521
vt 0.360420 0.615020
vt 0.360315 0.614503
vt 0.360315 0.604339
vt 0.551174 0.613466
vt 0.551174 0.605084
vt 0.553128 0.605085
vt 0.553128 0.614077
vt 0.551174 0.614076
vt 0.285439 0.615158
vt 0.285439 0.612694
vt 0.287393 0.612694
vt 0.287393 0.615158
vt 0.513732 0.611661
vt 0.511778 0.611661
vt 0.513732 0.611139
vt 0.511778 0.611139
vt 0.553128 0.614485
vt 0.551174 0.614484
vt 0.285439 0.612307
vt 0.287393 0.612307
vt 0.553128 0.604409
vt 0.553128 0.604688
vt 0.551174 0.604688
vt 0.551174 0.604408
vt 0.564852 0.614458
vt 0.562898 0.614458
vt 0.285439 0.616195
vt 0.285439 0.615679
vt 0.287393 0.615679
vt 0.287393 0.616195
vt 0.513732 0.615028
vt 0.511778 0.615028
vt 0.564852 0.604408
vt 0.564852 0.604689
vt 0.562898 0.604688
vt 0.562898 0.604408
vt 0.430995 0.610983
vt 0.432892 0.610984
vt 0.432892 0.615025
vt 0.430995 0.615024
vt 0.827507 0.744989
vt 0.827596 0.745078
vt 0.827659 0.745230
vt 0.827713 0.768286
vt 0.827627 0.768502
vt 0.827411 0.768589
vt 0.822066 0.768589
vt 0.821910 0.768522
vt 0.821808 0.768434
vt 0.821717 0.768290
vt 0.821513 0.766976
vt 0.821409 0.766711
vt 0.821224 0.766495
vt 0.819221 0.765001
vt 0.819049 0.764784
vt 0.819554 0.764530
vt 0.819726 0.764747
vt 0.821692 0.766214
vt 0.821877 0.766429
vt 0.821981 0.766694
vt 0.822150 0.767784
vt 0.822271 0.767996
vt 0.822499 0.768084
vt 0.826905 0.768084
vt 0.827119 0.767995
vt 0.827207 0.767781
vt 0.827155 0.745735
vt 0.827066 0.745521
vt 0.826851 0.745432
vt 0.822610 0.745432
vt 0.822375 0.745518
vt 0.822213 0.744927
vt 0.827355 0.744927
vt 0.827649 0.744624
vt 0.827654 0.744927
vt 0.827595 0.744952
vt 0.827567 0.744838
vt 0.598817 0.609310
vt 0.598725 0.609095
vt 0.598817 0.608881
vt 0.598728 0.609095
vt 0.821828 0.768561
vt 0.821848 0.768880
vt 0.821774 0.768587
vt 0.821877 0.768674
vt 0.819483 0.764263
vt 0.818978 0.764516
vt 0.818978 0.749341
vt 0.819044 0.749067
vt 0.819202 0.748834
vt 0.821237 0.746974
vt 0.821416 0.746743
vt 0.821533 0.746475
vt 0.821838 0.745221
vt 0.821978 0.745013
vt 0.822235 0.745726
vt 0.821987 0.746744
vt 0.821871 0.747012
vt 0.821691 0.747243
vt 0.819707 0.749056
vt 0.819549 0.749290
vt 0.819483 0.749564
vt 0.164399 0.603791
vt 0.164613 0.603881
vt 0.164702 0.604095
vt 0.164702 0.626141
vt 0.164613 0.626355
vt 0.164399 0.626444
vt 0.162517 0.623612
vt 0.162613 0.606979
vt 0.609522 0.608884
vt 0.609522 0.609095
vt 0.605481 0.609095
vt 0.605481 0.608884
vt 0.307732 0.619242
vt 0.307732 0.618979
vt 0.311773 0.618978
vt 0.311773 0.619241
vt 0.159532 0.605092
vt 0.159782 0.604075
vt 0.159922 0.603867
vt 0.160158 0.603781
vt 0.160868 0.606975
vt 0.160857 0.623608
vt 0.159993 0.626433
vt 0.159766 0.626345
vt 0.159645 0.626133
vt 0.159478 0.625042
vt 0.159375 0.624777
vt 0.159190 0.624561
vt 0.157228 0.623090
vt 0.157057 0.622873
vt 0.156986 0.622605
vt 0.157021 0.607906
vt 0.157087 0.607632
vt 0.157246 0.607399
vt 0.159235 0.605590
vt 0.159415 0.605360
vt 0.444540 0.612491
vt 0.446200 0.612491
vt 0.446200 0.615724
vt 0.444540 0.615724
vt 0.307731 0.619449
vt 0.311773 0.619449
vt 0.609522 0.604408
vt 0.609522 0.604647
vt 0.605481 0.604647
vt 0.605481 0.604408
vt 0.433097 0.610983
vt 0.434176 0.610983
vt 0.434176 0.615024
vt 0.433097 0.615024
vt 0.434435 0.610983
vt 0.434641 0.610984
vt 0.434641 0.615025
vt 0.434435 0.615025
vt 0.611066 0.609102
vt 0.611281 0.609102
vt 0.611281 0.613143
vt 0.611066 0.613143
vt 0.609763 0.609102
vt 0.610036 0.609102
vt 0.610036 0.613143
vt 0.609763 0.613144
vt 0.594294 0.604626
vt 0.594294 0.609027
vt 0.590253 0.609027
vt 0.590253 0.604626
vt 0.432892 0.610983
vt 0.432892 0.615024
vt 0.609522 0.609103
vt 0.609522 0.613144
vt 0.594294 0.604408
vt 0.590253 0.604408
vt 0.594294 0.609251
vt 0.590253 0.609251
vt 0.307732 0.604023
vt 0.307731 0.603782
vt 0.311773 0.603781
vt 0.311773 0.604023
vt 0.246591 0.625968
vt 0.246591 0.626188
vt 0.242550 0.626188
vt 0.242550 0.625967
vt 0.434753 0.610983
vt 0.436808 0.610983
vt 0.436808 0.615024
vt 0.434753 0.615024
vt 0.307732 0.604300
vt 0.311773 0.604300
vt 0.246591 0.603782
vt 0.246591 0.603989
vt 0.242550 0.603988
vt 0.242550 0.603781
vt 0.506340 0.604408
vt 0.506368 0.621042
vt 0.504623 0.621042
vt 0.504680 0.604408
vt 0.493248 0.612491
vt 0.494992 0.612491
vt 0.494992 0.615723
vt 0.493248 0.615723
vt 0.327938 0.620365
vt 0.327938 0.603781
vt 0.331170 0.603782
vt 0.331170 0.620366
vt 0.324705 0.620394
vt 0.324705 0.603782
vt 0.327938 0.620394
vt 0.826287 0.701440
vt 0.826294 0.701447
vt 0.826393 0.701629
vt 0.826342 0.701747
vt 0.826142 0.701801
vt 0.819172 0.701708
vt 0.818973 0.701649
vt 0.818924 0.701528
vt 0.819026 0.701347
vt 0.819034 0.701340
vt 0.819677 0.701210
vt 0.825640 0.701289
vt 0.813827 0.702376
vt 0.812685 0.761125
vt 0.267377 0.621632
vt 0.267376 0.604233
vt 0.271388 0.604234
vt 0.271389 0.621633
vt 0.818844 0.701447
vt 0.818724 0.701396
vt 0.818667 0.701197
vt 0.818680 0.682793
vt 0.818736 0.682594
vt 0.818855 0.682545
vt 0.819036 0.682647
vt 0.819043 0.682654
vt 0.819184 0.683302
vt 0.819173 0.700698
vt 0.213557 0.603898
vt 0.210090 0.604551
vt 0.207936 0.604531
vt 0.207539 0.604136
vt 0.207686 0.603781
vt 0.213548 0.603803
vt 0.263364 0.621635
vt 0.263363 0.604236
vt 0.267375 0.604236
vt 0.267376 0.621636
vt 0.519699 0.604663
vt 0.519699 0.610670
vt 0.515687 0.610670
vt 0.515687 0.604663
vt 0.825850 0.782670
vt 0.817082 0.787812
vt 0.816690 0.788163
vt 0.816403 0.788665
vt 0.816297 0.789181
vt 0.816297 0.791648
vt 0.816403 0.792041
vt 0.816690 0.792206
vt 0.817082 0.792098
vt 0.817082 0.795045
vt 0.816690 0.795397
vt 0.816403 0.795898
vt 0.816297 0.796414
vt 0.816297 0.798882
vt 0.816403 0.799275
vt 0.817082 0.802278
vt 0.816690 0.802630
vt 0.816403 0.803131
vt 0.816297 0.803647
vt 0.816297 0.806115
vt 0.816403 0.806508
vt 0.817082 0.809511
vt 0.816690 0.809863
vt 0.816403 0.810364
vt 0.816297 0.810880
vt 0.816297 0.813348
vt 0.816403 0.813741
vt 0.817082 0.816744
vt 0.816690 0.817096
vt 0.816403 0.817597
vt 0.816297 0.818114
vt 0.816297 0.820581
vt 0.816403 0.820974
vt 0.816690 0.821139
vt 0.817082 0.823978
vt 0.816690 0.824329
vt 0.816403 0.824830
vt 0.816297 0.825347
vt 0.816297 0.827814
vt 0.816403 0.828207
vt 0.816690 0.828372
vt 0.817082 0.831211
vt 0.816690 0.831562
vt 0.816403 0.832064
vt 0.816297 0.832580
vt 0.816297 0.835047
vt 0.816403 0.835440
vt 0.816690 0.835605
vt 0.817082 0.838444
vt 0.816690 0.838796
vt 0.816403 0.839297
vt 0.816297 0.839813
vt 0.816297 0.842281
vt 0.816403 0.842674
vt 0.816690 0.842838
vt 0.817082 0.845677
vt 0.816690 0.846029
vt 0.816403 0.846530
vt 0.816297 0.847046
vt 0.816297 0.849514
vt 0.816403 0.849907
vt 0.816690 0.850071
vt 0.817082 0.852910
vt 0.816690 0.853262
vt 0.816403 0.853763
vt 0.816297 0.854279
vt 0.816297 0.856747
vt 0.816403 0.857140
vt 0.816690 0.857304
vt 0.817082 0.860143
vt 0.816690 0.860495
vt 0.816403 0.860996
vt 0.816297 0.861512
vt 0.816297 0.863980
vt 0.816403 0.864373
vt 0.816690 0.864538
vt 0.817082 0.867376
vt 0.816690 0.867728
vt 0.816403 0.868229
vt 0.816297 0.868746
vt 0.816297 0.871213
vt 0.816403 0.871606
vt 0.816690 0.871771
vt 0.817082 0.874610
vt 0.816690 0.874961
vt 0.816403 0.875463
vt 0.816297 0.875979
vt 0.816297 0.878446
vt 0.816403 0.878839
vt 0.816690 0.879004
vt 0.817082 0.881843
vt 0.816690 0.882195
vt 0.816403 0.882696
vt 0.816297 0.883212
vt 0.816297 0.885680
vt 0.816403 0.886073
vt 0.816690 0.886237
vt 0.817082 0.889076
vt 0.816690 0.889428
vt 0.816403 0.889929
vt 0.816297 0.890445
vt 0.816297 0.892913
vt 0.816403 0.893306
vt 0.816690 0.893470
vt 0.817082 0.896309
vt 0.816690 0.896661
vt 0.816403 0.897162
vt 0.816297 0.897678
vt 0.816297 0.900146
vt 0.816403 0.900539
vt 0.818166 0.701771
vt 0.818484 0.701738
vt 0.818852 0.701715
vt 0.826390 0.701879
vt 0.826573 0.702064
vt 0.826649 0.702313
vt 0.826693 0.713672
vt 0.826619 0.713920
vt 0.826437 0.714102
vt 0.826189 0.714177
vt 0.819163 0.714177
vt 0.818784 0.714290
vt 0.818682 0.714455
vt 0.818661 0.714683
vt 0.818757 0.733111
vt 0.818843 0.733467
vt 0.818932 0.733537
vt 0.819265 0.733618
vt 0.826639 0.733645
vt 0.263363 0.604208
vt 0.263363 0.621580
vt 0.259350 0.621580
vt 0.259350 0.604208
vt 0.523712 0.610610
vt 0.523712 0.604657
vt 0.527724 0.604657
vt 0.527724 0.610610
vt 0.515687 0.604663
vt 0.515687 0.610714
vt 0.511675 0.610714
vt 0.511675 0.604663
vt 0.324705 0.603782
vt 0.324705 0.620647
vt 0.321472 0.620646
vt 0.321472 0.603781
vt 0.438763 0.612491
vt 0.440987 0.612491
vt 0.440987 0.615724
vt 0.438763 0.615723
vt 0.819124 0.733252
vt 0.819116 0.733259
vt 0.818935 0.733360
vt 0.818815 0.733310
vt 0.818783 0.714549
vt 0.818835 0.714433
vt 0.819016 0.714534
vt 0.819024 0.714541
vt 0.819169 0.715188
vt 0.819259 0.732608
vt 0.826393 0.682704
vt 0.826401 0.682697
vt 0.826582 0.682598
vt 0.826625 0.682593
vt 0.826757 0.682847
vt 0.826650 0.701302
vt 0.826593 0.701501
vt 0.826474 0.701549
vt 0.826148 0.700790
vt 0.826249 0.683349
vt 0.826330 0.714541
vt 0.826337 0.714534
vt 0.826518 0.714434
vt 0.826637 0.714483
vt 0.826693 0.714683
vt 0.826491 0.733496
vt 0.826137 0.732633
vt 0.826187 0.715188
vt 0.818936 0.682465
vt 0.818986 0.682347
vt 0.819185 0.682292
vt 0.826255 0.682339
vt 0.826454 0.682450
vt 0.826502 0.682517
vt 0.825747 0.682841
vt 0.819690 0.682800
vt 0.818915 0.714353
vt 0.818964 0.714270
vt 0.826389 0.714234
vt 0.826438 0.714353
vt 0.825683 0.714683
vt 0.819671 0.714683
vt 0.275402 0.604030
vt 0.275402 0.621420
vt 0.271389 0.621421
vt 0.271390 0.604030
vt 0.214081 0.621982
vt 0.213897 0.622167
vt 0.213645 0.622235
vt 0.207633 0.622235
vt 0.207381 0.622167
vt 0.207196 0.621982
vt 0.207129 0.621730
vt 0.207179 0.604285
vt 0.207916 0.621486
vt 0.210125 0.621486
vt 0.214056 0.604310
vt 0.214147 0.621730
vt 0.200153 0.621682
vt 0.200064 0.604286
vt 0.200559 0.603871
vt 0.204077 0.604512
vt 0.204171 0.621425
vt 0.200652 0.622093
vt 0.207062 0.621986
vt 0.206877 0.622169
vt 0.206624 0.622235
vt 0.200661 0.622191
vt 0.206364 0.621484
vt 0.206306 0.604536
vt 0.200567 0.603781
vt 0.206624 0.603787
vt 0.206877 0.603855
vt 0.207062 0.604040
vt 0.207129 0.604292
vt 0.207129 0.621734
vt 0.448447 0.604408
vt 0.450601 0.604428
vt 0.450637 0.621363
vt 0.448428 0.621363
vt 0.818593 0.701455
vt 0.818412 0.701663
vt 0.814249 0.680630
vt 0.814561 0.664592
vt 0.821884 0.668210
vt 0.821884 0.671469
vt 0.826362 0.671469
vt 0.831967 0.681397
vt 0.831967 0.863980
vt 0.826635 0.862684
vt 0.826529 0.862291
vt 0.826242 0.862127
vt 0.825850 0.862235
vt 0.825850 0.859288
vt 0.826242 0.858936
vt 0.826529 0.858435
vt 0.826635 0.857918
vt 0.826635 0.855451
vt 0.826529 0.855058
vt 0.826242 0.854893
vt 0.825850 0.855002
vt 0.825850 0.852054
vt 0.826242 0.851703
vt 0.826529 0.851201
vt 0.826635 0.850685
vt 0.826635 0.848218
vt 0.826529 0.847825
vt 0.826242 0.847660
vt 0.825850 0.847768
vt 0.825850 0.844821
vt 0.826242 0.844469
vt 0.826529 0.843968
vt 0.826635 0.843452
vt 0.826635 0.840984
vt 0.826529 0.840591
vt 0.826242 0.840427
vt 0.825850 0.840535
vt 0.825850 0.837588
vt 0.826242 0.837236
vt 0.826529 0.836735
vt 0.826635 0.836219
vt 0.826635 0.833751
vt 0.826529 0.833358
vt 0.826242 0.833194
vt 0.825850 0.833302
vt 0.825850 0.830355
vt 0.826242 0.830003
vt 0.826529 0.829502
vt 0.826635 0.828986
vt 0.826635 0.826518
vt 0.826529 0.826125
vt 0.826242 0.825961
vt 0.825850 0.826069
vt 0.825850 0.823122
vt 0.826242 0.822770
vt 0.826529 0.822269
vt 0.826635 0.821753
vt 0.826635 0.819285
vt 0.826529 0.818892
vt 0.826242 0.818728
vt 0.825850 0.818836
vt 0.825850 0.815889
vt 0.826242 0.815537
vt 0.826529 0.815036
vt 0.826635 0.814519
vt 0.826635 0.812052
vt 0.826529 0.811659
vt 0.826242 0.811494
vt 0.825850 0.811603
vt 0.825850 0.808655
vt 0.826242 0.808304
vt 0.826529 0.807802
vt 0.826635 0.807286
vt 0.826635 0.804819
vt 0.826529 0.804426
vt 0.826242 0.804261
vt 0.825850 0.804369
vt 0.825850 0.801422
vt 0.826242 0.801071
vt 0.826529 0.800569
vt 0.826635 0.800053
vt 0.826635 0.797585
vt 0.826529 0.797193
vt 0.826242 0.797028
vt 0.825850 0.797136
vt 0.817082 0.799331
vt 0.825850 0.794189
vt 0.826242 0.793837
vt 0.826529 0.793336
vt 0.826635 0.792820
vt 0.826635 0.790352
vt 0.826529 0.789959
vt 0.826242 0.786604
vt 0.826529 0.786103
vt 0.826635 0.785587
vt 0.826635 0.783119
vt 0.826529 0.782726
vt 0.826242 0.782562
vt 0.827625 0.768500
vt 0.826693 0.714346
vt 0.826693 0.714009
vt 0.826650 0.701976
vt 0.826650 0.701639
vt 0.826706 0.682476
vt 0.826486 0.682335
vt 0.818874 0.682365
vt 0.818775 0.682434
vt 0.826552 0.714296
vt 0.826525 0.714188
vt 0.826627 0.714108
vt 0.826633 0.714297
vt 0.818816 0.714334
vt 0.818762 0.714360
vt 0.818842 0.714280
vt 0.819016 0.733440
vt 0.818917 0.733459
vt 0.819066 0.733561
vt 0.818942 0.733514
vt 0.818861 0.733433
vt 0.826589 0.701687
vt 0.826583 0.701876
vt 0.826479 0.701794
vt 0.826506 0.701687
vt 0.826541 0.682499
vt 0.826548 0.682438
vt 0.826657 0.682589
vt 0.818782 0.682472
vt 0.818863 0.682392
vt 0.818837 0.682446
vt 0.818787 0.701564
vt 0.818789 0.701650
vt 0.818597 0.701655
vt 0.818678 0.701539
vt 0.825630 0.733136
vt 0.819767 0.733115
vt 0.825883 0.733070
vt 0.826068 0.732885
vt 0.819328 0.732861
vt 0.819514 0.733046
vt 0.819419 0.714750
vt 0.819235 0.714935
vt 0.826120 0.714935
vt 0.825935 0.714750
vt 0.819240 0.700952
vt 0.819425 0.701139
vt 0.819437 0.682866
vt 0.819252 0.683050
vt 0.826183 0.683096
vt 0.825999 0.682910
vt 0.825893 0.701225
vt 0.826079 0.701042
vt 0.213801 0.603871
vt 0.213987 0.604057
vt 0.207247 0.604032
vt 0.207433 0.603848
vt 0.200131 0.604033
vt 0.200315 0.603849
vt 0.200408 0.622121
vt 0.200222 0.621935
vt 0.271389 0.621880
vt 0.267377 0.621880
vt 0.515687 0.611139
vt 0.511675 0.611139
vt 0.511675 0.610963
vt 0.515687 0.610963
vt 0.263363 0.621835
vt 0.259350 0.621836
vt 0.263363 0.622029
vt 0.259351 0.622029
vt 0.511675 0.604408
vt 0.515687 0.604408
vt 0.523712 0.604408
vt 0.527724 0.604408
vt 0.259351 0.603782
vt 0.263363 0.603781
vt 0.263363 0.603958
vt 0.259350 0.603959
vt 0.515687 0.604408
vt 0.519699 0.604408
vt 0.275402 0.621871
vt 0.271390 0.621871
vt 0.271389 0.621677
vt 0.275402 0.621676
vt 0.519699 0.610520
vt 0.523712 0.610520
vt 0.523712 0.610769
vt 0.519699 0.610769
vt 0.523712 0.610946
vt 0.519699 0.610947
vt 0.271390 0.603782
vt 0.275402 0.603781
vt 0.527724 0.610866
vt 0.523712 0.610866
vt 0.267377 0.603781
vt 0.271389 0.603782
vt 0.271389 0.603978
vt 0.267376 0.603977
vt 0.263363 0.603979
vt 0.267376 0.603980
vt 0.263364 0.603781
vt 0.267376 0.603782
vt 0.519699 0.604408
vt 0.523712 0.604408
vt 0.523712 0.604664
vt 0.519699 0.604664
vt 0.267376 0.621882
vt 0.263364 0.621882
vt 0.519699 0.611096
vt 0.515687 0.611096
vt 0.515687 0.610919
vt 0.519699 0.610919
vt 0.446234 0.621321
vt 0.446200 0.604408
vt 0.448428 0.604440
vt 0.448428 0.621389
vt 0.318239 0.620665
vt 0.318239 0.603781
vt 0.321472 0.603782
vt 0.321472 0.620666
vt 0.471962 0.615724
vt 0.469810 0.615724
vt 0.469810 0.612491
vt 0.471962 0.612491
vt 0.315006 0.620708
vt 0.315006 0.603782
vt 0.318239 0.620708
vt 0.497180 0.615723
vt 0.494992 0.615723
vt 0.494992 0.612491
vt 0.497180 0.612491
vt 0.467485 0.612491
vt 0.469692 0.612491
vt 0.469692 0.615724
vt 0.467485 0.615724
vt 0.311773 0.620713
vt 0.311773 0.603782
vt 0.315006 0.603781
vt 0.315006 0.620713
vt 0.135159 0.646138
vt 0.135159 0.603781
vt 0.139636 0.603781
vt 0.139636 0.646138
vt 0.602784 0.608881
vt 0.598539 0.608881
vt 0.598539 0.604408
vt 0.602784 0.604408
vt 0.594294 0.604408
vt 0.598539 0.604408
vt 0.598539 0.608882
vt 0.594294 0.608882
vt 0.143881 0.646017
vt 0.143881 0.603781
vt 0.148126 0.603782
vt 0.148126 0.646018
vt 0.139636 0.642823
vt 0.139636 0.603782
vt 0.143881 0.603781
vt 0.143881 0.646077
vt 0.139636 0.646078
vt 0.459092 0.612492
vt 0.457739 0.612493
vt 0.457739 0.604411
vt 0.459092 0.604409
vt 0.808064 0.770784
vt 0.809159 0.772837
vt 0.807066 0.773359
vt 0.806363 0.772042
vt 0.809155 0.775153
vt 0.807064 0.774624
vt 0.808052 0.777202
vt 0.806357 0.775939
vt 0.807007 0.778244
vt 0.805750 0.776544
vt 0.804954 0.779339
vt 0.804433 0.777246
vt 0.802638 0.779335
vt 0.803167 0.777244
vt 0.800589 0.778233
vt 0.801853 0.776537
vt 0.799522 0.777161
vt 0.801222 0.775904
vt 0.798426 0.775108
vt 0.800519 0.774587
vt 0.798430 0.772793
vt 0.800521 0.773321
vt 0.799533 0.770743
vt 0.801228 0.772007
vt 0.800578 0.769702
vt 0.801836 0.771402
vt 0.802631 0.768607
vt 0.803153 0.770699
vt 0.804947 0.768611
vt 0.804418 0.770702
vt 0.806996 0.769713
vt 0.805732 0.771409
vt 0.422372 0.608597
vt 0.422372 0.607104
vt 0.422631 0.606248
vt 0.423458 0.605006
vt 0.424573 0.604408
vt 0.426066 0.604408
vt 0.426886 0.604656
vt 0.428129 0.605483
vt 0.428727 0.606599
vt 0.428727 0.608091
vt 0.428468 0.608947
vt 0.427641 0.610190
vt 0.426525 0.610787
vt 0.425033 0.610787
vt 0.424212 0.610539
vt 0.422970 0.609712
vt 0.468827 0.612490
vt 0.467485 0.612491
vt 0.467485 0.604408
vt 0.468827 0.604408
vt 0.450637 0.604408
vt 0.451316 0.604410
vt 0.451316 0.612492
vt 0.450637 0.612490
vt 0.459758 0.612490
vt 0.459758 0.604408
vt 0.452682 0.604411
vt 0.452682 0.612494
vt 0.456476 0.612493
vt 0.456476 0.604410
vt 0.453944 0.604411
vt 0.453944 0.612493
vt 0.455201 0.612491
vt 0.455201 0.604409
vt 0.455201 0.604409
vt 0.455201 0.612491
vt 0.471962 0.604408
vt 0.472541 0.604409
vt 0.472541 0.612491
vt 0.471962 0.612490
vt 0.471962 0.612491
vt 0.471379 0.612491
vt 0.471379 0.604408
vt 0.471962 0.604408
vt 0.473825 0.604409
vt 0.473825 0.612491
vt 0.470092 0.612490
vt 0.470092 0.604408
vt 0.475089 0.604409
vt 0.475089 0.612491
vt 0.476434 0.604409
vt 0.476434 0.612491
vt 0.135010 0.624354
vt 0.134648 0.624504
vt 0.133144 0.623017
vt 0.133199 0.605624
vt 0.130931 0.605624
vt 0.130999 0.623017
vt 0.131498 0.623017
vt 0.126889 0.624859
vt 0.126815 0.624859
vt 0.126562 0.624792
vt 0.126375 0.624607
vt 0.126305 0.624354
vt 0.126121 0.604286
vt 0.126186 0.604034
vt 0.126370 0.603849
vt 0.126621 0.603781
vt 0.134657 0.603781
vt 0.134909 0.603849
vt 0.135093 0.604034
vt 0.135159 0.604286
vt 0.299649 0.611717
vt 0.299649 0.604111
vt 0.307731 0.604111
vt 0.307731 0.611717
vt 0.164702 0.624254
vt 0.164702 0.604205
vt 0.172784 0.604205
vt 0.172784 0.624254
vt 0.799418 0.840813
vt 0.799221 0.841520
vt 0.799213 0.841527
vt 0.799064 0.841611
vt 0.799003 0.841570
vt 0.798917 0.841406
vt 0.798776 0.821084
vt 0.798822 0.820919
vt 0.798920 0.820878
vt 0.799070 0.820961
vt 0.799077 0.820968
vt 0.799286 0.821677
vt 0.180868 0.623143
vt 0.180868 0.604030
vt 0.188950 0.604030
vt 0.188950 0.623143
vt 0.799177 0.810162
vt 0.798968 0.810871
vt 0.798961 0.810878
vt 0.798811 0.810961
vt 0.798713 0.810920
vt 0.798668 0.810755
vt 0.798825 0.789501
vt 0.798873 0.789337
vt 0.798972 0.789296
vt 0.799122 0.789380
vt 0.799129 0.789387
vt 0.799326 0.790094
vt 0.197033 0.604238
vt 0.197033 0.623329
vt 0.188951 0.623328
vt 0.188950 0.604237
vt 0.283484 0.611881
vt 0.283484 0.604037
vt 0.291567 0.604037
vt 0.291567 0.611881
vt 0.291567 0.611834
vt 0.291567 0.604037
vt 0.299649 0.604037
vt 0.299649 0.611834
vt 0.596493 0.615983
vt 0.594294 0.615983
vt 0.594294 0.608882
vt 0.596493 0.608882
vt 0.799039 0.789230
vt 0.799081 0.789131
vt 0.799245 0.789084
vt 0.807447 0.789084
vt 0.807447 0.789589
vt 0.799835 0.789589
vt 0.808146 0.821677
vt 0.808345 0.820970
vt 0.808352 0.820963
vt 0.808502 0.820879
vt 0.808601 0.820920
vt 0.808648 0.821084
vt 0.808742 0.841406
vt 0.808696 0.841571
vt 0.808598 0.841612
vt 0.808448 0.841529
vt 0.808441 0.841522
vt 0.808234 0.840813
vt 0.808031 0.790094
vt 0.808226 0.789387
vt 0.808233 0.789380
vt 0.808383 0.789296
vt 0.808482 0.789337
vt 0.808531 0.789501
vt 0.808726 0.810755
vt 0.808680 0.810920
vt 0.808583 0.810961
vt 0.808433 0.810878
vt 0.808426 0.810871
vt 0.808215 0.810162
vt 0.807731 0.841318
vt 0.808532 0.841678
vt 0.808491 0.841776
vt 0.808327 0.841823
vt 0.799337 0.841823
vt 0.799172 0.841776
vt 0.799131 0.841677
vt 0.799926 0.841318
vt 0.807715 0.810667
vt 0.808517 0.811072
vt 0.808477 0.811125
vt 0.808312 0.811172
vt 0.799082 0.811172
vt 0.798918 0.811125
vt 0.798877 0.811027
vt 0.799679 0.810667
vt 0.275402 0.612064
vt 0.275402 0.604036
vt 0.283484 0.604036
vt 0.283484 0.612064
vt 0.799787 0.821172
vt 0.798986 0.820812
vt 0.799026 0.820714
vt 0.799191 0.820667
vt 0.808229 0.820667
vt 0.808394 0.820752
vt 0.808435 0.820813
vt 0.807639 0.821172
vt 0.148677 0.623928
vt 0.148527 0.623567
vt 0.149990 0.622091
vt 0.152175 0.622101
vt 0.152218 0.605640
vt 0.150017 0.605630
vt 0.148486 0.604132
vt 0.148630 0.603781
vt 0.156481 0.603817
vt 0.156734 0.603886
vt 0.156919 0.604072
vt 0.156986 0.604325
vt 0.156986 0.623461
vt 0.156919 0.623713
vt 0.156734 0.623897
vt 0.156481 0.623963
vt 0.148126 0.604284
vt 0.148170 0.623420
vt 0.134501 0.624859
vt 0.428727 0.621801
vt 0.428781 0.604408
vt 0.430927 0.604408
vt 0.430995 0.621801
vt 0.465301 0.620869
vt 0.465284 0.604408
vt 0.467485 0.604412
vt 0.467485 0.620873
vt 0.242550 0.603783
vt 0.242550 0.620198
vt 0.235449 0.620197
vt 0.235449 0.603781
vt 0.235449 0.603781
vt 0.235449 0.620221
vt 0.228348 0.620221
vt 0.228348 0.603782
vt 0.221248 0.603781
vt 0.221248 0.621146
vt 0.214147 0.621147
vt 0.214147 0.603782
vt 0.228348 0.603783
vt 0.228348 0.621131
vt 0.221248 0.621129
vt 0.221248 0.603781
vt 0.596493 0.608882
vt 0.598676 0.608882
vt 0.598676 0.615983
vt 0.596493 0.615983
vt 0.613545 0.604408
vt 0.615811 0.604408
vt 0.615811 0.611509
vt 0.613545 0.611509
vt 0.807521 0.789589
vt 0.808110 0.789084
vt 0.808274 0.789131
vt 0.808316 0.789230
vt 0.180867 0.604238
vt 0.180867 0.624237
vt 0.172785 0.624235
vt 0.172785 0.604236
vt 0.808315 0.789106
vt 0.808376 0.789168
vt 0.808506 0.789278
vt 0.808443 0.789235
vt 0.808398 0.789214
vt 0.808669 0.811051
vt 0.808644 0.811026
vt 0.808517 0.811147
vt 0.808578 0.811083
vt 0.808599 0.811042
vt 0.798983 0.789214
vt 0.798946 0.789235
vt 0.798888 0.789296
vt 0.799040 0.789146
vt 0.799008 0.789197
vt 0.798716 0.811073
vt 0.798668 0.811033
vt 0.798783 0.811074
vt 0.798806 0.811163
vt 0.798878 0.811234
vt 0.798729 0.811384
vt 0.798721 0.811230
vt 0.798669 0.811311
vt 0.799132 0.841761
vt 0.799070 0.841716
vt 0.798957 0.841660
vt 0.799003 0.841654
vt 0.799049 0.841693
vt 0.808627 0.841725
vt 0.808695 0.841723
vt 0.808746 0.841670
vt 0.810809 0.664600
vt 0.812685 0.761134
vt 0.812685 0.859437
vt 0.809655 0.859447
vt 0.808551 0.820759
vt 0.808434 0.820707
vt 0.798985 0.820605
vt 0.798833 0.820454
vt 0.798769 0.820250
vt 0.798670 0.811589
vt 0.808606 0.841814
vt 0.808517 0.820797
vt 0.808496 0.820739
vt 0.808563 0.820818
vt 0.798774 0.820806
vt 0.798824 0.820766
vt 0.798771 0.820528
vt 0.798827 0.820609
vt 0.798913 0.820676
vt 0.798892 0.820765
vt 0.807961 0.789841
vt 0.807774 0.789657
vt 0.807966 0.810599
vt 0.808150 0.810414
vt 0.799581 0.789657
vt 0.799395 0.789841
vt 0.799243 0.810414
vt 0.799427 0.810599
vt 0.808077 0.821425
vt 0.807891 0.821240
vt 0.807983 0.841250
vt 0.808167 0.841065
vt 0.799535 0.821240
vt 0.799352 0.821425
vt 0.799487 0.841065
vt 0.799673 0.841250
vt 0.134941 0.624607
vt 0.134755 0.624792
vt 0.148424 0.623859
vt 0.148239 0.623673
vt 0.148193 0.604032
vt 0.148378 0.603848
vt 0.180868 0.624484
vt 0.172785 0.624482
vt 0.307731 0.612146
vt 0.299649 0.612146
vt 0.299649 0.611968
vt 0.307731 0.611968
vt 0.291567 0.612131
vt 0.283484 0.612131
vt 0.291567 0.612307
vt 0.283484 0.612307
vt 0.197033 0.623576
vt 0.188951 0.623574
vt 0.291567 0.603781
vt 0.299649 0.603781
vt 0.188951 0.603781
vt 0.197033 0.603783
vt 0.197033 0.603981
vt 0.188951 0.603980
vt 0.275402 0.603781
vt 0.283484 0.603781
vt 0.172785 0.603781
vt 0.180868 0.603783
vt 0.180867 0.603981
vt 0.172785 0.603979
vt 0.188950 0.623399
vt 0.180868 0.623399
vt 0.188950 0.623593
vt 0.180868 0.623594
vt 0.283484 0.603781
vt 0.291567 0.603781
vt 0.172784 0.624510
vt 0.164702 0.624510
vt 0.172785 0.624704
vt 0.164702 0.624705
vt 0.299649 0.603781
vt 0.307731 0.603781
vt 0.307731 0.604037
vt 0.299649 0.604037
vt 0.180868 0.603782
vt 0.188950 0.603781
vt 0.299649 0.612258
vt 0.291567 0.612259
vt 0.291567 0.612083
vt 0.299649 0.612083
vt 0.164702 0.603957
vt 0.172784 0.603956
vt 0.164702 0.603782
vt 0.172785 0.603781
vt 0.283484 0.612312
vt 0.275402 0.612312
vt 0.613545 0.609102
vt 0.613545 0.616202
vt 0.611900 0.616202
vt 0.611402 0.616202
vt 0.611402 0.609101
vt 0.526302 0.610866
vt 0.526302 0.615559
vt 0.523712 0.615564
vt 0.523712 0.610871
vt 0.493309 0.604408
vt 0.493309 0.612243
vt 0.489267 0.612243
vt 0.489267 0.604408
vt 0.506368 0.614422
vt 0.506368 0.609724
vt 0.508819 0.609836
vt 0.508819 0.614534
vt 0.118104 0.619785
vt 0.115134 0.619842
vt 0.115007 0.617251
vt 0.112435 0.617298
vt 0.112404 0.610527
vt 0.114861 0.610479
vt 0.114734 0.607893
vt 0.117892 0.607822
vt 0.117718 0.603858
vt 0.126121 0.603781
vt 0.126121 0.623741
vt 0.118279 0.623795
vt 0.590253 0.614084
vt 0.590253 0.609386
vt 0.593217 0.609251
vt 0.593217 0.613949
vt 0.251133 0.623677
vt 0.251133 0.603781
vt 0.255174 0.603782
vt 0.255174 0.623678
vt 0.426161 0.615602
vt 0.426161 0.610904
vt 0.428727 0.610787
vt 0.428727 0.615485
vt 0.613536 0.609102
vt 0.609523 0.609102
vt 0.609522 0.605060
vt 0.609531 0.604408
vt 0.606373 0.613793
vt 0.606373 0.609095
vt 0.609522 0.609239
vt 0.609522 0.613937
vt 0.489267 0.604417
vt 0.489267 0.611178
vt 0.484574 0.611170
vt 0.484574 0.604408
vt 0.598817 0.613582
vt 0.598824 0.612930
vt 0.598817 0.608889
vt 0.602784 0.608881
vt 0.602784 0.613575
vt 0.476434 0.612802
vt 0.476434 0.604408
vt 0.480475 0.604408
vt 0.480475 0.612801
vt 0.462917 0.607009
vt 0.462827 0.604421
vt 0.465222 0.611000
vt 0.459876 0.611000
vt 0.459758 0.607035
vt 0.433700 0.607000
vt 0.436671 0.606971
vt 0.431025 0.604431
vt 0.433597 0.604408
vt 0.717468 0.591968
vt 0.737301 0.592719
vt 0.736758 0.604404
vt 0.730185 0.604405
vt 0.723433 0.604407
vt 0.716900 0.604408
vt 0.255174 0.617688
vt 0.258720 0.604054
vt 0.259350 0.603781
vt 0.255804 0.617416
vt 0.246591 0.608068
vt 0.250507 0.603781
vt 0.251133 0.604062
vt 0.247217 0.608350
vt 0.249258 0.606115
vt 0.426161 0.615481
vt 0.423567 0.615485
vt 0.423567 0.610792
vt 0.426161 0.610787
vt 0.822517 0.563944
vt 0.831967 0.564017
vt 0.258720 0.621679
vt 0.259350 0.621407
vt 0.250507 0.622258
vt 0.251133 0.622539
vt 0.806872 0.859464
vt 0.799030 0.859482
vt 0.798936 0.879441
vt 0.807340 0.879404
vt 0.801854 0.902435
vt 0.801422 0.902872
vt 0.793404 0.905248
vt 0.397943 0.609844
vt 0.398280 0.609844
vt 0.398280 0.615906
vt 0.397943 0.615905
vt 0.803354 0.901625
vt 0.812685 0.879353
vt 0.812685 0.905190
vt 0.800623 0.904377
vt 0.800629 0.906073
vt 0.801440 0.907572
vt 0.801886 0.908014
vt 0.803391 0.908813
vt 0.805087 0.908806
vt 0.806586 0.907995
vt 0.807019 0.907560
vt 0.807818 0.906054
vt 0.807811 0.904358
vt 0.807000 0.902859
vt 0.806555 0.902417
vt 0.805050 0.901618
vt 0.410891 0.612493
vt 0.409197 0.612493
vt 0.409197 0.604411
vt 0.410891 0.604411
vt 0.502233 0.612490
vt 0.501019 0.612492
vt 0.501019 0.604409
vt 0.502233 0.604408
vt 0.495704 0.612491
vt 0.495704 0.604408
vt 0.497180 0.604408
vt 0.497180 0.612490
vt 0.414927 0.612494
vt 0.412897 0.612491
vt 0.412897 0.604409
vt 0.414927 0.604412
vt 0.441505 0.612491
vt 0.440039 0.612490
vt 0.440039 0.604408
vt 0.441505 0.604408
vt 0.438345 0.612490
vt 0.438345 0.604408
vt 0.494464 0.612491
vt 0.494464 0.604408
vt 0.412897 0.604409
vt 0.412897 0.612491
vt 0.436808 0.612491
vt 0.436808 0.604408
vt 0.481837 0.604408
vt 0.483076 0.604408
vt 0.483076 0.612490
vt 0.481837 0.612491
vt 0.501019 0.612491
vt 0.499634 0.612490
vt 0.499634 0.604408
vt 0.501019 0.604409
vt 0.493309 0.612490
vt 0.493309 0.604408
vt 0.407325 0.612490
vt 0.407325 0.604408
vt 0.416619 0.604412
vt 0.416619 0.612494
vt 0.337247 0.608334
vt 0.337276 0.606643
vt 0.338132 0.606319
vt 0.338132 0.608631
vt 0.337216 0.610059
vt 0.335128 0.611020
vt 0.333428 0.610886
vt 0.332001 0.609971
vt 0.331171 0.608482
vt 0.331170 0.606170
vt 0.332086 0.604742
vt 0.334175 0.603781
vt 0.335874 0.603915
vt 0.337302 0.604831
vt 0.336622 0.605470
vt 0.335577 0.604800
vt 0.333899 0.604768
vt 0.332725 0.605422
vt 0.332055 0.606467
vt 0.331950 0.607806
vt 0.332681 0.609331
vt 0.333726 0.610002
vt 0.335065 0.610107
vt 0.336576 0.609379
vt 0.616177 0.610470
vt 0.615811 0.610470
vt 0.615811 0.604408
vt 0.616177 0.604408
vt 0.509150 0.606417
vt 0.508749 0.606439
vt 0.508105 0.604488
vt 0.509446 0.604408
vt 0.509783 0.604489
vt 0.509490 0.606615
vt 0.510944 0.605165
vt 0.511594 0.606222
vt 0.511675 0.607563
vt 0.510915 0.609073
vt 0.509857 0.609724
vt 0.508180 0.609724
vt 0.507019 0.609048
vt 0.506368 0.607991
vt 0.506372 0.606299
vt 0.507048 0.605139
vt 0.508494 0.606595
vt 0.508296 0.606935
vt 0.508316 0.607342
vt 0.508473 0.607597
vt 0.508821 0.607797
vt 0.509214 0.607774
vt 0.509469 0.607617
vt 0.509667 0.607277
vt 0.509647 0.606870
vt 0.503472 0.612491
vt 0.503472 0.604408
vt 0.484574 0.604410
vt 0.484574 0.612493
vt 0.504623 0.612492
vt 0.504623 0.604410
vt 0.418462 0.612490
vt 0.418462 0.604408
vt 0.444659 0.604409
vt 0.446200 0.604408
vt 0.446200 0.612491
vt 0.444659 0.612491
vt 0.442965 0.604409
vt 0.442965 0.612491
vt 0.498394 0.604408
vt 0.498394 0.612490
vt 0.441505 0.604408
vt 0.441505 0.612490
vt 0.497180 0.604409
vt 0.497180 0.612491
vt 0.527440 0.612080
vt 0.527177 0.612224
vt 0.526784 0.612228
vt 0.526446 0.612011
vt 0.526302 0.611749
vt 0.526302 0.611341
vt 0.526516 0.611012
vt 0.526779 0.610868
vt 0.527180 0.610866
vt 0.527510 0.611081
vt 0.527654 0.611343
vt 0.527654 0.611750
vt 0.480475 0.604411
vt 0.480475 0.612493
vt 0.397946 0.603782
vt 0.398284 0.603781
vt 0.398284 0.609843
vt 0.397946 0.609843
vt 0.616814 0.610470
vt 0.616476 0.610470
vt 0.616476 0.604408
vt 0.616814 0.604408
vt 0.593559 0.609251
vt 0.593858 0.609251
vt 0.593858 0.615313
vt 0.593559 0.615313
vt 0.593217 0.615312
vt 0.593217 0.609251
vt 0.594225 0.609251
vt 0.594225 0.615312
vt 0.397288 0.603781
vt 0.397647 0.603782
vt 0.397647 0.609844
vt 0.397288 0.609843
vt 0.397288 0.609844
vt 0.397644 0.609844
vt 0.397644 0.615905
vt 0.397288 0.615906
vt 0.034404 0.603746
vt 0.021586 0.603745
vt 0.022424 0.597683
vt 0.034404 0.597684
vt 0.010793 0.600693
vt 0.014038 0.595312
vt 0.002892 0.592356
vt 0.008369 0.589330
vt 0.000000 0.580969
vt 0.006053 0.580211
vt 0.000000 0.546387
vt 0.002467 0.545814
vt 0.006053 0.548686
vt 0.000000 0.510067
vt 0.006053 0.505214
vt 0.026994 0.505197
vt 0.031857 0.506239
vt 0.035997 0.509561
vt 0.037289 0.513459
vt 0.037204 0.540444
vt 0.035891 0.544331
vt 0.031750 0.547642
vt 0.026894 0.548684
vt 0.002467 0.545814
vt 0.024477 0.544776
vt 0.027619 0.544023
vt 0.030370 0.541993
vt 0.031552 0.539229
vt 0.031548 0.514580
vt 0.030349 0.511798
vt 0.027581 0.509767
vt 0.024449 0.509032
vt 0.000000 0.510581
vt 0.000000 0.088791
vt 0.006053 0.093646
vt 0.024663 0.054396
vt 0.002144 0.053163
vt 0.006053 0.050040
vt 0.027230 0.050098
vt 0.032084 0.051153
vt 0.036213 0.054479
vt 0.037502 0.058373
vt 0.037417 0.085431
vt 0.036104 0.089319
vt 0.031958 0.092628
vt 0.027100 0.093666
vt 0.000000 0.087536
vt 0.024612 0.089241
vt 0.027753 0.088531
vt 0.030467 0.086555
vt 0.031628 0.083843
vt 0.031651 0.059812
vt 0.030499 0.057117
vt 0.027798 0.055135
vt 0.000000 0.052602
vt 0.000000 0.022771
vt 0.006053 0.023531
vt 0.002144 0.053163
vt 0.002892 0.011385
vt 0.008369 0.014412
vt 0.010793 0.003050
vt 0.014038 0.008432
vt 0.021586 0.000000
vt 0.022424 0.006062
vt 0.535506 0.967084
vt 0.532666 0.968294
vt 0.447629 0.968235
vt 0.421260 0.968228
vt 0.402803 0.964469
vt 0.390329 0.954998
vt 0.385239 0.940561
vt 0.385268 0.887257
vt 0.434604 0.887265
vt 0.441431 0.885674
vt 0.447257 0.880617
vt 0.449106 0.874678
vt 0.449249 0.833448
vt 0.447437 0.827493
vt 0.441619 0.822415
vt 0.434783 0.820823
vt 0.385306 0.820837
vt 0.385683 0.173598
vt 0.435306 0.173642
vt 0.442136 0.172017
vt 0.447967 0.166832
vt 0.449816 0.160738
vt 0.449961 0.118336
vt 0.448152 0.112232
vt 0.442351 0.107019
vt 0.435528 0.105364
vt 0.385723 0.105262
vt 0.385749 0.059351
vt 0.390856 0.044917
vt 0.403340 0.035453
vt 0.421802 0.031706
vt 0.535506 0.031738
vt 0.476475 0.961208
vt 0.505955 0.961208
vt 0.505754 0.788792
vt 0.476568 0.788792
vt 0.577005 0.116018
vt 0.584138 0.068176
vt 0.585024 0.061184
vt 0.586213 0.051801
vt 0.587811 0.037287
vt 0.507071 0.037287
vt 0.505709 0.211559
vt 0.568980 0.135853
vt 0.475951 0.712713
vt 0.507146 0.712713
vt 0.505709 0.538441
vt 0.473236 0.539964
vt 0.473460 0.554790
vt 0.476385 1.000000
vt 0.505978 1.000000
vt 0.589864 0.018644
vt 0.591367 0.000000
vt 0.505978 0.000000
vt 0.505995 0.018644
vt 0.475876 0.037287
vt 0.476162 0.018644
vt 0.505732 0.769396
vt 0.476499 0.769396
vt 0.505715 0.731356
vt 0.476289 0.731356
vt 0.476431 0.961208
vt 0.516129 0.961208
vt 0.516129 0.788792
vt 0.476672 0.788792
vt 0.473045 0.210036
vt 0.514293 0.037287
vt 0.475719 0.037287
vt 0.473311 0.192972
vt 0.473045 0.539964
vt 0.473030 0.539964
vt 0.475984 0.712713
vt 0.514293 0.712713
vt 0.476307 1.000000
vt 0.515883 1.000000
vt 0.476039 0.018644
vt 0.515211 0.018644
vt 0.515883 0.000000
vt 0.476307 0.000000
vt 0.515883 0.769396
vt 0.476601 0.769396
vt 0.515211 0.731356
vt 0.476314 0.731356
vt 0.476385 0.000000
vt 0.591917 0.788792
vt 0.591367 0.769396
vt 0.591367 1.000000
vt 0.591917 0.961208
vt 0.589864 0.731356
vt 0.473236 0.210036
vt 0.587811 0.712713
vt 0.585709 0.693618
vt 0.585100 0.688816
vt 0.584647 0.685238
vt 0.577005 0.633982
vt 0.568980 0.614147
vt 0.585581 0.692457
vt 0.585022 0.687751
vt 0.568980 0.614147
vt 0.585095 0.061758
vt 0.585397 0.059220
vt 0.587811 0.037287
vt 0.049814 0.779786
vt 0.019039 0.994864
vt 0.005100 0.981130
vt 0.000000 0.962372
vt 0.000168 0.037508
vt 0.005275 0.018751
vt 0.019219 0.005022
vt 0.038266 0.000000
vt 0.037412 0.736417
vt 0.037221 0.758412
vt 0.040839 0.770732
vt 0.537474 0.007443
vt 0.537703 0.994092
vt 0.623375 0.994106
vt 0.624763 1.000000
vt 0.535744 0.999984
vt 0.535174 0.999984
vt 0.523023 0.063208
vt 0.520732 0.056844
vt 0.517089 0.053168
vt 0.511346 0.051368
vt 0.257618 0.048595
vt 0.251757 0.050100
vt 0.247453 0.054341
vt 0.245862 0.060180
vt 0.242479 0.937704
vt 0.244195 0.943453
vt 0.248404 0.947680
vt 0.254146 0.949419
vt 0.508700 0.949465
vt 0.514561 0.947897
vt 0.518861 0.943611
vt 0.520447 0.937755
vt 0.232788 0.999929
vt 0.038383 1.000000
vt 0.062102 0.783513
vt 0.183666 0.783535
vt 0.196230 0.780175
vt 0.205457 0.770990
vt 0.208875 0.758442
vt 0.208971 0.736897
vt 0.209222 0.455917
vt 0.209319 0.433998
vt 0.206012 0.421437
vt 0.196866 0.412217
vt 0.184333 0.408808
vt 0.063367 0.408363
vt 0.051017 0.412041
vt 0.041881 0.421064
vt 0.038050 0.433368
vt 0.037862 0.454989
vt 0.603687 0.000103
vt 0.603686 0.006214
vt 0.539614 0.006167
vt 0.000000 0.000000
vt 0.826362 0.629112
vt 0.821884 0.629112
s 1
usemtl body
f 104/30/24 56/31/25 26/32/26 85/33/27
f 1434/44/37 75/45/38 92/15/39 1429/18/37
f 1399/13/37 1404/46/37 1365/47/37 1366/48/37 1433/49/37 1432/50/37 1428/14/37
f 1400/51/40 100/20/41 39/52/42 1403/53/40
f 621/54/43 619/55/43 468/56/43 467/57/43 620/58/43 625/59/43 622/60/43 624/61/43 623/62/43 626/63/43 627/64/43 629/65/43 479/66/43 482/67/43 628/68/43 630/69/43 633/70/43 632/71/43 631/72/43 141/73/43 42/74/44 236/75/45 239/76/43 248/77/43 246/78/43 242/79/43 243/80/43 244/81/43 241/82/43 238/83/43 444/84/43 446/85/43 608/86/43 605/87/43 607/88/43 606/89/43 609/90/43 709/91/43 708/92/43 712/93/43 453/94/43 452/95/43 713/96/43 715/97/43 710/98/43 711/99/43 714/100/43 611/101/43 612/102/43 610/103/43 463/104/43 462/105/43 613/106/43 615/107/43 614/108/43 618/109/43 617/110/43 616/111/43
f 595/112/43 518/113/43 523/114/43 520/115/43
f 489/116/43 594/117/43 487/118/43 492/119/43
f 501/120/43 498/121/43 593/122/43 503/123/43
f 510/124/43 596/125/43 505/126/43 513/127/43
f 597/128/43 527/129/43 532/130/43 530/131/43
f 598/132/43 537/133/43 542/134/43 540/135/43
f 599/136/43 544/137/43 546/138/43 551/139/43 552/140/43
f 600/141/43 556/142/43 558/143/43 561/144/43 562/145/43
f 569/146/43 601/147/43 565/148/43 567/149/43 570/150/43
f 603/151/43 575/152/43 577/153/43 579/154/43
f 432/155/43 434/156/43 433/157/43 437/158/43
f 92/15/39 75/45/38 78/161/48 95/162/49
f 95/162/49 78/161/48 77/163/50 93/164/51
f 93/165/51 77/166/50 73/167/52 91/168/53
f 17/5/58 6/40/59 232/175/60
f 29/178/63 90/179/64 89/180/65 31/181/66
f 31/182/66 89/183/65 85/33/27 26/32/26
f 39/52/42 100/20/41 102/170/71 43/189/72
f 43/189/72 102/170/71 101/190/73 46/191/74
f 255/192/75 236/75/45 42/74/44 46/193/74 101/194/73 97/195/76 234/196/44 258/197/75 256/198/75 254/199/75 249/200/75 252/201/75 253/202/75 260/203/75
f 56/31/25 104/30/24 107/204/77 63/205/78
f 63/206/78 107/207/77 105/208/79 65/209/80
f 65/209/80 105/208/79 103/210/81 59/211/82
f 143/224/86 147/225/87 184/226/87 177/227/86
f 165/228/88 158/229/89 194/230/89 201/231/88
f 161/232/90 157/233/91 190/234/91 191/235/90
f 177/246/92 182/247/92 181/240/92 180/239/92
f 144/256/93 143/224/86 177/227/86 180/257/93
f 162/258/94 161/232/90 191/235/90 193/259/94
f 169/260/95 165/228/88 201/231/88 203/261/95
f 150/262/96 172/263/96 195/264/96 185/265/96
f 146/266/97 145/267/97 181/268/97 182/269/97
f 158/229/89 162/270/94 193/271/94 194/230/89
f 170/272/98 169/260/95 203/261/95 205/273/98
f 172/263/99 176/274/100 196/275/100 195/264/99
f 167/276/101 170/277/98 205/278/98 206/279/101
f 176/280/100 173/281/102 197/282/102 196/283/100
f 145/267/97 167/276/101 206/279/101 181/268/97
f 154/284/103 150/262/104 185/265/104 187/285/103
f 173/281/102 171/286/105 199/287/105 197/282/102
f 147/225/87 153/288/106 183/289/106 184/226/87
f 153/290/106 154/284/103 187/285/103 183/291/106
f 171/286/105 146/266/97 182/269/97 199/287/105
f 157/233/91 144/256/93 180/257/93 190/234/91
f 131/292/107 137/293/108 220/294/108 219/295/107
f 220/294/92 216/296/92 213/297/92 222/298/92 224/299/92 210/300/92 208/301/92 212/302/109 229/303/110 217/304/111 218/305/112 226/306/113 227/307/92 231/308/92 230/309/92 219/295/92
f 113/310/114 109/311/115 208/301/115 210/300/114
f 130/312/116 112/313/117 222/298/117 213/297/116
f 207/314/118 115/315/119 218/305/120 217/304/121
f 128/316/122 129/317/123 231/308/123 227/318/122
f 109/311/115 117/319/124 212/302/125 208/301/115
f 121/320/126 207/314/127 217/304/128 229/321/129
f 129/317/123 125/322/130 230/309/130 231/308/123
f 125/322/130 131/292/107 219/295/107 230/309/130
f 136/323/131 130/312/116 213/297/116 216/296/131
f 115/315/119 124/324/132 226/306/133 218/305/120
f 124/324/132 128/325/122 227/307/122 226/306/133
f 112/313/117 114/326/134 224/299/134 222/298/117
f 114/327/134 113/310/114 210/300/114 224/328/134
f 137/329/108 136/323/131 216/296/131 220/330/108
f 117/319/124 121/331/126 229/303/129 212/302/125
f 232/175/60 6/40/59 50/43/135
f 11/390/164 33/391/165 609/392/165 606/393/164
f 453/394/166 712/395/167 36/396/167 45/397/168 450/398/168
f 23/415/169 9/416/170 608/417/170 446/418/169
f 47/419/171 21/420/172 447/421/172 449/422/171
f 15/423/173 11/390/164 606/393/164 607/424/173
f 14/425/174 15/423/173 607/424/173 605/426/174
f 9/416/170 14/427/174 605/428/174 608/417/170
f 21/420/172 25/429/175 445/430/175 447/421/172
f 25/431/175 27/432/176 444/433/176 445/434/175
f 27/432/176 23/415/169 446/418/169 444/433/176
f 45/397/168 49/435/177 458/436/177 450/398/168
f 49/437/177 52/438/178 448/439/178 458/440/177
f 52/438/178 47/419/171 449/422/171 448/439/178
f 33/391/165 38/441/179 709/442/179 609/392/165
f 38/443/179 40/444/180 708/445/180 709/446/179
f 40/444/180 36/396/167 712/395/167 708/445/180
f 60/447/164 81/448/165 714/449/165 711/450/164
f 463/451/166 610/452/167 84/453/167 94/454/168 461/455/168
f 72/472/169 57/473/170 713/474/170 452/475/169
f 96/476/171 70/477/172 455/478/172 457/479/171
f 64/480/173 60/447/164 711/450/164 710/481/173
f 62/482/174 64/480/173 710/481/173 715/483/174
f 57/473/170 62/484/174 715/485/174 713/474/170
f 70/477/172 74/486/181 456/487/181 455/478/172
f 74/488/181 76/489/176 451/490/176 456/491/181
f 76/489/176 72/472/169 452/475/169 451/490/176
f 94/454/168 98/492/177 460/493/177 461/455/168
f 98/494/177 99/495/178 454/496/178 460/497/177
f 99/495/178 96/476/171 457/479/171 454/496/178
f 81/448/165 86/498/182 611/499/182 714/449/165
f 86/500/182 88/501/180 612/502/180 611/503/182
f 88/501/180 84/453/167 610/452/167 612/502/180
f 108/504/164 122/505/165 617/506/165 618/507/164
f 468/508/166 619/509/167 123/510/167 132/511/168 469/512/168
f 118/529/169 106/530/170 613/531/170 462/532/169
f 133/533/171 116/534/172 464/535/172 473/536/171
f 111/537/173 108/504/164 618/507/164 614/538/173
f 110/539/174 111/537/173 614/538/173 615/540/174
f 106/530/170 110/541/174 615/542/174 613/531/170
f 116/534/172 119/543/181 465/544/181 464/535/172
f 119/545/181 120/546/176 459/547/176 465/548/181
f 120/546/176 118/529/169 462/532/169 459/547/176
f 132/511/168 134/549/177 466/550/177 469/512/168
f 134/551/177 135/552/178 474/553/178 466/554/177
f 135/552/178 133/533/171 473/536/171 474/553/178
f 122/505/165 126/555/179 616/556/179 617/506/165
f 126/557/179 127/558/180 621/559/180 616/560/179
f 127/558/180 123/510/167 619/509/167 621/559/180
f 139/561/164 155/562/165 623/563/165 624/564/164
f 479/565/166 629/566/167 156/567/167 163/568/168 478/569/168
f 149/586/169 138/587/170 620/588/170 467/589/169
f 164/590/171 148/591/172 472/592/172 475/593/171
f 142/594/173 139/561/164 624/564/164 622/595/173
f 140/596/174 142/594/173 622/595/173 625/597/174
f 138/587/170 140/598/174 625/599/174 620/588/170
f 148/591/172 151/600/175 471/601/175 472/592/172
f 151/602/175 152/603/183 470/604/183 471/605/175
f 152/603/183 149/586/169 467/589/169 470/604/183
f 163/568/168 166/606/177 476/607/177 478/569/168
f 166/608/177 168/609/178 483/610/178 476/611/177
f 168/609/178 164/590/171 475/593/171 483/610/178
f 155/562/165 159/612/179 626/613/179 623/563/165
f 159/614/179 160/615/180 627/616/180 626/617/179
f 160/615/180 156/567/167 629/566/167 627/616/180
f 631/618/148 632/619/164 175/620/164 198/621/165 635/622/165
f 594/623/166 636/624/167 200/625/167 209/626/168 485/627/168 487/628/166
f 188/645/169 174/646/170 628/647/170 482/648/169
f 211/649/171 186/650/172 481/651/172 493/652/171
f 179/653/173 175/620/164 632/619/164 633/654/173
f 178/655/174 179/653/173 633/654/173 630/656/174
f 174/646/170 178/657/174 630/658/174 628/647/170
f 186/650/172 189/659/181 480/660/181 481/651/172
f 189/661/181 192/662/176 477/663/176 480/664/181
f 192/662/176 188/645/169 482/648/169 477/663/176
f 209/626/168 214/665/177 488/666/177 485/627/168
f 214/667/177 215/668/178 484/669/178 488/670/177
f 215/668/178 211/649/171 493/652/171 484/669/178
f 198/621/165 202/671/179 634/672/179 635/622/165
f 202/673/179 204/674/180 637/675/180 634/676/179
f 204/674/180 200/625/167 636/624/167 637/675/180
f 223/677/164 245/678/165 641/679/165 647/680/164
f 593/681/166 643/682/167 247/683/167 257/684/168 502/685/168 503/686/166
f 489/703/184 492/704/169 235/705/169 221/706/170 638/707/170
f 259/708/171 233/709/172 490/710/172 496/711/171
f 228/712/173 223/677/164 647/680/164 640/713/173
f 225/714/174 228/712/173 640/713/173 639/715/174
f 221/706/170 225/716/174 639/717/174 638/707/170
f 233/709/172 237/718/181 491/719/181 490/710/172
f 237/720/181 240/721/176 486/722/176 491/723/181
f 240/721/176 235/705/169 492/704/169 486/722/176
f 257/684/168 261/724/177 495/725/177 502/685/168
f 261/726/177 262/727/178 494/728/178 495/729/177
f 262/727/178 259/708/171 496/711/171 494/728/178
f 245/678/165 250/730/179 646/731/179 641/679/165
f 250/732/179 251/733/180 642/734/180 646/735/179
f 251/733/180 247/683/167 643/682/167 642/734/180
f 264/736/164 271/737/165 650/738/165 659/739/164
f 596/740/166 651/741/167 272/742/167 275/743/168 506/744/168 505/745/166
f 498/762/184 501/763/169 268/764/169 263/765/170 644/766/170
f 276/767/171 267/768/172 499/769/172 509/770/171
f 266/771/173 264/736/164 659/739/164 648/772/173
f 265/773/174 266/771/173 648/772/173 645/774/174
f 263/765/170 265/775/174 645/776/174 644/766/170
f 267/768/172 269/777/175 500/778/175 499/769/172
f 269/779/175 270/780/176 497/781/176 500/782/175
f 270/780/176 268/764/169 501/763/169 497/781/176
f 275/743/168 277/783/177 508/784/177 506/744/168
f 277/785/177 278/786/178 504/787/178 508/788/177
f 278/786/178 276/767/171 509/770/171 504/787/178
f 271/737/165 273/789/182 652/790/182 650/738/165
f 273/791/182 274/792/180 649/793/180 652/794/182
f 274/792/180 272/742/167 651/741/167 649/793/180
f 280/795/164 287/796/165 657/797/165 654/798/164
f 595/799/166 660/800/167 288/801/167 291/802/168 516/803/168 518/804/166
f 510/821/184 513/822/169 284/823/169 279/824/170 658/825/170
f 292/826/171 283/827/172 511/828/172 514/829/171
f 282/830/173 280/795/164 654/798/164 653/831/173
f 281/832/174 282/830/173 653/831/173 655/833/174
f 279/824/170 281/834/174 655/835/174 658/825/170
f 283/827/172 285/836/181 512/837/181 511/828/172
f 285/838/181 286/839/176 507/840/176 512/841/181
f 286/839/176 284/823/169 513/822/169 507/840/176
f 291/802/168 293/842/177 519/843/177 516/803/168
f 293/844/177 294/845/178 515/846/178 519/847/177
f 294/845/178 292/826/171 514/829/171 515/846/178
f 287/796/165 289/848/179 656/849/179 657/797/165
f 289/850/179 290/851/180 662/852/180 656/853/179
f 290/851/180 288/801/167 660/800/167 662/852/180
f 296/854/164 303/855/165 667/856/165 664/857/164
f 597/858/166 668/859/167 304/860/167 307/861/168 525/862/168 527/863/166
f 520/880/184 523/881/169 300/882/169 295/883/170 661/884/170
f 308/885/171 299/886/172 521/887/172 533/888/171
f 298/889/173 296/854/164 664/857/164 663/890/173
f 297/891/174 298/889/173 663/890/173 665/892/174
f 295/883/170 297/893/174 665/894/174 661/884/170
f 299/886/172 301/895/181 522/896/181 521/887/172
f 301/897/181 302/898/176 517/899/176 522/900/181
f 302/898/176 300/882/169 523/881/169 517/899/176
f 307/861/168 309/901/177 528/902/177 525/862/168
f 309/903/177 310/904/178 524/905/178 528/906/177
f 310/904/178 308/885/171 533/888/171 524/905/178
f 303/855/165 305/907/179 666/908/179 667/856/165
f 305/909/179 306/910/180 669/911/180 666/912/179
f 306/910/180 304/860/167 668/859/167 669/911/180
f 312/913/164 319/914/165 679/915/165 671/916/164
f 598/917/166 676/918/167 320/919/167 323/920/168 535/921/168 537/922/166
f 530/939/184 532/940/169 316/941/169 311/942/170 673/943/170
f 324/944/171 315/945/172 529/946/172 554/947/171
f 314/948/173 312/913/164 671/916/164 672/949/173
f 313/950/174 314/948/173 672/949/173 670/951/174
f 311/942/170 313/952/174 670/953/174 673/943/170
f 315/945/172 317/954/181 531/955/181 529/946/172
f 317/956/181 318/957/176 526/958/176 531/959/181
f 318/957/176 316/941/169 532/940/169 526/958/176
f 323/920/168 325/960/177 538/961/177 535/921/168
f 325/962/177 326/963/178 534/964/178 538/965/177
f 326/963/178 324/944/171 554/947/171 534/964/178
f 319/914/165 321/966/179 674/967/179 679/915/165
f 321/968/179 322/969/180 678/970/180 674/971/179
f 322/969/180 320/919/167 676/918/167 678/970/180
f 328/972/164 335/973/165 680/974/165 685/975/164
f 599/976/166 684/977/167 336/978/167 339/979/168 547/980/168 544/981/166
f 540/998/184 542/999/169 332/1000/169 327/1001/170 677/1002/170
f 340/1003/171 331/1004/172 539/1005/172 553/1006/171
f 330/1007/173 328/972/164 685/975/164 686/1008/173
f 329/1009/174 330/1007/173 686/1008/173 675/1010/174
f 327/1001/170 329/1011/174 675/1012/174 677/1002/170
f 331/1004/172 333/1013/181 541/1014/181 539/1005/172
f 333/1015/181 334/1016/176 536/1017/176 541/1018/181
f 334/1016/176 332/1000/169 542/999/169 536/1017/176
f 339/979/168 341/1019/177 548/1020/177 547/980/168
f 341/1021/177 342/1022/178 543/1023/178 548/1024/177
f 342/1022/178 340/1003/171 553/1006/171 543/1023/178
f 335/973/165 337/1025/179 681/1026/179 680/974/165
f 337/1027/179 338/1028/180 682/1029/180 681/1030/179
f 338/1028/180 336/978/167 684/977/167 682/1029/180
f 344/1031/164 351/1032/165 691/1033/165 688/1034/164
f 600/1035/166 692/1036/167 352/1037/167 355/1038/168 557/1039/168 556/1040/166
f 552/1057/184 551/1058/169 348/1059/169 343/1060/170 683/1061/170
f 356/1062/171 347/1063/172 550/1064/172 592/1065/171
f 346/1066/173 344/1031/164 688/1034/164 689/1067/173
f 345/1068/174 346/1066/173 689/1067/173 687/1069/174
f 343/1060/170 345/1070/174 687/1071/174 683/1061/170
f 347/1063/172 349/1072/181 549/1073/181 550/1064/172
f 349/1074/181 350/1075/176 545/1076/176 549/1077/181
f 546/1078/185 545/1076/176 350/1075/176 348/1059/169 551/1058/169
f 355/1038/168 357/1079/177 555/1080/177 557/1039/168
f 357/1081/177 358/1082/178 563/1083/178 555/1084/177
f 358/1082/178 356/1062/171 592/1065/171 563/1083/178
f 351/1032/165 353/1085/179 690/1086/179 691/1033/165
f 353/1087/179 354/1088/180 693/1089/180 690/1090/179
f 354/1088/180 352/1037/167 692/1036/167 693/1089/180
f 360/1091/164 367/1092/165 696/1093/165 697/1094/164
f 601/1095/166 701/1096/167 368/1097/167 371/1098/168 566/1099/168 565/1100/166
f 562/1117/184 561/1118/169 364/1119/169 359/1120/170 694/1121/170
f 372/1122/171 363/1123/172 560/1124/172 573/1125/171
f 362/1126/173 360/1091/164 697/1094/164 698/1127/173
f 361/1128/174 362/1126/173 698/1127/173 695/1129/174
f 359/1120/170 361/1130/174 695/1131/174 694/1121/170
f 363/1123/172 365/1132/181 559/1133/181 560/1124/172
f 365/1134/181 366/1135/176 558/1136/176 559/1137/181
f 366/1135/176 364/1119/169 561/1118/169 558/1136/176
f 371/1098/168 373/1138/177 564/1139/177 566/1099/168
f 373/1140/177 374/1141/178 572/1142/178 564/1143/177
f 374/1141/178 372/1122/171 573/1125/171 572/1142/178
f 367/1092/165 369/1144/179 704/1145/179 696/1093/165
f 369/1146/179 370/1147/180 699/1148/180 704/1149/179
f 370/1147/180 368/1097/167 701/1096/167 699/1148/180
f 376/1150/164 383/1151/165 425/1152/165 424/1153/164
f 603/1154/166 703/1155/167 384/1156/167 387/1157/168 576/1158/168 575/1159/166
f 569/1176/184 570/1177/169 380/1178/169 375/1179/170 700/1180/170
f 388/1181/171 379/1182/172 571/1183/172 591/1184/171
f 378/1185/173 376/1150/164 424/1153/164 423/1186/173
f 377/1187/174 378/1185/173 423/1186/173 702/1188/174
f 375/1179/170 377/1189/174 702/1190/174 700/1180/170
f 379/1182/172 381/1191/181 568/1192/181 571/1183/172
f 381/1193/181 382/1194/176 567/1195/176 568/1196/181
f 382/1194/176 380/1178/169 570/1177/169 567/1195/176
f 387/1157/168 389/1197/177 574/1198/177 576/1158/168
f 389/1199/177 390/1200/178 581/1201/178 574/1202/177
f 390/1200/178 388/1181/171 591/1184/171 581/1201/178
f 383/1151/165 385/1203/179 426/1204/179 425/1152/165
f 385/1205/179 386/1206/180 427/1207/180 426/1208/179
f 386/1206/180 384/1156/167 703/1155/167 427/1207/180
f 392/1209/164 399/1210/165 429/1211/165 430/1212/164
f 400/1213/167 403/1214/168 604/1215/168 434/1216/167
f 396/1233/169 391/1234/170 705/1235/170 602/1236/169
f 404/1237/171 395/1238/172 580/1239/172 589/1240/171
f 394/1241/173 392/1209/164 430/1212/164 431/1242/173
f 393/1243/174 394/1241/173 431/1242/173 428/1244/174
f 391/1234/170 393/1245/174 428/1246/174 705/1235/170
f 395/1238/172 397/1247/181 578/1248/181 580/1239/172
f 397/1249/181 398/1250/176 577/1251/176 578/1252/181
f 579/1253/186 577/1251/176 398/1250/176 396/1233/169 602/1236/169
f 403/1214/168 405/1254/177 582/1255/177 604/1215/168
f 405/1256/177 406/1257/178 590/1258/178 582/1259/177
f 406/1257/178 404/1237/171 589/1240/171 590/1258/178
f 399/1210/165 401/1260/179 438/1261/179 429/1211/165
f 401/1262/179 402/1263/180 432/1264/180 438/1265/179
f 402/1263/180 400/1213/167 434/1216/167 432/1264/180
f 408/1266/164 415/1267/165 439/1268/165 443/1269/164
f 416/1270/167 419/1271/168 707/1272/168 440/1273/167
f 433/1290/184 706/1291/169 412/1292/169 407/1293/170 437/1294/170
f 420/1295/171 411/1296/172 588/1297/172 587/1298/171
f 410/1299/173 408/1266/164 443/1269/164 435/1300/173
f 409/1301/174 410/1299/173 435/1300/173 436/1302/174
f 407/1293/170 409/1303/174 436/1304/174 437/1294/170
f 411/1296/172 413/1305/181 583/1306/181 588/1297/172
f 413/1307/181 414/1308/176 584/1309/176 583/1310/181
f 414/1308/176 412/1292/169 706/1291/169 584/1309/176
f 419/1271/168 421/1311/177 585/1312/177 707/1272/168
f 421/1313/177 422/1314/178 586/1315/178 585/1316/177
f 422/1314/178 420/1295/171 587/1298/171 586/1315/178
f 415/1267/165 417/1317/179 442/1318/179 439/1268/165
f 417/1319/179 418/1320/180 441/1321/180 442/1322/179
f 418/1320/180 416/1270/167 440/1273/167 441/1321/180
f 720/1360/43 723/1361/43 724/1362/189 727/1363/189
f 721/1329/43 725/1328/43 724/1362/189 723/1361/43
f 722/1359/43 727/1363/189 724/1362/189 726/1327/189
f 717/1364/43 719/1365/190 716/1366/43 718/1367/206
f 748/1335/43 749/1334/191 747/1368/191
f 743/1369/43 746/1370/43 747/1368/191 750/1371/43
f 744/1336/43 748/1335/43 747/1368/191 746/1370/43
f 745/1333/43 750/1371/43 747/1368/191 749/1334/191
f 725/1328/43 726/1327/189 724/1362/189
f 809/1508/83 97/195/35 10/1509/34
f 741/1339/43 742/1338/43 740/1337/43 744/1336/43 746/1370/43 743/1369/43 440/1538/43 707/1539/43 585/1540/43 586/1541/43 587/1542/43 588/1543/43 583/1544/43 584/1545/43 706/1546/43 433/157/43 434/156/43 604/1547/43 582/1548/43 590/1549/43 589/1550/43 580/1551/43 578/1552/43 577/153/43 575/152/43 576/1553/43 574/1554/43 581/1555/43 591/1556/43 571/1557/43 568/1558/43 567/149/43 565/148/43 566/1559/43 564/1560/43 572/1561/43 573/1562/43 560/1563/43 559/1564/43 558/143/43 556/142/43 557/1565/43 555/1566/43 563/1567/43 592/1568/43 550/1569/43 549/1570/43 545/1571/43 546/138/43 544/137/43 547/1572/43 548/1573/43 543/1574/43 553/1575/43 539/1576/43 541/1577/43 536/1578/43 542/134/43 537/133/43 535/1579/43 538/1580/43 534/1581/43 554/1582/43 529/1583/43 531/1584/43 526/1585/43 532/130/43 527/129/43 525/1586/43 528/1587/43 524/1588/43 533/1589/43 521/1590/43 522/1591/43 517/1592/43 523/114/43 518/113/43 516/1593/43 519/1594/43 515/1595/43 514/1596/43 511/1597/43 512/1598/43 507/1599/43 513/127/43 505/126/43 506/1600/43 508/1601/43 504/1602/43 509/1603/43 499/1604/43 500/1605/43 497/1606/43 501/120/43 503/123/43 502/1607/43 495/1608/43 494/1609/43 496/1610/43 490/1611/43 491/1612/43 486/1613/43 492/119/43 487/118/43 485/1614/43 488/1615/43 484/1616/43 493/1617/43 481/1618/43 480/1619/43 477/1620/43 482/67/43 479/66/43 478/1621/43 476/1622/43 483/1623/43 475/1624/43 472/1625/43 471/1626/43 470/1627/43 467/57/43 468/56/43 469/1628/43 466/1629/43 474/1630/43 473/1631/43 464/1632/43 465/1633/43 459/1634/43 462/105/43 463/104/43 461/1635/43 460/1636/43 454/1637/43 457/1638/43 455/1639/43 456/1640/43 451/1641/43 452/95/43 453/94/43 450/1642/43 458/1643/43 448/1644/43 449/1645/43 447/1646/43 445/1647/43 444/84/43 238/83/43 234/196/44 97/195/76 809/1508/43 909/1648/43 918/1649/43 914/1650/43 908/1501/43 869/1500/43 878/1651/43 874/1652/189 868/1653/43 829/1654/43 838/1655/43 834/1656/43 828/1657/43 845/1658/43 853/1659/241 849/1660/189 844/1661/43 857/1662/43 865/1663/242 861/1664/243 856/1665/43 807/1666/43 720/1360/43 727/1363/189 722/1359/43 729/1358/43 730/1381/43 728/1380/43 732/1379/43 733/1378/43 731/1377/43 735/1376/43 736/1375/43 734/1374/43 738/1373/43 739/1341/43 737/1340/43
f 910/1516/43 921/1767/43 917/1768/43 909/1648/43 809/1508/43 810/1769/43 20/1770/43 1000/1771/43 1001/1772/43 999/1773/43 808/1774/43 1364/1775/43 141/73/43 631/72/43 635/1776/43 634/1777/43 637/1778/43 636/1779/43 594/117/43 489/116/43 638/1780/43 639/1781/43 640/1782/43 647/1783/43 641/1784/43 646/1785/43 642/1786/43 643/1787/43 593/122/43 498/121/43 644/1788/43 645/1789/43 648/1790/43 659/1791/43 650/1792/43 652/1793/43 649/1794/43 651/1795/43 596/125/43 510/124/43 658/1796/43 655/1797/43 653/1798/43 654/1799/43 657/1800/43 656/1801/43 662/1802/43 660/1803/43 595/112/43 520/115/43 661/1804/43 665/1805/43 663/1806/43 664/1807/43 667/1808/43 666/1809/43 669/1810/43 668/1811/43 597/128/43 530/131/43 673/1812/43 670/1813/43 672/1814/43 671/1815/43 679/1816/43 674/1817/43 678/1818/43 676/1819/43 598/132/43 540/135/43 677/1820/43 675/1821/43 686/1822/43 685/1823/43 680/1824/43 681/1825/43 682/1826/43 684/1827/43 599/136/43 552/140/43 683/1828/43 687/1829/43 689/1830/43 688/1831/43 691/1832/43 690/1833/43 693/1834/43 692/1835/43 600/141/43 562/145/43 694/1836/43 695/1837/43 698/1838/43 697/1839/43 696/1840/43 704/1841/43 699/1842/43 701/1843/43 601/147/43 569/146/43 700/1844/43 702/1845/43 423/1846/43 424/1847/43 425/1848/43 426/1849/43 427/1850/43 703/1851/43 603/151/43 579/154/43 602/1852/43 705/1853/43 428/1854/43 431/1855/43 430/1856/43 429/1857/43 438/1858/43 432/155/43 437/158/43 436/1859/43 435/1860/43 443/1861/43 439/1862/43 442/1863/43 441/1864/43 440/1538/43 743/1369/43 750/1371/43 745/1333/43 717/1332/43 718/1865/206 716/1330/43 721/1329/43 723/1361/43 720/1360/43 807/1666/43 830/1711/43 841/1866/43 837/1867/43 829/1654/43 868/1653/43 875/1868/43 871/1869/43 867/1702/43 885/1701/43 893/1870/43 889/1871/43 884/1718/43 896/1717/43 902/1872/268 898/1873/269 895/1517/43
f 831/1726/241 835/1725/43 836/1875/43 833/1874/43
f 828/1657/43 834/1656/43 836/1875/43 835/1725/43
f 834/1656/43 838/1655/43 839/1876/43 836/1875/43
f 829/1654/43 837/1867/43 839/1876/43 838/1655/43
f 837/1867/43 841/1866/43 842/1877/43 839/1876/43
f 830/1711/43 840/1710/43 842/1877/43 841/1866/43
f 840/1710/43 832/1709/43 833/1874/43 842/1877/43
f 833/1874/43 836/1875/43 839/1876/43 842/1877/43
f 849/1660/189 853/1659/241 854/1880/270 851/1879/241
f 848/1878/191 851/1879/241 854/1880/270
f 861/1664/243 865/1663/242 866/1885/227 863/1884/243
f 857/1662/43 864/1690/189 866/1885/227 865/1663/242
f 867/1702/43 871/1869/43 873/1886/43 872/1703/43
f 871/1869/43 875/1868/43 876/1887/43 873/1886/43
f 868/1653/43 874/1652/189 876/1887/43 875/1868/43
f 874/1652/189 878/1651/43 879/1888/43 876/1887/43
f 869/1500/43 877/1499/43 879/1888/43 878/1651/43
f 877/1499/43 881/1498/191 882/1889/43 879/1888/43
f 880/1704/43 872/1703/43 873/1886/43 882/1889/43
f 873/1886/43 876/1887/43 879/1888/43 882/1889/43
f 888/1890/227 891/1891/43 894/1892/43
f 895/1517/43 898/1873/269 900/1893/272 899/1518/228
f 898/1873/269 902/1872/268 903/1894/43 900/1893/272
f 896/1717/43 901/1716/256 903/1894/43 902/1872/268
f 900/1893/272 903/1894/43 906/1895/273
f 908/1501/43 914/1650/43 916/1897/189 915/1502/43
f 914/1650/43 918/1649/43 919/1898/189 916/1897/189
f 909/1648/43 917/1768/43 919/1898/189 918/1649/43
f 917/1768/43 921/1767/43 922/1899/43 919/1898/189
f 910/1516/43 920/1515/43 922/1899/43 921/1767/43
f 913/1896/241 916/1897/189 919/1898/189 922/1899/43
f 1075/2303/388 1079/2305/339 1080/2306/392 1077/2304/391
f 1077/2304/391 1080/2306/392 1083/2307/393
f 1085/2227/311 1090/2226/364 1092/2311/395 1091/2310/396
f 1102/2315/311 1104/2314/399 1103/2165/347
f 1097/2164/311 1102/2315/311 1103/2165/347
f 1102/2315/311 1106/2316/339 1104/2314/399
f 1106/2316/339 1107/2317/400 1104/2314/399
f 1101/2313/398 1104/2314/399 1107/2317/400
f 1108/2163/311 1112/2162/338 1114/2318/311 1113/2319/338
f 1112/2162/338 1116/2161/339 1117/2320/311 1114/2318/311
f 1109/2160/311 1115/2230/311 1117/2320/311 1116/2161/339
f 1115/2230/311 1119/2229/365 1120/2321/338 1117/2320/311
f 1110/2228/311 1118/2322/338 1120/2321/338 1119/2229/365
f 1118/2322/338 1122/2323/311 1123/2324/311 1120/2321/338
f 1121/2325/311 1113/2319/338 1114/2318/311 1123/2324/311
f 1114/2318/311 1117/2320/311 1120/2321/338 1123/2324/311
f 1127/2326/338 1129/2327/401 1128/2221/361
f 1124/2220/311 1127/2326/338 1128/2221/361
f 1127/2326/338 1131/2328/311 1132/2329/311 1129/2327/401
f 1125/2147/311 1130/2146/338 1132/2329/311 1131/2328/311
f 1130/2146/338 1134/2145/311 1135/2330/402 1132/2329/311
f 1133/2222/311 1128/2221/361 1129/2327/401 1135/2330/402
f 1129/2327/401 1132/2329/311 1135/2330/402
f 1139/2200/311 1143/2199/311 1144/2332/311 1141/2331/311
f 1137/2198/311 1142/2333/369 1144/2332/311 1143/2199/311
f 1122/2323/311 1118/2322/338 1110/2228/311 1085/2227/311 1091/2310/396 1087/2308/394 1084/2210/311 1073/2209/311 1079/2305/339 1075/2303/388 1072/2296/311 1053/2189/311 1009/2038/311 1004/2036/311 1006/2034/311 1007/2031/311 1005/2030/311 1016/2060/311 18/2334/311 13/2335/311 1251/2336/403 1250/2337/404 1144/2332/311 1142/2333/369 1137/2198/311 1149/2197/311 1157/2338/405 1153/2339/311 1148/2240/311 1161/2239/311 1170/2340/311 1166/2341/311 1160/2342/311 1111/2343/311 1121/2325/311 1123/2324/311
f 1145/2218/311 1140/2217/311 1141/2331/311 1146/2344/311
f 1159/2148/311 1163/2348/408 1165/2349/311 1164/2149/339
f 1163/2348/408 1167/2350/409 1168/2351/369 1165/2349/311
f 1166/2341/311 1170/2340/311 1171/2352/363 1168/2351/369
f 1161/2239/311 1169/2238/311 1171/2352/363 1170/2340/311
f 1165/2349/311 1168/2351/369 1171/2352/363 1174/2353/410
f 1266/2431/447 1282/2432/448 1280/2433/449 1264/2434/450
f 1255/2435/451 1257/2436/452 1270/2437/453 1269/2438/451
f 1268/2439/454 1278/2440/455 1282/2441/456 1266/2442/457
f 1277/2455/461 1262/2456/462 1265/2457/463 1281/2458/464
f 1256/2459/465 1255/2460/466 1269/2461/466 1260/2462/467
f 1283/2463/468 1267/2464/469 1261/2465/470 1276/2466/471
f 1281/2291/472 1265/2467/473 1270/2468/474 1257/2469/475 1274/2470/476
f 1264/2471/477 1280/2472/478 1279/2473/479 1263/2474/480
f 1284/2479/483 1258/2480/484 1259/2481/485 1263/2482/486 1279/2483/487
f 1258/2484/488 1256/2485/465 1260/2486/467 1259/2487/489
f 1280/2488/490 1282/2489/491 1278/2268/492 1271/2490/493 1284/2491/494 1279/2492/495
f 1277/2493/496 1281/2494/497 1274/1472/498 1273/1323/499 1283/2495/500 1276/2496/501
f 1273/2507/516 1274/2508/517 1257/2509/518 1251/2510/519
f 1257/2509/518 1250/2511/520 1251/2510/519
f 1277/2512/521 1276/2513/522 1261/2514/523 1262/2515/524
f 87/2516/525 90/179/64 29/178/63 22/2517/526
f 1284/2518/527 1271/2503/512 1252/2506/515 1258/2519/528
f 1144/2332/311 1250/2337/531 1257/2522/311 1255/2523/311 1256/2524/311 1258/2525/532 1296/2526/311 1291/2527/311 1285/2528/311 59/211/82 103/210/81 18/2334/311 1016/2060/311 1018/2058/311 1019/2056/311 1017/2054/311 1012/2052/311 1014/2050/311 1015/2048/311 1013/2046/311 1008/2044/311 1010/2042/311 1011/2040/311 1009/2038/311 1053/2189/311 1098/2188/311 1106/2316/339 1102/2315/311 1097/2164/311 1108/2163/311 1113/2319/338 1121/2325/311 1111/2343/311 1160/2342/311 1166/2341/311 1168/2351/369 1167/2350/409 1163/2348/408 1159/2148/311 1125/2147/311 1131/2328/311 1127/2326/338 1124/2220/311 1138/2219/311 1145/2218/311 1146/2344/311 1141/2331/311
f 1298/2533/311 1296/2526/311 1258/2525/536 1252/2534/537 1286/2535/311 91/168/53 73/167/52 1285/2528/311 1291/2527/311 1293/2536/311 1294/2537/311 1292/2538/311 1287/2539/311 1289/2540/311 1290/2541/311 1288/2542/311 1299/2543/311 1301/2544/311 1302/2545/311 1300/2546/311 1295/2547/311 1297/2548/311
f 1285/2702/92 73/2703/92 1368/2704/92 1367/2705/92
f 73/2703/92 77/2706/92 1369/2707/92 1368/2704/92
f 77/2706/92 78/2708/92 1370/2709/92 1369/2707/92
f 78/2708/92 75/2710/611 1371/2711/612 1370/2709/92
f 1434/2712/613 1449/2713/614 1372/2714/615 1371/2711/612 75/2710/611
f 1366/2715/616 1381/2716/617 1380/2717/618 1379/2718/618 1378/2719/618 1377/2720/618 1376/2721/618 1375/2722/618 1374/2723/618 1373/2724/618 1372/2714/615 1449/2725/614 1454/2726/619 1455/2727/619 1456/2728/619 1453/2729/619 1457/2730/619 1450/2731/619 1452/2732/619 1451/2733/619 1433/2734/619
f 1366/2715/616 1365/2735/620 1382/2736/621 1381/2716/617
f 1422/2737/622 1419/2738/623 1391/2739/624 1390/2740/625 1389/2741/625 1388/2742/625 1387/2743/625 1386/2744/625 1385/2745/625 1384/2746/625 1383/2747/625 1382/2736/621 1365/2735/620 1404/2748/622 1420/2749/622 1421/2750/622 1424/2751/622 1423/2752/622 1426/2753/622 1427/2754/622 1425/2755/622
f 1403/2756/92 39/2757/92 1392/2758/92 1391/2739/624 1419/2759/623
f 39/2757/92 43/2760/92 1393/2761/92 1392/2758/92
f 43/2760/92 46/2762/92 1394/2763/92 1393/2761/92
f 46/2762/92 42/2764/92 1395/2765/92 1394/2763/92
f 1423/2798/626 1463/2799/627 1462/2800/628 1426/2801/629
f 1422/2810/632 1465/2811/633 1400/2812/311 1403/2813/311 1419/2814/311
f 1424/2815/634 1461/2816/635 1463/2799/627 1423/2798/626
f 1420/2821/639 1464/2807/631 1460/2820/638 1421/2822/640
f 1426/2801/629 1462/2800/628 1459/2823/641 1427/2824/642
f 1427/2824/642 1459/2823/641 1458/2825/643 1425/2826/644
f 1425/2826/644 1458/2825/643 1465/2811/633 1422/2810/632
f 1453/2827/645 1472/2828/627 1471/2829/628 1457/2830/629
f 1434/2831/43 1429/2808/43 1469/2832/631 1454/2833/646 1449/2834/43
f 1428/2812/311 1432/2835/311 1433/2836/311 1451/2837/647 1473/2838/633
f 1456/2839/648 1468/2840/635 1472/2828/627 1453/2827/645
f 1455/2841/649 1466/2842/638 1468/2843/635 1456/2844/648
f 1454/2833/646 1469/2832/631 1466/2842/638 1455/2841/649
f 1457/2830/629 1471/2829/628 1467/2845/641 1450/2846/650
f 1450/2846/650 1467/2845/641 1470/2847/643 1452/2848/651
f 1452/2848/651 1470/2847/643 1473/2838/633 1451/2837/647
f 1460/2820/638 1461/2819/635 1424/2849/634 1421/2822/640
f 1399/2808/43 1464/2807/631 1420/2821/639 1404/2855/43
s 0
f 162/2868/92 29/2869/92 31/2870/92 26/2871/92 56/2872/92 63/2873/92 65/2874/92 59/2875/92 144/2876/92 157/2877/92 161/2878/92
f 1397/2879/92 1398/2880/92 1395/2881/92 42/2882/92 141/2883/92 1364/2884/92 115/2885/92 207/2886/92
f 121/2887/92 117/2888/92 109/2889/92 113/2890/92 114/2891/92 112/2892/92 130/2893/92 136/2894/92 137/2895/92 131/2896/92 125/2897/92 129/2898/92 128/2899/92 124/2900/92 115/2885/92 1364/2884/92 808/2901/92 22/2902/92 29/2869/92 162/2868/92 158/2903/92 165/2904/92 169/2905/92 170/2906/92 167/2907/92 145/2908/92 146/2909/92 171/2910/92 173/2911/92 176/2912/92 172/2913/92 150/2914/92 154/2915/92 153/2916/92 147/2917/92 143/2918/92 144/2876/92 59/2875/92 1285/2919/92 1367/2920/92 1396/2921/92 1397/2879/92 207/2886/92
s 1
f 22/2517/526 808/1774/662 999/1773/662 1003/2923/662 1002/2924/662 1000/1771/662 20/1770/662 87/2516/525
usemtl black_plastic
f 19/1/1 1/2/2 13/3/3 18/4/4
f 17/5/5 34/6/6 87/7/7 20/8/8
f 19/1/1 18/4/4 103/9/9 68/10/10
f 1431/11/11 1402/12/11 1399/13/12 1428/14/12
f 92/15/13 79/16/14 1430/17/11 1429/18/12
f 53/19/15 100/20/16 1400/21/12 1401/22/11
f 1253/23/17 1251/24/18 13/3/3 1/2/2 80/25/19 91/26/20 1286/27/21 1252/28/22 1254/29/23
f 85/34/28 89/35/29 35/36/30 71/37/31 107/38/32 104/39/28
f 6/40/33 10/41/34 97/42/35 50/43/36
f 87/7/7 34/6/6 37/159/46 90/160/47
f 90/160/47 37/159/46 35/36/30 89/35/29
f 100/20/16 53/19/15 55/169/54 102/170/55
f 102/171/55 55/172/54 54/173/56 101/174/57
f 101/174/57 54/173/56 50/43/36 97/42/35
f 107/38/32 71/37/31 69/176/61 105/177/62
f 105/177/62 69/176/61 68/10/10 103/9/9
f 79/16/14 92/15/13 95/162/67 82/184/68
f 82/185/68 95/186/67 93/187/69 83/188/70
f 83/188/70 93/187/69 91/26/20 80/25/19
f 809/212/83 10/41/34 6/40/33 17/5/5 20/8/8 810/213/84
f 1415/214/85 1402/215/11 1431/216/11 1436/217/85
f 79/218/14 82/185/68 1435/219/85 1430/220/11
f 53/221/15 1401/222/11 1418/223/85 55/172/54
f 6/40/136 1/2/136 19/1/137 17/5/137
f 35/36/138 37/159/138 34/6/138 17/5/137 19/1/137 68/10/138 69/176/138 71/37/138
f 1283/2475/468 1278/2476/481 1268/2477/482 1267/2478/469
f 1275/2497/502 1272/2498/503 1271/2499/504 1278/2500/505 1283/2501/506 1273/2502/507
f 1254/29/508 1272/2498/509 1275/2497/510 1253/23/511
f 1271/2503/512 1272/2504/513 1254/2505/514 1252/2506/515
f 1275/2520/529 1273/2507/516 1251/2510/519 1253/2521/530
f 1415/2802/43 1416/2803/43 1474/2804/43 1406/2805/43 1405/2806/630 1464/2807/631 1399/2808/43 1402/2809/43
f 1407/2817/636 1408/2818/637 1461/2819/635 1460/2820/638
f 1459/2823/641 1462/2800/628 1413/2850/652 1410/2851/653
f 1463/2799/627 1461/2816/635 1408/2852/637 1409/2853/654
f 1462/2800/628 1463/2799/627 1409/2853/654 1413/2850/652
f 1458/2825/643 1459/2823/641 1410/2851/653 1414/2854/655
f 1460/2820/638 1464/2807/631 1405/2806/630 1407/2817/636
f 1465/2811/633 1458/2825/643 1414/2854/655 1411/2856/656
f 1400/2812/311 1465/2811/633 1411/2856/656 1412/2857/311 1475/2858/311 1417/2859/311 1418/2860/311 1401/2861/311
f 1473/2838/633 1442/2856/656 1448/2862/311 1446/2863/311 1436/2860/311 1431/2864/311 1428/2812/311
f 1467/2845/641 1471/2829/628 1444/2850/652 1441/2851/653
f 1472/2828/627 1468/2840/635 1438/2852/637 1439/2853/654
f 1471/2829/628 1472/2828/627 1439/2853/654 1444/2850/652
f 1470/2847/643 1467/2845/641 1441/2851/653 1443/2854/655
f 1468/2843/635 1466/2842/638 1440/2817/636 1438/2818/637
f 1469/2832/631 1429/2808/43 1430/2809/43 1435/2802/43 1445/2865/43 1447/2866/43 1437/2867/630
f 1473/2838/633 1470/2847/643 1443/2854/655 1442/2856/656
f 1466/2842/638 1469/2832/631 1437/2867/630 1440/2817/636
s 0
f 80/2922/657 50/2922/657 54/2922/657 1475/2922/657 1412/2922/657 1411/2922/657 1414/2922/657 1410/2922/657 1413/2922/657 1409/2922/657 1408/2922/657 1407/2922/657 1405/2922/657 1406/2922/657 1474/2922/657 1446/2922/657 1448/2922/657 1442/2922/657 1443/2922/657 1441/2922/657 1444/2922/657 1439/2922/657 1438/2922/657 1440/2922/657 1437/2922/657 1447/2922/657 1445/2922/657 83/2922/657
f 83/2922/658 1445/2922/658 1435/2922/658 82/2922/658
f 1446/2922/659 1474/2922/659 1416/2922/659 1415/2922/659 1436/2922/659
f 1475/2922/660 54/2922/660 55/2922/660 1418/2922/660 1417/2922/660
f 50/2922/661 80/2922/661 1/2922/661 6/2922/661
s 1
usemtl touchpad
f 193/236/92 191/237/92 190/238/92 180/239/92 181/240/92 206/241/92 205/242/92 203/243/92 201/244/92 194/245/92
f 199/248/92 182/247/92 177/246/92 184/249/92 183/250/92 187/251/92 185/252/92 195/253/92 196/254/92 197/255/92
usemtl holes
f 234/332/92 238/333/139 44/334/139 3/335/140 258/336/141
f 61/337/142 41/338/143 243/339/143 242/340/142
f 7/341/144 24/342/145 252/343/146 249/344/147
f 236/345/148 255/346/149 28/347/150 58/348/151 239/349/151
f 3/335/140 12/350/152 256/351/153 258/336/141
f 12/352/152 16/353/154 254/354/155 256/355/153
f 254/354/155 16/353/154 7/341/144 249/344/147
f 32/356/156 28/347/150 255/346/149 260/357/157
f 30/358/158 32/356/156 260/357/157 253/359/159
f 24/342/145 30/360/158 253/361/159 252/343/146
f 67/362/160 61/337/142 242/340/142 246/363/160
f 66/364/161 67/362/160 246/363/160 248/365/161
f 58/348/151 66/366/161 248/367/161 239/349/151
f 51/368/162 44/334/139 238/333/139 241/369/162
f 48/370/163 51/368/162 241/369/162 244/371/163
f 41/338/143 48/372/163 244/373/163 243/339/143
f 24/374/43 7/375/43 16/376/43 12/377/43 3/378/43 44/379/43 51/380/43 48/381/43 41/382/43 61/383/43 67/384/43 66/385/43 58/386/43 28/387/43 32/388/43 30/389/43
f 40/399/43 38/400/43 33/401/43 11/402/43 15/403/43 14/404/43 9/405/43 23/406/43 27/407/43 25/408/43 21/409/43 47/410/43 52/411/43 49/412/43 45/413/43 36/414/43
f 76/456/43 74/457/43 70/458/43 96/459/43 99/460/43 98/461/43 94/462/43 84/463/43 88/464/43 86/465/43 81/466/43 60/467/43 64/468/43 62/469/43 57/470/43 72/471/43
f 127/513/43 126/514/43 122/515/43 108/516/43 111/517/43 110/518/43 106/519/43 118/520/43 120/521/43 119/522/43 116/523/43 133/524/43 135/525/43 134/526/43 132/527/43 123/528/43
f 160/570/43 159/571/43 155/572/43 139/573/43 142/574/43 140/575/43 138/576/43 149/577/43 152/578/43 151/579/43 148/580/43 164/581/43 168/582/43 166/583/43 163/584/43 156/585/43
f 192/629/43 189/630/43 186/631/43 211/632/43 215/633/43 214/634/43 209/635/43 200/636/43 204/637/43 202/638/43 198/639/43 175/640/43 179/641/43 178/642/43 174/643/43 188/644/43
f 251/687/43 250/688/43 245/689/43 223/690/43 228/691/43 225/692/43 221/693/43 235/694/43 240/695/43 237/696/43 233/697/43 259/698/43 262/699/43 261/700/43 257/701/43 247/702/43
f 270/746/43 269/747/43 267/748/43 276/749/43 278/750/43 277/751/43 275/752/43 272/753/43 274/754/43 273/755/43 271/756/43 264/757/43 266/758/43 265/759/43 263/760/43 268/761/43
f 290/805/43 289/806/43 287/807/43 280/808/43 282/809/43 281/810/43 279/811/43 284/812/43 286/813/43 285/814/43 283/815/43 292/816/43 294/817/43 293/818/43 291/819/43 288/820/43
f 306/864/43 305/865/43 303/866/43 296/867/43 298/868/43 297/869/43 295/870/43 300/871/43 302/872/43 301/873/43 299/874/43 308/875/43 310/876/43 309/877/43 307/878/43 304/879/43
f 322/923/43 321/924/43 319/925/43 312/926/43 314/927/43 313/928/43 311/929/43 316/930/43 318/931/43 317/932/43 315/933/43 324/934/43 326/935/43 325/936/43 323/937/43 320/938/43
f 334/982/43 333/983/43 331/984/43 340/985/43 342/986/43 341/987/43 339/988/43 336/989/43 338/990/43 337/991/43 335/992/43 328/993/43 330/994/43 329/995/43 327/996/43 332/997/43
f 350/1041/43 349/1042/43 347/1043/43 356/1044/43 358/1045/43 357/1046/43 355/1047/43 352/1048/43 354/1049/43 353/1050/43 351/1051/43 344/1052/43 346/1053/43 345/1054/43 343/1055/43 348/1056/43
f 370/1101/43 369/1102/43 367/1103/43 360/1104/43 362/1105/43 361/1106/43 359/1107/43 364/1108/43 366/1109/43 365/1110/43 363/1111/43 372/1112/43 374/1113/43 373/1114/43 371/1115/43 368/1116/43
f 382/1160/43 381/1161/43 379/1162/43 388/1163/43 390/1164/43 389/1165/43 387/1166/43 384/1167/43 386/1168/43 385/1169/43 383/1170/43 376/1171/43 378/1172/43 377/1173/43 375/1174/43 380/1175/43
f 402/1217/43 401/1218/43 399/1219/43 392/1220/43 394/1221/43 393/1222/43 391/1223/43 396/1224/43 398/1225/43 397/1226/43 395/1227/43 404/1228/43 406/1229/43 405/1230/43 403/1231/43 400/1232/43
f 418/1274/43 417/1275/43 415/1276/43 408/1277/43 410/1278/43 409/1279/43 407/1280/43 412/1281/43 414/1282/43 413/1283/43 411/1284/43 420/1285/43 422/1286/43 421/1287/43 419/1288/43 416/1289/43
f 780/1389/203 779/1390/202 778/1391/201 777/1392/200 776/1393/199 775/1394/198 799/1395/43 800/1396/43
f 784/1405/209 783/1406/208 782/1407/216 781/1408/204 780/1389/203 800/1396/43 801/1409/43 802/1410/43 799/1395/43 775/1394/198 798/1411/197 797/1412/196 796/1413/195 795/1414/194 794/1415/217 793/1416/187 792/1417/188 791/1418/215 790/1419/207 789/1420/214 788/1421/213 787/1422/212 786/1423/211 785/1424/210
f 965/1524/43 820/1525/43 819/1526/43 970/1527/43 969/1528/231 963/1529/232
f 979/1733/260 980/1734/261 978/1735/240 973/1736/239 975/1737/262 976/1738/263 974/1739/236 968/1740/235 970/1527/43 819/1526/43 822/1741/43 821/1742/43 820/1525/43 965/1524/43 964/1743/259 977/1744/258
f 987/1745/245 981/1746/244 983/1747/43 824/1748/43 823/1749/43 988/1750/189
f 993/1751/264 994/1752/265 992/1753/247 986/1754/246 988/1750/189 823/1749/43 826/1755/43 825/1756/43 824/1748/43 983/1747/43 982/1757/251 995/1758/250 997/1759/266 998/1760/267 996/1761/226 991/1762/225
f 966/1918/292 967/1919/293 965/1524/43
f 967/1919/293 964/1743/259 965/1524/43
f 968/1740/235 971/1920/294 970/1527/43
f 971/1920/294 972/1921/295 970/1527/43
f 972/1921/295 969/1528/231 970/1527/43
f 8/2005/43 4/2006/43 2/2007/43 5/2008/43
f 1001/2009/305 8/2010/305 5/2011/306 999/2012/306
f 1003/2013/307 2/2014/307 4/2015/308 1002/2016/308
f 5/2017/306 2/2018/307 1003/2019/307 999/2020/306
f 1000/2021/92 1002/2022/308 4/2023/308 8/2024/305 1001/2025/305
f 1020/2026/309 1021/2027/310 1036/2028/310 1037/2029/309
f 1051/2062/311 1038/2063/311 1037/2064/311 1036/2065/311 1039/2066/311 1040/2067/311 1041/2068/311 1042/2069/311 1043/2070/311 1044/2071/311 1045/2072/311 1046/2073/311 1047/2074/311 1048/2075/311 1049/2076/311 1050/2077/311
f 1034/2078/312 1035/2079/313 1038/2080/313 1051/2081/312
f 1027/2082/314 1028/2083/315 1045/2084/315 1044/2085/314
f 1035/2086/313 1020/2026/309 1037/2029/309 1038/2087/313
f 1028/2083/315 1029/2088/316 1046/2089/316 1045/2084/315
f 1021/2027/310 1022/2090/317 1039/2091/317 1036/2028/310
f 1029/2088/316 1030/2092/318 1047/2093/318 1046/2089/316
f 1022/2090/317 1023/2094/319 1040/2095/319 1039/2091/317
f 1030/2092/318 1031/2096/320 1048/2097/320 1047/2093/318
f 1023/2098/319 1024/2099/321 1041/2100/321 1040/2101/319
f 1031/2102/320 1032/2103/322 1049/2104/322 1048/2105/320
f 1024/2099/321 1025/2106/323 1042/2107/323 1041/2100/321
f 1032/2103/322 1033/2108/324 1050/2109/324 1049/2104/322
f 1025/2106/323 1026/2110/325 1043/2111/325 1042/2107/323
f 1033/2108/324 1034/2078/312 1051/2081/312 1050/2109/324
f 1026/2110/325 1027/2112/314 1044/2113/314 1043/2111/325
f 1223/2114/311 1225/2115/311 1056/2116/311 1055/2117/326 1059/2118/327 1058/2119/328 1057/2120/329 1054/2121/311 1215/2122/311 1217/2123/311 1218/2124/311 1216/2125/311 1219/2126/311 1221/2127/311 1222/2128/311 1220/2129/311 1228/2130/311 1230/2131/311 1231/2132/311 1229/2133/311
f 1232/2244/311 1234/2245/311 1060/2246/311 1063/2247/370 1062/2248/371 1061/2249/311 1247/2250/311 1246/2251/311 1241/2252/311 1243/2253/311 1244/2254/311 1242/2255/311 1237/2256/311 1239/2257/311 1240/2258/311 1238/2259/311
f 1245/2260/311 1247/2250/311 1061/2249/311 1060/2246/311 1234/2245/311 1233/2261/311
f 1225/2115/311 1224/2262/311 1054/2121/311 1057/2120/372 1056/2116/311
f 1223/2114/389 1226/2370/427 1225/2115/311
f 1226/2370/427 1227/2371/428 1225/2115/311
f 1227/2371/428 1224/2262/332 1225/2115/311
f 1232/2244/357 1235/2372/429 1234/2245/311
f 1235/2372/429 1236/2373/430 1234/2245/311
f 1236/2373/430 1233/2261/350 1234/2245/311
f 1245/2260/349 1248/2374/431 1247/2250/311
f 1248/2374/431 1249/2375/432 1247/2250/311
f 1249/2375/432 1246/2251/354 1247/2250/311
f 1265/2443/311 1262/2444/311 1261/2445/311 1267/2446/458 1268/2447/459 1266/2448/311 1264/2449/311 1263/2450/311 1259/2451/311 1260/2452/460 1269/2453/311 1270/2454/311
f 1326/2529/533 1327/2530/534 1353/2531/535 1363/2532/533
f 1302/2549/538 1301/2550/539 1338/2551/539 1339/2552/538
f 1333/2561/545 1328/2562/546 1287/2563/546 1294/2564/545
f 1296/2565/547 1298/2566/548 1336/2567/548 1337/2568/547
f 1298/2566/548 1297/2569/549 1335/2570/549 1336/2567/548
f 1339/2552/538 1334/2573/551 1295/2574/551 1302/2549/538
f 1297/2569/549 1295/2575/551 1334/2576/551 1335/2570/549
f 1288/2587/560 1331/2588/560 1338/2551/539 1301/2550/539
f 1294/2564/545 1293/2589/561 1332/2590/561 1333/2561/545
f 1350/2591/562 1349/2592/563 1334/2593/311 1339/2594/311 1338/2595/311 1331/2596/311 1330/2597/311 1329/2598/311 1328/2599/311 1333/2600/311 1332/2601/311 1337/2602/311 1336/2603/311 1335/2604/311 1348/2605/311 1347/2606/311 1346/2607/311 1345/2608/311 1344/2609/311 1343/2610/564 1342/2611/565 1340/2612/311 1341/2613/566 1351/2614/567
f 1323/2615/568 1324/2616/569 1361/2617/570 1360/2618/571
f 1335/2604/311 1334/2593/311 1349/2592/563 1348/2605/311
f 1337/2650/547 1332/2590/561 1293/2589/561 1296/2651/547
f 1289/2652/588 1287/2653/546 1328/2654/546 1329/2655/588
f 1290/2656/589 1289/2652/588 1329/2655/588 1330/2657/589
f 1288/2660/560 1290/2656/589 1330/2657/589 1331/2661/560
f 1362/2664/311 1363/2665/311 1353/2666/591 1352/2667/592 1354/2668/593 1355/2669/594 1356/2670/311 1357/2671/595 1358/2672/596 1359/2673/311 1360/2674/597 1361/2675/598
f 1320/2678/599 1321/2679/600 1358/2680/601 1357/2681/602
f 1321/2682/600 1322/2683/548 1359/2684/548 1358/2685/601
f 1316/2686/603 1317/2687/604 1354/2688/605 1352/2689/606
f 1322/2683/548 1323/2615/568 1360/2618/571 1359/2684/548
f 1316/2686/603 1352/2689/606 1353/2690/535 1327/2691/534
f 1317/2687/604 1318/2692/607 1355/2693/608 1354/2688/605
f 1318/2694/607 1319/2695/609 1356/2696/609 1355/2697/608
f 1324/2698/569 1325/2699/610 1362/2700/610 1361/2701/570
f 1319/2695/609 1320/2678/599 1357/2681/602 1356/2696/609
f 1325/2699/610 1326/2529/533 1363/2532/533 1362/2700/610
usemtl ports
f 799/1425/40 802/1426/40 806/1427/40 803/1428/40
f 806/1481/43 805/1482/43 804/1483/43 803/1484/43
f 801/1485/218 800/1486/218 804/1487/218 805/1488/218
f 802/1489/219 801/1490/219 805/1491/219 806/1492/219
f 800/1493/220 799/1494/220 803/1490/220 804/1495/220
f 823/1679/252 824/1680/252 814/1681/252 813/1682/252
f 824/1683/253 825/1684/253 811/1685/253 814/1686/253
f 820/1982/300 821/1983/300 815/1984/300 818/1985/300
f 819/1986/301 820/1987/301 818/1988/301 817/1989/301
f 825/1990/302 826/1991/302 812/1983/302 811/1992/302
f 826/1993/303 823/1994/303 813/1995/303 812/1996/303
f 821/1997/218 822/1998/218 816/1999/218 815/2000/218
f 822/2001/304 819/2002/304 817/2003/304 816/2004/304
f 1005/2030/311 1007/2031/311 1021/2032/311 1020/2033/311
f 1007/2031/311 1006/2034/311 1022/2035/311 1021/2032/311
f 1006/2034/311 1004/2036/311 1023/2037/311 1022/2035/311
f 1004/2036/311 1009/2038/311 1024/2039/311 1023/2037/311
f 1009/2038/311 1011/2040/311 1025/2041/311 1024/2039/311
f 1011/2040/311 1010/2042/311 1026/2043/311 1025/2041/311
f 1010/2042/311 1008/2044/311 1027/2045/311 1026/2043/311
f 1008/2044/311 1013/2046/311 1028/2047/311 1027/2045/311
f 1013/2046/311 1015/2048/311 1029/2049/311 1028/2047/311
f 1015/2048/311 1014/2050/311 1030/2051/311 1029/2049/311
f 1014/2050/311 1012/2052/311 1031/2053/311 1030/2051/311
f 1012/2052/311 1017/2054/311 1032/2055/311 1031/2053/311
f 1017/2054/311 1019/2056/311 1033/2057/311 1032/2055/311
f 1019/2056/311 1018/2058/311 1034/2059/311 1033/2057/311
f 1018/2058/311 1016/2060/311 1035/2061/311 1034/2059/311
f 1016/2060/311 1005/2030/311 1020/2033/311 1035/2061/311
f 1185/2134/330 1052/2135/331 1054/2136/40 1224/2137/332
f 1175/2138/333 1181/2139/334 1219/2140/335 1216/2141/336
f 1195/2154/342 1201/2155/343 1237/2156/344 1242/2157/345
f 1190/2158/346 1192/2159/311 1109/2160/311 1116/2161/339 1112/2162/338 1108/2163/311 1097/2164/311 1103/2165/347 1099/2166/339 1096/2167/311 1187/2168/311 1186/2169/348
f 1210/2170/337 1206/2171/341 1245/2172/349 1233/2173/350
f 1205/2174/351 1196/2175/352 1241/2176/353 1246/2177/354
f 1200/2178/355 1211/2179/356 1232/2180/357 1238/2181/358
f 1061/2182/218 1062/2183/359 1071/2184/218 1069/2185/218
f 1187/2168/311 1096/2167/311 1100/2186/311 1105/2187/43 1098/2188/311 1053/2189/311 1052/2190/331 1185/2191/330
f 1175/2204/333 1177/2205/311 1074/2206/311 1082/2207/338 1078/2208/311 1073/2209/311 1084/2210/311 1088/2211/311 1093/2212/338 1086/2213/311 1182/2214/311 1181/2215/334
f 1180/2224/362 1182/2214/311 1086/2213/311 1094/2225/363 1090/2226/364 1085/2227/311 1110/2228/311 1119/2229/365 1115/2230/311 1109/2160/311 1192/2159/311 1191/2231/366
f 1180/2232/362 1191/2233/366 1228/2234/367 1220/2235/368
f 1064/2263/311 1065/2264/311 1067/2265/373 1066/2266/311
f 1068/2267/311 1069/2268/311 1071/2269/311 1070/2270/311
f 1062/2271/374 1063/2272/375 1070/2273/376 1071/2274/376
f 1060/2275/377 1061/2276/377 1069/2277/377 1068/2278/377
f 1055/2279/378 1056/2280/379 1065/2281/379 1064/2282/379
f 1058/2283/380 1059/2284/381 1066/2285/382 1067/2286/383
f 1063/2287/384 1060/2288/40 1068/2289/40 1070/2290/40
f 1059/2291/385 1055/2292/386 1064/2293/40 1066/2294/40
f 1177/2205/311 1176/2295/387 1052/2190/331 1053/2189/311 1072/2296/311 1076/2297/388 1081/2298/340 1074/2206/311
f 1190/2299/346 1186/2300/348 1223/2301/389 1229/2302/390
f 1072/2296/311 1075/2303/388 1077/2304/391 1076/2297/388
f 1073/2209/311 1078/2208/311 1080/2306/392 1079/2305/339
f 1078/2208/311 1082/2207/338 1083/2307/393 1080/2306/392
f 1074/2206/311 1081/2298/340 1083/2307/393 1082/2207/338
f 1081/2298/340 1076/2297/388 1077/2304/391 1083/2307/393
f 1084/2210/311 1087/2308/394 1089/2309/395 1088/2211/311
f 1087/2308/394 1091/2310/396 1092/2311/395 1089/2309/395
f 1090/2226/364 1094/2225/363 1095/2312/397 1092/2311/395
f 1086/2213/311 1093/2212/338 1095/2312/397 1094/2225/363
f 1093/2212/338 1088/2211/311 1089/2309/395 1095/2312/397
f 1089/2309/395 1092/2311/395 1095/2312/397
f 1096/2167/311 1099/2166/339 1101/2313/398 1100/2186/311
f 1099/2166/339 1103/2165/347 1104/2314/399 1101/2313/398
f 1105/2187/43 1107/2317/400 1106/2316/339
f 1098/2188/311 1105/2187/43 1106/2316/339
f 1105/2187/43 1100/2186/311 1101/2313/398 1107/2317/400
f 1175/2204/333 1178/2354/411 1177/2205/311
f 1178/2354/411 1179/2355/412 1177/2205/311
f 1179/2355/412 1176/2295/387 1177/2205/311
f 1180/2224/362 1183/2356/413 1182/2214/311
f 1183/2356/413 1184/2357/414 1182/2214/311
f 1184/2357/414 1181/2215/334 1182/2214/311
f 1185/2191/330 1188/2358/415 1187/2168/311
f 1188/2358/415 1189/2359/416 1187/2168/311
f 1189/2359/416 1186/2169/348 1187/2168/311
f 1190/2158/346 1193/2360/417 1192/2159/311
f 1193/2360/417 1194/2361/418 1192/2159/311
f 1194/2361/418 1191/2231/366 1192/2159/311
f 1223/2301/389 1186/2300/348 1189/2376/416 1226/2377/427
f 1226/2378/427 1189/2379/416 1188/2380/415 1227/2381/428
f 1227/2381/428 1188/2380/415 1185/2134/330 1224/2137/332
f 1205/2174/351 1246/2177/354 1249/2382/432 1208/2383/423
f 1208/2383/423 1249/2382/432 1248/2384/431 1209/2385/424
f 1209/2386/424 1248/2387/431 1245/2172/349 1206/2171/341
f 1232/2180/357 1211/2179/356 1214/2388/426 1235/2389/429
f 1235/2390/429 1214/2391/426 1213/2392/425 1236/2393/430
f 1236/2393/430 1213/2392/425 1210/2170/337 1233/2173/350
f 1228/2234/367 1191/2233/366 1194/2394/418 1230/2395/433
f 1230/2396/433 1194/2397/418 1193/2398/417 1231/2399/434
f 1231/2399/434 1193/2398/417 1190/2299/346 1229/2302/390
f 1195/2154/342 1242/2157/345 1244/2400/435 1198/2401/419
f 1198/2401/419 1244/2400/435 1243/2402/436 1199/2403/420
f 1199/2404/420 1243/2405/436 1241/2176/353 1196/2175/352
f 1175/2138/333 1216/2141/336 1218/2406/437 1178/2407/411
f 1178/2407/411 1218/2406/437 1217/2408/438 1179/2409/412
f 1179/2410/412 1217/2411/438 1215/2412/439 1176/2413/387
f 1237/2156/344 1201/2155/343 1204/2414/422 1239/2415/440
f 1239/2416/440 1204/2417/422 1203/2418/421 1240/2419/441
f 1240/2419/441 1203/2418/421 1200/2178/355 1238/2181/358
f 1219/2140/335 1181/2139/334 1184/2420/414 1221/2421/442
f 1221/2421/442 1184/2420/414 1183/2422/413 1222/2423/443
f 1222/2424/443 1183/2425/413 1180/2232/362 1220/2235/368
f 1052/2135/331 1176/2413/387 1215/2412/439 1054/2136/40
f 1065/2426/218 1056/2427/218 1057/2428/444 1058/2429/445 1067/2430/446
f 1307/2553/540 1306/2554/541 1343/2555/542 1344/2556/540
f 1305/2557/543 1342/2558/544 1343/2559/542 1306/2560/541
f 1305/2557/543 1304/2571/550 1340/2572/550 1342/2558/544
f 1315/2577/552 1314/2578/553 1350/2579/554 1351/2580/555
f 1346/2581/556 1347/2582/557 1311/2583/557 1309/2584/556
f 1304/2571/550 1303/2585/558 1341/2586/559 1340/2572/550
f 1321/2619/572 1320/2620/573 1308/2621/311 1309/2622/311 1310/2623/311
f 1322/2624/311 1321/2619/572 1310/2623/311 1311/2625/311 1312/2626/311 1313/2627/574 1314/2628/575 1315/2629/576 1303/2630/577 1304/2631/311 1305/2632/578 1306/2633/579 1307/2634/311 1308/2621/311 1320/2620/573 1319/2635/311 1318/2636/580 1317/2637/581 1316/2638/582 1327/2639/583 1326/2640/311 1325/2641/311 1324/2642/584 1323/2643/585
f 1308/2644/533 1307/2553/540 1344/2556/540 1345/2645/533
f 1313/2646/586 1349/2647/587 1350/2579/554 1314/2578/553
f 1309/2648/556 1308/2644/533 1345/2645/533 1346/2649/556
f 1312/2658/590 1311/2583/557 1347/2582/557 1348/2659/590
f 1313/2662/586 1312/2658/590 1348/2659/590 1349/2663/587
f 1303/2676/558 1315/2577/552 1351/2580/555 1341/2677/559
usemtl metal
f 769/1323/187 767/1324/188 792/1325/188 793/1326/187
f 726/1327/189 725/1328/43 721/1329/43 716/1330/43 719/1331/190 717/1332/43 745/1333/43 749/1334/191 748/1335/43 744/1336/43 740/1337/43 742/1338/43 741/1339/43 737/1340/43 739/1341/43 768/1342/192 767/1343/188 769/1344/187 771/1345/193 770/1346/194 772/1347/195 774/1348/196 773/1349/197 751/1350/198 753/1351/199 752/1352/200 754/1353/201 756/1354/202 755/1355/203 757/1356/204 759/1357/205 729/1358/43 722/1359/43
f 766/1372/207 768/1342/192 739/1341/43 738/1373/43 734/1374/43 736/1375/43 735/1376/43 731/1377/43 733/1378/43 732/1379/43 728/1380/43 730/1381/43 729/1358/43 759/1357/205 758/1382/208 760/1383/209 762/1384/210 761/1385/211 763/1386/212 765/1387/213 764/1388/214
f 755/1397/203 756/1398/202 779/1399/202 780/1400/203
f 768/1401/192 766/1402/207 790/1403/207 791/1404/215
f 767/1429/188 768/1401/192 791/1404/215 792/1430/188
f 759/1431/205 757/1432/204 781/1433/204 782/1434/216
f 772/1435/195 770/1436/194 795/1437/194 796/1438/195
f 771/1439/193 769/1440/187 793/1441/187 794/1442/217
f 758/1443/208 759/1444/205 782/1445/216 783/1446/208
f 770/1436/194 771/1439/193 794/1442/217 795/1437/194
f 762/1447/210 760/1448/209 784/1449/209 785/1450/210
f 751/1451/198 773/1452/197 798/1453/197 775/1454/198
f 774/1455/196 772/1435/195 796/1438/195 797/1456/196
f 757/1432/204 755/1397/203 780/1400/203 781/1433/204
f 761/1457/211 762/1447/210 785/1450/210 786/1458/211
f 753/1459/199 751/1451/198 775/1454/198 776/1460/199
f 773/1452/197 774/1461/196 797/1462/196 798/1453/197
f 760/1448/209 758/1443/208 783/1446/208 784/1449/209
f 765/1463/213 763/1464/212 787/1465/212 788/1466/213
f 752/1467/200 753/1468/199 776/1469/199 777/1470/200
f 763/1471/212 761/1472/211 786/1473/211 787/1474/212
f 764/1475/214 765/1463/213 788/1466/213 789/1476/214
f 756/1477/202 754/1478/201 778/1479/201 779/1480/202
f 754/1478/201 752/1467/200 777/1470/200 778/1479/201
f 766/1402/207 764/1475/214 789/1476/214 790/1403/207
f 960/1496/43 870/1497/43 881/1498/191 877/1499/43 869/1500/43 908/1501/43 915/1502/43 911/1503/43 907/1504/43 945/1505/43 944/1506/221 958/1507/222
f 953/1510/223 959/1511/224 991/1512/225 996/1513/226
f 945/1505/43 907/1504/43 912/1514/227 920/1515/43 910/1516/43 895/1517/43 899/1518/228 904/1519/227 897/1520/43 950/1521/43 949/1522/229 943/1523/230
f 938/1530/233 924/1531/234 968/1532/235 974/1533/236
f 933/1534/237 939/1535/238 973/1536/239 978/1537/240
f 943/1667/230 949/1668/229 981/1669/244 987/1670/245
f 958/1671/222 944/1672/221 986/1673/246 992/1674/247
f 948/1675/248 954/1676/249 995/1677/250 982/1678/251
f 930/1687/43 855/1688/43 859/1689/43 864/1690/189 857/1662/43 844/1661/43 850/1691/43 846/1692/43 843/1693/43 935/1694/43 934/1695/254 928/1696/255
f 955/1697/43 883/1698/43 887/1699/43 892/1700/43 885/1701/43 867/1702/43 872/1703/43 880/1704/43 870/1497/43 960/1496/43 959/1705/224 953/1706/223
f 940/1707/43 827/1708/43 832/1709/43 840/1710/43 830/1711/43 807/1666/43 925/1712/43 924/1713/234 938/1714/233
f 950/1521/43 897/1520/43 905/1715/191 901/1716/256 896/1717/43 884/1718/43 890/1719/43 886/1720/227 883/1698/43 955/1697/43 954/1721/249 948/1722/248
f 935/1694/43 843/1693/43 847/1723/43 852/1724/257 845/1658/43 828/1657/43 835/1725/43 831/1726/241 827/1708/43 940/1707/43 939/1727/238 933/1728/237
f 928/1729/255 934/1730/254 977/1731/258 964/1732/259
f 817/1763/43 818/1764/43 815/1765/43 816/1766/43
f 827/1708/43 831/1726/241 833/1874/43 832/1709/43
f 843/1693/43 846/1692/43 848/1878/191 847/1723/43
f 846/1692/43 850/1691/43 851/1879/241 848/1878/191
f 844/1661/43 849/1660/189 851/1879/241 850/1691/43
f 845/1658/43 852/1724/257 854/1880/270 853/1659/241
f 852/1724/257 847/1723/43 848/1878/191 854/1880/270
f 855/1688/43 858/1881/43 860/1882/43 859/1689/43
f 858/1881/43 862/1883/271 863/1884/243 860/1882/43
f 856/1665/43 861/1664/243 863/1884/243 862/1883/271
f 864/1690/189 859/1689/43 860/1882/43 866/1885/227
f 860/1882/43 863/1884/243 866/1885/227
f 870/1497/43 880/1704/43 882/1889/43 881/1498/191
f 883/1698/43 886/1720/227 888/1890/227 887/1699/43
f 886/1720/227 890/1719/43 891/1891/43 888/1890/227
f 884/1718/43 889/1871/43 891/1891/43 890/1719/43
f 889/1871/43 893/1870/43 894/1892/43 891/1891/43
f 885/1701/43 892/1700/43 894/1892/43 893/1870/43
f 892/1700/43 887/1699/43 888/1890/227 894/1892/43
f 901/1716/256 905/1715/191 906/1895/273 903/1894/43
f 897/1520/43 904/1519/227 906/1895/273 905/1715/191
f 904/1519/227 899/1518/228 900/1893/272 906/1895/273
f 907/1504/43 911/1503/43 913/1896/241 912/1514/227
f 911/1503/43 915/1502/43 916/1897/189 913/1896/241
f 920/1515/43 912/1514/227 913/1896/241 922/1899/43
f 923/1900/274 925/1712/43 807/1666/43 856/1665/43 862/1883/271 858/1881/43 855/1688/43 930/1687/43 929/1901/275
f 923/1900/274 926/1902/276 925/1712/43
f 926/1902/276 927/1903/277 925/1712/43
f 927/1903/277 924/1713/234 925/1712/43
f 928/1696/255 931/1904/278 930/1687/43
f 931/1904/278 932/1905/279 930/1687/43
f 932/1905/279 929/1901/275 930/1687/43
f 933/1728/237 936/1906/280 935/1694/43
f 936/1906/280 937/1907/281 935/1694/43
f 937/1907/281 934/1695/254 935/1694/43
f 938/1714/233 941/1908/282 940/1707/43
f 941/1908/282 942/1909/283 940/1707/43
f 942/1909/283 939/1727/238 940/1707/43
f 943/1523/230 946/1910/284 945/1505/43
f 946/1910/284 947/1911/285 945/1505/43
f 947/1911/285 944/1506/221 945/1505/43
f 948/1722/248 951/1912/286 950/1521/43
f 951/1912/286 952/1913/287 950/1521/43
f 952/1913/287 949/1522/229 950/1521/43
f 953/1706/223 956/1914/288 955/1697/43
f 956/1914/288 957/1915/289 955/1697/43
f 957/1915/289 954/1721/249 955/1697/43
f 958/1507/222 961/1916/290 960/1496/43
f 961/1916/290 962/1917/291 960/1496/43
f 962/1917/291 959/1705/224 960/1496/43
f 963/1529/232 966/1918/292 965/1524/43
f 981/1746/244 984/1922/296 983/1747/43
f 984/1922/296 985/1923/297 983/1747/43
f 985/1923/297 982/1757/251 983/1747/43
f 986/1754/246 989/1924/298 988/1750/189
f 989/1924/298 990/1925/299 988/1750/189
f 990/1925/299 987/1745/245 988/1750/189
f 953/1510/223 996/1513/226 998/1926/267 956/1927/288
f 956/1928/288 998/1929/267 997/1930/266 957/1931/289
f 957/1931/289 997/1930/266 995/1677/250 954/1676/249
f 981/1669/244 949/1668/229 952/1932/287 984/1933/296
f 984/1933/296 952/1932/287 951/1934/286 985/1935/297
f 985/1936/297 951/1937/286 948/1675/248 982/1678/251
f 986/1673/246 944/1672/221 947/1938/285 989/1939/298
f 989/1940/298 947/1941/285 946/1942/284 990/1943/299
f 990/1943/299 946/1942/284 943/1667/230 987/1670/245
f 933/1534/237 978/1537/240 980/1944/261 936/1945/280
f 936/1946/280 980/1947/261 979/1948/260 937/1949/281
f 937/1949/281 979/1948/260 977/1731/258 934/1730/254
f 963/1950/232 929/1951/275 932/1952/279 966/1953/292
f 966/1953/292 932/1952/279 931/1954/278 967/1955/293
f 967/1956/293 931/1957/278 928/1729/255 964/1732/259
f 958/1671/222 992/1674/247 994/1958/265 961/1959/290
f 961/1960/290 994/1961/265 993/1962/264 962/1963/291
f 962/1963/291 993/1962/264 991/1512/225 959/1511/224
f 968/1532/235 924/1531/234 927/1964/277 971/1965/294
f 971/1965/294 927/1964/277 926/1966/276 972/1967/295
f 972/1968/295 926/1969/276 923/1970/274 969/1971/231
f 938/1530/233 974/1533/236 976/1972/263 941/1973/282
f 941/1974/282 976/1975/263 975/1976/262 942/1977/283
f 942/1977/283 975/1976/262 973/1536/239 939/1535/238
f 923/1970/274 929/1951/275 963/1950/232 969/1971/231
f 813/1978/43 814/1979/43 811/1980/43 812/1981/43
f 1210/2142/337 1212/2143/311 1126/2144/311 1134/2145/311 1130/2146/338 1125/2147/311 1159/2148/311 1164/2149/339 1172/2150/340 1162/2151/311 1207/2152/311 1206/2153/341
f 1195/2192/342 1197/2193/311 1147/2194/311 1151/2195/311 1156/2196/360 1149/2197/311 1137/2198/311 1143/2199/311 1139/2200/311 1136/2201/311 1202/2202/311 1201/2203/343
f 1200/2216/355 1202/2202/311 1136/2201/311 1140/2217/311 1145/2218/311 1138/2219/311 1124/2220/311 1128/2221/361 1133/2222/311 1126/2144/311 1212/2143/311 1211/2223/356
f 1205/2236/351 1207/2152/311 1162/2151/311 1173/2237/369 1169/2238/311 1161/2239/311 1148/2240/311 1154/2241/311 1150/2242/369 1147/2194/311 1197/2193/311 1196/2243/352
f 1126/2144/311 1133/2222/311 1135/2330/402 1134/2145/311
f 1136/2201/311 1139/2200/311 1141/2331/311 1140/2217/311
f 1147/2194/311 1150/2242/369 1152/2345/406 1151/2195/311
f 1150/2242/369 1154/2241/311 1155/2346/405 1152/2345/406
f 1148/2240/311 1153/2339/311 1155/2346/405 1154/2241/311
f 1153/2339/311 1157/2338/405 1158/2347/407 1155/2346/405
f 1149/2197/311 1156/2196/360 1157/2338/405
f 1156/2196/360 1158/2347/407 1157/2338/405
f 1156/2196/360 1151/2195/311 1152/2345/406 1158/2347/407
f 1152/2345/406 1155/2346/405 1158/2347/407
f 1169/2238/311 1173/2237/369 1174/2353/410 1171/2352/363
f 1162/2151/311 1172/2150/340 1174/2353/410 1173/2237/369
f 1172/2150/340 1164/2149/339 1165/2349/311 1174/2353/410
f 1195/2192/342 1198/2362/419 1197/2193/311
f 1198/2362/419 1199/2363/420 1197/2193/311
f 1199/2363/420 1196/2243/352 1197/2193/311
f 1200/2216/355 1203/2364/421 1202/2202/311
f 1203/2364/421 1204/2365/422 1202/2202/311
f 1204/2365/422 1201/2203/343 1202/2202/311
f 1205/2236/351 1208/2366/423 1207/2152/311
f 1208/2366/423 1209/2367/424 1207/2152/311
f 1209/2367/424 1206/2153/341 1207/2152/311
f 1210/2142/337 1213/2368/425 1212/2143/311
f 1213/2368/425 1214/2369/426 1212/2143/311
f 1214/2369/426 1211/2223/356 1212/2143/311
usemtl speaker
f 1397/2766/92 1396/2767/92 1367/2768/92 1368/2769/92 1369/2770/92 1370/2771/92 1371/2772/92 1372/2773/615 1373/2774/618 1374/2775/618 1375/2776/618 1376/2777/618 1377/2778/618 1378/2779/618 1379/2780/618 1380/2781/618 1381/2782/617 1382/2783/621 1383/2784/625 1384/2785/625 1385/2786/625 1386/2787/625 1387/2788/625 1388/2789/625 1389/2790/625 1390/2791/625 1391/2792/624 1392/2793/92 1393/2794/92 1394/2795/92 1395/2796/92 1398/2797/92
o lid
v 0.888918 0.539316 0.819008
v 0.912121 0.516752 0.813602
v 0.900790 0.536223 0.818267
v 0.908940 0.528297 0.816368
v 0.912121 0.062180 0.704700
v 0.794414 0.038141 0.652592
v 0.888918 0.039615 0.699294
v 0.908940 0.050634 0.701934
v 0.794414 0.049211 0.663615
v 0.794414 0.033055 0.652727
v 0.900790 0.042709 0.700035
v 0.794414 0.047763 0.658737
v 0.794414 0.028719 0.655388
v 0.794414 0.044071 0.655237
v 0.084323 0.516752 0.813602
v 0.107526 0.539316 0.819008
v 0.794414 0.039170 0.652838
v 0.087504 0.528297 0.816368
v 0.840600 0.049211 0.663615
v 0.095654 0.536223 0.818267
v 0.840600 0.044071 0.655237
v 0.840600 0.047763 0.658737
v 0.107526 0.039615 0.699294
v 0.840600 0.038141 0.652592
v 0.084323 0.062180 0.704700
v 0.840600 0.028719 0.655388
v 0.095654 0.042709 0.700035
v 0.840600 0.033055 0.652727
v 0.087504 0.050634 0.701934
v 0.162018 0.049211 0.663615
v 0.909313 0.517283 0.809796
v 0.840600 0.039170 0.652838
v 0.162018 0.047763 0.658737
v 0.906422 0.527775 0.812310
v 0.162018 0.044071 0.655237
v 0.899337 0.534666 0.813961
v 0.888548 0.537477 0.814634
v 0.097107 0.046048 0.696902
v 0.107896 0.043237 0.696228
v 0.208204 0.049211 0.663615
v 0.208204 0.044071 0.655237
v 0.090021 0.052939 0.698553
v 0.208204 0.047763 0.658737
v 0.087131 0.063431 0.701066
v 0.162018 0.038141 0.652592
v 0.888548 0.043237 0.696228
v 0.899337 0.046048 0.696902
v 0.162018 0.033055 0.652727
v 0.906422 0.052939 0.698553
v 0.909313 0.063431 0.701066
v 0.162018 0.028719 0.655388
v 0.107896 0.537477 0.814634
v 0.162018 0.039170 0.652838
v 0.097107 0.534666 0.813961
v 0.090021 0.527775 0.812310
v 0.087131 0.517283 0.809796
v 0.914227 0.517021 0.813667
v 0.917737 0.516857 0.816335
v 0.208204 0.038141 0.652592
v 0.915982 0.517164 0.814064
v 0.208204 0.028719 0.655388
v 0.208204 0.033055 0.652727
v 0.917267 0.517104 0.815040
v 0.208204 0.039170 0.652838
v 0.910828 0.529357 0.816622
v 0.913975 0.530511 0.819606
v 0.912402 0.530159 0.817177
v 0.913554 0.530581 0.818269
v 0.901880 0.538059 0.818707
v 0.903697 0.540506 0.822000
v 0.902789 0.539507 0.819417
v 0.903454 0.540403 0.820622
v 0.889195 0.541364 0.819499
v 0.889657 0.544165 0.822877
v 0.889426 0.542989 0.820251
v 0.889595 0.544014 0.821487
v 0.094564 0.012451 0.692787
v 0.092747 0.008777 0.694613
v 0.093655 0.010838 0.692763
v 0.092990 0.009494 0.693432
v 0.107249 0.009145 0.691995
v 0.106787 0.005118 0.693737
v 0.107018 0.007356 0.691929
v 0.106849 0.005882 0.692566
v 0.085616 0.021152 0.694871
v 0.082469 0.018772 0.697008
v 0.084042 0.020187 0.695002
v 0.082890 0.019315 0.695785
v 0.082217 0.033488 0.697827
v 0.078707 0.032426 0.700279
v 0.080462 0.033182 0.698116
v 0.079177 0.032793 0.699013
v 0.889195 0.009145 0.691995
v 0.889657 0.005118 0.693737
v 0.889426 0.007356 0.691929
v 0.889595 0.005882 0.692566
v 0.901880 0.012451 0.692787
v 0.903697 0.008777 0.694613
v 0.902789 0.010838 0.692763
v 0.903454 0.009494 0.693432
v 0.910828 0.021152 0.694871
v 0.913975 0.018772 0.697008
v 0.912402 0.020187 0.695002
v 0.913554 0.019315 0.695785
v 0.914227 0.033488 0.697827
v 0.917737 0.032426 0.700279
v 0.915982 0.033182 0.698116
v 0.917267 0.032793 0.699013
v 0.107249 0.541364 0.819499
v 0.106787 0.544165 0.822877
v 0.107018 0.542989 0.820251
v 0.106849 0.544014 0.821487
v 0.094564 0.538059 0.818707
v 0.092747 0.540506 0.822000
v 0.093655 0.539507 0.819417
v 0.092990 0.540403 0.820622
v 0.085616 0.529357 0.816622
v 0.082469 0.530511 0.819606
v 0.084042 0.530159 0.817177
v 0.082890 0.530581 0.818269
v 0.082217 0.517021 0.813667
v 0.078707 0.516857 0.816335
v 0.080462 0.517164 0.814064
v 0.079177 0.517104 0.815040
v 0.116024 0.074945 0.703825
v 0.881347 0.074945 0.703825
v 0.912121 0.517643 0.809882
v 0.908940 0.529188 0.812648
v 0.900790 0.537114 0.814547
v 0.888918 0.540208 0.815288
v 0.095654 0.043600 0.696315
v 0.107526 0.040506 0.695574
v 0.087504 0.051525 0.698214
v 0.084323 0.063071 0.700980
v 0.888918 0.040506 0.695574
v 0.900790 0.043600 0.696315
v 0.107526 0.540208 0.815288
v 0.095654 0.537114 0.814547
v 0.087504 0.529188 0.812648
v 0.084323 0.517643 0.809882
v 0.912121 0.063071 0.700980
v 0.908940 0.051525 0.698214
v 0.116024 0.504921 0.806835
v 0.881347 0.504921 0.806835
v 0.889657 0.008137 0.708852
v 0.903697 0.011795 0.709729
v 0.913975 0.021790 0.712123
v 0.106787 0.008137 0.708852
v 0.082469 0.021790 0.712123
v 0.092747 0.011795 0.709729
v 0.889657 0.510001 0.829084
v 0.917737 0.515536 0.821851
v 0.903697 0.512059 0.828431
v 0.913975 0.514084 0.825783
v 0.913975 0.529189 0.825122
v 0.888799 0.513115 0.829830
v 0.910602 0.526326 0.828716
v 0.901387 0.520442 0.830439
v 0.903697 0.539185 0.827516
v 0.889162 0.512762 0.829746
v 0.901750 0.534935 0.830778
v 0.896430 0.525264 0.831594
v 0.917737 0.032777 0.710865
v 0.917233 0.032281 0.712691
v 0.915856 0.028260 0.713152
v 0.885960 0.513596 0.829946
v 0.889657 0.542843 0.828393
v 0.887809 0.527510 0.832132
v 0.889162 0.538215 0.831564
v 0.106787 0.542843 0.828393
v 0.110483 0.513596 0.829946
v 0.107282 0.538215 0.831564
v 0.108635 0.527510 0.832132
v 0.092747 0.539185 0.827516
v 0.107282 0.512762 0.829746
v 0.094694 0.534935 0.830778
v 0.100014 0.525264 0.831594
v 0.082469 0.529189 0.825122
v 0.107645 0.513115 0.829830
v 0.085842 0.526326 0.828716
v 0.095057 0.520442 0.830439
v 0.078707 0.032777 0.710865
v 0.080588 0.028260 0.713152
v 0.079211 0.032281 0.712691
v 0.078707 0.515536 0.821851
v 0.106787 0.510001 0.829084
v 0.082469 0.514084 0.825783
v 0.092747 0.512059 0.828431
v 0.162018 0.017336 0.693957
v 0.208204 0.017336 0.693957
v 0.794414 0.017336 0.693957
v 0.840600 0.017336 0.693957
v 0.208204 0.037480 0.698783
v 0.162018 0.037480 0.698783
v 0.794414 0.037480 0.698783
v 0.840600 0.037480 0.698783
v 0.162018 0.029464 0.696862
v 0.840600 0.033960 0.697940
v 0.840600 0.029464 0.696862
v 0.208204 0.039615 0.699294
v 0.162018 0.039615 0.699294
v 0.840600 0.039615 0.699294
v 0.794414 0.039615 0.699294
v 0.208204 0.033960 0.697940
v 0.208204 0.029464 0.696862
v 0.794414 0.029464 0.696862
v 0.208204 0.040506 0.695574
v 0.162018 0.040506 0.695574
v 0.794414 0.040506 0.695574
v 0.840600 0.040506 0.695574
v 0.208204 0.043237 0.696228
v 0.162018 0.043237 0.696228
v 0.840600 0.043237 0.696228
v 0.794414 0.043237 0.696228
v 0.208204 0.050213 0.697900
v 0.162018 0.050213 0.697900
v 0.794414 0.050213 0.697900
v 0.840600 0.050213 0.697900
v 0.840600 0.043214 0.655032
v 0.794414 0.043214 0.655032
v 0.208204 0.043214 0.655032
v 0.162018 0.043214 0.655032
vn 0.9914 -0.1269 -0.0304
vn 0.8660 -0.4862 -0.1165
vn 0.8477 -0.5017 -0.1724
vn 0.8707 -0.4834 0.0908
vn 0.4962 -0.8514 0.1700
vn 0.4373 -0.8819 0.1761
vn -0.4373 -0.8819 0.1761
vn -0.4962 -0.8514 0.1700
vn -0.8707 -0.4834 0.0908
vn -0.8477 -0.5017 -0.1724
vn 0.8532 0.5190 -0.0519
vn 0.4926 0.8697 0.0321
vn 0.5000 0.8422 0.2018
vn 0.8660 0.4862 0.1165
vn -0.0965 0.2857 -0.9534
vn -0.0557 0.3254 -0.9439
vn -0.0000 0.2330 -0.9725
vn -0.0557 0.1376 -0.9889
vn -0.0965 0.1773 -0.9794
vn -0.1054 0.2182 -0.9702
vn -0.1054 0.2451 -0.9637
vn 0.1054 0.2182 -0.9702
vn 0.0965 0.1773 -0.9794
vn 0.0557 0.1376 -0.9889
vn 0.0139 0.1292 -0.9915
vn 0.0557 0.3254 -0.9439
vn 0.0965 0.2857 -0.9534
vn 0.1054 0.2451 -0.9637
vn -0.0139 0.1292 -0.9915
vn -0.1286 0.9897 0.0626
vn -0.1305 0.9642 0.2310
vn 0.1305 0.9642 0.2310
vn 0.1286 0.9897 0.0626
vn 0.0139 0.3341 -0.9424
vn -0.0139 0.3341 -0.9424
vn 0.9541 -0.2954 0.0497
vn 0.9799 -0.1106 -0.1659
vn 0.9833 -0.1793 0.0302
vn -0.9799 -0.1106 -0.1659
vn -0.9833 -0.1793 0.0302
vn -0.9915 0.1266 0.0303
vn -0.9771 0.1646 -0.1351
vn -0.1148 -0.9742 0.1945
vn -0.1230 -0.9732 0.1943
vn -0.4926 0.8697 0.0321
vn -0.5000 0.8422 0.2018
vn -0.9541 -0.2954 0.0497
vn -0.8660 0.4862 0.1165
vn -0.8532 0.5190 -0.0519
vn 0.1148 -0.9742 0.1945
vn 0.1230 -0.9732 0.1943
vn -0.1305 -0.9642 -0.2310
vn -0.5000 -0.8422 -0.2018
vn -0.9914 0.1269 0.0304
vn -0.8660 -0.4862 -0.1165
vn -0.9914 -0.1269 -0.0304
vn 0.9914 0.1269 0.0304
vn 0.5000 -0.8422 -0.2018
vn 0.1305 -0.9642 -0.2310
vn -0.0000 -0.9725 -0.2330
vn 0.3701 0.4184 -0.8294
vn 0.4174 0.2648 -0.8693
vn 0.5081 0.4739 -0.7192
vn 0.5916 0.2627 -0.7622
vn 0.9327 0.1984 -0.3011
vn 0.8123 0.5369 -0.2281
vn 0.9771 0.1646 -0.1351
vn 0.2137 0.5706 -0.7930
vn 0.2933 0.6828 -0.6692
vn 0.4690 0.8707 -0.1481
vn 0.0550 0.6172 -0.7849
vn 0.0779 0.7623 -0.6426
vn 0.1228 0.9861 -0.1124
vn -0.0550 -0.1946 -0.9793
vn -0.2137 -0.1493 -0.9654
vn -0.0779 -0.3884 -0.9182
vn -0.2933 -0.3054 -0.9059
vn -0.4689 -0.7091 -0.5266
vn -0.1228 -0.8281 -0.5470
vn -0.4690 -0.7091 -0.5266
vn -0.3701 0.0028 -0.9290
vn -0.5081 -0.0966 -0.8559
vn -0.8122 -0.3752 -0.4466
vn -0.4174 0.1579 -0.8949
vn -0.5916 0.1112 -0.7985
vn -0.9327 -0.0404 -0.3583
vn 0.2137 -0.1493 -0.9654
vn 0.0550 -0.1946 -0.9793
vn 0.2933 -0.3054 -0.9059
vn 0.0779 -0.3884 -0.9182
vn 0.1228 -0.8281 -0.5470
vn 0.4689 -0.7091 -0.5266
vn 0.4690 -0.7091 -0.5266
vn 0.3701 0.0028 -0.9290
vn 0.5081 -0.0966 -0.8559
vn 0.8122 -0.3752 -0.4466
vn 0.4174 0.1579 -0.8949
vn 0.5916 0.1112 -0.7985
vn 0.9327 -0.0404 -0.3583
vn -0.2137 0.5706 -0.7930
vn -0.0550 0.6172 -0.7849
vn -0.2933 0.6828 -0.6692
vn -0.0779 0.7623 -0.6426
vn -0.1228 0.9861 -0.1124
vn -0.4690 0.8707 -0.1481
vn -0.3701 0.4184 -0.8294
vn -0.5081 0.4739 -0.7192
vn -0.8123 0.5369 -0.2281
vn -0.4174 0.2648 -0.8693
vn -0.5916 0.2627 -0.7622
vn -0.9327 0.1984 -0.3011
vn 0.9915 0.1266 0.0303
vn 0.0179 -0.1673 0.9857
vn 0.0056 -0.1917 0.9814
vn -0.0056 -0.1917 0.9814
vn -0.0251 -0.1693 0.9852
vn -0.0126 -0.2324 0.9725
vn -0.0000 -0.2330 0.9725
vn 0.0126 -0.2324 0.9725
vn 0.0468 -0.2262 0.9729
vn 0.0404 -0.2176 0.9752
vn -0.0383 -0.2228 0.9741
vn -0.0468 -0.2262 0.9729
vn -0.0243 0.2093 -0.9776
vn -0.0350 0.1986 -0.9794
vn 0.0390 0.1947 -0.9801
vn 0.0200 0.2134 -0.9768
vn 0.7719 -0.0488 0.6339
vn 0.6323 0.1958 0.7495
vn 0.7720 -0.0490 0.6337
vn 0.3139 -0.1813 0.9320
vn 0.2384 -0.0901 0.9670
vn 0.1671 -0.1348 0.9767
vn 0.2104 -0.2005 0.9568
vn 0.3651 0.4557 0.8118
vn 0.1376 0.0079 0.9905
vn 0.0963 -0.0667 0.9931
vn -0.0560 0.1778 -0.9825
vn 0.1372 -0.2261 0.9644
vn 0.3522 -0.2101 0.9120
vn 0.8171 -0.1278 0.5621
vn 0.0965 0.5555 0.8259
vn -0.0965 0.5555 0.8259
vn 0.0368 0.0483 0.9982
vn -0.0368 0.0483 0.9982
vn -0.0247 -0.0460 0.9986
vn 0.0247 -0.0460 0.9986
vn -0.3651 0.4558 0.8118
vn -0.1376 0.0079 0.9905
vn -0.0965 -0.0661 0.9931
vn -0.6323 0.1958 0.7495
vn -0.6323 0.1959 0.7495
vn -0.2384 -0.0901 0.9670
vn -0.1665 -0.1350 0.9768
vn 0.0560 0.1778 -0.9825
vn -0.2104 -0.2005 0.9568
vn -0.3139 -0.1813 0.9320
vn -0.7720 -0.0490 0.6337
vn -0.7719 -0.0488 0.6339
vn -0.8171 -0.1278 0.5621
vn -0.3522 -0.2101 0.9120
vn -0.1372 -0.2261 0.9644
vn -0.0000 0.1041 -0.9946
vn -0.0000 0.3579 -0.9338
vn -1.0000 -0.0000 -0.0000
vn -0.0000 -0.5229 -0.8524
vn -0.0000 -0.2845 -0.9587
vn 1.0000 -0.0000 -0.0000
vn -0.0000 -0.9591 -0.2831
vn -0.0000 0.9874 -0.1582
vn -0.0000 0.9996 -0.0292
vn -0.0000 0.8524 -0.5229
vn -0.0000 0.4767 -0.8790
vt 0.697644 0.801447
vt 0.697573 0.808682
vt 0.695244 0.808682
vt 0.695314 0.801447
vt 0.991778 0.500412
vt 0.983332 0.500412
vt 0.983204 0.494149
vt 0.991649 0.494149
vt 0.688279 0.831326
vt 0.679754 0.827398
vt 0.679615 0.820892
vt 0.688139 0.824820
vt 0.678804 0.831338
vt 0.679035 0.837597
vt 0.675581 0.837599
vt 0.675350 0.831341
vt 0.327803 0.003941
vt 0.333255 0.009394
vt 0.332105 0.010058
vt 0.327139 0.005091
vt 0.319905 0.003152
vt 0.035089 0.003131
vt 0.027855 0.005068
vt 0.022890 0.010034
vt 0.020951 0.017268
vt 0.019613 0.050099
vt 0.014591 0.050099
vt 0.006992 0.050098
vt 0.003931 0.009368
vt 0.009383 0.003916
vt 0.017113 0.001846
vt 0.320074 0.001869
vt 0.017113 0.508812
vt 0.009383 0.506741
vt 0.003931 0.501288
vt 0.001860 0.493558
vt 0.006992 0.464298
vt 0.014591 0.464299
vt 0.017408 0.464299
vt 0.019613 0.464299
vt 0.020951 0.493391
vt 0.022890 0.500625
vt 0.027855 0.505592
vt 0.035089 0.507531
vt 0.319905 0.507552
vt 0.327139 0.505615
vt 0.332105 0.500649
vt 0.333255 0.501313
vt 0.327803 0.506765
vt 0.320074 0.508836
vt 0.006992 0.435434
vt 0.001860 0.017098
vt 0.006992 0.078962
vt 0.014591 0.078963
vt 0.017408 0.078963
vt 0.019613 0.078963
vt 0.020951 0.078964
vt 0.020951 0.435435
vt 0.019613 0.435435
vt 0.014591 0.435435
vt 0.020951 0.050099
vt 0.020951 0.464300
vt 0.995842 0.491857
vt 0.992457 0.491857
vt 0.992457 0.014818
vt 0.995842 0.014818
vt 0.335326 0.493584
vt 0.334043 0.493415
vt 0.334043 0.017292
vt 0.335326 0.017123
vt 0.670335 0.518610
vt 0.670065 0.514629
vt 0.678585 0.510689
vt 0.678508 0.519246
vt 0.672290 0.520961
vt 0.671149 0.520927
vt 0.688091 0.816180
vt 0.681870 0.814474
vt 0.684765 0.512881
vt 0.688221 0.512880
vt 0.991602 0.008555
vt 0.983157 0.008555
vt 0.983204 0.000000
vt 0.991649 0.000000
vt 0.996304 0.500412
vt 0.992918 0.500412
vt 0.680725 0.814521
vt 0.679899 0.816870
vt 0.684821 0.504424
vt 0.688277 0.504422
vt 0.991602 0.485594
vt 0.983157 0.485594
vt 0.997565 0.506675
vt 0.994180 0.506675
vt 0.697393 0.504422
vt 0.697573 0.509385
vt 0.695244 0.509385
vt 0.695064 0.504422
vt 0.689460 0.995027
vt 0.689084 0.987792
vt 0.691368 0.987797
vt 0.691743 0.995032
vt 0.690045 0.511655
vt 0.690450 0.504422
vt 0.692734 0.504427
vt 0.692329 0.511660
vt 0.690450 0.999995
vt 0.692734 1.000000
vt 0.535822 0.517882
vt 0.535854 0.510648
vt 0.538185 0.510645
vt 0.538152 0.517880
vt 0.697749 0.511575
vt 0.697796 0.504423
vt 0.700126 0.504422
vt 0.700080 0.511574
vt 0.697796 0.808645
vt 0.697685 0.803486
vt 0.700015 0.803485
vt 0.700126 0.808644
vt 0.697644 0.796181
vt 0.699974 0.796180
vt 0.697644 0.516618
vt 0.695314 0.516618
vt 0.538217 0.546972
vt 0.538185 0.539738
vt 0.540515 0.539740
vt 0.540547 0.546975
vt 0.697393 0.813652
vt 0.695064 0.813652
vt 0.535854 0.550714
vt 0.538185 0.550712
vt 0.692734 0.504422
vt 0.695064 0.504422
vt 0.695064 0.860905
vt 0.692734 0.860905
vt 0.538217 0.510645
vt 0.540547 0.510648
vt 0.328354 0.507726
vt 0.320212 0.509907
vt 0.328754 0.508432
vt 0.320310 0.510694
vt 0.679527 0.822746
vt 0.679615 0.831189
vt 0.678715 0.822785
vt 0.334212 0.501869
vt 0.334908 0.502279
vt 0.998381 0.000257
vt 0.997141 0.006411
vt 0.996304 0.006263
vt 0.997565 0.000000
vt 0.336393 0.493727
vt 0.337170 0.493834
vt 0.996685 0.014856
vt 0.000789 0.016958
vt 0.002970 0.008816
vt 0.000000 0.016860
vt 0.002263 0.008416
vt 0.992457 0.000148
vt 0.992410 0.008593
vt 0.008828 0.002959
vt 0.008417 0.002262
vt 0.688947 0.824681
vt 0.689084 0.831074
vt 0.016970 0.000778
vt 0.016861 0.000000
vt 0.688899 0.816154
vt 0.002970 0.501843
vt 0.000789 0.493701
vt 0.002263 0.502253
vt 0.000000 0.493808
vt 0.992410 0.485556
vt 0.992457 0.494001
vt 0.008828 0.507701
vt 0.008417 0.508408
vt 0.679615 0.504678
vt 0.679396 0.510837
vt 0.678808 0.504422
vt 0.016970 0.509883
vt 0.016861 0.510671
vt 0.679320 0.519283
vt 0.334212 0.008842
vt 0.336393 0.016984
vt 0.334908 0.008441
vt 0.337170 0.016886
vt 0.996685 0.491819
vt 0.997141 0.500264
vt 0.328354 0.002984
vt 0.328754 0.002287
vt 0.998381 0.506418
vt 0.320212 0.000802
vt 0.320310 0.000023
vt 0.689084 0.504580
vt 0.689029 0.512928
vt 0.992918 0.006263
vt 0.961579 0.018773
vt 0.961579 0.485105
vt 0.692174 0.485084
vt 0.692174 0.018752
vt 0.684428 0.001711
vt 0.677855 0.003472
vt 0.676969 0.001938
vt 0.684203 0.000000
vt 0.673537 0.007789
vt 0.671776 0.014363
vt 0.670065 0.014137
vt 0.672003 0.006903
vt 0.979684 0.496633
vt 0.981445 0.490059
vt 0.983157 0.490285
vt 0.981218 0.497519
vt 0.968793 0.502711
vt 0.975367 0.500950
vt 0.976252 0.502484
vt 0.969018 0.504422
vt 0.981446 0.014387
vt 0.979684 0.007813
vt 0.981218 0.006927
vt 0.983157 0.014161
vt 0.671776 0.490035
vt 0.673537 0.496609
vt 0.672003 0.497495
vt 0.670065 0.490260
vt 0.677855 0.500927
vt 0.684428 0.502689
vt 0.684203 0.504400
vt 0.676969 0.502461
vt 0.968793 0.001733
vt 0.969018 0.000022
vt 0.975367 0.003495
vt 0.976252 0.001961
vt 0.983157 0.043253
vt 0.981446 0.043253
vt 0.981446 0.457453
vt 0.983157 0.457453
vt 0.983157 0.072117
vt 0.983157 0.428589
vt 0.981445 0.428589
vt 0.981446 0.072117
vt 0.977075 0.043252
vt 0.977075 0.072117
vt 0.977075 0.428588
vt 0.977075 0.457453
vt 0.675261 0.822787
vt 0.355193 0.493540
vt 0.354672 0.491589
vt 0.354672 0.019056
vt 0.355193 0.017105
vt 0.661545 0.001985
vt 0.667782 0.008248
vt 0.670065 0.016803
vt 0.670065 0.493842
vt 0.667782 0.502397
vt 0.661545 0.508660
vt 0.356916 0.493842
vt 0.354973 0.493319
vt 0.354973 0.017326
vt 0.356916 0.016803
vt 0.983379 0.984029
vt 0.983157 0.984249
vt 0.986104 0.507837
vt 0.986323 0.508060
vt 0.672889 0.830154
vt 0.672809 0.822485
vt 0.354741 0.508660
vt 0.347103 0.506605
vt 0.350501 0.500990
vt 0.355732 0.502397
vt 0.345690 0.508660
vt 0.339453 0.502397
vt 0.341731 0.501211
vt 0.347492 0.497969
vt 0.990806 0.988720
vt 0.657554 0.509806
vt 0.655169 0.510645
vt 0.337170 0.493842
vt 0.337170 0.016803
vt 0.339685 0.017105
vt 0.339685 0.493540
vt 0.346091 0.017930
vt 0.346091 0.492716
vt 0.339453 0.008248
vt 0.341731 0.009435
vt 0.347492 0.012677
vt 0.345690 0.001985
vt 0.347103 0.004041
vt 0.350501 0.009656
vt 0.990806 0.500412
vt 0.355732 0.008248
vt 0.354741 0.001985
vt 0.682282 0.513275
vt 0.682332 0.505692
vt 0.655169 0.000000
vt 0.657554 0.000839
vt 0.532820 0.539528
vt 0.532175 0.539528
vt 0.532175 0.510664
vt 0.532820 0.510664
vt 0.516908 0.511371
vt 0.519613 0.510645
vt 0.520257 0.510645
vt 0.523250 0.511447
vt 0.525442 0.513639
vt 0.526268 0.540055
vt 0.518675 0.540055
vt 0.513656 0.540055
vt 0.512319 0.540055
vt 0.512317 0.537724
vt 0.510607 0.537724
vt 0.506240 0.537724
vt 0.512144 0.515604
vt 0.513690 0.512920
vt 0.516371 0.511371
vt 0.392274 0.539510
vt 0.392274 0.510645
vt 0.394511 0.510645
vt 0.394511 0.539510
vt 0.535822 0.510657
vt 0.535822 0.539522
vt 0.529474 0.539522
vt 0.529474 0.510658
vt 0.006552 0.539577
vt 0.005907 0.539576
vt 0.005907 0.510712
vt 0.006552 0.510712
vt 0.458750 0.540043
vt 0.456544 0.540043
vt 0.453727 0.540043
vt 0.446128 0.540043
vt 0.446931 0.513638
vt 0.449123 0.511447
vt 0.452117 0.510645
vt 0.452762 0.510645
vt 0.455470 0.511370
vt 0.456007 0.511370
vt 0.458692 0.512919
vt 0.460241 0.515602
vt 0.466170 0.537714
vt 0.461799 0.537714
vt 0.460088 0.537714
vt 0.460088 0.540043
vt 0.365841 0.510645
vt 0.365841 0.539510
vt 0.363604 0.539510
vt 0.363604 0.510645
vt 0.365841 0.510645
vt 0.365841 0.539510
vt 0.009554 0.510706
vt 0.009554 0.539571
vt 0.003206 0.539571
vt 0.003206 0.510706
vt 0.443186 0.510645
vt 0.443186 0.539510
vt 0.420319 0.539510
vt 0.420319 0.510645
vt 0.446128 0.510645
vt 0.446128 0.539510
vt 0.526268 0.539509
vt 0.526268 0.510645
vt 0.528937 0.510658
vt 0.528937 0.539522
vt 0.417377 0.510645
vt 0.417377 0.539510
vt 0.394511 0.539510
vt 0.394511 0.510645
vt 0.475512 0.511370
vt 0.476049 0.511370
vt 0.478733 0.512919
vt 0.480283 0.515602
vt 0.486211 0.537714
vt 0.481841 0.537714
vt 0.480129 0.537714
vt 0.480129 0.540043
vt 0.478792 0.540043
vt 0.476586 0.540043
vt 0.473769 0.540043
vt 0.466170 0.540043
vt 0.466973 0.513638
vt 0.469165 0.511447
vt 0.472159 0.510645
vt 0.472804 0.510645
vt 0.496879 0.511371
vt 0.499585 0.510645
vt 0.500229 0.510645
vt 0.503222 0.511447
vt 0.505414 0.513639
vt 0.506240 0.540055
vt 0.498646 0.540055
vt 0.493627 0.540055
vt 0.492291 0.540055
vt 0.492289 0.537724
vt 0.490579 0.537724
vt 0.486211 0.537724
vt 0.492115 0.515604
vt 0.493662 0.512920
vt 0.496343 0.511371
vt 0.420319 0.539510
vt 0.000000 0.539558
vt 0.000000 0.510694
vt 0.002669 0.510706
vt 0.002669 0.539571
vt 0.337170 0.510645
vt 0.337170 0.539510
s 1
usemtl body
f 1577/2929/665 1622/2930/666 1621/2931/667 1573/2932/668
f 1553/2933/669 1625/2934/670 1624/2935/671 1561/2936/672
f 1541/2937/673 1545/2938/674 1634/2939/675 1630/2940/676
f 1585/2987/692 1645/2988/693 1642/2989/694 1549/2990/695
f 1640/2995/698 1622/2996/666 1577/2997/665 1581/2998/699 1638/2999/700 1639/3000/698
f 1565/3001/701 1657/3002/702 1660/3003/703 1597/3004/704
f 1557/3005/705 1623/3006/706 1625/3007/670 1553/3008/669
f 1589/3009/707 1649/3010/708 1645/2988/693 1585/2987/692
f 1659/3011/709 1657/3002/702 1565/3001/701 1561/2936/672 1624/2935/671 1658/3012/709
f 1597/3004/704 1660/3003/703 1653/3013/710 1593/3014/711
f 1569/3015/712 1620/3016/713 1623/3006/706 1557/3005/705
f 1573/2932/668 1621/2931/667 1620/3016/713 1569/3015/712
f 1593/3017/711 1653/3018/710 1649/3010/708 1589/3009/707
f 1532/2974/690 1540/2973/689 1542/3063/723 1535/3064/724
f 1535/3064/724 1542/3063/723 1543/3065/725 1538/3066/726
f 1538/3067/727 1543/3068/728 1541/2937/673 1533/3069/729
f 1540/2973/689 1544/2972/688 1546/3070/730 1542/3063/723
f 1542/3063/723 1546/3070/730 1547/3071/731 1543/3065/725
f 1543/3072/728 1547/3073/732 1545/3074/674 1541/3075/673
f 1544/2972/688 1548/2991/696 1550/3076/733 1546/3070/730
f 1546/3070/730 1550/3076/733 1551/3077/734 1547/3071/731
f 1547/3073/732 1551/3078/735 1549/2990/695 1545/3074/674
f 1552/2953/680 1556/2976/691 1558/3079/736 1554/3080/737
f 1554/3080/737 1558/3079/736 1559/3081/738 1555/3082/739
f 1555/3083/740 1559/3084/741 1557/3005/741 1553/3008/742
f 1560/2954/681 1552/2953/680 1554/3080/737 1562/3085/743
f 1562/3085/743 1554/3080/737 1555/3082/739 1563/3086/744
f 1563/3087/745 1555/3088/740 1553/2933/742 1561/2936/672
f 1564/2955/682 1560/2954/681 1562/3085/743 1566/3089/746
f 1566/3089/746 1562/3085/743 1563/3086/744 1567/3090/747
f 1567/3091/748 1563/3087/745 1561/2936/672 1565/3001/701
f 1568/2960/687 1572/2959/686 1574/3092/749 1570/3093/750
f 1570/3093/750 1574/3092/749 1575/3094/751 1571/3095/752
f 1571/3096/753 1575/3097/754 1573/2932/755 1569/3015/753
f 1572/2959/686 1576/2958/685 1578/3098/756 1574/3092/749
f 1574/3092/749 1578/3098/756 1579/3099/757 1575/3094/751
f 1575/3100/754 1579/3101/758 1577/2997/665 1573/3102/755
f 1576/2958/685 1580/2957/684 1582/3103/759 1578/3098/756
f 1578/3098/756 1582/3103/759 1583/3104/760 1579/3099/757
f 1579/3101/758 1583/3105/761 1581/2998/699 1577/2997/665
f 1584/2994/697 1588/2942/678 1590/3106/762 1586/3107/763
f 1586/3107/763 1590/3106/762 1591/3108/764 1587/3109/765
f 1587/3110/766 1591/3111/767 1589/3009/707 1585/2987/692
f 1588/2942/678 1592/2941/677 1594/3112/768 1590/3106/762
f 1590/3106/762 1594/3112/768 1595/3113/769 1591/3108/764
f 1591/3111/767 1595/3114/770 1593/3017/711 1589/3009/707
f 1592/2941/677 1596/2956/683 1598/3115/771 1594/3112/768
f 1594/3112/768 1598/3115/771 1599/3116/772 1595/3113/769
f 1595/3117/770 1599/3118/773 1597/3004/704 1593/3014/711
f 1548/2991/696 1584/2994/697 1586/3107/763 1550/3076/733
f 1550/3076/733 1586/3107/763 1587/3109/765 1551/3077/734
f 1551/3078/735 1587/3110/766 1585/2987/692 1549/2990/695
f 1580/2957/684 1532/2974/690 1535/3064/724 1582/3103/759
f 1582/3103/759 1535/3064/724 1538/3066/726 1583/3104/760
f 1583/3105/761 1538/3067/727 1533/3069/729 1581/2998/699
f 1565/3001/701 1597/3004/704 1599/3118/773 1567/3091/748
f 1567/3090/747 1599/3116/772 1598/3115/771 1566/3089/746
f 1566/3089/746 1598/3115/771 1596/2956/683 1564/2955/682
f 1569/3015/753 1557/3005/741 1559/3084/741 1571/3096/753
f 1571/3095/752 1559/3081/738 1558/3079/736 1570/3093/750
f 1570/3093/750 1558/3079/736 1556/2976/691 1568/2960/687
f 1549/2990/695 1642/2989/694 1634/3119/675 1545/3074/674
f 1533/3069/729 1627/3168/774 1638/2999/700 1581/2998/699
f 1635/3169/775 1641/3170/776 1646/3171/777 1650/3172/778
f 1624/3173/779 1625/3174/780 1623/3175/780 1620/3176/780 1621/3177/780 1622/3178/781 1626/3179/782 1631/3180/783 1654/3181/784 1661/3182/785
f 1631/3183/786 1635/3184/787 1650/3185/788 1654/3186/789
f 1627/3168/790 1630/2940/791 1632/3187/791 1629/3188/792
f 1629/3189/793 1632/3190/794 1633/3191/795 1628/3192/796
f 1628/3192/796 1633/3191/795 1631/3180/783 1626/3179/782
f 1630/3193/791 1634/3194/797 1636/3195/797 1632/3190/791
f 1632/3190/794 1636/3195/798 1637/3196/799 1633/3191/795
f 1633/3191/795 1637/3196/799 1631/3180/783
f 1637/3197/800 1635/3184/787 1631/3183/786
f 1626/3179/782 1622/3178/781 1640/3198/801 1628/3192/796
f 1628/3192/796 1640/3198/801 1639/3199/802 1629/3189/793
f 1629/3188/792 1639/3000/803 1638/2999/803 1627/3168/790
f 1642/3200/804 1645/3201/805 1647/3202/805 1644/3203/804
f 1644/3203/806 1647/3202/807 1648/3204/808 1643/3205/809
f 1643/3205/809 1648/3204/808 1646/3171/777 1641/3170/776
f 1645/3201/805 1649/3206/810 1651/3207/810 1647/3202/805
f 1647/3202/807 1651/3207/811 1652/3208/812 1648/3204/808
f 1648/3204/808 1652/3208/812 1650/3172/778 1646/3171/777
f 1649/3206/810 1653/3209/813 1655/3210/814 1651/3207/810
f 1651/3207/811 1655/3210/815 1656/3211/816 1652/3208/812
f 1652/3208/812 1656/3211/816 1650/3172/778
f 1656/3212/817 1654/3186/789 1650/3185/788
f 1641/3170/776 1635/3169/775 1637/3196/799 1643/3205/809
f 1643/3205/809 1637/3196/799 1636/3195/798 1644/3203/806
f 1644/3203/804 1636/3195/797 1634/3194/797 1642/3200/804
f 1661/3182/785 1654/3181/784 1656/3211/816 1663/3213/818
f 1663/3213/818 1656/3211/816 1655/3210/815 1662/3214/819
f 1662/3215/820 1655/3216/814 1653/3013/813 1660/3003/821
f 1660/3003/821 1657/3002/822 1659/3011/822 1662/3215/820
f 1662/3214/819 1659/3217/823 1658/3218/824 1663/3213/818
f 1663/3213/818 1658/3218/824 1624/3173/779 1661/3182/785
f 1541/2937/673 1630/2940/676 1627/3168/774 1533/3069/729
f 1481/3219/825 1492/3220/826 1507/3221/826 1499/3222/825
f 1695/3223/827 1492/3224/827 1481/3225/827 1485/3226/827 1488/3227/827 1666/3228/827 1681/3229/827 1670/3230/827 1678/3231/827 1684/3232/827 1689/3233/827 1692/3234/827 1484/3235/827 1487/3236/827 1489/3237/827
f 1501/3238/828 1488/3239/828 1485/3240/829 1503/3241/829
f 1503/3242/829 1485/3243/829 1481/3219/825 1499/3222/825
f 1507/3221/826 1492/3220/826 1695/3244/826 1694/3245/826
f 1520/3246/825 1528/3247/826 1539/3248/826 1534/3249/825
f 1668/3250/830 1679/3251/830 1680/3252/830 1665/3253/830 1536/3254/830 1537/3255/830 1534/3256/830 1539/3257/830 1696/3258/830 1516/3259/830 1518/3260/830 1515/3261/830 1690/3262/830 1686/3263/830 1682/3264/830 1675/3265/830
f 1666/3266/831 1488/3239/831 1501/3238/831 1667/3267/831
f 1536/3268/828 1526/3269/828 1523/3270/829 1537/3271/829
f 1537/3272/829 1523/3273/829 1520/3246/825 1534/3249/825
f 1539/3248/826 1528/3247/826 1697/3274/826 1696/3275/826
f 1494/3276/832 1484/3277/832 1692/3278/833 1693/3279/833
f 1484/3277/832 1494/3276/832 1497/3280/834 1487/3281/834
f 1487/3282/834 1497/3283/834 1496/3284/835 1489/3285/835
f 1695/3244/826 1489/3285/835 1496/3284/835 1694/3245/826
f 1515/3286/832 1505/3287/832 1691/3288/833 1690/3289/833
f 1694/3290/830 1496/3291/830 1497/3292/830 1494/3293/830 1693/3294/830 1688/3295/830 1685/3296/830 1677/3297/830 1671/3298/830 1673/3299/830 1674/3300/830 1667/3301/830 1501/3302/830 1503/3303/830 1499/3304/830 1507/3305/830
f 1697/3306/827 1528/3307/827 1520/3308/827 1523/3309/827 1526/3310/827 1664/3311/827 1672/3312/827 1669/3313/827 1676/3314/827 1683/3315/827 1687/3316/827 1691/3317/827 1505/3318/827 1508/3319/827 1510/3320/827
f 1505/3287/832 1515/3286/832 1518/3279/834 1508/3321/834
f 1508/3322/834 1518/3323/834 1516/3324/835 1510/3325/835
f 1697/3274/826 1510/3325/835 1516/3324/835 1696/3275/826
f 1664/3326/831 1526/3269/831 1536/3268/831 1665/3327/831
usemtl display
f 1601/3120/679 1600/3121/679 1618/3122/679 1619/3123/679
usemtl touchscreen_bezel
f 1480/2925/663 1483/2926/664 1617/2927/664 1616/2928/663
f 1478/3019/675 1479/3020/676 1603/3021/676 1604/3022/675
f 1495/3023/708 1491/3024/693 1612/3025/693 1613/3026/708
f 1476/3027/694 1478/3028/675 1604/3029/675 1605/3030/694
f 1493/3031/710 1495/3023/708 1613/3026/708 1614/3032/710
f 1498/3033/714 1502/3034/715 1606/3035/715 1607/3036/714
f 1490/3037/716 1493/3038/710 1614/3039/710 1615/3040/716
f 1502/3041/715 1504/3042/717 1608/3043/717 1606/3044/715
f 1491/3024/693 1476/3027/694 1605/3030/694 1612/3025/693
f 1504/3042/717 1500/3045/718 1609/3046/718 1608/3043/717
f 1477/3047/719 1480/2925/663 1616/2928/663 1602/3048/719
f 1486/3049/720 1482/3050/721 1610/3051/721 1611/3052/720
f 1500/3045/718 1490/3037/716 1615/3040/716 1609/3046/718
f 1483/2926/664 1486/3053/720 1611/3054/720 1617/2927/664
f 1479/3020/676 1477/3047/719 1602/3048/719 1603/3021/676
f 1676/3055/722 1498/3033/714 1607/3036/714 1683/3056/722
f 1675/3057/722 1682/3058/722 1684/3059/722 1678/3060/722
f 1610/3051/721 1482/3050/721 1677/3061/722 1685/3062/722
f 1506/3124/679 1509/3125/679 1603/3126/679 1602/3127/679
f 1511/3128/679 1512/3129/679 1605/3130/679 1604/3131/679
f 1513/3132/679 1514/3133/679 1607/3134/679 1606/3135/679
f 1519/3136/679 1517/3137/679 1608/3138/679 1609/3139/679
f 1521/3140/679 1522/3141/679 1611/3142/679 1610/3143/679
f 1527/3144/679 1529/3145/679 1613/3146/679 1612/3147/679
f 1530/3148/679 1531/3149/679 1615/3150/679 1614/3151/679
f 1525/3152/679 1506/3124/679 1602/3127/679 1616/3153/679
f 1524/3154/679 1525/3152/679 1616/3153/679 1617/3155/679
f 1517/3137/679 1513/3132/679 1606/3135/679 1608/3138/679
f 1509/3125/679 1511/3128/679 1604/3131/679 1603/3126/679
f 1521/3140/679 1610/3143/679 1685/3156/679 1688/3157/679
f 1514/3133/679 1687/3158/679 1683/3159/679 1607/3134/679
f 1684/3160/679 1682/3161/679 1686/3162/679 1689/3163/679
f 1522/3141/679 1524/3154/679 1617/3155/679 1611/3142/679
f 1512/3129/679 1527/3144/679 1612/3147/679 1605/3130/679
f 1529/3145/679 1530/3148/679 1614/3151/679 1613/3146/679
f 1531/3149/679 1519/3136/679 1609/3139/679 1615/3150/679
f 1525/3152/679 1524/3154/679 1522/3141/679 1521/3140/679 1601/3120/679 1619/3123/679 1618/3122/679 1600/3121/679 1513/3132/679 1517/3137/679 1519/3136/679 1531/3149/679 1530/3148/679 1529/3145/679 1527/3144/679 1512/3129/679 1511/3128/679 1509/3125/679 1506/3124/679
f 1514/3133/679 1513/3132/679 1600/3121/679 1601/3120/679 1521/3140/679 1688/3157/679 1693/3164/679 1692/3165/679 1689/3163/679 1686/3162/679 1690/3166/679 1691/3167/679 1687/3158/679
usemtl black_plastic
f 1592/2941/677 1588/2942/678 1495/2943/679 1493/2944/679 1490/2945/679 1500/2946/679 1504/2947/679 1502/2948/679 1498/2949/679 1669/2950/679 1672/2951/679 1664/2952/679 1552/2953/680 1560/2954/681 1564/2955/682 1596/2956/683
f 1580/2957/684 1576/2958/685 1572/2959/686 1568/2960/687 1667/2961/679 1674/2962/679 1673/2963/679 1671/2964/679 1482/2965/679 1486/2966/679 1483/2967/679 1480/2968/679 1477/2969/679 1479/2970/679 1478/2971/679 1544/2972/688 1540/2973/689 1532/2974/690
f 1666/2975/679 1667/2961/679 1568/2960/687 1556/2976/691 1552/2953/680 1664/2952/679 1665/2977/679 1680/2978/679 1679/2979/679 1668/2980/679 1675/2981/679 1678/2982/679 1670/2983/679 1681/2984/679
f 1498/2949/679 1676/2985/679 1669/2950/679
f 1677/2986/679 1482/2965/679 1671/2964/679
f 1548/2991/696 1544/2972/688 1478/2971/679 1476/2992/679 1491/2993/679 1495/2943/679 1588/2942/678 1584/2994/697
o keyboard
v 0.676157 0.039554 0.472566
v 0.676157 0.036048 0.472659
v 0.676157 0.038593 0.436554
v 0.676157 0.035088 0.436647
v 0.638135 0.039554 0.472566
v 0.638135 0.036048 0.472659
v 0.638135 0.038593 0.436554
v 0.638135 0.035088 0.436647
v 0.633953 0.039554 0.472566
v 0.633953 0.036048 0.472659
v 0.633953 0.038593 0.436554
v 0.633953 0.035088 0.436647
v 0.595932 0.039554 0.472566
v 0.595932 0.036048 0.472659
v 0.595932 0.038593 0.436554
v 0.595932 0.035088 0.436647
v 0.590016 0.039554 0.472566
v 0.590016 0.036048 0.472659
v 0.590016 0.038593 0.436554
v 0.590016 0.035088 0.436647
v 0.551996 0.039554 0.472566
v 0.551996 0.036048 0.472659
v 0.551996 0.038593 0.436554
v 0.551996 0.035088 0.436647
v 0.547813 0.039554 0.472566
v 0.547813 0.036048 0.472659
v 0.547813 0.038593 0.436554
v 0.547813 0.035088 0.436647
v 0.509791 0.039554 0.472566
v 0.509791 0.036048 0.472659
v 0.509791 0.038593 0.436554
v 0.509791 0.035088 0.436647
v 0.503869 0.039554 0.472566
v 0.503869 0.036048 0.472659
v 0.503869 0.038593 0.436554
v 0.503869 0.035088 0.436647
v 0.465847 0.039554 0.472566
v 0.465847 0.036048 0.472659
v 0.465847 0.038593 0.436554
v 0.465847 0.035088 0.436647
v 0.461665 0.039554 0.472566
v 0.461665 0.036048 0.472659
v 0.461665 0.038593 0.436554
v 0.461665 0.035088 0.436647
v 0.423644 0.039554 0.472566
v 0.423644 0.036048 0.472659
v 0.423644 0.038593 0.436554
v 0.423644 0.035088 0.436647
v 0.418111 0.039554 0.472566
v 0.418111 0.036048 0.472659
v 0.418111 0.038593 0.436554
v 0.418111 0.035088 0.436647
v 0.380089 0.039554 0.472566
v 0.380089 0.036048 0.472659
v 0.380089 0.038593 0.436554
v 0.380089 0.035088 0.436647
v 0.375907 0.039554 0.472566
v 0.375907 0.036048 0.472659
v 0.375907 0.038593 0.436554
v 0.375907 0.035088 0.436647
v 0.337886 0.039554 0.472566
v 0.337886 0.036048 0.472659
v 0.337886 0.038593 0.436554
v 0.337886 0.035088 0.436647
v 0.823998 0.037376 0.390913
v 0.823998 0.033871 0.391007
v 0.823998 0.036416 0.354901
v 0.823998 0.032911 0.354994
v 0.785977 0.037376 0.390913
v 0.785977 0.033871 0.391007
v 0.785977 0.036416 0.354901
v 0.785977 0.032911 0.354994
v 0.781795 0.037376 0.390913
v 0.781795 0.033871 0.391007
v 0.781795 0.036416 0.354901
v 0.781795 0.032911 0.354994
v 0.743773 0.037376 0.390913
v 0.743773 0.033871 0.391007
v 0.743773 0.036416 0.354901
v 0.743773 0.032911 0.354994
v 0.739592 0.037376 0.390913
v 0.739592 0.033871 0.391007
v 0.739592 0.036416 0.354901
v 0.739592 0.032911 0.354994
v 0.701570 0.037376 0.390913
v 0.701570 0.033871 0.391007
v 0.701570 0.036416 0.354901
v 0.701570 0.032911 0.354994
v 0.487512 0.037376 0.390913
v 0.487512 0.033871 0.391007
v 0.487512 0.036416 0.354901
v 0.487512 0.032911 0.354994
v 0.449491 0.037376 0.390913
v 0.449491 0.033871 0.391007
v 0.449491 0.036416 0.354901
v 0.449491 0.032911 0.354994
v 0.445309 0.037376 0.390913
v 0.445309 0.033871 0.391007
v 0.445309 0.036416 0.354901
v 0.445309 0.032911 0.354994
v 0.407287 0.037376 0.390913
v 0.407287 0.033871 0.391007
v 0.407287 0.036416 0.354901
v 0.407287 0.032911 0.354994
v 0.785893 0.038465 0.431739
v 0.866054 0.033999 0.395821
v 0.866054 0.037505 0.395728
v 0.866054 0.034960 0.431833
v 0.866054 0.038465 0.431739
v 0.781795 0.038465 0.431739
v 0.781795 0.034960 0.431833
v 0.781795 0.037505 0.395728
v 0.781795 0.033999 0.395821
v 0.743773 0.038465 0.431739
v 0.743773 0.034960 0.431833
v 0.743773 0.037505 0.395728
v 0.743773 0.033999 0.395821
v 0.739592 0.038465 0.431739
v 0.739592 0.034960 0.431833
v 0.739592 0.037505 0.395728
v 0.739592 0.033999 0.395821
v 0.701570 0.038465 0.431739
v 0.701570 0.034960 0.431833
v 0.701570 0.037505 0.395728
v 0.701570 0.033999 0.395821
v 0.697866 0.038465 0.431739
v 0.697866 0.034960 0.431833
v 0.697866 0.037505 0.395728
v 0.697866 0.033999 0.395821
v 0.659844 0.038465 0.431739
v 0.659844 0.034960 0.431833
v 0.659844 0.037505 0.395728
v 0.659844 0.033999 0.395821
v 0.655662 0.038465 0.431739
v 0.655662 0.034960 0.431833
v 0.655662 0.037505 0.395728
v 0.655662 0.033999 0.395821
v 0.617641 0.038465 0.431739
v 0.617641 0.034960 0.431833
v 0.617641 0.037505 0.395728
v 0.617641 0.033999 0.395821
v 0.613458 0.038465 0.431739
v 0.613458 0.034960 0.431833
v 0.613458 0.037505 0.395728
v 0.613458 0.033999 0.395821
v 0.575437 0.038465 0.431739
v 0.575437 0.034960 0.431833
v 0.575437 0.037505 0.395728
v 0.575437 0.033999 0.395821
v 0.571255 0.038465 0.431739
v 0.571255 0.034960 0.431833
v 0.571255 0.037505 0.395728
v 0.571255 0.033999 0.395821
v 0.533233 0.038465 0.431739
v 0.533233 0.034960 0.431833
v 0.533233 0.037505 0.395728
v 0.533233 0.033999 0.395821
v 0.529529 0.038465 0.431739
v 0.529529 0.034960 0.431833
v 0.529529 0.037505 0.395728
v 0.529529 0.033999 0.395821
v 0.491508 0.038465 0.431739
v 0.491508 0.034960 0.431833
v 0.491508 0.037505 0.395728
v 0.491508 0.033999 0.395821
v 0.487326 0.038465 0.431739
v 0.487326 0.034960 0.431833
v 0.487326 0.037505 0.395728
v 0.487326 0.033999 0.395821
v 0.449304 0.038465 0.431739
v 0.449304 0.034960 0.431833
v 0.449304 0.037505 0.395728
v 0.449304 0.033999 0.395821
v 0.445122 0.038465 0.431739
v 0.445122 0.034960 0.431833
v 0.445122 0.037505 0.395728
v 0.445122 0.033999 0.395821
v 0.407101 0.038465 0.431739
v 0.407101 0.034960 0.431833
v 0.407101 0.037505 0.395728
v 0.407101 0.033999 0.395821
v 0.402919 0.038465 0.431739
v 0.402919 0.034960 0.431833
v 0.402919 0.037505 0.395728
v 0.402919 0.033999 0.395821
v 0.364897 0.038465 0.431739
v 0.364897 0.034960 0.431833
v 0.364897 0.037505 0.395728
v 0.364897 0.033999 0.395821
v 0.697374 0.037376 0.390913
v 0.697374 0.033871 0.391007
v 0.697374 0.036416 0.354901
v 0.697374 0.032911 0.354994
v 0.491462 0.037376 0.390913
v 0.491462 0.033871 0.391007
v 0.491462 0.036416 0.354901
v 0.491462 0.032911 0.354994
v 0.866202 0.039554 0.472566
v 0.866202 0.036048 0.472659
v 0.866202 0.038593 0.436554
v 0.866202 0.035088 0.436647
v 0.808722 0.039554 0.472566
v 0.808722 0.036048 0.472659
v 0.808722 0.038593 0.436554
v 0.808722 0.035088 0.436647
v 0.804539 0.039554 0.472566
v 0.804539 0.036048 0.472659
v 0.804539 0.038593 0.436554
v 0.804539 0.035088 0.436647
v 0.766517 0.039554 0.472566
v 0.766517 0.036048 0.472659
v 0.766517 0.038593 0.436554
v 0.766517 0.035088 0.436647
v 0.762336 0.039554 0.472566
v 0.762336 0.036048 0.472659
v 0.762336 0.038593 0.436554
v 0.762336 0.035088 0.436647
v 0.724314 0.039554 0.472566
v 0.724314 0.036048 0.472659
v 0.724314 0.038593 0.436554
v 0.724314 0.035088 0.436647
v 0.720132 0.039554 0.472566
v 0.720132 0.036048 0.472659
v 0.720132 0.038593 0.436554
v 0.720132 0.035088 0.436647
v 0.682111 0.039554 0.472566
v 0.682111 0.036048 0.472659
v 0.682111 0.038593 0.436554
v 0.682111 0.035088 0.436647
v 0.866202 0.040615 0.512371
v 0.866202 0.037110 0.512464
v 0.866202 0.039655 0.476359
v 0.866202 0.036150 0.476452
v 0.801070 0.040615 0.512371
v 0.801070 0.037110 0.512464
v 0.801070 0.039655 0.476359
v 0.801070 0.036150 0.476452
v 0.795565 0.040615 0.512371
v 0.795565 0.037110 0.512464
v 0.795565 0.039655 0.476359
v 0.795565 0.036150 0.476452
v 0.757544 0.040615 0.512371
v 0.757544 0.037110 0.512464
v 0.757544 0.039655 0.476359
v 0.757544 0.036150 0.476452
v 0.753362 0.040615 0.512371
v 0.753362 0.037110 0.512464
v 0.753362 0.039655 0.476359
v 0.753362 0.036150 0.476452
v 0.715340 0.040615 0.512371
v 0.715340 0.037110 0.512464
v 0.715340 0.039655 0.476359
v 0.715340 0.036150 0.476452
v 0.711159 0.040615 0.512371
v 0.711159 0.037110 0.512464
v 0.711159 0.039655 0.476359
v 0.711159 0.036150 0.476452
v 0.673137 0.040615 0.512371
v 0.673137 0.037110 0.512464
v 0.673137 0.039655 0.476359
v 0.673137 0.036150 0.476452
v 0.866202 0.041677 0.552177
v 0.866202 0.038171 0.552270
v 0.866202 0.040716 0.516164
v 0.866202 0.037211 0.516258
v 0.831587 0.041677 0.552177
v 0.831587 0.038171 0.552270
v 0.831587 0.040716 0.516164
v 0.831587 0.037211 0.516258
v 0.827404 0.041677 0.552177
v 0.827404 0.038171 0.552270
v 0.827404 0.040716 0.516164
v 0.827404 0.037211 0.516258
v 0.789382 0.041677 0.552177
v 0.789382 0.038171 0.552270
v 0.789382 0.040716 0.516164
v 0.789382 0.037211 0.516258
v 0.785200 0.041677 0.552177
v 0.785200 0.038171 0.552270
v 0.785200 0.040716 0.516164
v 0.785200 0.037211 0.516258
v 0.747179 0.041677 0.552177
v 0.747179 0.038171 0.552270
v 0.747179 0.040716 0.516164
v 0.747179 0.037211 0.516258
v 0.742997 0.041677 0.552177
v 0.742997 0.038171 0.552270
v 0.742997 0.040716 0.516164
v 0.742997 0.037211 0.516258
v 0.704975 0.041677 0.552177
v 0.704975 0.038171 0.552270
v 0.704975 0.040716 0.516164
v 0.704975 0.037211 0.516258
v 0.827508 0.042194 0.571569
v 0.827508 0.038688 0.571662
v 0.827508 0.041778 0.555970
v 0.827508 0.038272 0.556064
v 0.792892 0.042194 0.571569
v 0.792892 0.038688 0.571662
v 0.792892 0.041778 0.555970
v 0.792892 0.038272 0.556064
v 0.788813 0.042194 0.571569
v 0.788813 0.038688 0.571662
v 0.788813 0.041778 0.555970
v 0.788813 0.038272 0.556064
v 0.754197 0.042194 0.571569
v 0.754197 0.038688 0.571662
v 0.754197 0.041778 0.555970
v 0.754197 0.038272 0.556064
v 0.750118 0.042194 0.571569
v 0.750118 0.038688 0.571662
v 0.750118 0.041778 0.555970
v 0.750118 0.038272 0.556064
v 0.715503 0.042194 0.571569
v 0.715503 0.038688 0.571662
v 0.715503 0.041778 0.555970
v 0.715503 0.038272 0.556064
v 0.711425 0.042194 0.571569
v 0.711425 0.038688 0.571662
v 0.711425 0.041778 0.555970
v 0.711425 0.038272 0.556064
v 0.676808 0.042194 0.571569
v 0.676808 0.038688 0.571662
v 0.676808 0.041778 0.555970
v 0.676808 0.038272 0.556064
v 0.672730 0.042194 0.571569
v 0.672730 0.038688 0.571662
v 0.672730 0.041778 0.555970
v 0.672730 0.038272 0.556064
v 0.638115 0.042194 0.571569
v 0.638115 0.038688 0.571662
v 0.638115 0.041778 0.555970
v 0.638115 0.038272 0.556064
v 0.634036 0.042194 0.571569
v 0.634036 0.038688 0.571662
v 0.634036 0.041778 0.555970
v 0.634036 0.038272 0.556064
v 0.599420 0.042194 0.571569
v 0.599420 0.038688 0.571662
v 0.599420 0.041778 0.555970
v 0.599420 0.038272 0.556064
v 0.595341 0.042194 0.571569
v 0.595341 0.038688 0.571662
v 0.595341 0.041778 0.555970
v 0.595341 0.038272 0.556064
v 0.560725 0.042194 0.571569
v 0.560725 0.038688 0.571662
v 0.560725 0.041778 0.555970
v 0.560725 0.038272 0.556064
v 0.556646 0.042194 0.571569
v 0.556646 0.038688 0.571662
v 0.556646 0.041778 0.555970
v 0.556646 0.038272 0.556064
v 0.522031 0.042194 0.571569
v 0.522031 0.038688 0.571662
v 0.522031 0.041778 0.555970
v 0.522031 0.038272 0.556064
v 0.517953 0.042194 0.571569
v 0.517953 0.038688 0.571662
v 0.517953 0.041778 0.555970
v 0.517953 0.038272 0.556064
v 0.483336 0.042194 0.571569
v 0.483336 0.038688 0.571662
v 0.483336 0.041778 0.555970
v 0.483336 0.038272 0.556064
v 0.479258 0.042194 0.571569
v 0.479258 0.038688 0.571662
v 0.479258 0.041778 0.555970
v 0.479258 0.038272 0.556064
v 0.444643 0.042194 0.571569
v 0.444643 0.038688 0.571662
v 0.444643 0.041778 0.555970
v 0.444643 0.038272 0.556064
v 0.440564 0.042194 0.571569
v 0.440564 0.038688 0.571662
v 0.440564 0.041778 0.555970
v 0.440564 0.038272 0.556064
v 0.405948 0.042194 0.571569
v 0.405948 0.038688 0.571662
v 0.405948 0.041778 0.555970
v 0.405948 0.038272 0.556064
v 0.401869 0.042194 0.571569
v 0.401869 0.038688 0.571662
v 0.401869 0.041778 0.555970
v 0.401869 0.038272 0.556064
v 0.367253 0.042194 0.571569
v 0.367253 0.038688 0.571662
v 0.367253 0.041778 0.555970
v 0.367253 0.038272 0.556064
v 0.363174 0.042194 0.571569
v 0.363174 0.038688 0.571662
v 0.363174 0.041778 0.555970
v 0.363174 0.038272 0.556064
v 0.328559 0.042194 0.571569
v 0.328559 0.038688 0.571662
v 0.328559 0.041778 0.555970
v 0.328559 0.038272 0.556064
v 0.241233 0.042194 0.571569
v 0.241233 0.038688 0.571662
v 0.241233 0.041778 0.555970
v 0.241233 0.038272 0.556064
v 0.206617 0.042194 0.571569
v 0.206617 0.038688 0.571662
v 0.206617 0.041778 0.555970
v 0.206617 0.038272 0.556064
v 0.202058 0.042194 0.571569
v 0.202058 0.038688 0.571662
v 0.202058 0.041778 0.555970
v 0.202058 0.038272 0.556064
v 0.167443 0.042194 0.571569
v 0.167443 0.038688 0.571662
v 0.167443 0.041778 0.555970
v 0.167443 0.038272 0.556064
v 0.700797 0.041677 0.552177
v 0.700797 0.038171 0.552270
v 0.700797 0.040716 0.516164
v 0.700797 0.037211 0.516258
v 0.666181 0.041677 0.552177
v 0.666181 0.038171 0.552270
v 0.666181 0.040716 0.516164
v 0.666181 0.037211 0.516258
v 0.662103 0.041677 0.552177
v 0.662103 0.038171 0.552270
v 0.662103 0.040716 0.516164
v 0.662103 0.037211 0.516258
v 0.627487 0.041677 0.552177
v 0.627487 0.038171 0.552270
v 0.627487 0.040716 0.516164
v 0.627487 0.037211 0.516258
v 0.623408 0.041677 0.552177
v 0.623408 0.038171 0.552270
v 0.623408 0.040716 0.516164
v 0.623408 0.037211 0.516258
v 0.588792 0.041677 0.552177
v 0.588792 0.038171 0.552270
v 0.588792 0.040716 0.516164
v 0.588792 0.037211 0.516258
v 0.584713 0.041677 0.552177
v 0.584713 0.038171 0.552270
v 0.584713 0.040716 0.516164
v 0.584713 0.037211 0.516258
v 0.550098 0.041677 0.552177
v 0.550098 0.038171 0.552270
v 0.550098 0.040716 0.516164
v 0.550098 0.037211 0.516258
v 0.546019 0.041677 0.552177
v 0.546019 0.038171 0.552270
v 0.546019 0.040716 0.516164
v 0.546019 0.037211 0.516258
v 0.511403 0.041677 0.552177
v 0.511403 0.038171 0.552270
v 0.511403 0.040716 0.516164
v 0.511403 0.037211 0.516258
v 0.507325 0.041677 0.552177
v 0.507325 0.038171 0.552270
v 0.507325 0.040716 0.516164
v 0.507325 0.037211 0.516258
v 0.472709 0.041677 0.552177
v 0.472709 0.038171 0.552270
v 0.472709 0.040716 0.516164
v 0.472709 0.037211 0.516258
v 0.468631 0.041677 0.552177
v 0.468631 0.038171 0.552270
v 0.468631 0.040716 0.516164
v 0.468631 0.037211 0.516258
v 0.434015 0.041677 0.552177
v 0.434015 0.038171 0.552270
v 0.434015 0.040716 0.516164
v 0.434015 0.037211 0.516258
v 0.429936 0.041677 0.552177
v 0.429936 0.038171 0.552270
v 0.429936 0.040716 0.516164
v 0.429936 0.037211 0.516258
v 0.395320 0.041677 0.552177
v 0.395320 0.038171 0.552270
v 0.395320 0.040716 0.516164
v 0.395320 0.037211 0.516258
v 0.391241 0.041677 0.552177
v 0.391241 0.038171 0.552270
v 0.391241 0.040716 0.516164
v 0.391241 0.037211 0.516258
v 0.356626 0.041677 0.552177
v 0.356626 0.038171 0.552270
v 0.356626 0.040716 0.516164
v 0.356626 0.037211 0.516258
v 0.349714 0.041677 0.552177
v 0.349714 0.038171 0.552270
v 0.349714 0.040716 0.516164
v 0.349714 0.037211 0.516258
v 0.289688 0.041677 0.552177
v 0.289688 0.038171 0.552270
v 0.289688 0.040716 0.516164
v 0.289688 0.037211 0.516258
v 0.361166 0.038465 0.431739
v 0.361166 0.034960 0.431833
v 0.361166 0.037505 0.395728
v 0.361166 0.033999 0.395821
v 0.289646 0.038465 0.431739
v 0.289646 0.034960 0.431833
v 0.289646 0.037505 0.395728
v 0.289646 0.033999 0.395821
v 0.402753 0.037376 0.390913
v 0.402753 0.033871 0.391007
v 0.402753 0.036416 0.354901
v 0.402753 0.032911 0.354994
v 0.372708 0.037376 0.390913
v 0.372708 0.033871 0.391007
v 0.372708 0.036416 0.354901
v 0.372708 0.032911 0.354994
v 0.368863 0.037376 0.390913
v 0.368734 0.033871 0.391007
v 0.368734 0.036416 0.354901
v 0.368734 0.032911 0.354994
v 0.322880 0.037376 0.390913
v 0.322751 0.033871 0.391007
v 0.322751 0.036416 0.354901
v 0.322751 0.032911 0.354994
v 0.368734 0.036856 0.371406
v 0.368863 0.036936 0.374408
v 0.322880 0.036936 0.374408
v 0.322751 0.036856 0.371406
v 0.368734 0.034891 0.371459
v 0.368734 0.034971 0.374460
v 0.322751 0.034971 0.374460
v 0.322751 0.034891 0.371459
v 0.669079 0.040615 0.512371
v 0.669079 0.037110 0.512464
v 0.669079 0.039655 0.476359
v 0.669079 0.036150 0.476452
v 0.631058 0.040615 0.512371
v 0.631058 0.037110 0.512464
v 0.631058 0.039655 0.476359
v 0.631058 0.036150 0.476452
v 0.626876 0.040615 0.512371
v 0.626876 0.037110 0.512464
v 0.626876 0.039655 0.476359
v 0.626876 0.036150 0.476452
v 0.588854 0.040615 0.512371
v 0.588854 0.037110 0.512464
v 0.588854 0.039655 0.476359
v 0.588854 0.036150 0.476452
v 0.584672 0.040615 0.512371
v 0.584672 0.037110 0.512464
v 0.584672 0.039655 0.476359
v 0.584672 0.036150 0.476452
v 0.546651 0.040615 0.512371
v 0.546651 0.037110 0.512464
v 0.546651 0.039655 0.476360
v 0.546651 0.036150 0.476453
v 0.542366 0.040615 0.512371
v 0.542366 0.037110 0.512464
v 0.542366 0.039655 0.476360
v 0.542366 0.036150 0.476453
v 0.504344 0.040615 0.512371
v 0.504344 0.037110 0.512464
v 0.504344 0.039655 0.476360
v 0.504344 0.036150 0.476453
v 0.500162 0.040615 0.512371
v 0.500162 0.037110 0.512464
v 0.500162 0.039655 0.476360
v 0.500162 0.036150 0.476453
v 0.462141 0.040615 0.512371
v 0.462141 0.037110 0.512464
v 0.462141 0.039655 0.476360
v 0.462141 0.036150 0.476453
v 0.457958 0.040615 0.512371
v 0.457958 0.037110 0.512464
v 0.457958 0.039655 0.476360
v 0.457958 0.036150 0.476453
v 0.419937 0.040615 0.512371
v 0.419937 0.037110 0.512464
v 0.419937 0.039655 0.476360
v 0.419937 0.036150 0.476453
v 0.415652 0.040615 0.512371
v 0.415652 0.037110 0.512464
v 0.415652 0.039655 0.476360
v 0.415652 0.036150 0.476453
v 0.377631 0.040615 0.512371
v 0.377631 0.037110 0.512464
v 0.377631 0.039655 0.476360
v 0.377631 0.036150 0.476453
v 0.373449 0.040615 0.512371
v 0.373449 0.037110 0.512464
v 0.373449 0.039655 0.476360
v 0.373449 0.036150 0.476453
v 0.335427 0.040615 0.512371
v 0.335427 0.037110 0.512464
v 0.335427 0.039655 0.476360
v 0.335427 0.036150 0.476453
v 0.280439 0.041677 0.552177
v 0.280439 0.038171 0.552270
v 0.280439 0.040716 0.516164
v 0.280439 0.037211 0.516258
v 0.245824 0.041677 0.552177
v 0.245824 0.038171 0.552270
v 0.245824 0.040716 0.516164
v 0.245824 0.037211 0.516258
v 0.240796 0.041677 0.552177
v 0.240796 0.038171 0.552270
v 0.240796 0.040716 0.516164
v 0.240796 0.037211 0.516258
v 0.206181 0.041677 0.552177
v 0.206181 0.038171 0.552270
v 0.206180 0.040716 0.516164
v 0.206180 0.037211 0.516258
v 0.201632 0.041677 0.552177
v 0.201632 0.038171 0.552270
v 0.201632 0.040716 0.516164
v 0.201632 0.037211 0.516258
v 0.167017 0.041677 0.552177
v 0.167017 0.038171 0.552270
v 0.167017 0.040716 0.516164
v 0.167017 0.037211 0.516258
v 0.161989 0.041677 0.552177
v 0.161989 0.038171 0.552270
v 0.161989 0.040716 0.516164
v 0.161989 0.037211 0.516258
v 0.127373 0.041677 0.552177
v 0.127373 0.038171 0.552270
v 0.127373 0.040716 0.516164
v 0.127373 0.037211 0.516258
v 0.280439 0.040601 0.511843
v 0.280439 0.037096 0.511937
v 0.280439 0.039641 0.475831
v 0.280439 0.036135 0.475924
v 0.245824 0.040601 0.511843
v 0.245824 0.037096 0.511937
v 0.245824 0.039641 0.475831
v 0.245824 0.036135 0.475924
v 0.240796 0.040601 0.511843
v 0.240796 0.037096 0.511937
v 0.240796 0.039641 0.475831
v 0.240796 0.036135 0.475924
v 0.206180 0.040601 0.511843
v 0.206180 0.037096 0.511937
v 0.206180 0.039641 0.475831
v 0.206180 0.036135 0.475924
v 0.201632 0.040601 0.511843
v 0.201632 0.037096 0.511937
v 0.201632 0.039641 0.475831
v 0.201632 0.036135 0.475924
v 0.167017 0.040601 0.511843
v 0.167017 0.037096 0.511937
v 0.167017 0.039641 0.475831
v 0.167017 0.036135 0.475924
v 0.161989 0.040601 0.511843
v 0.161989 0.037096 0.511937
v 0.161989 0.038571 0.435705
v 0.161989 0.035065 0.435798
v 0.127373 0.040601 0.511843
v 0.127373 0.037096 0.511937
v 0.127373 0.038571 0.435705
v 0.127373 0.035065 0.435798
v 0.280439 0.039526 0.471509
v 0.280439 0.036020 0.471603
v 0.280439 0.038565 0.435497
v 0.280439 0.035060 0.435590
v 0.245824 0.039526 0.471509
v 0.245824 0.036020 0.471603
v 0.245824 0.038565 0.435497
v 0.245824 0.035060 0.435590
v 0.240796 0.039526 0.471509
v 0.240796 0.036020 0.471603
v 0.240796 0.038565 0.435497
v 0.240796 0.035060 0.435590
v 0.206180 0.039526 0.471509
v 0.206180 0.036020 0.471603
v 0.206180 0.038565 0.435497
v 0.206180 0.035060 0.435590
v 0.201632 0.039526 0.471509
v 0.201632 0.036020 0.471603
v 0.201632 0.038565 0.435497
v 0.201632 0.035060 0.435590
v 0.167017 0.039526 0.471509
v 0.167017 0.036020 0.471603
v 0.167017 0.038565 0.435497
v 0.167017 0.035060 0.435590
v 0.280439 0.038450 0.431176
v 0.280439 0.034945 0.431269
v 0.280439 0.037490 0.395163
v 0.280439 0.033984 0.395257
v 0.245824 0.038450 0.431176
v 0.245824 0.034945 0.431269
v 0.245824 0.037490 0.395163
v 0.245824 0.033984 0.395257
v 0.240796 0.038450 0.431176
v 0.240796 0.034945 0.431269
v 0.240796 0.037490 0.395163
v 0.240796 0.033984 0.395257
v 0.206180 0.038450 0.431176
v 0.206180 0.034945 0.431269
v 0.206180 0.037490 0.395163
v 0.206180 0.033984 0.395257
v 0.201632 0.038450 0.431176
v 0.201632 0.034945 0.431269
v 0.201632 0.037490 0.395163
v 0.201632 0.033984 0.395257
v 0.167017 0.038450 0.431176
v 0.167017 0.034945 0.431269
v 0.167017 0.037490 0.395163
v 0.167017 0.033984 0.395257
v 0.201632 0.037374 0.390842
v 0.201632 0.033869 0.390935
v 0.201632 0.036414 0.354829
v 0.201632 0.032909 0.354923
v 0.167017 0.037374 0.390842
v 0.167017 0.033869 0.390935
v 0.167017 0.036414 0.354829
v 0.167017 0.032909 0.354923
v 0.828013 0.032911 0.354994
v 0.828013 0.036416 0.354901
v 0.828013 0.033871 0.391007
v 0.828013 0.037376 0.390913
v 0.866034 0.033871 0.391007
v 0.866034 0.037376 0.390913
v 0.831742 0.038272 0.556064
v 0.831742 0.041778 0.555970
v 0.831742 0.038688 0.571662
v 0.831742 0.042194 0.571569
v 0.866358 0.038272 0.556064
v 0.866358 0.041778 0.555970
v 0.289640 0.038272 0.556064
v 0.289640 0.041778 0.555970
v 0.324255 0.038272 0.556064
v 0.324255 0.041778 0.555970
v 0.324255 0.038688 0.571662
v 0.324255 0.042194 0.571569
v 0.245919 0.038272 0.556064
v 0.245919 0.041778 0.555970
v 0.245919 0.038688 0.571662
v 0.245919 0.042194 0.571569
v 0.280535 0.038272 0.556064
v 0.280535 0.041778 0.555970
v 0.127564 0.038272 0.556064
v 0.127564 0.041778 0.555970
v 0.162179 0.038272 0.556064
v 0.162179 0.041778 0.555970
v 0.162179 0.038688 0.571662
v 0.162179 0.042194 0.571569
v 0.289843 0.033871 0.391007
v 0.289843 0.037376 0.390913
v 0.319888 0.032911 0.354994
v 0.319888 0.036416 0.354901
v 0.319888 0.033871 0.391007
v 0.319888 0.037376 0.390913
v 0.207376 0.032909 0.354923
v 0.207376 0.036414 0.354829
v 0.207376 0.033869 0.390935
v 0.207376 0.037374 0.390842
v 0.280334 0.033869 0.390935
v 0.280334 0.037374 0.390842
v 0.127373 0.034939 0.431055
v 0.127373 0.038444 0.430962
v 0.161989 0.032909 0.354917
v 0.161989 0.036414 0.354824
v 0.161989 0.034939 0.431055
v 0.161989 0.038444 0.430962
v 0.851439 0.032911 0.354994
v 0.866034 0.033278 0.368755
v 0.857024 0.032939 0.356042
v 0.861760 0.033018 0.359025
v 0.864923 0.033137 0.363489
v 0.866034 0.036783 0.368661
v 0.851439 0.036416 0.354901
v 0.864923 0.036643 0.363395
v 0.861760 0.036524 0.358932
v 0.857024 0.036444 0.355948
v 0.866358 0.038322 0.557902
v 0.851763 0.038688 0.571662
v 0.865247 0.038462 0.563168
v 0.862083 0.038581 0.567633
v 0.857349 0.038661 0.570615
v 0.851763 0.042194 0.571569
v 0.866358 0.041827 0.557809
v 0.857349 0.042166 0.570522
v 0.862083 0.042086 0.567539
v 0.865247 0.041967 0.563075
v 0.304235 0.038688 0.571662
v 0.289640 0.038322 0.557902
v 0.298650 0.038661 0.570615
v 0.293914 0.038581 0.567633
v 0.290751 0.038462 0.563168
v 0.289640 0.041827 0.557809
v 0.304235 0.042194 0.571569
v 0.290751 0.041967 0.563075
v 0.293914 0.042086 0.567539
v 0.298650 0.042166 0.570522
v 0.280535 0.038322 0.557902
v 0.265940 0.038688 0.571662
v 0.279424 0.038462 0.563168
v 0.276260 0.038581 0.567633
v 0.271525 0.038661 0.570615
v 0.265940 0.042194 0.571569
v 0.280535 0.041827 0.557809
v 0.271525 0.042166 0.570522
v 0.276260 0.042086 0.567539
v 0.279424 0.041967 0.563075
v 0.142158 0.038688 0.571662
v 0.127564 0.038322 0.557902
v 0.136573 0.038661 0.570615
v 0.131838 0.038581 0.567633
v 0.128674 0.038462 0.563168
v 0.127564 0.041827 0.557809
v 0.142158 0.042194 0.571569
v 0.128674 0.041967 0.563075
v 0.131838 0.042086 0.567539
v 0.136573 0.042166 0.570522
v 0.289843 0.033278 0.368755
v 0.304437 0.032911 0.354994
v 0.290954 0.033137 0.363489
v 0.294118 0.033018 0.359025
v 0.298853 0.032939 0.356042
v 0.304437 0.036416 0.354901
v 0.289843 0.036783 0.368661
v 0.298853 0.036444 0.355948
v 0.294118 0.036524 0.358932
v 0.290954 0.036643 0.363395
v 0.265740 0.032909 0.354923
v 0.280334 0.033276 0.368683
v 0.271324 0.032937 0.355970
v 0.276059 0.033016 0.358954
v 0.279223 0.033135 0.363417
v 0.280334 0.036781 0.368590
v 0.265740 0.036414 0.354829
v 0.279223 0.036641 0.363324
v 0.276059 0.036522 0.358860
v 0.271324 0.036442 0.355877
v 0.127373 0.033276 0.368677
v 0.141968 0.032909 0.354917
v 0.128485 0.033135 0.363411
v 0.131648 0.033016 0.358947
v 0.136382 0.032937 0.355964
v 0.141968 0.036414 0.354824
v 0.127373 0.036781 0.368584
v 0.136382 0.036442 0.355871
v 0.131648 0.036521 0.358854
v 0.128485 0.036641 0.363318
v 0.333182 0.039554 0.472566
v 0.333182 0.036048 0.472659
v 0.333182 0.038593 0.436554
v 0.333182 0.035088 0.436647
v 0.289544 0.039554 0.472566
v 0.289544 0.036048 0.472659
v 0.289544 0.038593 0.436554
v 0.289544 0.035088 0.436647
v 0.327944 0.040615 0.512371
v 0.327944 0.037110 0.512464
v 0.327944 0.039655 0.476360
v 0.327944 0.036150 0.476453
v 0.289922 0.040615 0.512371
v 0.289922 0.037110 0.512464
v 0.289922 0.039655 0.476360
v 0.289922 0.036150 0.476453
v 0.785893 0.034960 0.431833
v 0.785893 0.037505 0.395728
v 0.785893 0.033999 0.395821
vn -0.0000 0.9996 -0.0267
vn -1.0000 -0.0000 -0.0000
vn -0.0000 0.0267 0.9996
vn -0.0000 -0.0267 -0.9996
vn -0.0000 -0.9996 0.0267
vn 0.8160 0.0154 0.5778
vn -0.1843 0.0262 0.9825
vn 1.0000 -0.0000 -0.0000
vn -0.9994 0.0347 0.0023
vn -0.9998 0.0218 -0.0004
vn 0.5332 -0.0226 -0.8457
vn 0.1843 0.0262 0.9825
vn -0.8160 -0.0154 -0.5778
vn -0.8159 -0.0154 -0.5779
vn -0.5332 -0.0226 -0.8457
vn 0.5332 0.0226 0.8457
vn 0.8159 -0.0154 -0.5779
vn 0.1852 0.0262 0.9824
vn -0.8160 0.0154 0.5778
vn 0.9785 0.0055 0.2064
vn 0.1844 -0.0262 -0.9825
vn 0.9998 -0.0218 0.0004
vn 0.9994 -0.0347 -0.0023
vn 0.5331 0.0226 0.8458
vn 0.9785 -0.0055 -0.2064
vn -0.9785 -0.0055 -0.2064
vn 0.9785 0.0055 0.2062
vn 0.1843 -0.0262 -0.9825
vn 0.9784 -0.0055 -0.2068
vn 0.9785 -0.0055 -0.2062
vn -0.9784 0.0055 0.2068
vn -0.9785 0.0055 0.2062
vn -0.5331 0.0226 0.8458
vn 0.9979 -0.0653 0.0017
vn 0.9992 -0.0388 -0.0021
vn -0.9992 0.0388 0.0021
vn -0.9979 0.0653 -0.0017
vn -0.1843 -0.0262 -0.9825
vn -0.1844 -0.0262 -0.9825
vt 0.885509 0.839288
vt 0.879097 0.839288
vt 0.879097 0.832807
vt 0.885509 0.832807
vt 0.889269 0.904658
vt 0.889269 0.911070
vt 0.888671 0.911070
vt 0.888671 0.904658
vt 0.856875 0.886074
vt 0.856875 0.888851
vt 0.856277 0.888851
vt 0.856277 0.886074
vt 0.909646 0.895533
vt 0.909646 0.901945
vt 0.909049 0.901945
vt 0.909049 0.895533
vt 0.834990 0.873802
vt 0.828578 0.873802
vt 0.828578 0.867321
vt 0.834990 0.867321
vt 0.659604 0.863725
vt 0.659604 0.857244
vt 0.660202 0.857244
vt 0.660202 0.863725
vt 0.909072 0.843726
vt 0.909072 0.850207
vt 0.908474 0.850207
vt 0.908474 0.843726
vt 0.873848 0.751247
vt 0.867435 0.751247
vt 0.867435 0.744766
vt 0.873848 0.744766
vt 0.855965 0.872082
vt 0.855965 0.865601
vt 0.856563 0.865601
vt 0.856563 0.872082
vt 0.837767 0.844804
vt 0.837767 0.845598
vt 0.837169 0.845599
vt 0.837169 0.844804
vt 0.872728 0.809052
vt 0.866316 0.809052
vt 0.866316 0.802571
vt 0.872728 0.802571
vt 0.803690 0.904657
vt 0.803690 0.911069
vt 0.803092 0.911069
vt 0.803092 0.904657
vt 0.879599 0.858046
vt 0.873187 0.858046
vt 0.873187 0.851564
vt 0.879599 0.851564
vt 0.879097 0.826326
vt 0.872684 0.826326
vt 0.872684 0.819845
vt 0.879097 0.819845
vt 0.877411 0.785678
vt 0.870998 0.785678
vt 0.870998 0.779197
vt 0.877411 0.779197
vt 0.844777 0.877787
vt 0.838365 0.877787
vt 0.838365 0.871305
vt 0.844777 0.871305
vt 0.883823 0.792159
vt 0.883823 0.785678
vt 0.884421 0.785678
vt 0.884421 0.792159
vt 0.821097 0.893799
vt 0.821097 0.900212
vt 0.815975 0.900212
vt 0.815975 0.893799
vt 0.814390 0.867186
vt 0.814390 0.860705
vt 0.814988 0.860705
vt 0.814988 0.867186
vt 0.910288 0.885169
vt 0.910288 0.886121
vt 0.909691 0.886121
vt 0.909691 0.885169
vt 0.822656 0.911848
vt 0.822656 0.905947
vt 0.823254 0.905947
vt 0.823254 0.911848
vt 0.862995 0.903291
vt 0.860217 0.903291
vt 0.860217 0.897390
vt 0.862995 0.897390
vt 0.659604 0.902612
vt 0.659604 0.896131
vt 0.660202 0.896131
vt 0.660202 0.902612
vt 0.910886 0.868932
vt 0.910886 0.875344
vt 0.910288 0.875344
vt 0.910288 0.868932
vt 0.856752 0.850923
vt 0.856752 0.844442
vt 0.857350 0.844442
vt 0.857350 0.850923
vt 0.844467 0.912919
vt 0.844467 0.907019
vt 0.845065 0.907019
vt 0.845065 0.912919
vt 0.909933 0.841806
vt 0.909933 0.835393
vt 0.910531 0.835393
vt 0.910531 0.841806
vt 0.909917 0.830703
vt 0.909917 0.824291
vt 0.910515 0.824291
vt 0.910515 0.830703
vt 0.883737 0.738285
vt 0.877325 0.738285
vt 0.877325 0.731804
vt 0.883737 0.731804
vt 0.659604 0.570224
vt 0.659604 0.535124
vt 0.660202 0.535124
vt 0.660202 0.570224
vt 0.872684 0.832807
vt 0.872684 0.826326
vt 0.879097 0.826326
vt 0.859022 0.910504
vt 0.859022 0.904092
vt 0.859619 0.904092
vt 0.859619 0.910504
vt 0.883243 0.911070
vt 0.883243 0.904658
vt 0.883841 0.904658
vt 0.883841 0.911070
vt 0.834990 0.876625
vt 0.834990 0.870144
vt 0.835588 0.870144
vt 0.835588 0.876625
vt 0.896442 0.908301
vt 0.896442 0.901820
vt 0.897040 0.901820
vt 0.897040 0.908301
vt 0.856154 0.850923
vt 0.856154 0.844442
vt 0.856752 0.844442
vt 0.834990 0.863663
vt 0.835588 0.863663
vt 0.823851 0.905947
vt 0.823851 0.911848
vt 0.910244 0.895533
vt 0.910244 0.901945
vt 0.909646 0.901945
vt 0.909646 0.895533
vt 0.870998 0.792159
vt 0.864586 0.792159
vt 0.864586 0.785678
vt 0.853212 0.864807
vt 0.846800 0.864807
vt 0.846800 0.852616
vt 0.853212 0.852616
vt 0.873187 0.851564
vt 0.866774 0.851564
vt 0.866774 0.845083
vt 0.873187 0.845083
vt 0.912061 0.843726
vt 0.912061 0.850138
vt 0.911463 0.850138
vt 0.911463 0.843726
vt 0.862854 0.794213
vt 0.862854 0.807770
vt 0.856953 0.807770
vt 0.856953 0.794213
vt 0.879363 0.711700
vt 0.872951 0.711700
vt 0.872951 0.705219
vt 0.879363 0.705219
vt 0.905076 0.907846
vt 0.905076 0.901365
vt 0.905674 0.901365
vt 0.905674 0.907846
vt 0.815976 0.912013
vt 0.815976 0.906112
vt 0.816573 0.906112
vt 0.816573 0.912013
vt 0.909126 0.853416
vt 0.909126 0.850638
vt 0.909724 0.850638
vt 0.909724 0.853416
vt 0.842846 0.910207
vt 0.842846 0.903795
vt 0.843444 0.903795
vt 0.843444 0.910207
vt 0.882684 0.866558
vt 0.876272 0.866558
vt 0.876272 0.860076
vt 0.882684 0.860076
vt 0.901128 0.912059
vt 0.901128 0.905647
vt 0.901726 0.905647
vt 0.901726 0.912059
vt 0.881661 0.892345
vt 0.881661 0.898757
vt 0.875760 0.898757
vt 0.875760 0.892345
vt 0.902323 0.905647
vt 0.902323 0.912059
vt 0.659604 0.896131
vt 0.659604 0.889650
vt 0.660202 0.889650
vt 0.660202 0.896131
vt 0.911440 0.908358
vt 0.911440 0.901945
vt 0.912037 0.901945
vt 0.912037 0.908358
vt 0.912871 0.866046
vt 0.912871 0.860145
vt 0.913469 0.860145
vt 0.913469 0.866046
vt 0.659604 0.824838
vt 0.659604 0.818356
vt 0.660202 0.818356
vt 0.660202 0.824838
vt 0.891401 0.851564
vt 0.891401 0.857977
vt 0.885500 0.857977
vt 0.885500 0.851564
vt 0.883823 0.779197
vt 0.883823 0.772715
vt 0.884421 0.772715
vt 0.884421 0.779197
vt 0.844777 0.871305
vt 0.838365 0.871305
vt 0.838365 0.864824
vt 0.844777 0.864824
vt 0.903144 0.843726
vt 0.900367 0.843726
vt 0.900367 0.837825
vt 0.903144 0.837825
vt 0.893974 0.892345
vt 0.893974 0.898757
vt 0.888073 0.898757
vt 0.888073 0.892345
vt 0.908139 0.841874
vt 0.908139 0.835393
vt 0.908737 0.835393
vt 0.908737 0.841874
vt 0.802569 0.898756
vt 0.803507 0.898946
vt 0.804302 0.899485
vt 0.804833 0.900292
vt 0.805019 0.901244
vt 0.805019 0.904657
vt 0.802242 0.904657
vt 0.802242 0.898756
vt 0.659604 0.844281
vt 0.659604 0.837800
vt 0.660202 0.837800
vt 0.660202 0.844281
vt 0.897310 0.826326
vt 0.897310 0.832738
vt 0.891410 0.832738
vt 0.891410 0.826326
vt 0.878538 0.911070
vt 0.878538 0.904658
vt 0.879135 0.904658
vt 0.879135 0.911070
vt 0.872951 0.720220
vt 0.866539 0.720220
vt 0.866539 0.713739
vt 0.872951 0.713739
vt 0.909691 0.881757
vt 0.909691 0.875344
vt 0.910288 0.875344
vt 0.910288 0.881757
vt 0.907853 0.903797
vt 0.907853 0.910209
vt 0.907255 0.910209
vt 0.907255 0.903797
vt 0.909869 0.887132
vt 0.909869 0.893544
vt 0.909271 0.893544
vt 0.909271 0.887132
vt 0.828289 0.880810
vt 0.821876 0.880810
vt 0.821876 0.874328
vt 0.828289 0.874328
vt 0.818753 0.906112
vt 0.815976 0.906112
vt 0.815976 0.900212
vt 0.818753 0.900212
vt 0.659604 0.831319
vt 0.659604 0.824838
vt 0.660202 0.824838
vt 0.660202 0.831319
vt 0.880465 0.911070
vt 0.880465 0.904658
vt 0.881063 0.904658
vt 0.881063 0.911070
vt 0.909917 0.824291
vt 0.909917 0.830703
vt 0.909319 0.830703
vt 0.909319 0.824291
vt 0.856587 0.905578
vt 0.856587 0.911990
vt 0.855989 0.911990
vt 0.855989 0.905578
vt 0.882259 0.911070
vt 0.882259 0.904658
vt 0.882856 0.904658
vt 0.882856 0.911070
vt 0.845673 0.903780
vt 0.845673 0.910192
vt 0.845075 0.910192
vt 0.845075 0.903780
vt 0.819949 0.912013
vt 0.819949 0.906112
vt 0.820546 0.906112
vt 0.820546 0.912013
vt 0.884438 0.904658
vt 0.881661 0.904658
vt 0.881661 0.898757
vt 0.884438 0.898757
vt 0.909646 0.908358
vt 0.909646 0.901945
vt 0.910244 0.901945
vt 0.910244 0.908358
vt 0.909049 0.908358
vt 0.909049 0.901945
vt 0.907897 0.875344
vt 0.907897 0.868863
vt 0.908495 0.868863
vt 0.908495 0.875344
vt 0.872684 0.832807
vt 0.866272 0.832807
vt 0.866272 0.826326
vt 0.872684 0.826326
vt 0.879141 0.809052
vt 0.872728 0.809052
vt 0.872728 0.802571
vt 0.879141 0.802571
vt 0.820933 0.912013
vt 0.820933 0.906112
vt 0.821531 0.906112
vt 0.821531 0.912013
vt 0.909284 0.866557
vt 0.908687 0.866557
vt 0.908687 0.860145
vt 0.908949 0.863084
vt 0.908949 0.863619
vt 0.909284 0.863619
vt 0.660202 0.698783
vt 0.660202 0.699591
vt 0.659604 0.699591
vt 0.659604 0.698783
vt 0.898660 0.908301
vt 0.898660 0.901820
vt 0.899258 0.901820
vt 0.899258 0.908301
vt 0.909691 0.875344
vt 0.909691 0.868932
vt 0.910288 0.868932
vt 0.870998 0.779197
vt 0.864586 0.779197
vt 0.864586 0.772715
vt 0.870998 0.772715
vt 0.911710 0.830191
vt 0.911710 0.824291
vt 0.912308 0.824291
vt 0.912308 0.830191
vt 0.910322 0.853485
vt 0.910322 0.859897
vt 0.909724 0.859897
vt 0.909724 0.853485
vt 0.908495 0.875344
vt 0.908495 0.868863
vt 0.909093 0.868863
vt 0.909093 0.875344
vt 0.883823 0.792159
vt 0.877411 0.792159
vt 0.877411 0.785678
vt 0.883823 0.785678
vt 0.909319 0.824291
vt 0.909319 0.830703
vt 0.908721 0.830703
vt 0.908721 0.824291
vt 0.883823 0.785678
vt 0.877411 0.779197
vt 0.883823 0.779197
vt 0.827777 0.899673
vt 0.827777 0.893772
vt 0.828375 0.893772
vt 0.828375 0.899673
vt 0.906083 0.850207
vt 0.906083 0.843726
vt 0.906681 0.843726
vt 0.906681 0.850207
vt 0.827980 0.860155
vt 0.827980 0.853674
vt 0.828578 0.853674
vt 0.828578 0.860155
vt 0.859619 0.910504
vt 0.859619 0.904091
vt 0.860217 0.904091
vt 0.860217 0.910504
vt 0.913233 0.901945
vt 0.913233 0.896045
vt 0.913831 0.896045
vt 0.913831 0.901945
vt 0.910267 0.850138
vt 0.910267 0.843726
vt 0.910865 0.843726
vt 0.910865 0.850138
vt 0.904053 0.904589
vt 0.904053 0.911001
vt 0.903456 0.911001
vt 0.903456 0.904589
vt 0.883737 0.731804
vt 0.877325 0.731804
vt 0.877325 0.725323
vt 0.883737 0.725323
vt 0.887216 0.904658
vt 0.884438 0.904658
vt 0.884438 0.898757
vt 0.887216 0.898757
vt 0.872951 0.698738
vt 0.879363 0.698738
vt 0.872685 0.698738
vt 0.866273 0.698738
vt 0.866273 0.692256
vt 0.872685 0.692256
vt 0.909093 0.883516
vt 0.909093 0.882564
vt 0.909691 0.882564
vt 0.909691 0.883516
vt 0.659604 0.583888
vt 0.660202 0.583888
vt 0.908495 0.881825
vt 0.908495 0.875344
vt 0.909093 0.875344
vt 0.909093 0.881825
vt 0.839859 0.912918
vt 0.839859 0.907018
vt 0.840456 0.907018
vt 0.840456 0.912918
vt 0.858902 0.771998
vt 0.858363 0.771203
vt 0.858173 0.770265
vt 0.858173 0.759158
vt 0.864074 0.759158
vt 0.864074 0.772715
vt 0.860661 0.772715
vt 0.859709 0.772529
vt 0.802494 0.904657
vt 0.802494 0.911069
vt 0.801896 0.911069
vt 0.801896 0.904657
vt 0.803092 0.904657
vt 0.803092 0.911069
vt 0.912082 0.881757
vt 0.912082 0.886878
vt 0.911484 0.886878
vt 0.911484 0.881757
vt 0.857547 0.823177
vt 0.851134 0.823177
vt 0.851134 0.809513
vt 0.857547 0.809513
vt 0.875760 0.904658
vt 0.872983 0.904658
vt 0.872983 0.898757
vt 0.875760 0.898757
vt 0.908451 0.908426
vt 0.908451 0.901945
vt 0.909049 0.908426
vt 0.821877 0.912497
vt 0.821877 0.906597
vt 0.822474 0.906597
vt 0.822474 0.912497
vt 0.799717 0.904657
vt 0.799717 0.911069
vt 0.799119 0.911069
vt 0.799119 0.904657
vt 0.831269 0.905421
vt 0.831269 0.911834
vt 0.830671 0.911834
vt 0.830671 0.905421
vt 0.659604 0.811875
vt 0.659604 0.805394
vt 0.660202 0.805394
vt 0.660202 0.811875
vt 0.801299 0.904657
vt 0.801299 0.911069
vt 0.800701 0.911069
vt 0.800701 0.904657
vt 0.659604 0.850763
vt 0.659604 0.844281
vt 0.660202 0.844281
vt 0.660202 0.850763
vt 0.912635 0.901945
vt 0.912635 0.896045
vt 0.913233 0.896045
vt 0.913233 0.901945
vt 0.912273 0.866046
vt 0.912273 0.860145
vt 0.891401 0.845152
vt 0.891401 0.851564
vt 0.885500 0.851564
vt 0.885500 0.845152
vt 0.883923 0.757729
vt 0.883923 0.751248
vt 0.884521 0.751248
vt 0.884521 0.757729
vt 0.833660 0.911833
vt 0.833660 0.905421
vt 0.834258 0.905421
vt 0.834258 0.911833
vt 0.855965 0.878564
vt 0.856563 0.878564
vt 0.908495 0.881825
vt 0.908495 0.885238
vt 0.907897 0.885238
vt 0.907897 0.881825
vt 0.659604 0.721796
vt 0.659604 0.710693
vt 0.660202 0.710693
vt 0.660202 0.721796
vt 0.805061 0.912738
vt 0.805061 0.906838
vt 0.805659 0.906838
vt 0.805659 0.912738
vt 0.806839 0.912738
vt 0.806839 0.906838
vt 0.807436 0.906838
vt 0.807436 0.912738
vt 0.865752 0.904658
vt 0.865752 0.911070
vt 0.865154 0.911070
vt 0.865154 0.904658
vt 0.913256 0.850138
vt 0.913256 0.844238
vt 0.913854 0.844238
vt 0.913854 0.850138
vt 0.805019 0.892344
vt 0.805019 0.898756
vt 0.799119 0.898756
vt 0.799119 0.892344
vt 0.884100 0.692164
vt 0.884100 0.689386
vt 0.884698 0.689386
vt 0.884698 0.692164
vt 0.867334 0.911070
vt 0.867334 0.904658
vt 0.867932 0.904658
vt 0.867932 0.911070
vt 0.833062 0.911833
vt 0.833062 0.905421
vt 0.833660 0.905421
vt 0.866272 0.842605
vt 0.859859 0.842605
vt 0.859859 0.832807
vt 0.866272 0.832807
vt 0.879363 0.724662
vt 0.872951 0.724662
vt 0.872951 0.718181
vt 0.879363 0.718181
vt 0.844777 0.884268
vt 0.838365 0.884268
vt 0.838365 0.877787
vt 0.844777 0.877787
vt 0.868530 0.904658
vt 0.868530 0.911070
vt 0.867932 0.904658
vt 0.864586 0.792590
vt 0.858173 0.792590
vt 0.858173 0.785152
vt 0.864586 0.785152
vt 0.829089 0.911833
vt 0.829089 0.905421
vt 0.829687 0.905421
vt 0.829687 0.911833
vt 0.857547 0.724039
vt 0.851134 0.724039
vt 0.851134 0.688940
vt 0.857547 0.688940
vt 0.912115 0.859385
vt 0.912115 0.853485
vt 0.912713 0.853485
vt 0.912713 0.859385
vt 0.912082 0.874833
vt 0.912082 0.868932
vt 0.912679 0.868932
vt 0.912679 0.874833
vt 0.893974 0.904658
vt 0.891196 0.904658
vt 0.891196 0.898757
vt 0.893974 0.898757
vt 0.659604 0.500024
vt 0.660202 0.500024
vt 0.912061 0.850138
vt 0.912061 0.844237
vt 0.912659 0.844237
vt 0.912659 0.850138
vt 0.876272 0.873039
vt 0.869860 0.873039
vt 0.869860 0.866558
vt 0.876272 0.866558
vt 0.889269 0.911070
vt 0.889269 0.904658
vt 0.889867 0.904658
vt 0.889867 0.911070
vt 0.912037 0.901945
vt 0.912037 0.896045
vt 0.912635 0.896045
vt 0.912635 0.901945
vt 0.906083 0.849627
vt 0.903306 0.849627
vt 0.903306 0.843726
vt 0.906083 0.843726
vt 0.659604 0.792432
vt 0.659604 0.784993
vt 0.660202 0.784993
vt 0.660202 0.792432
vt 0.884821 0.717020
vt 0.882044 0.717020
vt 0.882044 0.711120
vt 0.884821 0.711120
vt 0.876358 0.904658
vt 0.876358 0.911070
vt 0.875760 0.911070
vt 0.875760 0.904658
vt 0.909093 0.886928
vt 0.909691 0.886928
vt 0.863206 0.912415
vt 0.863206 0.906514
vt 0.863804 0.906514
vt 0.863804 0.912415
vt 0.805019 0.885931
vt 0.805019 0.892344
vt 0.799119 0.885931
vt 0.875162 0.911070
vt 0.875162 0.904658
vt 0.875760 0.904658
vt 0.875760 0.911070
vt 0.818753 0.912013
vt 0.818753 0.906112
vt 0.819351 0.906112
vt 0.819351 0.912013
vt 0.827777 0.887291
vt 0.828375 0.887291
vt 0.912308 0.830191
vt 0.912308 0.824291
vt 0.912906 0.824291
vt 0.912906 0.830191
vt 0.866272 0.832807
vt 0.859860 0.832807
vt 0.859860 0.821705
vt 0.866272 0.821705
vt 0.853212 0.884251
vt 0.846799 0.884251
vt 0.846799 0.877770
vt 0.853212 0.877770
vt 0.850110 0.912904
vt 0.850110 0.907004
vt 0.850707 0.907004
vt 0.850707 0.912904
vt 0.872728 0.800694
vt 0.866316 0.800694
vt 0.866316 0.794213
vt 0.872728 0.794213
vt 0.877554 0.904658
vt 0.877554 0.911070
vt 0.876956 0.911070
vt 0.876956 0.904658
vt 0.824449 0.911848
vt 0.824449 0.905947
vt 0.825047 0.905947
vt 0.825047 0.911848
vt 0.814390 0.880148
vt 0.814390 0.873667
vt 0.814988 0.873667
vt 0.814988 0.880148
vt 0.821877 0.900115
vt 0.821877 0.893634
vt 0.822474 0.893634
vt 0.822474 0.900115
vt 0.882684 0.873039
vt 0.876272 0.873039
vt 0.826417 0.911848
vt 0.826417 0.905947
vt 0.827015 0.905947
vt 0.827015 0.911848
vt 0.873814 0.772715
vt 0.867401 0.772715
vt 0.867401 0.766234
vt 0.873814 0.766234
vt 0.899723 0.840253
vt 0.899723 0.837475
vt 0.900320 0.837475
vt 0.900320 0.840253
vt 0.827613 0.905947
vt 0.827613 0.911848
vt 0.874565 0.911070
vt 0.874565 0.904658
vt 0.875162 0.904658
vt 0.875162 0.911070
vt 0.659604 0.597552
vt 0.660202 0.597552
vt 0.860217 0.912415
vt 0.860217 0.906514
vt 0.860815 0.906514
vt 0.860815 0.912415
vt 0.830800 0.801955
vt 0.824388 0.801955
vt 0.824388 0.790852
vt 0.830800 0.790852
vt 0.874565 0.904658
vt 0.874565 0.911070
vt 0.873967 0.911070
vt 0.873967 0.904658
vt 0.659604 0.752058
vt 0.659604 0.742260
vt 0.660202 0.742260
vt 0.660202 0.752058
vt 0.911517 0.853485
vt 0.911517 0.859897
vt 0.910919 0.859897
vt 0.910919 0.853485
vt 0.879096 0.815994
vt 0.872684 0.815994
vt 0.872684 0.809513
vt 0.879096 0.809513
vt 0.821877 0.900115
vt 0.822474 0.900115
vt 0.828211 0.905947
vt 0.828211 0.911848
vt 0.813573 0.907349
vt 0.813573 0.900868
vt 0.814171 0.900868
vt 0.814171 0.907349
vt 0.880260 0.757729
vt 0.873848 0.757729
vt 0.873848 0.751247
vt 0.880260 0.751247
vt 0.907279 0.850207
vt 0.907279 0.843726
vt 0.907876 0.843726
vt 0.907876 0.850207
vt 0.845673 0.912904
vt 0.845673 0.907004
vt 0.846271 0.907004
vt 0.846271 0.912904
vt 0.882044 0.705219
vt 0.884821 0.705219
vt 0.863447 0.871603
vt 0.857035 0.871603
vt 0.857035 0.865122
vt 0.863447 0.865122
vt 0.869859 0.904658
vt 0.867082 0.904658
vt 0.867082 0.898757
vt 0.869859 0.898757
vt 0.895595 0.911078
vt 0.895595 0.908301
vt 0.896192 0.908301
vt 0.896192 0.911078
vt 0.908124 0.824291
vt 0.908124 0.821513
vt 0.908721 0.821513
vt 0.908721 0.824291
vt 0.907853 0.901945
vt 0.907853 0.895464
vt 0.908451 0.895464
vt 0.898660 0.905043
vt 0.898660 0.911456
vt 0.898062 0.911456
vt 0.898062 0.905043
vt 0.872951 0.713739
vt 0.866539 0.707257
vt 0.872951 0.707257
vt 0.821876 0.880975
vt 0.815464 0.880975
vt 0.815464 0.874493
vt 0.821876 0.874493
vt 0.909335 0.835393
vt 0.909335 0.841806
vt 0.908737 0.841806
vt 0.908737 0.835393
vt 0.870913 0.735695
vt 0.864500 0.735695
vt 0.864500 0.729214
vt 0.870913 0.729214
vt 0.881661 0.904658
vt 0.878883 0.904658
vt 0.878883 0.898757
vt 0.912922 0.841805
vt 0.912922 0.835905
vt 0.913519 0.835905
vt 0.913519 0.841805
vt 0.872174 0.911070
vt 0.872174 0.904658
vt 0.872771 0.904658
vt 0.872771 0.911070
vt 0.870457 0.911070
vt 0.870457 0.904658
vt 0.871055 0.904658
vt 0.871055 0.911070
vt 0.905764 0.823157
vt 0.905764 0.820380
vt 0.906362 0.820380
vt 0.906362 0.823157
vt 0.873369 0.904658
vt 0.873369 0.911070
vt 0.907876 0.850207
vt 0.907876 0.843726
vt 0.908474 0.843726
vt 0.908474 0.850207
vt 0.870457 0.904658
vt 0.870457 0.911070
vt 0.869860 0.911070
vt 0.869860 0.904658
vt 0.825433 0.905947
vt 0.822656 0.905947
vt 0.822656 0.900047
vt 0.825433 0.900047
vt 0.659604 0.650268
vt 0.660202 0.650268
vt 0.660202 0.651063
vt 0.659604 0.651063
vt 0.805531 0.866488
vt 0.799119 0.866488
vt 0.799119 0.859050
vt 0.805531 0.859050
vt 0.869860 0.873039
vt 0.863447 0.873039
vt 0.863447 0.866558
vt 0.869860 0.866558
vt 0.837743 0.912304
vt 0.837743 0.905892
vt 0.838341 0.905892
vt 0.838341 0.912304
vt 0.908043 0.833549
vt 0.908043 0.830772
vt 0.908640 0.830772
vt 0.908640 0.833549
vt 0.855989 0.905578
vt 0.855989 0.899097
vt 0.856587 0.899097
vt 0.878538 0.904658
vt 0.878538 0.911070
vt 0.877940 0.911070
vt 0.877940 0.904658
vt 0.879733 0.911070
vt 0.879733 0.904658
vt 0.880331 0.904658
vt 0.880331 0.911070
vt 0.896956 0.845152
vt 0.894178 0.845152
vt 0.894178 0.839251
vt 0.896956 0.839251
vt 0.818155 0.912013
vt 0.818155 0.906112
vt 0.818753 0.906112
vt 0.818753 0.912013
vt 0.659604 0.697832
vt 0.659604 0.687883
vt 0.660202 0.687883
vt 0.660202 0.697832
vt 0.866273 0.698738
vt 0.859861 0.698738
vt 0.859861 0.688940
vt 0.866273 0.688940
vt 0.841479 0.912918
vt 0.841479 0.907018
vt 0.842077 0.907018
vt 0.842077 0.912918
vt 0.814085 0.874943
vt 0.807673 0.874943
vt 0.807673 0.868462
vt 0.814085 0.868462
vt 0.876272 0.866557
vt 0.869860 0.866557
vt 0.869860 0.860076
vt 0.876272 0.860076
vt 0.909670 0.843726
vt 0.909670 0.850138
vt 0.909072 0.850138
vt 0.909072 0.843726
vt 0.834990 0.860840
vt 0.828578 0.860840
vt 0.828578 0.847176
vt 0.834990 0.847176
vt 0.911726 0.835393
vt 0.911726 0.841806
vt 0.911128 0.841806
vt 0.911128 0.835393
vt 0.896502 0.826326
vt 0.893724 0.826326
vt 0.893724 0.820425
vt 0.896502 0.820425
vt 0.897637 0.905043
vt 0.897637 0.911456
vt 0.897039 0.911456
vt 0.897039 0.905043
vt 0.869859 0.885932
vt 0.869859 0.892344
vt 0.863959 0.892344
vt 0.863959 0.885932
vt 0.866272 0.821705
vt 0.859860 0.821705
vt 0.859860 0.809513
vt 0.866272 0.809513
vt 0.886618 0.904658
vt 0.886618 0.911070
vt 0.886020 0.911070
vt 0.886020 0.904658
vt 0.891794 0.911070
vt 0.891794 0.904658
vt 0.892392 0.904658
vt 0.892392 0.911070
vt 0.912082 0.881245
vt 0.912082 0.875344
vt 0.912679 0.875344
vt 0.912679 0.881245
vt 0.831867 0.911833
vt 0.831867 0.905421
vt 0.832465 0.905421
vt 0.832465 0.911833
vt 0.913233 0.913747
vt 0.913233 0.907846
vt 0.913831 0.907846
vt 0.913831 0.913747
vt 0.659604 0.732027
vt 0.659604 0.721795
vt 0.660202 0.721795
vt 0.660202 0.732027
vt 0.869262 0.911070
vt 0.869262 0.904658
vt 0.869859 0.911070
vt 0.866139 0.911070
vt 0.866139 0.904658
vt 0.866736 0.904658
vt 0.866736 0.911070
vt 0.890947 0.826326
vt 0.890947 0.820425
vt 0.893724 0.820425
vt 0.883823 0.772715
vt 0.883823 0.766234
vt 0.884421 0.766234
vt 0.884421 0.772715
vt 0.659604 0.805394
vt 0.659604 0.798913
vt 0.660202 0.798913
vt 0.660202 0.805394
vt 0.659604 0.624667
vt 0.659604 0.611109
vt 0.660202 0.611109
vt 0.660202 0.624667
vt 0.864557 0.911070
vt 0.864557 0.904658
vt 0.865154 0.904658
vt 0.840456 0.912918
vt 0.841054 0.907018
vt 0.841054 0.912918
vt 0.906124 0.885420
vt 0.903347 0.885420
vt 0.903347 0.879520
vt 0.906124 0.879520
vt 0.898660 0.911078
vt 0.898660 0.908301
vt 0.899258 0.908301
vt 0.899258 0.911078
vt 0.805019 0.904657
vt 0.805019 0.911069
vt 0.804422 0.911069
vt 0.804422 0.904657
vt 0.847891 0.912904
vt 0.847891 0.907003
vt 0.848489 0.907003
vt 0.848489 0.912904
vt 0.872637 0.904658
vt 0.869860 0.898757
vt 0.872637 0.898757
vt 0.884224 0.723502
vt 0.884224 0.717020
vt 0.884821 0.717020
vt 0.884821 0.723502
vt 0.801896 0.904657
vt 0.799119 0.904657
vt 0.799119 0.898756
vt 0.801896 0.898756
vt 0.828491 0.886765
vt 0.828491 0.880284
vt 0.829089 0.880284
vt 0.829089 0.886765
vt 0.912659 0.850138
vt 0.912659 0.844237
vt 0.913256 0.844237
vt 0.913256 0.850138
vt 0.863959 0.898826
vt 0.863959 0.901603
vt 0.863361 0.901603
vt 0.863361 0.898826
vt 0.909238 0.833549
vt 0.909238 0.830772
vt 0.909836 0.830772
vt 0.909836 0.833549
vt 0.902858 0.912059
vt 0.902858 0.905647
vt 0.903456 0.905647
vt 0.903456 0.912059
vt 0.913277 0.886145
vt 0.913278 0.886940
vt 0.912680 0.886940
vt 0.912679 0.886145
vt 0.872684 0.815994
vt 0.866272 0.815994
vt 0.866272 0.809513
vt 0.872684 0.809513
vt 0.828491 0.912109
vt 0.828491 0.906208
vt 0.829089 0.906208
vt 0.829089 0.912109
vt 0.876900 0.724663
vt 0.876900 0.725470
vt 0.876302 0.725470
vt 0.876302 0.724663
vt 0.330092 0.508453
vt 0.329557 0.508453
vt 0.329557 0.500615
vt 0.330092 0.500615
vt 0.910466 0.893544
vt 0.910466 0.887132
vt 0.911064 0.887132
vt 0.911064 0.893544
vt 0.912635 0.913747
vt 0.912635 0.907846
vt 0.913233 0.907846
vt 0.913233 0.913747
vt 0.877941 0.818772
vt 0.877941 0.815995
vt 0.878538 0.815995
vt 0.878538 0.818772
vt 0.890851 0.904658
vt 0.888073 0.904658
vt 0.888073 0.898757
vt 0.890851 0.898757
vt 0.910886 0.875344
vt 0.910886 0.881757
vt 0.910288 0.881757
vt 0.910288 0.875344
vt 0.912857 0.893032
vt 0.912857 0.887132
vt 0.913455 0.887132
vt 0.913455 0.893032
vt 0.872951 0.726701
vt 0.866539 0.726701
vt 0.872951 0.720220
vt 0.906504 0.830772
vt 0.903726 0.830772
vt 0.903726 0.824871
vt 0.906504 0.824871
vt 0.912635 0.907846
vt 0.912635 0.901945
vt 0.913233 0.901945
vt 0.913233 0.907846
vt 0.808357 0.912738
vt 0.808357 0.906838
vt 0.808955 0.906838
vt 0.808955 0.912738
vt 0.909869 0.893544
vt 0.909869 0.887132
vt 0.875760 0.898757
vt 0.878538 0.898757
vt 0.659604 0.818356
vt 0.660202 0.818356
vt 0.838341 0.905892
vt 0.835563 0.905892
vt 0.835563 0.899991
vt 0.838341 0.899991
vt 0.879097 0.839288
vt 0.872684 0.839288
vt 0.872684 0.832807
vt 0.879097 0.832807
vt 0.912082 0.885238
vt 0.912082 0.881245
vt 0.912679 0.881245
vt 0.912679 0.885238
vt 0.899507 0.908301
vt 0.899507 0.901820
vt 0.900105 0.901820
vt 0.900105 0.908301
vt 0.825820 0.911848
vt 0.825820 0.905947
vt 0.826417 0.905947
vt 0.826417 0.911848
vt 0.895170 0.905043
vt 0.895170 0.911456
vt 0.894572 0.911456
vt 0.894572 0.905043
vt 0.909093 0.881757
vt 0.907853 0.908427
vt 0.907853 0.901945
vt 0.908451 0.901945
vt 0.908451 0.908427
vt 0.855989 0.904997
vt 0.853212 0.904997
vt 0.853212 0.899097
vt 0.855989 0.899097
vt 0.910434 0.830772
vt 0.910434 0.833549
vt 0.909836 0.833549
vt 0.909836 0.830772
vt 0.890947 0.826326
vt 0.888169 0.826326
vt 0.888169 0.820425
vt 0.890947 0.820425
vt 0.912273 0.860145
vt 0.912273 0.866558
vt 0.911675 0.866558
vt 0.911675 0.860145
vt 0.830800 0.801955
vt 0.830800 0.794116
vt 0.837213 0.794116
vt 0.837213 0.801955
vt 0.883326 0.751248
vt 0.883326 0.744766
vt 0.883923 0.744766
vt 0.908528 0.853416
vt 0.908528 0.850639
vt 0.909126 0.850639
vt 0.909126 0.853416
vt 0.813573 0.900868
vt 0.813573 0.894387
vt 0.814171 0.894387
vt 0.814171 0.900868
vt 0.852155 0.910192
vt 0.852155 0.903780
vt 0.852753 0.903780
vt 0.852753 0.910192
vt 0.911113 0.830703
vt 0.911113 0.824291
vt 0.911710 0.824291
vt 0.911710 0.830703
vt 0.862936 0.891046
vt 0.862936 0.884565
vt 0.863533 0.884565
vt 0.863533 0.891046
vt 0.909049 0.911135
vt 0.909049 0.908358
vt 0.909646 0.908358
vt 0.909646 0.911135
vt 0.806241 0.912738
vt 0.806241 0.906838
vt 0.806838 0.906838
vt 0.806838 0.912738
vt 0.884521 0.744766
vt 0.879098 0.698737
vt 0.872685 0.698737
vt 0.872685 0.692256
vt 0.879098 0.692256
vt 0.893974 0.911456
vt 0.893974 0.905043
vt 0.899279 0.826326
vt 0.896502 0.826326
vt 0.896502 0.820425
vt 0.899279 0.820425
vt 0.879140 0.802571
vt 0.872728 0.796090
vt 0.879140 0.796090
vt 0.894485 0.866558
vt 0.894485 0.872970
vt 0.888585 0.872970
vt 0.888585 0.866558
vt 0.884760 0.815078
vt 0.881821 0.815078
vt 0.881821 0.807240
vt 0.884760 0.807240
vt 0.866601 0.757293
vt 0.866601 0.754516
vt 0.867198 0.754516
vt 0.867198 0.757293
vt 0.860815 0.912415
vt 0.860815 0.906514
vt 0.861413 0.906514
vt 0.861413 0.912415
vt 0.857035 0.865122
vt 0.857035 0.858640
vt 0.863447 0.858640
vt 0.909126 0.859897
vt 0.909126 0.853485
vt 0.909724 0.853485
vt 0.909724 0.859897
vt 0.912037 0.895533
vt 0.912037 0.901945
vt 0.911440 0.901945
vt 0.911440 0.895533
vt 0.862010 0.912415
vt 0.862010 0.906514
vt 0.862608 0.906514
vt 0.862608 0.912415
vt 0.873814 0.764219
vt 0.867401 0.764219
vt 0.867401 0.757738
vt 0.873814 0.757738
vt 0.910515 0.830703
vt 0.910515 0.824291
vt 0.911113 0.830703
vt 0.866601 0.754516
vt 0.866601 0.757293
vt 0.866003 0.757293
vt 0.866003 0.754516
vt 0.875760 0.885932
vt 0.875760 0.892345
vt 0.869860 0.892345
vt 0.869860 0.885932
vt 0.885500 0.851564
vt 0.885500 0.857977
vt 0.879599 0.857977
vt 0.853809 0.904997
vt 0.853809 0.911410
vt 0.853212 0.911410
vt 0.911484 0.875344
vt 0.911484 0.881756
vt 0.910886 0.881756
vt 0.910886 0.875344
vt 0.911440 0.901945
vt 0.910842 0.908358
vt 0.910842 0.901945
vt 0.815377 0.911895
vt 0.815377 0.905994
vt 0.815975 0.905994
vt 0.815975 0.911895
vt 0.821876 0.868012
vt 0.815464 0.868012
vt 0.815464 0.861531
vt 0.821876 0.861531
vt 0.834990 0.880284
vt 0.834990 0.886696
vt 0.829089 0.886696
vt 0.829089 0.880284
vt 0.821876 0.880975
vt 0.821876 0.887387
vt 0.815975 0.887387
vt 0.815975 0.880975
vt 0.835685 0.846864
vt 0.835685 0.846536
vt 0.836282 0.846536
vt 0.836283 0.846864
vt 0.888073 0.885932
vt 0.882173 0.892345
vt 0.882173 0.885932
vt 0.877325 0.735695
vt 0.870913 0.735695
vt 0.870913 0.729214
vt 0.877325 0.729214
vt 0.909238 0.830772
vt 0.909238 0.833549
vt 0.908640 0.833549
vt 0.908640 0.830772
vt 0.887216 0.911650
vt 0.887216 0.905238
vt 0.887814 0.905238
vt 0.887814 0.911650
vt 0.863447 0.866558
vt 0.863447 0.860076
vt 0.913277 0.881245
vt 0.913277 0.875344
vt 0.913875 0.875344
vt 0.913875 0.881245
vt 0.909093 0.875344
vt 0.909093 0.868932
vt 0.900105 0.908301
vt 0.900105 0.913422
vt 0.899507 0.913422
vt 0.899507 0.908301
vt 0.659604 0.663500
vt 0.659604 0.651063
vt 0.660202 0.651063
vt 0.660202 0.663500
vt 0.911440 0.895533
vt 0.910842 0.901945
vt 0.910842 0.895533
vt 0.827777 0.880810
vt 0.827777 0.887222
vt 0.821877 0.887222
vt 0.821877 0.880810
vt 0.910244 0.895533
vt 0.894178 0.845152
vt 0.891401 0.839251
vt 0.853212 0.877770
vt 0.846799 0.877770
vt 0.846799 0.871289
vt 0.853212 0.871289
vt 0.659604 0.857244
vt 0.660202 0.857244
vt 0.912324 0.830210
vt 0.912324 0.834172
vt 0.911726 0.834172
vt 0.911727 0.830210
vt 0.814355 0.911895
vt 0.814355 0.905994
vt 0.814953 0.905994
vt 0.814953 0.911895
vt 0.846271 0.912904
vt 0.846271 0.907003
vt 0.846869 0.907003
vt 0.846869 0.912904
vt 0.828491 0.899727
vt 0.828491 0.893246
vt 0.829089 0.893246
vt 0.829089 0.899727
vt 0.837767 0.846536
vt 0.837767 0.846863
vt 0.837169 0.846864
vt 0.837169 0.846536
vt 0.911727 0.835905
vt 0.911726 0.835110
vt 0.912324 0.835110
vt 0.912324 0.835905
vt 0.328002 0.911207
vt 0.328002 0.904794
vt 0.328600 0.904794
vt 0.328600 0.911207
vt 0.888073 0.879520
vt 0.888073 0.885932
vt 0.882173 0.885932
vt 0.882173 0.879520
vt 0.801896 0.911069
vt 0.801299 0.911069
vt 0.801299 0.904657
vt 0.836547 0.911792
vt 0.836547 0.905892
vt 0.837145 0.905892
vt 0.837145 0.911792
vt 0.846800 0.801552
vt 0.844022 0.801552
vt 0.844022 0.798139
vt 0.844209 0.797187
vt 0.844740 0.796380
vt 0.845535 0.795840
vt 0.846472 0.795651
vt 0.846800 0.795651
vt 0.910886 0.886878
vt 0.910886 0.881757
vt 0.911484 0.881757
vt 0.911484 0.886878
vt 0.879599 0.851564
vt 0.879599 0.845152
vt 0.908495 0.886190
vt 0.907897 0.886190
vt 0.832465 0.911834
vt 0.832465 0.905421
vt 0.833062 0.905421
vt 0.833062 0.911834
vt 0.828289 0.874328
vt 0.821876 0.874328
vt 0.821876 0.867847
vt 0.828289 0.867847
vt 0.659604 0.909093
vt 0.659604 0.902612
vt 0.660202 0.902612
vt 0.660202 0.909093
vt 0.838365 0.844804
vt 0.838365 0.845598
vt 0.837767 0.845599
vt 0.837767 0.844804
vt 0.903306 0.851564
vt 0.900367 0.851564
vt 0.900367 0.843726
vt 0.903306 0.843726
vt 0.659604 0.837800
vt 0.659604 0.831319
vt 0.660202 0.831319
vt 0.660202 0.837800
vt 0.831269 0.911833
vt 0.831269 0.905421
vt 0.907542 0.841875
vt 0.907542 0.835393
vt 0.908139 0.835393
vt 0.908139 0.841875
vt 0.883737 0.738285
vt 0.884335 0.731804
vt 0.884335 0.738285
vt 0.906249 0.830772
vt 0.906249 0.833549
vt 0.905651 0.833549
vt 0.905651 0.830772
vt 0.905882 0.868518
vt 0.905882 0.871295
vt 0.905284 0.871295
vt 0.905284 0.868518
vt 0.659604 0.649331
vt 0.659604 0.638224
vt 0.660202 0.638224
vt 0.660202 0.649331
vt 0.888073 0.911070
vt 0.888073 0.904658
vt 0.888671 0.904658
vt 0.888671 0.911070
vt 0.827777 0.887222
vt 0.827777 0.893634
vt 0.821877 0.893634
vt 0.821877 0.887222
vt 0.660202 0.597552
vt 0.659604 0.611109
vt 0.659604 0.597552
vt 0.893974 0.911070
vt 0.893376 0.911070
vt 0.893376 0.904658
vt 0.837169 0.845598
vt 0.837169 0.846536
vt 0.836571 0.846536
vt 0.836571 0.845599
vt 0.840015 0.745443
vt 0.833602 0.745443
vt 0.833602 0.735211
vt 0.840015 0.735211
vt 0.910288 0.885169
vt 0.910886 0.885169
vt 0.910886 0.886121
vt 0.910288 0.886121
vt 0.837169 0.846864
vt 0.836571 0.846864
vt 0.890599 0.904658
vt 0.890599 0.911070
vt 0.890001 0.911070
vt 0.890001 0.904658
vt 0.892778 0.911070
vt 0.892778 0.904658
vt 0.893376 0.904658
vt 0.893376 0.911070
vt 0.911031 0.830772
vt 0.911031 0.833549
vt 0.853212 0.871289
vt 0.846800 0.871289
vt 0.846800 0.864807
vt 0.853212 0.864807
vt 0.872951 0.705219
vt 0.866539 0.705219
vt 0.866539 0.698738
vt 0.872951 0.698738
vt 0.884825 0.911070
vt 0.884825 0.904658
vt 0.885422 0.904658
vt 0.885422 0.911070
vt 0.330092 0.524152
vt 0.329757 0.524152
vt 0.329757 0.516314
vt 0.330092 0.516314
vt 0.911484 0.875344
vt 0.911484 0.868932
vt 0.912082 0.868932
vt 0.912082 0.875344
vt 0.825222 0.911848
vt 0.825222 0.905947
vt 0.825820 0.905947
vt 0.825820 0.911848
vt 0.329622 0.904794
vt 0.329622 0.911207
vt 0.329025 0.911207
vt 0.329025 0.904794
vt 0.864586 0.779197
vt 0.879733 0.904658
vt 0.879733 0.911070
vt 0.879135 0.904658
vt 0.805531 0.885931
vt 0.799119 0.885931
vt 0.799119 0.879450
vt 0.805531 0.879450
vt 0.906233 0.901365
vt 0.903456 0.901365
vt 0.903456 0.895464
vt 0.906233 0.895464
vt 0.856752 0.857404
vt 0.856752 0.850923
vt 0.857350 0.850923
vt 0.857350 0.857404
vt 0.821530 0.906112
vt 0.821530 0.900212
vt 0.805531 0.872969
vt 0.799119 0.872969
vt 0.799119 0.866488
vt 0.908124 0.830772
vt 0.908124 0.824291
vt 0.908721 0.830772
vt 0.912115 0.853485
vt 0.912115 0.859897
vt 0.911517 0.853485
vt 0.813573 0.887906
vt 0.813573 0.881424
vt 0.814171 0.881424
vt 0.814171 0.887906
vt 0.910886 0.875344
vt 0.910886 0.868932
vt 0.911484 0.868932
vt 0.911484 0.875344
vt 0.659604 0.777555
vt 0.659604 0.769716
vt 0.660202 0.769716
vt 0.660202 0.777555
vt 0.907897 0.881825
vt 0.907897 0.875344
vt 0.908495 0.875344
vt 0.908495 0.881825
vt 0.881661 0.911070
vt 0.881063 0.911070
vt 0.821876 0.893799
vt 0.821876 0.896738
vt 0.821541 0.896738
vt 0.821541 0.897273
vt 0.821278 0.900212
vt 0.821278 0.893799
vt 0.912679 0.881245
vt 0.880260 0.751248
vt 0.873848 0.751248
vt 0.873848 0.744766
vt 0.880260 0.744766
vt 0.863361 0.898826
vt 0.863361 0.892345
vt 0.863959 0.892345
vt 0.863959 0.898826
vt 0.873848 0.757729
vt 0.867435 0.757729
vt 0.867435 0.751247
vt 0.873848 0.751247
vt 0.908673 0.893613
vt 0.908673 0.887132
vt 0.909271 0.893613
vt 0.910480 0.866558
vt 0.910480 0.860145
vt 0.911078 0.860145
vt 0.911078 0.866558
vt 0.866272 0.819845
vt 0.872684 0.819845
vt 0.899279 0.826326
vt 0.899279 0.820425
vt 0.899877 0.820425
vt 0.899877 0.826326
vt 0.659604 0.870206
vt 0.659604 0.863725
vt 0.660202 0.863725
vt 0.660202 0.870206
vt 0.908495 0.886997
vt 0.908495 0.883584
vt 0.909093 0.883584
vt 0.909093 0.886997
vt 0.883326 0.757729
vt 0.883923 0.757729
vt 0.910865 0.850138
vt 0.910865 0.843726
vt 0.911463 0.843726
vt 0.911463 0.850138
vt 0.905076 0.913746
vt 0.905076 0.907846
vt 0.905674 0.907846
vt 0.905674 0.913746
vt 0.887216 0.904658
vt 0.887216 0.911070
vt 0.886618 0.911070
vt 0.886618 0.904658
vt 0.883737 0.731804
vt 0.883737 0.725323
vt 0.884335 0.725323
vt 0.884335 0.731804
vt 0.868664 0.911070
vt 0.868664 0.904658
vt 0.869262 0.904658
vt 0.869262 0.911070
vt 0.913233 0.907846
vt 0.913831 0.907846
vt 0.659604 0.883169
vt 0.659604 0.876687
vt 0.660202 0.876687
vt 0.660202 0.883169
vt 0.899125 0.840253
vt 0.899125 0.837475
vt 0.899722 0.837475
vt 0.899722 0.840253
vt 0.880226 0.772715
vt 0.873814 0.772715
vt 0.873814 0.766234
vt 0.880226 0.766234
vt 0.893974 0.885932
vt 0.893974 0.892345
vt 0.912324 0.835905
vt 0.912324 0.835110
vt 0.912922 0.835110
vt 0.912922 0.835905
vt 0.799717 0.911069
vt 0.799717 0.904657
vt 0.800314 0.904657
vt 0.800314 0.911069
vt 0.659604 0.883169
vt 0.660202 0.883169
vt 0.888073 0.892345
vt 0.888073 0.898757
vt 0.882173 0.898757
vt 0.882173 0.892345
vt 0.905076 0.904589
vt 0.905076 0.911001
vt 0.904478 0.911001
vt 0.904478 0.904589
vt 0.908528 0.850638
vt 0.907931 0.853416
vt 0.907931 0.850638
vt 0.910322 0.859897
vt 0.910322 0.853485
vt 0.910919 0.853485
vt 0.910919 0.859897
vt 0.659604 0.675691
vt 0.659604 0.663500
vt 0.660202 0.663500
vt 0.660202 0.675691
vt 0.858424 0.904092
vt 0.858424 0.910504
vt 0.857826 0.910504
vt 0.857826 0.904092
vt 0.880226 0.764219
vt 0.873814 0.764219
vt 0.873814 0.757738
vt 0.880226 0.757738
vt 0.828491 0.899727
vt 0.829089 0.899727
vt 0.910842 0.908358
vt 0.910842 0.911135
vt 0.910244 0.911135
vt 0.910244 0.908358
vt 0.910480 0.860145
vt 0.910480 0.866557
vt 0.909882 0.866557
vt 0.909882 0.860145
vt 0.909691 0.875344
vt 0.909691 0.881757
vt 0.909093 0.881757
vt 0.909093 0.875344
vt 0.895595 0.908301
vt 0.895595 0.901820
vt 0.896192 0.901820
vt 0.896192 0.908301
vt 0.888585 0.872970
vt 0.888585 0.879382
vt 0.882684 0.879382
vt 0.882684 0.872970
vt 0.897301 0.845152
vt 0.897301 0.851564
vt 0.891401 0.845152
vt 0.842248 0.910207
vt 0.842248 0.903795
vt 0.842846 0.903795
vt 0.842846 0.910207
vt 0.891410 0.826326
vt 0.885509 0.832738
vt 0.885509 0.826326
vt 0.912037 0.907846
vt 0.912037 0.901945
vt 0.912635 0.901945
vt 0.912635 0.907846
vt 0.896790 0.908301
vt 0.896790 0.911078
vt 0.896192 0.911078
vt 0.909335 0.841806
vt 0.909335 0.835393
vt 0.909933 0.835393
vt 0.909933 0.841806
vt 0.834990 0.886696
vt 0.834990 0.893108
vt 0.829089 0.893108
vt 0.829089 0.886696
vt 0.883737 0.744766
vt 0.883737 0.738285
vt 0.884335 0.738285
vt 0.884335 0.744766
vt 0.882173 0.885932
vt 0.882173 0.892345
vt 0.876272 0.892345
vt 0.876272 0.885932
vt 0.906847 0.830772
vt 0.906847 0.833549
vt 0.819351 0.912013
vt 0.819351 0.906112
vt 0.819949 0.906112
vt 0.819949 0.912013
vt 0.848914 0.912904
vt 0.848914 0.907004
vt 0.849512 0.907004
vt 0.849512 0.912904
vt 0.838963 0.912918
vt 0.838963 0.907018
vt 0.839561 0.907018
vt 0.839561 0.912918
vt 0.814390 0.873667
vt 0.814390 0.867186
vt 0.814988 0.867186
vt 0.814988 0.873667
vt 0.847293 0.912904
vt 0.847293 0.907003
vt 0.811412 0.904960
vt 0.811412 0.911373
vt 0.810815 0.911373
vt 0.810815 0.904960
vt 0.893974 0.879520
vt 0.893974 0.885932
vt 0.888074 0.885932
vt 0.888074 0.879520
vt 0.835563 0.911792
vt 0.835563 0.905892
vt 0.836161 0.905892
vt 0.836161 0.911792
vt 0.837743 0.911792
vt 0.882259 0.904658
vt 0.882259 0.911070
vt 0.881661 0.911070
vt 0.852700 0.884251
vt 0.852700 0.890663
vt 0.846799 0.890663
vt 0.846799 0.884251
vt 0.862936 0.884565
vt 0.862936 0.890977
vt 0.857035 0.890977
vt 0.857035 0.884565
vt 0.858424 0.910504
vt 0.859022 0.910504
vt 0.813573 0.913249
vt 0.813573 0.907349
vt 0.814171 0.907349
vt 0.814171 0.913249
vt 0.909670 0.850138
vt 0.909670 0.843726
vt 0.910267 0.850138
vt 0.912082 0.875344
vt 0.912082 0.881756
vt 0.911484 0.881756
vt 0.911484 0.875344
vt 0.894485 0.860145
vt 0.894485 0.866557
vt 0.888585 0.866557
vt 0.888585 0.860145
vt 0.909093 0.881825
vt 0.909093 0.882632
vt 0.908495 0.882632
vt 0.908495 0.881825
vt 0.911064 0.893544
vt 0.911662 0.887132
vt 0.911662 0.893544
vt 0.883823 0.779197
vt 0.877411 0.772715
vt 0.883823 0.772715
vt 0.821876 0.887387
vt 0.821876 0.893799
vt 0.815975 0.893799
vt 0.815975 0.887387
vt 0.910919 0.850707
vt 0.910322 0.853485
vt 0.910322 0.850707
vt 0.823851 0.911848
vt 0.823851 0.905947
vt 0.824449 0.905947
vt 0.824449 0.911848
vt 0.838365 0.912918
vt 0.838365 0.907018
vt 0.838963 0.907018
vt 0.838963 0.912918
vt 0.869860 0.898757
vt 0.869860 0.892345
vt 0.814374 0.847969
vt 0.814374 0.861526
vt 0.808473 0.861526
vt 0.808473 0.847969
vt 0.900703 0.905647
vt 0.900703 0.912059
vt 0.900105 0.912059
vt 0.900105 0.905647
vt 0.850707 0.912904
vt 0.850707 0.907003
vt 0.851305 0.907003
vt 0.851305 0.912904
vt 0.881851 0.698806
vt 0.884485 0.698806
vt 0.884485 0.705219
vt 0.879363 0.705219
vt 0.879363 0.701257
vt 0.879553 0.700319
vt 0.880092 0.699524
vt 0.880899 0.698993
vt 0.863959 0.898757
vt 0.812847 0.911353
vt 0.812847 0.904941
vt 0.813444 0.904941
vt 0.813444 0.911353
vt 0.817558 0.912013
vt 0.817558 0.906112
vt 0.818155 0.906112
vt 0.818155 0.912013
vt 0.805345 0.874505
vt 0.805531 0.875457
vt 0.805531 0.879450
vt 0.799119 0.879450
vt 0.799119 0.872969
vt 0.803081 0.872969
vt 0.804019 0.873159
vt 0.804813 0.873698
vt 0.659604 0.876687
vt 0.660202 0.876687
vt 0.872684 0.839288
vt 0.866272 0.839288
vt 0.866272 0.832807
vt 0.834990 0.893108
vt 0.834990 0.899521
vt 0.829089 0.899521
vt 0.829089 0.893108
vt 0.812010 0.904941
vt 0.812010 0.911353
vt 0.811412 0.911353
vt 0.811412 0.904941
vt 0.911726 0.841806
vt 0.911726 0.835905
vt 0.912324 0.835905
vt 0.912324 0.841806
vt 0.910288 0.881757
vt 0.910886 0.881757
vt 0.828491 0.893246
vt 0.829089 0.893246
vt 0.862935 0.890977
vt 0.862935 0.897390
vt 0.857035 0.897390
vt 0.857035 0.890977
vt 0.849512 0.912904
vt 0.812249 0.911353
vt 0.812249 0.904941
vt 0.812847 0.904941
vt 0.812847 0.911353
vt 0.862608 0.906514
vt 0.885509 0.826326
vt 0.885509 0.832807
vt 0.879097 0.832807
vt 0.863447 0.878084
vt 0.857035 0.878084
vt 0.857035 0.871603
vt 0.863447 0.871603
vt 0.813573 0.881424
vt 0.813573 0.887837
vt 0.807673 0.887837
vt 0.807673 0.881424
vt 0.844266 0.890680
vt 0.844266 0.897092
vt 0.838365 0.897092
vt 0.838365 0.890680
vt 0.882173 0.879520
vt 0.876272 0.885932
vt 0.876272 0.879520
vt 0.863959 0.911070
vt 0.863959 0.904658
vt 0.864557 0.911070
vt 0.855989 0.904997
vt 0.855989 0.911410
vt 0.855392 0.911410
vt 0.855392 0.904997
vt 0.870998 0.779197
vt 0.870998 0.772715
vt 0.912679 0.874832
vt 0.913277 0.868932
vt 0.913277 0.874832
vt 0.807436 0.912738
vt 0.807436 0.906838
vt 0.808034 0.906838
vt 0.808034 0.912738
vt 0.854196 0.911410
vt 0.854196 0.904997
vt 0.854794 0.904997
vt 0.854794 0.911410
vt 0.882684 0.879520
vt 0.876272 0.879520
vt 0.876272 0.873039
vt 0.882684 0.873039
vt 0.855391 0.904997
vt 0.855391 0.911410
vt 0.854794 0.904997
vt 0.912260 0.893032
vt 0.912260 0.887132
vt 0.891794 0.904658
vt 0.891794 0.911070
vt 0.891196 0.911070
vt 0.886020 0.904658
vt 0.885422 0.904658
vt 0.810217 0.911373
vt 0.810217 0.904960
vt 0.810815 0.904960
vt 0.810815 0.911373
vt 0.843444 0.912919
vt 0.843444 0.907019
vt 0.844042 0.907019
vt 0.844042 0.912919
vt 0.911128 0.835393
vt 0.911128 0.841806
vt 0.852700 0.890663
vt 0.852700 0.897076
vt 0.846799 0.897076
vt 0.846799 0.890663
vt 0.894485 0.872970
vt 0.894485 0.879382
vt 0.888585 0.872970
vt 0.913875 0.868932
vt 0.913875 0.874832
vt 0.858360 0.783616
vt 0.858173 0.782664
vt 0.858173 0.772715
vt 0.864586 0.772715
vt 0.864586 0.785152
vt 0.860624 0.785152
vt 0.859686 0.784963
vt 0.858891 0.784423
vt 0.888585 0.860145
vt 0.882684 0.860145
vt 0.844777 0.837087
vt 0.838365 0.837087
vt 0.838365 0.801987
vt 0.844777 0.801987
vt 0.908495 0.886997
vt 0.907897 0.886997
vt 0.866736 0.904658
vt 0.863959 0.904658
vt 0.863959 0.898757
vt 0.866736 0.898757
vt 0.809553 0.904960
vt 0.809553 0.911373
vt 0.808955 0.911373
vt 0.808955 0.904960
vt 0.912324 0.834172
vt 0.912922 0.834172
vt 0.872174 0.904658
vt 0.872174 0.911070
vt 0.871576 0.911070
vt 0.871576 0.904658
vt 0.907931 0.859897
vt 0.908528 0.853416
vt 0.908528 0.859897
vt 0.897310 0.832807
vt 0.897310 0.839219
vt 0.891410 0.839219
vt 0.891410 0.832807
vt 0.834990 0.905421
vt 0.834990 0.911833
vt 0.834392 0.911833
vt 0.834392 0.905421
vt 0.659604 0.699591
vt 0.660202 0.699591
vt 0.907445 0.830772
vt 0.907445 0.833549
vt 0.906847 0.833549
vt 0.906847 0.830772
vt 0.873967 0.911070
vt 0.873369 0.911070
vt 0.873369 0.904658
vt 0.659604 0.638224
vt 0.660202 0.638224
vt 0.873187 0.858046
vt 0.866774 0.858046
vt 0.866774 0.851564
vt 0.873187 0.851564
vt 0.912324 0.841805
vt 0.912324 0.835905
vt 0.912922 0.835905
vt 0.912922 0.841805
vt 0.891410 0.832807
vt 0.891410 0.839219
vt 0.885509 0.839219
vt 0.885509 0.832807
vt 0.329757 0.516292
vt 0.329757 0.508453
vt 0.330092 0.508475
vt 0.863447 0.878084
vt 0.863447 0.884565
vt 0.857035 0.884565
vt 0.870913 0.744766
vt 0.864500 0.744766
vt 0.864500 0.738285
vt 0.870913 0.738285
vt 0.869860 0.879520
vt 0.869860 0.885932
vt 0.863959 0.885932
vt 0.863959 0.879520
vt 0.851557 0.912904
vt 0.851557 0.907003
vt 0.852155 0.907003
vt 0.852155 0.912904
vt 0.912922 0.830210
vt 0.912324 0.830210
vt 0.908042 0.830772
vt 0.908042 0.833549
vt 0.907445 0.833549
vt 0.907445 0.830772
vt 0.912679 0.886190
vt 0.912082 0.886190
vt 0.910515 0.821513
vt 0.910515 0.824291
vt 0.909917 0.824291
vt 0.909917 0.821513
vt 0.912679 0.886997
vt 0.912082 0.886997
vt 0.876358 0.911070
vt 0.876358 0.904658
vt 0.876956 0.904658
vt 0.876956 0.911070
vt 0.821876 0.874493
vt 0.815464 0.874493
vt 0.815464 0.868012
vt 0.821876 0.868012
vt 0.836283 0.844804
vt 0.836282 0.845598
vt 0.835685 0.845599
vt 0.835685 0.844804
vt 0.909917 0.821513
vt 0.909319 0.821513
vt 0.909691 0.881757
vt 0.884438 0.911070
vt 0.659604 0.761878
vt 0.660202 0.761856
vt 0.660202 0.769694
vt 0.861413 0.912415
vt 0.861413 0.906514
vt 0.862010 0.906514
vt 0.904690 0.857465
vt 0.901913 0.857465
vt 0.901913 0.854052
vt 0.902099 0.853100
vt 0.902630 0.852293
vt 0.903425 0.851754
vt 0.904363 0.851564
vt 0.904690 0.851564
vt 0.913277 0.885207
vt 0.912679 0.885207
vt 0.827777 0.887291
vt 0.827777 0.880810
vt 0.828375 0.880810
vt 0.828375 0.887291
vt 0.827777 0.900047
vt 0.822656 0.893634
vt 0.838365 0.846536
vt 0.837767 0.846536
vt 0.898878 0.872013
vt 0.899418 0.872808
vt 0.899607 0.873745
vt 0.899607 0.877707
vt 0.894485 0.877707
vt 0.894485 0.871295
vt 0.897119 0.871295
vt 0.898071 0.871481
vt 0.875760 0.879520
vt 0.875760 0.885932
vt 0.869860 0.885932
vt 0.869860 0.879520
vt 0.883823 0.785678
vt 0.883823 0.779197
vt 0.884421 0.779197
vt 0.884421 0.785678
vt 0.813573 0.887837
vt 0.813573 0.894249
vt 0.807673 0.894249
vt 0.807673 0.887837
vt 0.837169 0.844804
vt 0.836571 0.844804
vt 0.876302 0.729055
vt 0.876302 0.726422
vt 0.876900 0.726422
vt 0.876900 0.729055
vt 0.883737 0.744766
vt 0.877325 0.744766
vt 0.877325 0.738285
vt 0.867334 0.904658
vt 0.867334 0.911070
vt 0.866736 0.911070
vt 0.866736 0.904658
vt 0.856277 0.886074
vt 0.856277 0.879593
vt 0.856875 0.879593
vt 0.856875 0.886074
vt 0.837767 0.846864
vt 0.838365 0.846864
vt 0.910288 0.886929
vt 0.909691 0.886929
vt 0.804422 0.904657
vt 0.803824 0.911069
vt 0.803824 0.904657
vt 0.910886 0.886928
vt 0.910288 0.886928
vt 0.857547 0.858640
vt 0.857547 0.847533
vt 0.857736 0.846596
vt 0.858275 0.845801
vt 0.859082 0.845270
vt 0.860034 0.845083
vt 0.863447 0.845083
vt 0.863447 0.858640
vt 0.659604 0.742260
vt 0.659604 0.732028
vt 0.660202 0.732028
vt 0.660202 0.742260
vt 0.659604 0.761856
vt 0.659604 0.752058
vt 0.660202 0.752058
vt 0.660202 0.761856
vt 0.829417 0.899521
vt 0.830354 0.899710
vt 0.831149 0.900249
vt 0.831680 0.901056
vt 0.831867 0.902009
vt 0.831867 0.905421
vt 0.829089 0.905421
vt 0.829089 0.899521
vt 0.833602 0.745443
vt 0.827190 0.745443
vt 0.827190 0.735211
vt 0.833602 0.735211
vt 0.897301 0.857977
vt 0.891401 0.857977
vt 0.877411 0.792159
vt 0.870998 0.792159
vt 0.870998 0.785678
vt 0.877411 0.785678
vt 0.909049 0.895464
vt 0.909049 0.901945
vt 0.908451 0.901945
vt 0.908451 0.895464
vt 0.821876 0.897273
vt 0.821876 0.900212
vt 0.870913 0.744766
vt 0.870913 0.738285
vt 0.909284 0.860145
vt 0.909284 0.863084
vt 0.876272 0.879520
vt 0.869860 0.879520
vt 0.876272 0.873039
vt 0.906681 0.850207
vt 0.906681 0.843726
vt 0.907279 0.843726
vt 0.907279 0.850207
vt 0.825761 0.900047
vt 0.826698 0.900236
vt 0.827493 0.900775
vt 0.828024 0.901582
vt 0.828211 0.902535
vt 0.828211 0.905947
vt 0.825433 0.905947
vt 0.825433 0.900047
vt 0.659604 0.798913
vt 0.660202 0.798913
vt 0.834990 0.880284
vt 0.828578 0.880284
vt 0.828578 0.873802
vt 0.834990 0.873802
vt 0.869860 0.877032
vt 0.869673 0.877984
vt 0.869142 0.878791
vt 0.868347 0.879330
vt 0.867410 0.879520
vt 0.863447 0.879520
vt 0.869860 0.873039
vt 0.810217 0.904960
vt 0.810217 0.911373
vt 0.809619 0.911373
vt 0.809619 0.904960
vt 0.912037 0.913747
vt 0.912635 0.913747
vt 0.906277 0.877196
vt 0.903500 0.877196
vt 0.903500 0.873783
vt 0.903686 0.872831
vt 0.904217 0.872024
vt 0.905012 0.871484
vt 0.905950 0.871295
vt 0.906277 0.871295
vt 0.909284 0.866557
vt 0.912906 0.830191
vt 0.912906 0.824291
vt 0.913504 0.824291
vt 0.913504 0.830191
vt 0.816960 0.912013
vt 0.816960 0.906112
vt 0.817557 0.906112
vt 0.817557 0.912013
vt 0.904409 0.838015
vt 0.905204 0.838554
vt 0.905735 0.839361
vt 0.905922 0.840313
vt 0.905922 0.843726
vt 0.903144 0.843726
vt 0.903144 0.837825
vt 0.903472 0.837825
vt 0.814085 0.881424
vt 0.807673 0.881424
vt 0.807673 0.874943
vt 0.814085 0.874943
vt 0.834990 0.905421
vt 0.832212 0.905421
vt 0.832212 0.902009
vt 0.832399 0.901057
vt 0.832930 0.900249
vt 0.833725 0.899710
vt 0.834662 0.899521
vt 0.834990 0.899521
vt 0.909126 0.853416
vt 0.909126 0.859897
vt 0.906831 0.903797
vt 0.906831 0.910209
vt 0.906233 0.910209
vt 0.906233 0.903797
vt 0.844266 0.884268
vt 0.844266 0.890680
vt 0.838365 0.890680
vt 0.838365 0.884268
vt 0.912713 0.859385
vt 0.912713 0.853485
vt 0.913310 0.853485
vt 0.913310 0.859385
vt 0.888585 0.872970
vt 0.882684 0.872970
vt 0.882684 0.866558
vt 0.844777 0.862336
vt 0.844591 0.863288
vt 0.844060 0.864096
vt 0.843265 0.864635
vt 0.842327 0.864824
vt 0.838365 0.852388
vt 0.844777 0.852388
vt 0.857633 0.904092
vt 0.857633 0.910504
vt 0.857035 0.910504
vt 0.857035 0.904092
vt 0.912680 0.881245
vt 0.913278 0.881245
vt 0.910244 0.908358
vt 0.910842 0.908358
vt 0.908721 0.821513
vt 0.909319 0.821513
vt 0.909319 0.824291
vt 0.813573 0.887905
vt 0.814171 0.887905
vt 0.827980 0.853674
vt 0.827980 0.847193
vt 0.828578 0.847193
vt 0.828578 0.853674
vt 0.834990 0.867321
vt 0.828578 0.867321
vt 0.834990 0.860840
vt 0.890599 0.911070
vt 0.890599 0.904658
vt 0.891196 0.904658
vt 0.873187 0.845083
vt 0.879599 0.845083
vt 0.911078 0.866557
vt 0.911078 0.860145
vt 0.911675 0.860145
vt 0.911675 0.866557
vt 0.909724 0.853485
vt 0.909724 0.850707
vt 0.910322 0.850707
vt 0.910322 0.853485
vt 0.911112 0.821513
vt 0.911112 0.824291
vt 0.887216 0.905238
vt 0.887216 0.898757
vt 0.887814 0.898757
vt 0.887814 0.905238
vt 0.911662 0.887132
vt 0.912260 0.893544
vt 0.829687 0.911833
vt 0.829687 0.905421
vt 0.830285 0.905421
vt 0.830285 0.911833
s 1
usemtl body
f 1861/3328/836 1859/3329/836 1855/3330/836 1857/3331/836
f 2158/3332/837 2156/3333/837 2155/3334/837 2157/3335/837
f 2070/3336/837 2068/3337/837 2067/3338/837 2069/3339/837
f 1942/3340/837 1940/3341/837 1939/3342/837 1941/3343/837
f 2237/3344/836 2235/3345/836 2231/3346/836 2233/3347/836
f 1836/3348/838 1832/3349/838 1831/3350/838 1835/3351/838
f 2266/3352/839 2270/3353/839 2269/3354/839 2265/3355/839
f 1709/3356/840 1707/3357/840 1711/3358/840 1713/3359/840
f 2284/3360/838 2280/3361/838 2279/3362/838 2283/3363/838
f 2488/3364/841 2487/3365/841 2494/3366/841 2493/3367/841
f 1789/3368/840 1787/3369/840 1791/3370/840 1793/3371/840
f 1785/3372/837 1783/3373/837 1782/3374/837 1784/3375/837
f 2250/3376/840 2248/3377/840 2252/3378/840 2254/3379/840
f 1717/3380/840 1715/3381/840 1719/3382/840 1721/3383/840
f 1760/3384/836 1758/3385/836 1754/3386/836 1756/3387/836
f 1728/3388/836 1726/3389/836 1722/3390/836 1724/3391/836
f 1938/3392/839 1942/3393/839 1941/3394/839 1937/3395/839
f 2202/3396/840 2200/3397/840 2204/3398/840 2206/3399/840
f 1701/3400/839 1705/3401/839 1704/3402/839 1700/3403/839
f 2481/3404/842 2484/3405/842 2477/3406/842 2475/3407/842
f 2044/3408/838 2040/3409/838 2039/3410/838 2043/3411/838
f 2005/3412/836 2003/3413/836 1999/3414/836 2001/3415/836
f 1709/3416/839 1713/3417/839 1712/3418/839 1708/3419/839
f 1918/3420/837 1916/3421/837 1915/3422/837 1917/3423/837
f 1757/3424/839 1761/3425/839 1760/3426/839 1756/3427/839
f 2356/3428/838 2352/3429/838 2351/3430/838 2355/3431/838
f 2120/3432/843 2122/3433/843 2121/3434/843 2119/3435/843
f 2441/3436/843 2439/3437/843 2440/3438/843 2442/3439/843
f 1829/3440/836 1827/3441/836 1823/3442/836 1825/3443/836
f 1892/3444/838 1888/3445/838 1887/3446/838 1891/3447/838
f 1741/3330/840 1739/3448/840 1743/3449/840 1745/3450/840
f 1747/3451/843 1749/3452/843 1748/3453/843 1746/3454/843
f 2232/3455/843 2234/3456/843 2233/3457/843 2231/3458/843
f 1733/3459/839 1737/3460/839 1736/3461/839 1732/3462/839
f 1876/3463/838 1872/3464/838 1871/3465/838 1875/3466/838
f 2282/3467/839 2286/3468/839 2285/3469/839 2281/3424/839
f 1759/3460/838 1755/3470/838 1754/3471/838 1758/3461/838
f 2020/3411/838 2016/3410/838 2015/3472/838 2019/3473/838
f 1729/3474/837 1727/3475/837 1726/3476/837 1728/3477/837
f 1733/3478/840 1731/3479/840 1735/3480/840 1737/3385/840
f 2194/3481/840 2192/3482/840 2196/3483/840 2198/3484/840
f 1757/3485/840 1755/3486/840 1759/3487/840 1761/3488/840
f 1862/3489/837 1860/3490/837 1859/3491/837 1861/3492/837
f 2349/3493/836 2347/3494/836 2343/3495/836 2345/3496/836
f 2261/3497/836 2259/3498/836 2255/3499/836 2257/3500/836
f 1749/3501/839 1753/3502/839 1752/3503/839 1748/3504/839
f 2332/3505/838 2328/3506/838 2327/3507/838 2331/3508/838
f 2423/3509/843 2421/3510/843 2422/3511/843 2424/3512/843
f 2168/3513/843 2170/3514/843 2169/3515/843 2167/3516/843
f 1874/3517/840 1872/3518/840 1876/3519/840 1878/3520/840
f 1864/3521/843 1866/3522/843 1865/3523/843 1863/3524/843
f 2381/3525/836 2379/3526/836 2375/3527/836 2377/3528/836
f 1870/3529/837 1868/3530/837 1867/3524/837 1869/3523/837
f 1765/3531/839 1769/3532/839 1768/3533/839 1764/3534/839
f 1808/3535/843 1810/3536/843 1809/3537/843 1807/3538/843
f 2178/3539/839 2182/3540/839 2181/3541/839 2177/3542/839
f 1852/3543/838 1848/3544/838 1847/3545/838 1851/3546/838
f 2365/3547/836 2363/3548/836 2359/3549/836 2361/3550/836
f 1791/3551/838 1787/3552/838 1786/3553/838 1790/3554/838
f 1765/3555/840 1763/3556/840 1767/3557/840 1769/3558/840
f 2037/3559/836 2035/3560/836 2031/3561/836 2033/3562/836
f 2154/3563/840 2152/3564/840 2156/3565/840 2158/3566/840
f 1717/3567/839 1721/3568/839 1720/3569/839 1716/3570/839
f 2465/3571/840 2467/3572/840 2468/3573/840 2469/3574/840 2466/3575/840 2415/3576/840 2413/3577/840 2417/3578/840
f 1783/3579/838 1779/3580/838 1778/3581/838 1782/3582/838
f 2178/3583/840 2176/3584/840 2180/3585/840 2182/3586/840
f 2200/3587/843 2202/3588/843 2201/3589/843 2199/3590/843
f 1712/3591/836 1710/3592/836 1706/3593/836 1708/3594/836
f 1960/3595/843 1962/3596/843 1961/3597/843 1959/3598/843
f 2118/3599/837 2116/3600/837 2115/3601/837 2117/3602/837
f 2126/3603/837 2124/3604/837 2123/3605/837 2125/3606/837
f 1826/3607/840 1824/3608/840 1828/3609/840 1830/3610/840
f 2029/3611/836 2027/3612/836 2023/3613/836 2025/3614/836
f 1818/3615/839 1822/3616/839 1821/3617/839 1817/3618/839
f 1952/3619/843 1954/3620/843 1953/3621/843 1951/3622/843
f 2134/3623/837 2132/3624/837 2131/3625/837 2133/3626/837
f 1854/3627/837 1852/3628/837 1851/3629/837 1853/3630/837
f 1936/3631/843 1938/3632/843 1937/3633/843 1935/3634/843
f 2542/3635/837 2540/3636/837 2539/3637/837 2541/3638/837
f 2036/3639/838 2032/3640/838 2031/3641/838 2035/3642/838
f 2085/3643/836 2083/3644/836 2079/3645/836 2081/3646/836
f 2176/3647/843 2178/3648/843 2177/3649/843 2175/3650/843
f 2230/3648/837 2228/3647/837 2227/3651/837 2229/3652/837
f 1940/3653/838 1936/3654/838 1935/3655/838 1939/3656/838
f 1949/3657/836 1947/3658/836 1943/3659/836 1945/3660/836
f 1818/3661/840 1816/3662/840 1820/3663/840 1822/3664/840
f 2058/3665/839 2062/3666/839 2061/3667/839 2057/3668/839
f 2213/3669/837 2214/3670/837 2212/3671/844 2221/3672/845 2222/3673/837 2218/3674/837
f 2524/3675/846 2523/3676/846 2518/3677/846 2517/3678/846
f 1866/3679/839 1870/3680/839 1869/3681/839 1865/3682/839
f 1763/3683/843 1765/3684/843 1764/3685/843 1762/3597/843
f 1797/3686/840 1795/3687/840 1799/3688/840 1801/3689/840
f 2164/3690/838 2160/3691/838 2159/3692/838 2163/3693/838
f 2166/3694/837 2164/3695/837 2163/3696/837 2165/3697/837
f 1741/3698/839 1745/3699/839 1744/3700/839 1740/3701/839
f 1810/3702/840 1808/3703/840 1812/3704/840 1814/3705/840
f 2160/3706/843 2162/3707/843 2161/3708/843 2159/3709/843
f 1866/3710/840 1864/3384/840 1868/3711/840 1870/3712/840
f 2124/3713/838 2120/3714/838 2119/3715/838 2123/3716/838
f 1828/3717/838 1824/3718/838 1823/3719/838 1827/3720/838
f 1834/3721/839 1838/3722/839 1837/3723/839 1833/3724/839
f 1896/3725/843 1898/3726/843 1897/3727/843 1895/3728/843
f 2421/3729/839 2419/3730/839 2420/3731/839 2422/3732/839
f 2144/3733/843 2146/3734/843 2145/3735/843 2143/3736/843
f 1982/3737/837 1980/3738/837 1979/3739/837 1981/3740/837
f 1834/3741/840 1832/3742/840 1836/3743/840 1838/3744/840
f 2093/3745/836 2091/3746/836 2087/3747/836 2089/3748/836
f 1850/3500/840 1848/3499/840 1852/3749/840 1854/3750/840
f 2245/3751/836 2243/3752/836 2239/3753/836 2241/3754/836
f 2466/3755/847 2469/3756/847 2472/3757/847 2470/3758/847
f 2551/3759/838 1805/3444/838 1806/3447/838 1802/3760/838
f 1858/3761/839 1862/3762/839 1861/3763/839 1857/3764/839
f 2068/3765/838 2064/3766/838 2063/3767/838 2067/3768/838
f 2533/3769/836 2534/3770/836 2531/3771/836 2450/3772/836 2454/3773/836 2452/3774/836 2530/3775/836 2532/3776/836
f 1737/3777/837 1735/3778/837 1734/3779/837 1736/3780/837
f 1715/3778/843 1717/3777/843 1716/3781/843 1714/3782/843
f 2202/3783/839 2206/3784/839 2205/3785/839 2201/3786/839
f 1803/3787/840 1805/3788/840 2551/3789/840 2553/3790/840
f 2061/3791/836 2059/3792/836 2055/3793/836 2057/3794/836
f 1842/3795/839 1846/3796/839 1845/3652/839 1841/3797/839
f 2364/3798/838 2360/3799/838 2359/3800/838 2363/3801/838
f 2206/3802/837 2204/3803/837 2203/3804/837 2205/3805/837
f 2198/3806/837 2196/3807/837 2195/3808/837 2197/3809/837
f 1850/3810/839 1854/3811/839 1853/3812/839 1849/3813/839
f 1769/3814/837 1767/3815/837 1766/3816/837 1768/3817/837
f 1781/3818/839 1785/3819/839 1784/3820/839 1780/3821/839
f 2324/3822/838 2320/3823/838 2319/3824/838 2323/3825/838
f 2306/3826/839 2310/3827/839 2309/3540/839 2305/3539/839
f 2386/3828/840 2384/3829/840 2388/3830/840 2390/3831/840
f 1826/3832/839 1830/3833/839 1829/3834/839 1825/3835/839
f 2192/3836/843 2194/3837/843 2193/3838/843 2191/3839/843
f 1735/3840/838 1731/3360/838 1730/3363/838 1734/3841/838
f 2427/3842/838 2486/3843/838 2490/3844/838 2428/3845/838
f 1930/3846/839 1934/3847/839 1933/3848/839 1929/3849/839
f 2114/3850/839 2118/3851/839 2117/3852/839 2113/3853/839
f 2060/3854/838 2056/3855/838 2055/3856/838 2059/3857/838
f 1966/3858/837 1964/3859/837 1963/3860/837 1965/3861/837
f 2052/3862/838 2048/3863/838 2047/3864/838 2051/3865/838
f 2378/3866/840 2376/3867/840 2380/3868/840 2382/3869/840
f 2435/3870/843 2433/3871/843 2434/3872/843 2436/3873/843
f 1976/3874/843 1978/3875/843 1977/3876/843 1975/3877/843
f 1872/3878/843 1874/3879/843 1873/3880/843 1871/3836/843
f 1898/3881/840 1896/3882/840 1900/3883/840 1902/3884/840
f 1853/3885/836 1851/3886/836 1847/3887/836 1849/3888/836
f 1845/3889/836 1843/3890/836 1839/3891/836 1841/3892/836
f 2174/3893/837 2172/3894/837 2171/3877/837 2173/3895/837
f 2541/3896/836 2539/3897/836 2535/3898/836 2537/3899/836
f 1856/3900/843 1858/3901/843 1857/3902/843 1855/3903/843
f 1890/3904/840 1888/3905/840 1892/3906/840 1894/3907/840
f 2348/3908/838 2344/3909/838 2343/3910/838 2347/3911/838
f 2098/3912/839 2102/3913/839 2101/3914/839 2097/3915/839
f 2090/3916/840 2088/3917/840 2092/3918/840 2094/3919/840
f 1890/3445/839 1894/3920/839 1893/3921/839 1889/3446/839
f 2076/3922/838 2072/3923/838 2071/3924/838 2075/3925/838
f 1914/3926/840 1912/3927/840 1916/3928/840 1918/3929/840
f 1755/3930/843 1757/3931/843 1756/3932/843 1754/3933/843
f 2042/3934/839 2046/3935/839 2045/3936/839 2041/3937/839
f 2026/3938/840 2024/3939/840 2028/3940/840 2030/3941/840
f 2540/3942/838 2536/3943/838 2535/3944/838 2539/3945/838
f 2077/3946/836 2075/3947/836 2071/3948/836 2073/3949/836
f 1793/3950/837 1791/3951/837 1790/3952/837 1792/3953/837
f 2415/3954/838 2466/3755/838 2470/3758/838 2416/3955/838
f 2170/3956/839 2174/3957/839 2173/3958/839 2169/3959/839
f 2117/3960/836 2115/3961/836 2111/3869/836 2113/3962/836
f 1968/3963/843 1970/3964/843 1969/3965/843 1967/3966/843
f 2084/3967/838 2080/3968/838 2079/3969/838 2083/3970/838
f 1946/3714/839 1950/3971/839 1949/3972/839 1945/3715/839
f 2138/3973/839 2142/3974/839 2141/3975/839 2137/3976/839
f 1933/3977/836 1931/3978/836 1927/3979/836 1929/3980/836
f 1842/3981/840 1840/3982/840 1844/3983/840 1846/3984/840
f 2402/3985/839 2406/3986/839 2405/3987/839 2401/3988/839
f 1941/3989/836 1939/3990/836 1935/3991/836 1937/3992/836
f 1721/3993/837 1719/3994/837 1718/3995/837 1720/3996/837
f 2148/3997/838 2144/3998/838 2143/3999/838 2147/4000/838
f 1797/4001/839 1801/4002/839 1800/4003/839 1796/4004/839
f 1789/4005/839 1793/4006/839 1792/4007/839 1788/4008/839
f 1885/4009/836 1883/4010/836 1879/3518/836 1881/3517/836
f 2146/4011/839 2150/4012/839 2149/4013/839 2145/4014/839
f 1946/4015/840 1944/4016/840 1948/4017/840 1950/4018/840
f 2096/4019/843 2098/4020/843 2097/4021/843 2095/4022/843
f 2002/4014/839 2006/4013/839 2005/4023/839 2001/4024/839
f 1779/4025/843 1781/4026/843 1780/4027/843 1778/4028/843
f 1803/4029/839 2553/3759/839 2552/3760/839 1804/4030/839
f 2004/4031/838 2000/4032/838 1999/4033/838 2003/4034/838
f 1930/4035/840 1928/4036/840 1932/4037/840 1934/4038/840
f 2302/4039/837 2300/4040/837 2299/4041/837 2301/4042/837
f 1898/4043/839 1902/4044/839 1901/4045/839 1897/4046/839
f 2550/4047/837 2548/4048/837 2547/4049/837 2549/4050/837
f 1938/4051/840 1936/4052/840 1940/4053/840 1942/4054/840
f 2546/3799/839 2550/4055/839 2549/4056/839 2545/3800/839
f 2362/4024/839 2366/4023/839 2365/4057/839 2361/4058/839
f 1956/4059/838 1952/4060/838 1951/4061/838 1955/4062/838
f 2546/4063/840 2544/4064/840 2548/4065/840 2550/4066/840
f 1882/4067/839 1886/4068/839 1885/4069/839 1881/4070/839
f 2394/4071/839 2398/4072/839 2397/4073/839 2393/4074/839
f 1997/3949/836 1995/3948/836 1991/4075/836 1993/4076/836
f 1970/4077/840 1968/4078/840 1972/4079/840 1974/4080/840
f 2042/4081/840 2040/4082/840 2044/4083/840 2046/4084/840
f 2040/4085/843 2042/4086/843 2041/4087/843 2039/4088/843
f 2048/4089/843 2050/4090/843 2049/4091/843 2047/4092/843
f 1978/4093/839 1982/4094/839 1981/4095/839 1977/3796/839
f 2278/4096/837 2276/4097/837 2275/4098/837 2277/4099/837
f 1978/4100/840 1976/3593/840 1980/4101/840 1982/4102/840
f 1813/4103/836 1811/4104/836 1807/4105/836 1809/4106/836
f 1958/4107/837 1956/4108/837 1955/4109/837 1957/4110/837
f 1989/4111/836 1987/4112/836 1983/4113/836 1985/4114/836
f 2034/4115/840 2032/4116/840 2036/4117/840 2038/3645/840
f 1964/4118/838 1960/4119/838 1959/4120/838 1963/4121/838
f 2128/4122/843 2130/4123/843 2129/4124/843 2127/4125/843
f 1912/4126/843 1914/4127/843 1913/4128/843 1911/4129/843
f 2088/4130/843 2090/4131/843 2089/4132/843 2087/4133/843
f 2294/4134/837 2292/4135/837 2291/4125/837 2293/4124/837
f 1970/4136/839 1974/4137/839 1973/4138/839 1969/4139/839
f 1926/4140/837 1924/4141/837 1923/4142/837 1925/4143/837
f 2013/4144/836 2011/4145/836 2007/4146/836 2009/4147/836
f 2527/4148/848 2534/4149/848 2533/4150/848 2528/4151/848
f 2538/4152/840 2536/4153/840 2540/4154/840 2542/4155/840
f 1752/4156/836 1750/4157/836 1746/4158/836 1748/4159/836
f 1840/4160/843 1842/4161/843 1841/4162/843 1839/4163/843
f 2056/4164/843 2058/4165/843 2057/4166/843 2055/4167/843
f 1914/4168/839 1918/4169/839 1917/4170/839 1913/3627/839
f 2238/4171/837 2236/4172/837 2235/4173/837 2237/4174/837
f 2112/4175/843 2114/4176/843 2113/4177/843 2111/4178/843
f 2002/4179/840 2000/4180/840 2004/4181/840 2006/4182/840
f 2100/4183/838 2096/4184/838 2095/4185/838 2099/4186/838
f 2515/4187/839 2443/4188/839 2444/4189/839 2521/4190/839
f 1901/4191/836 1899/4192/836 1895/4193/836 1897/4194/836
f 2026/4195/839 2030/4196/839 2029/4197/839 2025/4198/839
f 1957/4199/836 1955/4200/836 1951/4201/836 1953/4202/836
f 1917/4203/836 1915/4204/836 1911/4205/836 1913/4206/836
f 2334/4207/837 2332/4208/837 2331/4209/837 2333/4210/837
f 2552/4211/836 1802/4212/836 1806/4213/836 1804/4214/836
f 1846/4215/837 1844/4216/837 1843/4217/837 1845/4218/837
f 1994/4219/840 1992/4220/840 1996/4221/840 1998/4222/840
f 2270/4223/837 2268/4224/837 2267/4225/837 2269/4226/837
f 2114/4227/840 2112/4228/840 2116/4229/840 2118/4230/840
f 2197/4231/836 2195/4232/836 2191/4233/836 2193/4234/836
f 2150/4235/837 2148/4236/837 2147/4237/837 2149/4238/837
f 2184/4239/843 2186/4240/843 2185/4241/843 2183/4242/843
f 2018/4243/839 2022/4244/839 2021/4245/839 2017/4246/839
f 1848/4247/843 1850/4248/843 1849/4249/843 1847/4250/843
f 2010/4251/839 2014/4252/839 2013/4253/839 2009/4254/839
f 2188/4255/838 2184/4256/838 2183/4257/838 2187/4258/838
f 1771/4259/843 1773/4260/843 1772/4081/843 1770/4261/843
f 1787/4262/843 1789/4263/843 1788/4264/843 1786/4265/843
f 2018/4220/840 2016/4266/840 2020/4267/840 2022/4268/840
f 1980/4269/838 1976/4270/838 1975/4271/838 1979/4272/838
f 1986/4273/839 1990/4274/839 1989/4275/839 1985/4276/839
f 2344/4277/843 2346/4278/843 2345/4279/843 2343/4280/843
f 1795/4281/843 1797/4282/843 1796/4283/843 1794/3860/843
f 2028/4284/838 2024/3767/838 2023/4285/838 2027/4286/838
f 2010/4287/840 2008/4288/840 2012/4289/840 2014/4290/840
f 2104/4291/843 2106/4292/843 2105/4293/843 2103/4294/843
f 1974/4295/837 1972/4296/837 1971/4297/837 1973/4298/837
f 2116/4299/838 2112/4300/838 2111/4301/838 2115/4302/838
f 2021/4303/836 2019/4143/836 2015/4304/836 2017/4305/836
f 1751/4306/838 1747/4307/838 1746/4308/838 1750/4309/838
f 2074/4310/840 2072/4311/840 2076/4312/840 2078/4313/840
f 1972/4314/838 1968/4315/838 1967/4316/838 1971/4317/838
f 2066/4318/839 2070/4319/839 2069/4320/839 2065/4321/839
f 2006/4322/837 2004/4323/837 2003/4324/837 2005/4325/837
f 2024/4326/843 2026/4327/843 2025/4328/843 2023/4329/843
f 1880/4330/843 1882/4331/843 1881/4332/843 1879/4333/843
f 2514/4334/849 2513/4335/849 2508/4336/849 2507/4337/849
f 1973/4338/836 1971/4339/836 1967/4340/836 1969/4341/836
f 2172/4342/838 2168/4343/838 2167/4344/838 2171/4345/838
f 2513/4346/850 2512/4347/850 2509/4348/850 2508/4349/850
f 2222/4350/836 2221/4351/836 2220/4352/836 2219/4353/836
f 1888/4354/843 1890/4355/843 1889/4356/843 1887/4357/843
f 2050/4358/839 2054/4359/839 2053/4360/839 2049/4361/839
f 2032/4362/843 2034/4363/843 2033/4364/843 2031/4365/843
f 2066/4366/840 2064/4367/840 2068/4368/840 2070/4369/840
f 1894/4370/837 1892/4371/837 1891/4372/837 1893/4373/837
f 2106/4374/839 2110/4375/839 2109/4376/839 2105/4377/839
f 1981/4378/836 1979/4379/836 1975/3592/836 1977/4380/836
f 2050/4381/840 2048/4382/840 2052/4383/840 2054/4384/840
f 2292/4385/838 2288/4386/838 2287/4387/838 2291/4388/838
f 2092/4389/838 2088/4390/838 2087/4391/838 2091/4392/838
f 1990/4355/837 1988/4354/837 1987/4393/837 1989/4394/837
f 2058/3588/840 2056/3953/840 2060/4395/840 2062/4396/840
f 1988/4397/838 1984/3810/838 1983/3813/838 1987/4398/838
f 2106/4399/840 2104/4400/840 2108/4401/840 2110/4402/840
f 1720/4403/836 1718/4404/836 1714/4405/836 1716/4406/836
f 2455/4407/839 2407/4408/839 2408/4409/839 2461/4410/839
f 1711/4411/838 1707/4412/838 1706/4413/838 1710/4414/838
f 2082/4415/839 2086/4416/839 2085/4417/839 2081/4418/839
f 2286/4419/837 2284/4420/837 2283/4421/837 2285/4422/837
f 2472/3757/851 2469/3756/851 2468/4423/851 2473/3595/851
f 2252/4424/838 2248/4425/838 2247/4426/838 2251/4427/838
f 2069/4428/836 2067/4429/836 2063/4430/836 2065/4431/836
f 1998/4432/837 1996/4433/837 1995/4434/837 1997/4435/837
f 2082/4436/840 2080/4437/840 2084/4438/840 2086/4439/840
f 2553/4440/837 2551/4441/837 1802/4442/837 2552/4443/837
f 2208/4444/840 2212/4445/840 2214/4446/840 2210/4447/840
f 2244/4448/838 2240/4449/838 2239/4450/838 2243/3833/838
f 2080/4451/843 2082/4452/843 2081/4453/843 2079/4454/843
f 1874/4455/839 1878/4456/839 1877/4457/839 1873/4458/839
f 2152/4459/843 2154/4460/843 2153/4461/843 2151/4462/843
f 2256/4463/843 2258/4464/843 2257/4465/843 2255/4466/843
f 1908/4467/838 1904/4468/838 1903/4469/838 1907/4470/838
f 2072/4471/843 2074/4472/843 2073/4473/843 2071/4474/843
f 2090/4475/839 2094/4476/839 2093/4477/839 2089/4478/839
f 1775/3833/838 1771/4450/838 1770/4479/838 1774/3834/838
f 1744/4480/836 1742/4481/836 1738/4482/836 1740/4483/836
f 2246/4422/837 2244/4421/837 2243/4484/837 2245/4485/837
f 2098/4486/840 2096/4487/840 2100/4488/840 2102/4489/840
f 1821/4490/836 1819/3371/836 1815/4491/836 1817/4492/836
f 2394/4493/840 2392/4494/840 2396/4495/840 2398/4496/840
f 2217/4497/836 2211/4498/836 2207/4499/836 2216/4500/836
f 2064/4501/843 2066/4502/843 2065/4503/843 2063/4504/843
f 2034/4505/839 2038/4506/839 2037/4507/839 2033/4508/839
f 1784/4080/836 1782/4509/836 1778/4510/836 1780/4511/836
f 2304/4512/843 2306/4513/843 2305/4514/843 2303/4515/843
f 1838/4516/837 1836/4517/837 1835/4518/837 1837/4519/837
f 2074/4520/839 2078/4521/839 2077/4522/839 2073/4523/839
f 1906/4524/840 1904/4525/840 1908/4526/840 1910/4527/840
f 1944/4528/843 1946/4529/843 1945/4464/843 1943/4530/843
f 2110/4531/837 2108/4532/837 2107/4533/837 2109/4534/837
f 2341/4535/836 2339/4536/836 2335/4537/836 2337/4538/836
f 2133/4539/836 2131/4540/836 2127/4541/836 2129/3379/836
f 2374/4542/837 2372/4543/837 2371/4544/837 2373/4429/837
f 2262/4545/837 2260/4546/837 2259/4547/837 2261/4548/837
f 2254/4549/837 2252/3535/837 2251/4550/837 2253/4551/837
f 2316/4552/838 2312/4553/838 2311/4554/838 2315/4555/838
f 1925/4556/836 1923/4557/836 1919/4558/836 1921/4559/836
f 2149/4560/836 2147/4561/836 2143/4562/836 2145/4563/836
f 2146/4564/840 2144/4565/840 2148/4566/840 2150/4567/840
f 2419/4568/837 2476/4569/837 2480/4570/837 2420/4571/837
f 2138/4572/840 2136/3566/840 2140/4573/840 2142/4574/840
f 1704/4575/836 1702/4576/836 1698/4577/836 1700/4578/836
f 2046/4579/837 2044/4580/837 2043/4581/837 2045/4582/837
f 2272/4583/843 2274/4584/843 2273/4585/843 2271/4586/843
f 1781/3928/840 1779/4587/840 1783/4588/840 1785/4205/840
f 2012/4589/838 2008/4590/838 2007/4591/838 2011/4592/838
f 1934/3684/837 1932/3683/837 1931/4593/837 1933/4594/837
f 2204/4595/838 2200/4596/838 2199/4597/838 2203/4598/838
f 2445/4599/838 2447/4600/838 2448/4601/838 2446/4602/838
f 2352/4603/843 2354/3536/843 2353/4604/843 2351/4605/843
f 2162/4606/840 2160/4607/840 2164/4608/840 2166/4609/840
f 2136/3475/843 2138/4610/843 2137/4605/843 2135/4604/843
f 2101/4611/836 2099/3828/836 2095/4612/836 2097/4181/836
f 1701/4613/840 1699/4614/840 1703/4615/840 1705/4616/840
f 1703/4617/838 1699/3818/838 1698/3821/838 1702/4618/838
f 2411/4619/843 2456/4620/843 2460/4621/843 2412/4622/843
f 2130/4623/839 2134/4624/839 2133/4625/839 2129/4626/839
f 2404/4627/838 2400/4628/838 2399/4629/838 2403/4630/838
f 1773/4631/839 1777/4632/839 1776/4633/839 1772/4634/839
f 2485/4635/843 2429/4636/843 2430/4637/843 2491/4638/843
f 2463/4639/852 2462/4640/852 2459/4641/852 2458/4642/852
f 2384/4643/843 2386/4644/843 2385/4645/843 2383/4646/843
f 2170/4647/840 2168/4648/840 2172/4649/840 2174/4650/840
f 2310/4310/837 2308/4651/837 2307/4652/837 2309/4653/837
f 2162/4654/839 2166/4655/839 2165/4656/839 2161/4657/839
f 2414/4658/836 2416/4659/836 2470/4660/836 2472/4661/836 2473/4662/836 2474/4663/836 2471/4664/836 2418/4665/836
f 2437/4666/838 2441/4667/838 2442/4668/838 2438/4669/838
f 2122/3831/840 2120/4539/840 2124/4670/840 2126/4671/840
f 2486/3843/847 2489/4672/847 2492/4673/847 2490/3844/853
f 1816/4674/843 1818/4675/843 1817/4676/843 1815/4677/843
f 1773/4678/840 1771/4679/840 1775/4680/840 1777/4681/840
f 1743/4682/838 1739/4683/838 1738/4684/838 1742/4685/838
f 2503/4686/854 2502/4687/854 2499/4688/854 2498/4689/854
f 2213/4690/836 2218/4691/836 2215/4692/836 2209/4693/836
f 1924/4694/838 1920/4695/838 1919/4696/838 1923/4697/838
f 1814/4248/837 1812/4247/837 1811/4698/837 1813/4699/837
f 1868/4700/838 1864/4701/838 1863/4702/838 1867/4703/838
f 1954/4704/839 1958/3443/839 1957/4705/839 1953/4706/839
f 2413/4707/837 2415/4708/837 2416/4709/837 2414/4710/837
f 2030/4711/837 2028/4712/837 2027/4713/837 2029/4714/837
f 2525/4715/837 2449/4716/837 2450/4717/837 2531/4718/837
f 1920/4719/843 1922/4720/843 1921/4721/843 1919/4722/843
f 2338/4723/840 2336/4724/840 2340/4725/840 2342/4726/840
f 2350/4727/837 2348/4279/837 2347/4728/837 2349/4729/837
f 2342/3916/837 2340/4730/837 2339/4731/837 2341/4732/837
f 2467/4733/855 2465/4734/855 2471/4735/855 2474/4736/855
f 2189/4737/836 2187/4738/836 2183/4739/836 2185/4740/836
f 2495/4741/842 2501/4742/842 2504/4743/842 2497/4744/842
f 2465/4734/843 2417/4745/843 2418/4746/843 2471/4735/843
f 1904/4747/843 1906/4748/843 1905/4749/843 1903/4750/843
f 1723/4751/843 1725/4752/843 1724/4753/843 1722/4754/843
f 2054/4755/837 2052/4756/837 2051/4433/837 2053/4432/837
f 1800/4757/836 1798/4758/836 1794/4759/836 1796/4760/836
f 2234/4761/840 2232/4762/840 2236/4763/840 2238/4764/840
f 1699/4765/843 1701/4766/843 1700/4767/843 1698/4768/843
f 2218/4769/838 2222/4770/838 2219/4771/838 2215/4772/838
f 1832/4773/843 1834/4774/843 1833/4775/843 1831/4776/843
f 1994/4777/839 1998/4778/839 1997/4779/839 1993/4780/839
f 2443/4781/837 2445/4782/837 2446/4783/837 2444/4784/837
f 1736/3385/836 1734/3480/836 1730/4785/836 1732/3386/836
f 2318/4786/837 2316/4787/837 2315/3590/837 2317/4788/837
f 1858/4789/840 1856/4790/840 1860/4791/840 1862/4792/840
f 2053/4793/836 2051/4794/836 2047/4795/836 2049/4796/836
f 2226/4797/839 2230/4798/839 2229/4799/839 2225/4800/839
f 2109/4801/836 2107/3611/836 2103/3614/836 2105/4802/836
f 2226/4803/840 2224/4804/840 2228/4805/840 2230/4152/840
f 1719/4806/838 1715/4807/838 1714/3709/838 1718/4808/838
f 2521/4190/856 2524/3675/856 2517/3678/856 2515/4187/856
f 1886/4809/837 1884/4810/837 1883/4048/837 1885/4811/837
f 2274/4812/839 2278/4813/839 2277/4814/839 2273/4815/839
f 2264/4816/843 2266/4817/843 2265/4818/843 2263/4819/843
f 2210/4820/839 2214/4821/839 2213/4822/839 2209/4823/839
f 1948/4824/838 1944/4825/838 1943/4826/838 1947/4827/838
f 2142/4115/837 2140/4828/837 2139/4829/837 2141/3621/837
f 2209/4830/843 2215/4831/843 2219/4832/843 2220/4833/857 2208/4834/858 2210/4835/843
f 2108/4836/838 2104/4245/838 2103/4590/838 2107/4589/838
f 2274/4837/840 2272/4838/840 2276/4839/840 2278/4840/840
f 2236/4841/838 2232/4842/838 2231/4843/838 2235/4844/838
f 2229/4845/836 2227/4846/836 2223/4847/836 2225/4848/836
f 1860/4849/838 1856/4850/838 1855/3606/838 1859/4851/838
f 2328/4852/843 2330/4853/843 2329/4854/843 2327/4855/843
f 2242/3660/840 2240/3659/840 2244/4856/840 2246/4857/840
f 2122/4858/839 2126/4859/839 2125/4860/839 2121/4861/839
f 2228/4862/838 2224/4863/838 2223/4864/838 2227/4865/838
f 2451/4866/839 2526/4867/839 2530/4868/839 2452/4869/839
f 2242/4870/839 2246/4448/839 2245/3833/839 2241/4871/839
f 2248/4872/843 2250/4873/843 2249/4874/843 2247/4875/843
f 1962/4876/839 1966/4877/839 1965/4878/839 1961/4879/839
f 1801/4880/837 1799/4881/837 1798/4882/837 1800/4883/837
f 1884/4884/838 1880/4885/838 1879/4886/838 1883/4887/838
f 1707/4888/843 1709/4889/843 1708/4890/843 1706/4891/843
f 2154/4892/839 2158/3729/839 2157/3732/839 2153/4893/839
f 2258/4894/839 2262/4895/839 2261/4896/839 2257/4897/839
f 1992/4898/843 1994/4899/843 1993/4900/843 1991/4901/843
f 2253/4902/836 2251/4903/836 2247/4904/836 2249/4905/836
f 2293/4906/836 2291/4907/836 2287/3566/836 2289/4572/836
f 2523/4908/852 2522/4909/852 2519/4910/852 2518/4911/852
f 2240/4912/843 2242/4913/843 2241/4914/843 2239/4915/843
f 2250/3532/839 2254/4916/839 2253/4917/839 2249/3533/839
f 1965/4918/836 1963/4919/836 1959/4920/836 1961/4921/836
f 1713/4922/837 1711/4923/837 1710/4924/837 1712/4925/837
f 2078/4926/837 2076/4451/837 2075/4927/837 2077/4928/837
f 2258/3888/840 2256/3887/840 2260/3498/840 2262/3497/840
f 2224/4929/843 2226/4930/843 2225/4931/843 2223/4932/843
f 2194/4933/839 2198/4934/839 2197/4935/839 2193/4936/839
f 1705/4937/837 1703/4938/837 1702/4939/837 1704/4940/837
f 2277/4941/836 2275/4942/836 2271/4943/836 2273/4944/836
f 2234/4343/839 2238/4945/839 2237/4946/839 2233/4344/839
f 2014/4947/837 2012/4948/837 2011/4949/837 2013/4950/837
f 2182/4951/837 2180/4952/837 2179/4953/837 2181/4954/837
f 1950/4955/837 1948/4956/837 1947/4957/837 1949/4958/837
f 2276/4959/838 2272/4960/838 2271/4961/838 2275/4962/838
f 2317/4963/836 2315/4964/836 2311/4965/836 2313/4966/836
f 2322/4967/840 2320/4968/840 2324/3547/840 2326/4969/840
f 2320/4970/843 2322/4971/843 2321/4972/843 2319/4973/843
f 2362/4974/840 2360/3585/840 2364/4975/840 2366/4976/840
f 1996/4977/838 1992/4978/838 1991/4979/838 1995/4980/838
f 2094/4981/837 2092/4982/837 2091/4983/837 2093/4962/837
f 2288/4984/843 2290/4985/843 2289/4986/843 2287/4987/843
f 2306/4988/840 2304/4989/840 2308/4990/840 2310/4991/840
f 1727/4992/838 1723/4993/838 1722/4994/838 1726/4995/838
f 2309/4996/836 2307/4997/836 2303/4998/836 2305/4999/836
f 2102/5000/837 2100/5001/837 2099/4708/837 2101/4707/837
f 2298/5002/839 2302/5003/839 2301/5004/839 2297/5005/839
f 2140/5006/838 2136/5007/838 2135/5008/838 2139/5009/838
f 2290/5010/839 2294/5011/839 2293/5012/839 2289/5013/839
f 2260/5014/838 2256/5015/838 2255/5016/838 2259/5017/838
f 2308/5018/838 2304/5019/838 2303/4300/838 2307/4299/838
f 2366/5020/837 2364/5021/837 2363/5022/837 2365/5023/837
f 2370/5024/840 2368/5025/840 2372/5026/840 2374/5027/840
f 2132/5028/838 2128/5029/838 2127/5030/838 2131/5031/838
f 2330/4657/839 2334/4656/839 2333/4161/839 2329/5032/839
f 1753/5033/837 1751/5034/837 1750/5035/837 1752/3644/837
f 2333/5036/836 2331/5037/836 2327/5038/836 2329/5039/836
f 2314/5040/840 2312/5041/840 2316/5042/840 2318/5043/840
f 2312/5044/843 2314/4937/843 2313/3452/843 2311/5045/843
f 2354/5046/839 2358/5047/839 2357/5048/839 2353/5049/839
f 2296/5050/843 2298/5051/843 2297/3734/843 2295/5052/843
f 1878/5053/837 1876/5054/837 1875/5055/837 1877/5056/837
f 2373/5057/836 2371/5058/836 2367/5059/836 2369/5060/836
f 2533/5061/850 2532/5062/850 2529/5063/850 2528/5064/850
f 2280/5065/843 2282/4356/843 2281/5066/843 2279/5067/843
f 1869/5068/836 1867/3387/836 1863/5069/836 1865/5070/836
f 2141/5071/836 2139/5072/836 2135/5073/836 2137/5074/836
f 2425/5075/837 2427/4931/837 2428/5076/837 2426/5077/837
f 2388/5078/838 2384/5079/838 2383/5080/838 2387/5081/838
f 2322/5082/839 2326/5083/839 2325/5084/839 2321/5085/839
f 2157/4536/836 2155/3794/836 2151/5086/836 2153/5087/836
f 2346/5088/840 2344/5089/840 2348/5090/840 2350/5091/840
f 1830/5092/837 1828/5093/837 1827/5094/837 1829/5095/837
f 2340/5096/838 2336/5097/838 2335/5098/838 2339/5099/838
f 2506/5100/840 2439/5101/840 2441/5102/840 2437/5103/840 2505/5104/840 2507/5105/840 2508/5106/840 2509/5107/840
f 2354/4228/840 2352/4084/840 2356/5108/840 2358/4229/840
f 2368/5109/843 2370/5110/843 2369/5111/843 2367/5112/843
f 2346/5113/839 2350/5114/839 2349/5115/839 2345/5116/839
f 2464/5117/836 2461/5118/836 2408/5119/836 2410/5120/836 2412/5121/836 2460/5122/836 2462/5123/836 2463/5124/836
f 1799/5125/838 1795/4862/838 1794/4865/838 1798/5126/838
f 1768/5127/836 1766/5128/836 1762/5129/836 1764/3448/836
f 1962/5130/840 1960/5131/840 1964/5132/840 1966/5133/840
f 2376/5134/843 2378/5135/843 2377/5136/843 2375/5137/843
f 2314/5138/839 2318/5139/839 2317/5140/839 2313/5141/839
f 2495/4741/838 2435/5142/838 2436/5143/838 2501/4742/838
f 1767/5144/838 1763/4314/838 1762/4317/838 1766/5145/838
f 2357/5146/836 2355/5147/836 2351/5148/836 2353/5149/836
f 2338/5150/839 2342/5008/839 2341/3986/839 2337/3985/839
f 2360/5151/843 2362/5152/843 2361/5153/843 2359/5154/843
f 2386/4523/839 2390/5155/839 2389/3957/839 2385/3956/839
f 2269/3380/836 2267/5156/836 2263/5157/836 2265/5158/836
f 1792/5159/836 1790/5160/836 1786/5161/836 1788/5162/836
f 2330/5163/840 2328/5164/840 2332/5165/840 2334/5166/840
f 2402/5167/840 2400/5168/840 2404/5169/840 2406/5170/840
f 2165/5171/836 2163/4574/836 2159/5172/836 2161/5173/836
f 1739/5174/843 1741/5175/843 1740/4282/843 1738/5176/843
f 2406/5177/837 2404/5178/837 2403/5179/837 2405/5180/837
f 1776/3387/836 1774/5181/836 1770/5182/836 1772/5069/836
f 2380/5183/838 2376/3914/838 2375/5184/838 2379/5185/838
f 2370/5186/839 2374/5187/839 2373/5188/839 2369/5189/839
f 2392/5190/843 2394/5191/843 2393/5192/843 2391/5193/843
f 1877/5194/836 1875/5195/836 1871/5196/836 1873/5197/836
f 2398/5198/837 2396/5199/837 2395/5193/837 2397/5200/837
f 2372/5201/838 2368/5202/838 2367/4375/838 2371/4374/838
f 1761/5203/837 1759/5204/837 1758/5205/837 1760/3917/837
f 2190/5206/837 2188/4237/837 2187/4768/837 2189/5207/837
f 2400/5208/843 2402/5209/843 2401/5210/843 2399/5211/843
f 2378/5212/839 2382/5213/839 2381/5214/839 2377/5215/839
f 2382/5216/837 2380/5217/837 2379/3435/837 2381/3434/837
f 2405/5218/836 2403/5219/836 2399/5220/836 2401/5221/836
f 2325/5222/836 2323/5223/836 2319/4964/836 2321/5224/836
f 2180/5185/838 2176/5184/838 2175/5225/838 2179/5226/838
f 2524/5227/836 2521/5228/836 2444/5229/836 2446/5230/836 2448/5231/836 2520/5232/836 2522/5233/836 2523/5234/836
f 2173/5235/836 2171/4496/836 2167/3517/836 2169/5236/836
f 1893/5237/836 1891/5238/836 1887/5239/836 1889/5240/836
f 2492/4673/859 2489/4672/859 2488/5241/859 2493/5242/859
f 2045/5243/836 2043/5244/836 2039/5245/836 2041/5246/836
f 2358/5247/837 2356/5248/837 2355/5249/837 2357/5250/837
f 2522/4909/860 2520/5251/860 2516/5252/860 2519/4910/860
f 1910/5253/837 1908/5254/837 1907/5255/837 1909/5256/837
f 2525/4715/861 2531/4718/861 2534/4149/861 2527/4148/861
f 1844/5257/838 1840/4927/838 1839/5258/838 1843/5259/838
f 2181/5260/836 2179/5261/836 2175/5262/836 2177/5263/836
f 1822/5264/837 1820/5265/837 1819/5266/837 1821/5267/837
f 1932/3847/838 1928/5268/838 1927/5269/838 1931/3848/838
f 2022/5270/837 2020/5271/837 2019/5272/837 2021/5273/837
f 1745/4042/837 1743/5274/837 1742/5275/837 1744/5276/837
f 2453/5277/843 2451/4277/843 2452/4280/843 2454/5278/843
f 1954/5279/840 1952/5280/840 1956/5281/840 1958/5282/840
f 2196/4188/838 2192/4933/838 2191/4936/838 2195/4189/838
f 2429/5283/839 2425/5284/839 2426/5285/839 2430/5286/839
f 2389/5287/836 2387/5288/836 2383/5289/836 2385/5290/836
f 2217/5291/839 2216/5292/839 2220/5293/839 2221/4772/839
f 2266/5160/840 2264/5294/840 2268/5295/840 2270/5296/840
f 1986/5297/840 1984/5298/840 1988/5299/840 1990/5300/840
f 2125/5301/836 2123/5302/836 2119/5303/836 2121/5304/836
f 2396/5305/838 2392/5306/838 2391/5307/838 2395/5308/838
f 2447/5309/843 2516/5252/843 2520/5251/843 2448/5310/843
f 2086/5311/837 2084/5312/837 2083/5313/837 2085/5314/837
f 2487/3365/862 2485/4635/862 2491/4638/862 2494/3366/862
f 2461/4410/863 2464/5315/863 2457/5316/863 2455/4407/863
f 2038/5317/837 2036/5318/837 2035/5319/837 2037/5320/837
f 2464/5315/846 2463/5321/846 2458/5322/846 2457/5316/846
f 1731/5323/843 1733/5324/843 1732/5325/843 1730/5326/843
f 1909/5327/836 1907/5328/836 1903/5329/836 1905/5330/836
f 2483/5331/854 2482/5332/854 2479/5333/854 2478/5334/854
f 2062/5335/837 2060/3623/837 2059/3626/837 2061/5336/837
f 2462/4640/864 2460/4621/865 2456/4620/864 2459/4641/865
f 2475/3407/838 2423/5337/838 2424/4372/838 2481/3404/838
f 1928/3458/843 1930/3457/843 1929/3643/843 1927/5338/843
f 2211/5339/838 2212/5340/838 2208/5341/838 2207/4821/838
f 2417/5342/839 2413/5343/839 2414/5344/839 2418/4520/839
f 2426/5345/836 2428/5346/836 2490/5347/836 2492/5348/836 2493/5349/836 2494/5350/836 2491/5351/836 2430/5352/836
f 2511/5353/861 2514/4334/861 2507/4337/861 2505/5354/861
f 2482/5332/866 2480/4570/867 2476/4569/867 2479/5333/867
f 1916/5355/838 1912/5356/838 1911/5357/838 1915/5358/838
f 2205/4724/836 2203/5359/836 2199/4146/836 2201/5360/836
f 2502/4687/867 2500/5361/867 2496/5362/867 2499/4688/867
f 2513/5363/836 2514/5364/836 2511/5365/836 2438/5366/836 2442/5367/836 2440/5368/836 2510/5369/836 2512/5370/836
f 2130/5371/840 2128/5372/840 2132/5373/840 2134/5374/840
f 1812/5375/838 1808/5376/838 1807/5377/838 1811/5378/838
f 2397/5379/836 2395/5380/836 2391/5381/836 2393/5382/836
f 2468/5383/841 2467/4733/841 2474/4736/841 2473/5384/841
f 2439/5385/839 2506/5386/839 2510/5387/839 2440/5388/839
f 1882/5389/840 1880/5390/840 1884/5391/840 1886/4993/840
f 2326/5392/837 2324/5393/837 2323/5394/837 2325/5395/837
f 1725/5396/839 1729/5397/839 1728/5398/839 1724/5399/839
f 2431/5400/837 2496/5362/837 2500/5361/837 2432/5401/837
f 2484/3405/868 2483/5402/868 2478/5403/868 2477/3406/868
f 2407/5404/837 2409/4297/837 2410/5405/837 2408/5406/837
f 2504/4743/868 2503/5407/868 2498/5408/868 2497/4744/868
f 2449/5409/840 2525/5410/840 2527/5411/840 2528/5412/840 2529/5413/840 2526/5414/840 2451/5415/840 2453/5416/840
f 2186/5417/839 2190/5418/839 2189/5419/839 2185/5420/839
f 1900/5421/838 1896/5422/838 1895/5423/838 1899/5424/838
f 2480/5425/836 2482/5426/836 2483/5427/836 2484/5428/836 2481/5429/836 2424/5430/836 2422/5431/836 2420/5432/836
f 2186/5433/840 2184/5434/840 2188/5435/840 2190/5436/840
f 2290/4968/840 2288/5437/840 2292/5438/840 2294/3547/840
f 1749/5439/840 1747/5440/840 1751/5441/840 1753/5442/840
f 2268/5443/838 2264/5444/838 2263/5445/838 2267/5446/838
f 2216/5447/869 2207/5448/870 2220/4833/857
f 2207/5448/870 2208/4834/858 2220/4833/857
f 1725/5390/840 1723/5449/840 1727/5450/840 1729/5391/840
f 2212/3671/844 2211/5451/871 2221/3672/845
f 2211/5451/871 2217/5452/872 2221/3672/845
f 2285/5453/836 2283/5454/836 2279/3927/836 2281/5455/836
f 1810/5456/839 1814/5457/839 1813/5458/839 1809/5459/839
f 2500/5460/836 2502/5461/836 2503/5462/836 2504/5463/836 2501/5464/836 2436/5465/836 2434/5466/836 2432/5467/836
f 1820/5468/838 1816/3942/838 1815/3945/838 1819/5469/838
f 2532/5062/873 2530/4868/873 2526/4867/873 2529/5063/873
f 2282/5470/840 2280/5471/840 2284/5472/840 2286/5473/840
f 2455/5474/840 2457/5475/840 2458/5476/840 2459/5477/840 2456/5478/840 2411/5479/840 2409/4157/840 2407/5480/840
f 2390/5481/837 2388/5482/837 2387/5483/837 2389/5484/837
f 2433/5485/839 2431/4977/839 2432/4980/839 2434/5486/839
f 2421/5487/840 2423/5488/840 2475/5489/840 2477/5490/840 2478/5491/840 2479/5492/840 2476/5493/840 2419/5494/840
f 2336/5495/843 2338/5451/843 2337/4954/843 2335/4953/843
f 2156/5496/838 2152/5497/838 2151/5498/838 2155/5499/838
f 2449/5500/838 2453/5501/838 2454/5502/838 2450/5503/838
f 2487/5504/840 2488/5505/840 2489/5506/840 2486/5507/840 2427/5508/840 2425/5509/840 2429/5510/840 2485/5511/840
f 1837/5512/836 1835/5513/836 1831/5514/836 1833/5515/836
f 2433/5516/840 2435/5517/840 2495/5518/840 2497/5519/840 2498/5520/840 2499/5521/840 2496/5522/840 2431/5523/840
f 2409/5259/838 2411/5258/838 2412/5524/838 2410/5525/838
f 1902/5526/837 1900/5527/837 1899/5528/837 1901/5529/837
f 2298/5530/840 2296/5531/840 2300/5532/840 2302/5533/840
f 2300/5534/838 2296/5535/838 2295/5536/838 2299/5537/838
f 2301/4496/836 2299/5538/836 2295/5539/836 2297/5540/836
f 2515/5541/840 2517/5542/840 2518/5543/840 2519/5544/840 2516/5545/840 2447/3557/840 2445/5546/840 2443/5547/840
f 1777/5548/837 1775/5549/837 1774/5550/837 1776/5551/837
f 2505/5354/837 2437/5552/837 2438/5553/837 2511/5353/837
f 1984/5554/843 1986/3475/843 1985/4604/843 1983/5555/843
f 2016/4092/843 2018/5556/843 2017/5557/843 2015/5558/843
f 1906/4456/839 1910/5559/839 1909/5560/839 1905/4457/839
f 1922/5561/839 1926/5562/839 1925/5563/839 1921/5564/839
f 1922/5565/840 1920/5566/840 1924/4212/840 1926/5567/840
f 2536/5568/843 2538/5569/843 2537/5570/843 2535/5205/843
f 2549/3379/836 2547/3378/836 2543/5571/836 2545/5572/836
f 2538/3943/839 2542/4820/839 2541/4823/839 2537/3944/839
f 2544/5573/843 2546/5574/843 2545/5575/843 2543/5576/843
f 2008/5577/843 2010/5578/843 2009/5579/843 2007/5580/843
f 2000/5318/843 2002/5317/843 2001/5581/843 1999/5582/843
f 2548/5583/838 2544/5584/838 2543/5585/838 2547/5586/838
f 1824/5067/843 1826/5587/843 1825/5202/843 1823/5588/843
f 1805/5589/843 1803/5590/843 1804/5591/843 1806/5592/843
f 2512/4347/874 2510/5387/874 2506/5386/874 2509/4348/874
