# Blender 4.5.3 LTS
# www.blender.org
mtllib purse2.mtl
o Plane
v 0.057908 -0.966593 0.691548
v 0.000202 -1.577159 0.760108
v 0.000301 -1.711710 0.734648
v 0.134380 -1.781761 0.664381
v -0.117185 -1.818669 0.388230
v 0.053239 -0.781364 -0.648791
v 0.134910 -1.712378 0.535594
v 0.064378 -0.886148 0.535279
v 0.121859 -1.576996 0.500597
v 0.086858 -1.334926 0.739099
v 0.067428 -1.135861 0.525314
v 0.067291 -1.145569 0.295712
v 0.121846 -1.576929 -0.516545
v 0.064379 -0.886881 -0.554088
v 0.067409 -1.133234 -0.641935
v 0.063111 -0.816185 0.655293
v 0.064345 -0.821935 0.637176
v 0.064207 -0.816171 0.649315
v 0.119580 -1.813660 0.540183
v 0.109573 -1.577102 0.759415
v 0.067338 -1.131016 0.710412
v 0.063309 -0.957216 0.688668
v 0.134475 -1.771467 0.432909
v 0.058564 -0.757926 -0.642869
v 0.064270 -0.816323 -0.659804
v 0.133239 -1.790152 -0.559751
v 0.135497 -1.708780 -0.703803
v 0.136147 -1.761044 -0.650531
v 0.133332 -1.784850 -0.095690
v 0.131501 -1.814866 -0.107694
v 0.130940 -1.817244 -0.159789
v 0.064377 -0.972525 0.671531
v 0.137208 -1.778648 0.663899
v 0.136900 -1.770777 -0.671948
v 0.132550 -1.806973 -0.558787
v 0.121745 -1.576959 -0.763823
v 0.135497 -1.711377 -0.740728
v -0.080636 -0.782336 -0.647814
v -0.148758 -1.813654 -0.558408
v -0.014237 -1.577172 -0.771051
v -0.013854 -1.711662 -0.745617
v -0.163234 -1.781504 -0.674834
v -0.137749 -1.710958 0.546754
v -0.067995 -0.886116 0.535559
v -0.125732 -1.577089 0.498942
v -0.066807 -1.013591 0.589450
v -0.095563 -1.335589 0.266901
v -0.071258 -1.135351 0.515133
v -0.071861 -0.957947 0.339421
v -0.146001 -1.713424 0.120175
v -0.151959 -1.713039 -0.160558
v -0.139679 -1.576897 -0.175207
v -0.086371 -0.949888 -0.376609
v -0.109693 -1.335295 -0.467954
v -0.159303 -1.711443 -0.564620
v -0.088649 -0.997762 -0.555322
v -0.112316 -1.335003 -0.618218
v -0.091997 -1.133603 -0.578771
v -0.064085 -0.816186 0.656523
v -0.065219 -0.816172 0.650566
v -0.122668 -1.813648 0.540736
v -0.137915 -1.769927 0.660337
v -0.108415 -1.577032 0.761529
v -0.090305 -0.828115 -0.641048
v -0.084805 -0.757927 -0.641383
v -0.090609 -0.816323 -0.658306
v -0.094896 -1.131661 -0.718255
v -0.115034 -1.335492 -0.750413
v -0.149958 -1.576969 -0.746010
v -0.163295 -1.710069 -0.724381
v -0.162513 -1.755086 -0.652268
v -0.152268 -1.809095 -0.365449
v -0.150746 -1.772923 -0.139692
v -0.148717 -1.814971 -0.164563
v -0.147970 -1.817325 -0.144459
v -0.156984 -1.806918 -0.558329
v -0.150098 -1.577036 -0.761085
v 0.057970 -0.772946 0.637918
v -0.059557 -0.772946 0.639154
v -0.069382 -0.517156 -0.550272
v 0.040464 -0.555623 0.552086
v -0.044287 -0.556197 0.553537
v -0.050408 -0.243584 -0.431558
v 0.023290 -0.277974 0.441544
v -0.031000 -0.277976 0.442766
v -0.043971 0.036027 -0.296336
v 0.021022 0.028412 0.271392
v -0.031069 0.028391 0.272638
v -0.036155 0.224014 -0.023407
v -0.037326 0.186609 0.124165
v -0.043629 0.181339 -0.161053
v 0.000525 -1.733125 0.721607
v 0.000300 -1.621957 0.757565
v 0.000340 -1.657979 0.752540
v 0.000284 -1.687216 0.744923
v -0.055143 -0.883355 0.673452
v -0.013108 -1.733062 -0.732608
v -0.012396 -1.751790 -0.716823
v -0.008657 -1.767976 -0.698221
v -0.014237 -1.621908 -0.768504
v -0.014172 -1.657861 -0.763454
v -0.014103 -1.687148 -0.755876
v -0.118501 -1.395326 -0.764520
v 0.092513 -1.459548 -0.770147
v -0.014229 -1.522772 -0.771265
v 0.061661 -1.158132 -0.739527
v -0.093196 -1.224190 -0.747751
v 0.127537 -1.792893 -0.653224
v -0.143740 -1.808897 -0.593124
v 0.128432 -1.816405 -0.519900
v 0.129037 -1.818036 -0.476205
v 0.128189 -1.657850 -0.764067
v 0.058608 -0.837624 -0.667106
v 0.063557 -0.923048 -0.691921
v 0.121544 -1.801952 -0.625401
v 0.120139 -1.808820 -0.594195
v 0.052125 -0.828658 0.658927
v 0.133687 -1.687471 0.516225
v 0.131408 -1.657984 0.517028
v 0.127592 -1.621833 0.509801
v 0.065716 -1.096446 0.534988
v 0.064764 -1.052948 0.579810
v 0.064430 -1.020091 0.572911
v 0.079848 -1.278311 0.481653
v 0.074309 -1.225942 0.522088
v 0.070218 -1.178009 0.550464
v 0.134790 -1.712639 0.436350
v 0.067428 -1.141786 0.421839
v 0.065584 -1.117113 0.291385
v 0.064709 -1.094040 0.298647
v 0.074275 -1.226953 0.332269
v 0.134767 -1.712996 0.125380
v 0.064379 -1.073949 0.245479
v 0.086925 -1.335302 -0.505202
v 0.067249 -1.147758 0.117935
v 0.065610 -1.122541 0.034298
v 0.064737 -1.103657 0.010774
v 0.064423 -1.089831 0.125932
v 0.095554 -1.397438 -0.754365
v 0.133629 -1.687820 -0.008258
v 0.131382 -1.658103 -0.012569
v 0.127545 -1.621587 -0.411595
v 0.070101 -1.183181 -0.060832
v 0.134657 -1.713193 -0.089833
v 0.064379 -1.076080 -0.112279
v 0.067326 -1.147638 -0.111158
v 0.079858 -1.278352 -0.440970
v 0.074195 -1.226580 -0.094974
v 0.065594 -1.120342 -0.100593
v 0.064716 -1.098056 -0.131901
v 0.064420 -1.085621 -0.115656
v 0.134581 -1.712655 -0.465601
v 0.067325 -1.144597 -0.230853
v 0.067381 -1.139955 -0.384082
v 0.065651 -1.103442 -0.403215
v 0.064789 -1.067884 -0.470350
v 0.064444 -1.030303 -0.552861
v 0.074322 -1.226340 -0.449824
v 0.070187 -1.179849 -0.404685
v 0.133567 -1.687538 -0.466423
v 0.131343 -1.657716 -0.528967
v 0.134722 -1.712229 -0.561897
v 0.067383 -1.135703 -0.512987
v 0.114004 -1.522082 -0.600981
v 0.104465 -1.457977 -0.756062
v 0.070205 -1.177802 -0.605053
v 0.065696 -1.091237 -0.659117
v 0.133655 -1.686498 -0.595627
v 0.127660 -1.621564 -0.674218
v 0.064322 -0.966485 0.681236
v 0.064311 -0.817593 0.644155
v 0.064270 -0.816357 0.647113
v 0.064159 -0.903985 0.671707
v 0.064022 -1.005652 0.696703
v 0.063791 -0.816181 0.654290
v 0.063847 -0.914665 0.677991
v 0.062526 -0.906987 0.677518
v 0.133894 -1.804993 0.539655
v 0.134701 -1.801033 0.578155
v 0.135582 -1.795735 0.608987
v 0.136567 -1.788757 0.640733
v 0.135559 -1.798566 0.613015
v 0.134475 -1.805352 0.578364
v 0.133576 -1.809855 0.539521
v 0.137049 -1.780730 0.664411
v 0.136338 -1.791739 0.640243
v 0.135198 -1.801028 0.612339
v 0.134107 -1.807765 0.579688
v 0.133157 -1.812502 0.541657
v 0.133265 -1.792963 0.640090
v 0.121765 -1.802033 0.611756
v 0.120527 -1.808841 0.578918
v 0.135493 -1.711307 0.728052
v 0.137249 -1.750259 0.701218
v 0.137453 -1.765655 0.684064
v 0.135161 -1.711559 0.732188
v 0.136311 -1.732820 0.719445
v 0.137054 -1.751290 0.703911
v 0.137306 -1.767230 0.685569
v 0.132423 -1.711708 0.733678
v 0.133603 -1.733094 0.720684
v 0.134174 -1.751789 0.704958
v 0.134467 -1.767945 0.686317
v 0.121709 -1.576972 0.752385
v 0.121257 -1.577218 0.757979
v 0.126994 -1.621972 0.755414
v 0.130901 -1.657977 0.750385
v 0.133509 -1.687140 0.742306
v 0.114409 -1.621884 0.756872
v 0.117726 -1.657910 0.751850
v 0.130769 -1.687219 0.743935
v 0.103990 -1.454629 0.740521
v 0.095487 -1.397634 0.746200
v 0.086500 -1.336279 0.747836
v 0.095471 -1.400663 0.752775
v 0.105084 -1.466098 0.756524
v 0.113524 -1.523152 0.758211
v 0.082551 -1.335174 0.749393
v 0.090586 -1.397440 0.754212
v 0.095996 -1.461688 0.757732
v 0.102788 -1.522500 0.759628
v 0.067179 -1.130650 0.716392
v 0.069996 -1.176315 0.723781
v 0.079579 -1.277770 0.738270
v 0.066814 -1.131078 0.721068
v 0.069641 -1.176805 0.728443
v 0.073809 -1.225428 0.735005
v 0.079363 -1.279905 0.742592
v 0.065009 -1.103640 0.717260
v 0.071676 -1.211956 0.734651
v 0.073807 -1.277926 0.743642
v 0.065629 -1.088138 0.701449
v 0.064274 -1.005600 0.692671
v 0.064592 -1.045717 0.700731
v 0.065507 -1.087162 0.707567
v 0.064271 -1.045697 0.705327
v 0.065170 -1.087608 0.712994
v 0.061622 -1.108442 0.718979
v 0.132942 -1.807729 0.375645
v 0.133049 -1.808454 0.441945
v 0.132954 -1.812778 0.494347
v 0.132710 -1.811778 0.385580
v 0.132503 -1.814481 0.420559
v 0.132546 -1.815330 0.491758
v 0.131916 -1.817332 0.436859
v 0.129600 -1.816409 0.495204
v 0.118327 -1.818097 0.446109
v 0.132782 -1.805995 0.104927
v 0.132338 -1.814417 0.190161
v 0.131928 -1.816689 0.129230
v 0.132374 -1.812271 0.096956
v 0.130718 -1.818008 0.383335
v 0.131940 -1.817328 0.283297
v 0.133503 -1.803568 -0.592617
v 0.134834 -1.797951 -0.627443
v 0.136022 -1.789376 -0.653497
v 0.136929 -1.778887 -0.676783
v 0.132035 -1.811883 -0.560910
v 0.133068 -1.807673 -0.595444
v 0.134336 -1.801075 -0.625857
v 0.135761 -1.791966 -0.653185
v 0.136738 -1.780899 -0.677216
v 0.128953 -1.813525 -0.559150
v 0.064309 -0.817671 -0.656749
v 0.064343 -0.822220 -0.649882
v 0.064362 -0.972056 -0.691854
v 0.064281 -1.003997 -0.704334
v 0.064269 -0.891236 -0.678623
v 0.063970 -0.815823 -0.664128
v 0.064151 -0.816154 -0.662624
v 0.064129 -1.005129 -0.707711
v 0.063897 -0.943353 -0.695856
v 0.060674 -0.787970 -0.654105
v 0.062076 -0.804549 -0.660535
v 0.062949 -0.811922 -0.663514
v 0.063690 -0.983888 -0.705921
v 0.062007 -0.964319 -0.702198
v 0.061325 -0.885892 -0.681694
v 0.064433 -1.009051 -0.698761
v 0.064703 -1.046013 -0.709615
v 0.065610 -1.087510 -0.716415
v 0.065369 -1.087174 -0.722944
v 0.064491 -1.045411 -0.715181
v 0.066997 -1.130767 -0.731856
v 0.065047 -1.087914 -0.726259
v 0.064186 -1.045840 -0.718201
v 0.066697 -1.131158 -0.733870
v 0.063313 -1.090618 -0.727978
v 0.062181 -1.044562 -0.719450
v 0.079529 -1.277754 -0.751457
v 0.074008 -1.225080 -0.744869
v 0.069918 -1.176338 -0.737760
v 0.086490 -1.335430 -0.759346
v 0.079292 -1.278480 -0.754470
v 0.073739 -1.225587 -0.747890
v 0.069631 -1.176700 -0.740791
v 0.086595 -1.338446 -0.760893
v 0.082148 -1.333417 -0.761665
v 0.075770 -1.276212 -0.755808
v 0.072074 -1.223089 -0.749009
v 0.095550 -1.398669 -0.760514
v 0.121303 -1.577019 -0.770205
v 0.113221 -1.519764 -0.769493
v 0.095215 -1.398184 -0.764245
v 0.115772 -1.576961 -0.771647
v 0.108460 -1.522226 -0.771840
v 0.135116 -1.711464 -0.745088
v 0.130959 -1.657860 -0.762404
v 0.128730 -1.711654 -0.746247
v 0.126791 -1.687142 -0.756540
v 0.121131 -1.621842 -0.769106
v 0.137338 -1.765777 -0.696924
v 0.137219 -1.750385 -0.714002
v 0.136596 -1.732255 -0.728410
v 0.137160 -1.767376 -0.698420
v 0.136994 -1.751287 -0.716786
v 0.136304 -1.732685 -0.732282
v 0.130580 -1.767920 -0.698876
v 0.130743 -1.751765 -0.717479
v 0.129873 -1.733050 -0.733255
v 0.132057 -1.806641 -0.517531
v 0.131709 -1.809226 -0.470253
v 0.131318 -1.813707 -0.463334
v 0.130942 -1.816250 -0.501784
v 0.131819 -1.809375 -0.225529
v 0.131835 -1.811518 -0.106921
v 0.118465 -1.818627 -0.428359
v 0.135358 -1.732499 0.544695
v 0.135335 -1.751215 0.543023
v 0.135094 -1.767467 0.550563
v 0.134919 -1.755036 0.175800
v 0.135106 -1.735322 0.167802
v 0.135055 -1.708989 0.614153
v 0.135302 -1.706358 0.678493
v 0.121998 -1.577145 0.733345
v 0.067357 -1.131906 0.603784
v 0.134282 -1.772093 0.077785
v 0.134501 -1.755565 -0.163640
v 0.135208 -1.707837 -0.673836
v 0.135027 -1.708951 -0.642307
v 0.134850 -1.710260 -0.605518
v 0.134998 -1.733169 -0.563490
v 0.134757 -1.752105 -0.561837
v 0.134231 -1.767979 -0.560359
v 0.134759 -1.734942 -0.466004
v 0.134391 -1.754436 -0.468039
v 0.086899 -1.335447 -0.752469
v 0.122067 -1.577924 -0.743505
v 0.064378 -0.904785 0.493414
v 0.064378 -0.923421 0.445344
v 0.064378 -0.941371 0.393278
v 0.064379 -0.984872 0.231012
v 0.064379 -0.994728 0.175170
v 0.064379 -1.006199 0.056016
v 0.064379 -1.007401 -0.007172
v 0.064379 -1.005306 -0.071504
v 0.064379 -0.990584 -0.199516
v 0.064379 -0.934686 -0.428449
v 0.064379 -0.919209 -0.475637
v 0.064379 -0.903319 -0.517680
v 0.135582 -1.763986 0.587398
v 0.135994 -1.772870 0.615362
v 0.136566 -1.757562 0.640921
v 0.137331 -1.758621 0.675406
v 0.136394 -1.738143 0.650614
v 0.135968 -1.722625 0.659993
v 0.133877 -1.684142 0.678028
v 0.131541 -1.657000 0.667790
v 0.127665 -1.621179 0.675062
v 0.114309 -1.523805 0.737476
v 0.095422 -1.396381 0.734941
v 0.079759 -1.277694 0.731123
v 0.074227 -1.225111 0.727602
v 0.070152 -1.176585 0.718134
v 0.064742 -1.047165 0.695093
v 0.064414 -1.008313 0.686773
v 0.134696 -1.770285 0.502207
v 0.134393 -1.773057 0.193734
v 0.135362 -1.772636 -0.627058
v 0.134657 -1.771695 -0.597245
v 0.064803 -1.049833 -0.698431
v 0.074308 -1.225853 -0.738492
v 0.133924 -1.685060 -0.692037
v 0.136427 -1.728831 -0.695756
v 0.136850 -1.744402 -0.686356
v 0.137220 -1.759004 -0.687002
v 0.133749 -1.773393 -0.528327
v 0.133707 -1.771590 -0.468131
v 0.133799 -1.773952 -0.164891
v 0.133634 -1.787731 0.100037
v 0.064378 -0.868233 0.569250
v 0.064376 -0.851896 0.595691
v 0.064370 -0.838031 0.615481
v 0.064371 -0.839387 -0.628194
v 0.064376 -0.853729 -0.609105
v 0.064379 -0.869996 -0.584504
v 0.064379 -0.957947 0.339421
v 0.064379 -1.001906 0.117033
v 0.064379 -0.999708 -0.135949
v 0.064379 -0.949888 -0.376609
v 0.134339 -1.790050 0.542239
v 0.137116 -1.769806 0.657863
v 0.135550 -1.708450 0.715196
v 0.064383 -0.975980 -0.686878
v 0.067321 -1.130717 -0.724842
v 0.135569 -1.708906 -0.728722
v 0.131691 -1.809347 -0.423756
v 0.132137 -1.807004 -0.108389
v 0.126567 -1.781591 -0.677711
v -0.140909 -1.816614 -0.519472
v -0.161409 -1.767958 -0.696121
v -0.147081 -1.657888 -0.761608
v -0.085546 -0.838878 -0.666095
v -0.089213 -0.925739 -0.691141
v -0.147974 -1.793029 -0.650990
v -0.060095 -0.952068 0.689533
v -0.065070 -1.173084 0.730780
v -0.068088 -0.938508 0.526999
v -0.134673 -1.657670 0.525430
v -0.131351 -1.621866 0.502421
v -0.069386 -1.096400 0.525508
v -0.068023 -1.028753 0.533029
v -0.083439 -1.277899 0.523270
v -0.077313 -1.225613 0.555567
v -0.074135 -1.178007 0.508847
v -0.139089 -1.712385 0.471137
v -0.069959 -0.958154 0.436345
v -0.068885 -1.011677 0.487763
v -0.072599 -1.139115 0.446441
v -0.074466 -1.143398 0.347588
v -0.124225 -1.522863 0.179910
v -0.104782 -1.403256 0.273271
v -0.073004 -1.113135 0.335054
v -0.072862 -1.093939 0.300712
v -0.072768 -1.076596 0.290314
v -0.089034 -1.277397 0.233867
v -0.081465 -1.225465 0.336385
v -0.144038 -1.712873 0.213101
v -0.074718 -1.037123 0.199223
v -0.132118 -1.577155 0.170952
v -0.074715 -1.074306 0.196676
v -0.098197 -1.334878 0.137432
v -0.076498 -1.147304 0.247665
v -0.079004 -1.148714 0.132441
v -0.077343 -1.122378 0.131627
v -0.077174 -1.103439 0.103369
v -0.076765 -1.088243 0.107254
v -0.107190 -1.401377 0.144831
v -0.076646 -1.050304 0.114717
v -0.144964 -1.688058 0.118225
v -0.141528 -1.658200 0.172019
v -0.091733 -1.277621 0.112712
v -0.085253 -1.227025 0.156640
v -0.081744 -1.183781 0.134035
v -0.150018 -1.712927 -0.061598
v -0.079676 -1.050992 -0.008508
v -0.081179 -1.047672 -0.071660
v -0.137357 -1.577167 -0.057924
v -0.080771 -1.087350 -0.057786
v -0.103729 -1.335171 -0.096929
v -0.084626 -1.147941 -0.103645
v -0.098032 -1.277908 -0.163659
v -0.092598 -1.226739 -0.164911
v -0.088614 -1.182482 -0.167806
v -0.130433 -1.522108 -0.096003
v -0.113768 -1.402288 -0.139452
v -0.082573 -1.041139 -0.135774
v -0.151187 -1.687789 -0.172895
v -0.149009 -1.658070 -0.172880
v -0.145298 -1.621827 -0.173676
v -0.084250 -1.117387 -0.171007
v -0.083449 -1.096023 -0.171598
v -0.082500 -1.082259 -0.137741
v -0.155131 -1.713090 -0.361930
v -0.083769 -1.030810 -0.199362
v -0.084766 -1.018067 -0.260810
v -0.143296 -1.576521 -0.409504
v -0.083648 -1.074416 -0.200140
v -0.084648 -1.065798 -0.262311
v -0.085761 -1.039495 -0.339413
v -0.106245 -1.335628 -0.230470
v -0.087014 -1.144284 -0.234707
v -0.089048 -1.138751 -0.379705
v -0.136237 -1.524776 -0.425406
v -0.118444 -1.403378 -0.425427
v -0.087300 -1.103445 -0.375167
v -0.085743 -1.057686 -0.337142
v -0.085828 -0.992697 -0.334607
v -0.102757 -1.277762 -0.477991
v -0.097387 -1.226068 -0.483723
v -0.090743 -1.179255 -0.308177
v -0.154171 -1.687684 -0.364088
v -0.152017 -1.657989 -0.365400
v -0.148943 -1.621573 -0.407015
v -0.156330 -1.712935 -0.428615
v -0.157829 -1.712198 -0.501351
v -0.088002 -0.952374 -0.507863
v -0.147453 -1.577367 -0.611686
v -0.087888 -1.029144 -0.503932
v -0.090909 -1.135952 -0.509288
v -0.088669 -0.886969 -0.553631
v -0.137663 -1.520357 -0.532225
v -0.105369 -1.277715 -0.628256
v -0.099720 -1.225428 -0.622424
v -0.094049 -1.178280 -0.532820
v -0.090247 -1.092967 -0.577191
v -0.089353 -1.055267 -0.577014
v -0.088960 -1.023236 -0.572200
v -0.159016 -1.686983 -0.599194
v -0.156727 -1.657893 -0.597983
v -0.153115 -1.621312 -0.611420
v -0.064763 -0.960464 0.680249
v -0.065217 -0.882687 0.657071
v -0.065591 -0.820971 0.639829
v -0.065433 -0.817599 0.645371
v -0.065326 -0.816358 0.648357
v -0.064890 -0.901672 0.670101
v -0.064341 -1.005338 0.695431
v -0.064668 -0.907930 0.674511
v -0.064703 -0.816166 0.655617
v -0.064309 -0.919473 0.680151
v -0.063826 -0.939019 0.685674
v -0.062819 -0.912521 0.680084
v -0.136866 -1.804487 0.538253
v -0.136960 -1.799822 0.577971
v -0.137887 -1.778683 0.666112
v -0.137648 -1.789433 0.642926
v -0.137131 -1.798847 0.613917
v -0.136843 -1.803350 0.579442
v -0.136606 -1.808906 0.540630
v -0.137720 -1.780682 0.666709
v -0.137319 -1.792108 0.642339
v -0.136807 -1.800983 0.613818
v -0.136406 -1.807551 0.581207
v -0.136120 -1.812415 0.542486
v -0.135026 -1.781492 0.667133
v -0.124479 -1.792871 0.642235
v -0.124057 -1.801922 0.613395
v -0.123167 -1.808815 0.579836
v -0.134967 -1.711307 0.730669
v -0.137237 -1.750257 0.703817
v -0.137763 -1.765644 0.686544
v -0.134556 -1.711559 0.734797
v -0.135951 -1.732820 0.722073
v -0.136990 -1.751290 0.706508
v -0.137589 -1.767241 0.688020
v -0.131777 -1.711697 0.736244
v -0.133206 -1.733066 0.723282
v -0.134220 -1.751745 0.707507
v -0.135161 -1.767892 0.688666
v -0.120715 -1.576972 0.754731
v -0.120155 -1.577218 0.760315
v -0.125941 -1.621972 0.757861
v -0.129944 -1.657977 0.752908
v -0.132708 -1.687140 0.744882
v -0.113311 -1.621851 0.759080
v -0.116741 -1.657893 0.754123
v -0.129926 -1.687210 0.746465
v -0.095036 -1.400582 0.748108
v -0.085601 -1.336278 0.749501
v -0.094475 -1.400664 0.754612
v -0.104014 -1.466098 0.758547
v -0.112419 -1.523152 0.760397
v -0.081715 -1.335214 0.750968
v -0.089744 -1.397505 0.755927
v -0.093868 -1.461137 0.759633
v -0.102816 -1.522763 0.761528
v -0.066892 -1.130650 0.717689
v -0.069566 -1.176316 0.725131
v -0.078867 -1.277770 0.739803
v -0.066437 -1.131079 0.722357
v -0.069152 -1.176577 0.729428
v -0.073161 -1.225429 0.736427
v -0.078567 -1.279906 0.744120
v -0.068068 -1.225135 0.738426
v -0.073155 -1.277476 0.744977
v -0.064636 -1.006770 0.690002
v -0.064462 -1.045707 0.704088
v -0.065390 -1.087151 0.708846
v -0.063979 -1.004533 0.698724
v -0.064102 -1.045650 0.706976
v -0.064906 -1.087819 0.714711
v -0.139173 -1.807304 0.368794
v -0.137945 -1.806468 0.441851
v -0.136961 -1.810442 0.495712
v -0.137615 -1.811550 0.445290
v -0.138801 -1.812236 0.373202
v -0.136357 -1.815439 0.496359
v -0.137498 -1.816453 0.418836
v -0.136885 -1.817507 0.429278
v -0.121822 -1.816604 0.495753
v -0.132747 -1.818274 0.431835
v -0.142558 -1.812845 0.170778
v -0.143330 -1.817657 0.085402
v -0.163479 -1.770772 -0.669197
v -0.158655 -1.803961 -0.592828
v -0.160535 -1.797731 -0.624047
v -0.162295 -1.789780 -0.651777
v -0.163612 -1.779329 -0.674476
v -0.156469 -1.812155 -0.560590
v -0.158182 -1.807778 -0.594177
v -0.160218 -1.800785 -0.624547
v -0.161921 -1.792189 -0.651209
v -0.151969 -1.802073 -0.623709
v -0.090587 -0.817675 -0.655267
v -0.090493 -0.821104 -0.650108
v -0.091484 -1.003914 -0.702623
v -0.090983 -0.902718 -0.681826
v -0.090383 -0.815850 -0.662535
v -0.090544 -0.816155 -0.661124
v -0.091359 -1.005711 -0.707189
v -0.090923 -0.923047 -0.689115
v -0.090630 -0.910370 -0.687011
v -0.086910 -0.787974 -0.652662
v -0.088349 -0.804570 -0.658975
v -0.089280 -0.811922 -0.662024
v -0.090516 -0.961305 -0.699898
v -0.086536 -0.883036 -0.679332
v -0.091517 -1.006222 -0.699119
v -0.093033 -1.087257 -0.715852
v -0.094882 -1.130561 -0.725390
v -0.092930 -1.087203 -0.721444
v -0.094731 -1.130759 -0.730274
v -0.092667 -1.087833 -0.724724
v -0.094463 -1.131014 -0.732279
v -0.091118 -1.101697 -0.728534
v -0.089743 -1.045120 -0.718045
v -0.097845 -1.176733 -0.726545
v -0.102112 -1.225022 -0.738452
v -0.107760 -1.277687 -0.744952
v -0.097844 -1.176299 -0.733331
v -0.114778 -1.336264 -0.758408
v -0.107505 -1.278188 -0.752310
v -0.101845 -1.225431 -0.745817
v -0.097611 -1.176634 -0.738775
v -0.111197 -1.334438 -0.759788
v -0.104499 -1.277049 -0.754077
v -0.123798 -1.397826 -0.755074
v -0.133451 -1.463495 -0.752698
v -0.142369 -1.523325 -0.763518
v -0.149776 -1.577079 -0.767570
v -0.142000 -1.522941 -0.768022
v -0.133706 -1.466891 -0.766164
v -0.123833 -1.400577 -0.763173
v -0.144390 -1.576991 -0.769126
v -0.137116 -1.522299 -0.769462
v -0.163375 -1.711262 -0.737604
v -0.161943 -1.686998 -0.747201
v -0.159580 -1.657836 -0.753789
v -0.155781 -1.621820 -0.758624
v -0.163134 -1.711485 -0.742062
v -0.161674 -1.687080 -0.752210
v -0.159336 -1.657814 -0.759027
v -0.155467 -1.621871 -0.764895
v -0.156933 -1.711683 -0.743465
v -0.155147 -1.687163 -0.753803
v -0.149676 -1.621864 -0.766481
v -0.164396 -1.765785 -0.694218
v -0.164595 -1.750350 -0.711188
v -0.164265 -1.767249 -0.695585
v -0.164429 -1.751297 -0.713894
v -0.164040 -1.732762 -0.729299
v -0.158291 -1.751791 -0.714715
v -0.157868 -1.733082 -0.730453
v -0.155595 -1.806491 -0.517244
v -0.154289 -1.810630 -0.475749
v -0.151882 -1.813395 -0.363510
v -0.151371 -1.817124 -0.364654
v -0.154776 -1.815474 -0.521830
v -0.151126 -1.818138 -0.468234
v -0.149779 -1.809629 -0.200929
v -0.146032 -1.816199 -0.023450
v -0.147044 -1.812444 -0.053968
v -0.147281 -1.806684 -0.046005
v -0.066660 -0.969207 0.592768
v -0.067341 -0.917499 0.559038
v -0.059952 -0.825573 0.659175
v -0.138242 -1.732499 0.545135
v -0.138246 -1.751215 0.543466
v -0.137748 -1.773151 0.547222
v -0.144435 -1.772231 0.172381
v -0.143407 -1.754818 0.251931
v -0.143645 -1.735158 0.249676
v -0.137019 -1.709606 0.591142
v -0.136418 -1.708111 0.630268
v -0.135892 -1.707852 0.673383
v -0.121324 -1.577205 0.737625
v -0.086050 -1.334563 0.741266
v -0.069641 -1.131765 0.593396
v -0.067135 -1.130923 0.712421
v -0.063155 -1.110795 0.720565
v -0.145897 -1.755640 0.126968
v -0.145848 -1.735357 0.140548
v -0.151343 -1.755499 -0.135949
v -0.152206 -1.735694 -0.164156
v -0.089097 -0.911697 -0.577823
v -0.089563 -0.983322 -0.606534
v -0.161887 -1.707837 -0.671865
v -0.161087 -1.709163 -0.638801
v -0.159545 -1.733170 -0.563006
v -0.159254 -1.752105 -0.561351
v -0.158788 -1.767867 -0.563022
v -0.131853 -1.818688 -0.421532
v -0.155320 -1.735615 -0.363961
v -0.154970 -1.755618 -0.366714
v -0.093243 -1.132779 -0.641676
v -0.068844 -0.904755 0.493579
v -0.069792 -0.923421 0.445370
v -0.070807 -0.941371 0.393281
v -0.072942 -0.972507 0.285631
v -0.074060 -0.984873 0.231011
v -0.075273 -0.994729 0.175171
v -0.078107 -1.006199 0.056022
v -0.079669 -1.007401 -0.007167
v -0.081201 -1.005305 -0.071512
v -0.083798 -0.990580 -0.199539
v -0.084799 -0.978638 -0.261382
v -0.085642 -0.964781 -0.320658
v -0.087018 -0.934686 -0.428445
v -0.087602 -0.919208 -0.475607
v -0.088143 -0.903316 -0.517584
v -0.065987 -0.905341 0.613377
v -0.137592 -1.770419 0.583132
v -0.137466 -1.778694 0.605746
v -0.137640 -1.777622 0.625490
v -0.137537 -1.747748 0.646671
v -0.137161 -1.733607 0.655693
v -0.136707 -1.725884 0.679707
v -0.133644 -1.685366 0.723510
v -0.131047 -1.656795 0.729463
v -0.127092 -1.621407 0.734251
v -0.113620 -1.524248 0.741509
v -0.102759 -1.450130 0.733513
v -0.094691 -1.395292 0.733583
v -0.079140 -1.277464 0.733150
v -0.073696 -1.224980 0.729258
v -0.069804 -1.176431 0.719862
v -0.065601 -1.087961 0.703511
v -0.064806 -1.046821 0.698252
v -0.138478 -1.769010 0.498632
v -0.139496 -1.770872 0.433266
v -0.161432 -1.768389 -0.630165
v -0.159547 -1.777004 -0.593396
v -0.090907 -0.975909 -0.667623
v -0.091374 -1.009296 -0.688694
v -0.092918 -1.089006 -0.705096
v -0.142202 -1.521924 -0.755330
v -0.155638 -1.621539 -0.741672
v -0.159418 -1.657107 -0.735495
v -0.161243 -1.684994 -0.704033
v -0.162570 -1.723252 -0.671895
v -0.163452 -1.743097 -0.678291
v -0.162592 -1.743928 -0.656673
v -0.156364 -1.790808 -0.519088
v -0.154948 -1.797909 -0.477070
v -0.155840 -1.771903 -0.453087
v -0.154235 -1.772931 -0.364933
v -0.151890 -1.773613 -0.211031
v -0.149327 -1.771698 -0.060730
v -0.144303 -1.788398 0.145142
v -0.067269 -0.868220 0.569671
v -0.066669 -0.851897 0.596318
v -0.066181 -0.837829 0.616591
v -0.090008 -0.839352 -0.627204
v -0.089611 -0.853729 -0.608355
v -0.089152 -0.869989 -0.584039
v -0.076616 -1.001906 0.117034
v -0.082603 -0.999705 -0.135965
v -0.065019 -1.008527 0.670647
v -0.066041 -0.881808 0.612327
v -0.065845 -0.827656 0.630404
v -0.135274 -1.708486 0.717818
v -0.157610 -1.792207 -0.559994
v -0.090331 -0.888149 -0.635352
v -0.091233 -0.960323 -0.684485
v -0.148684 -1.809486 -0.132387
v 0.056540 -0.798571 0.648491
v -0.052945 -0.796860 0.648918
v -0.061649 -0.797941 0.649373
v -0.062947 -0.810813 0.654498
v -0.063680 -0.815505 0.656438
v 0.062633 -0.815509 0.655186
v 0.060309 -0.797941 0.648136
v 0.061781 -0.810824 0.653242
v 0.042623 -0.517120 -0.551734
v -0.078324 -0.652960 -0.602443
v -0.048591 -0.620710 0.578222
v -0.052770 -0.680975 0.601997
v -0.056525 -0.733042 0.622970
v 0.045532 -0.619768 0.576621
v 0.050383 -0.680858 0.600716
v 0.054603 -0.733036 0.621733
v -0.074925 -0.722954 -0.627461
v -0.074110 -0.586327 -0.577461
v -0.081911 -0.711529 -0.624325
v 0.047522 -0.586275 -0.578925
v 0.051904 -0.653058 -0.603952
v 0.055404 -0.708507 -0.624196
v 0.023907 -0.243573 -0.433065
v -0.064337 -0.449937 -0.522363
v -0.052225 -0.380641 -0.492475
v -0.033288 -0.352920 0.475797
v -0.036411 -0.423302 0.503957
v -0.040150 -0.490583 0.529183
v 0.035386 -0.490588 0.527956
v 0.030577 -0.423310 0.502736
v 0.026427 -0.352923 0.474575
v -0.059171 -0.382155 -0.493100
v 0.027543 -0.314170 -0.464426
v 0.032190 -0.382175 -0.494519
v 0.037304 -0.448360 -0.523178
v 0.020687 0.036018 -0.297802
v 0.020565 -0.039962 0.314668
v 0.020597 -0.117106 0.359257
v 0.021408 -0.198078 0.402462
v -0.047445 -0.169733 -0.398765
v -0.045477 -0.095743 -0.365030
v 0.010186 -0.165668 -0.398159
v -0.029853 -0.039962 0.315917
v -0.029364 -0.117101 0.360502
v -0.029710 -0.198080 0.403686
v 0.020314 -0.025770 -0.332209
v 0.020527 -0.095736 -0.366518
v 0.021625 -0.169704 -0.400320
v 0.022377 0.161554 0.158559
v 0.022224 0.127988 0.194315
v 0.021674 0.084217 0.231487
v -0.034780 0.127965 0.195622
v -0.036427 0.161545 0.159848
v -0.032844 0.084180 0.232761
v 0.020413 0.199552 -0.128827
v 0.018685 0.212587 -0.094810
v 0.017191 0.220647 -0.060278
v -0.041903 0.199542 -0.127422
v -0.039650 0.212579 -0.093409
v 0.016553 0.224017 -0.024769
v 0.017193 0.222797 0.011828
v 0.018701 0.216532 0.049077
v 0.020454 0.204681 0.086267
v -0.035972 0.222805 0.013176
v -0.036542 0.216537 0.050449
v -0.037209 0.204691 0.087579
v 0.021835 0.186608 0.122863
v 0.021341 0.086471 -0.263712
v 0.021954 0.126420 -0.229803
v 0.022196 0.157458 -0.196090
v -0.044106 0.086508 -0.262206
v -0.044385 0.126428 -0.228327
v -0.044371 0.157464 -0.194652
v 0.021739 0.181341 -0.162477
v 0.134837 -1.734375 -0.521647
v 0.134498 -1.753750 -0.520949
v 0.079822 -1.278292 -0.745016
v 0.131661 -1.658162 -0.698821
v 0.133753 -1.685228 -0.646469
v 0.134874 -1.735173 -0.096050
v 0.134735 -1.755381 0.023411
v 0.093015 -1.396228 -0.766416
v 0.135114 -1.752858 0.496680
v 0.134975 -1.753976 0.437522
v 0.135167 -1.734228 0.476291
v 0.065639 -1.089648 0.603649
v 0.133901 -1.686644 0.630349
v 0.058495 -0.911209 0.679030
v 0.057695 -1.024211 0.703541
v 0.064245 -1.205565 0.734564
v 0.135566 -1.730656 0.587212
v 0.135816 -1.728607 0.624049
v 0.135677 -1.748822 0.584003
v 0.136077 -1.746091 0.618855
v 0.136046 -1.760434 0.614014
v 0.064811 -1.066851 0.502910
v 0.064418 -1.076943 0.301155
v 0.065707 -1.108036 0.425433
v 0.070238 -1.181862 0.399376
v 0.064750 -1.101616 0.197130
v 0.065629 -1.121475 0.198614
v 0.070152 -1.183368 0.233648
v 0.070171 -1.182226 -0.240455
v 0.065561 -1.115150 -0.196938
v 0.064733 -1.087837 -0.257968
v 0.065636 -1.109053 -0.320658
v 0.065645 -1.097022 -0.501912
v 0.135273 -1.731423 -0.602442
v 0.135196 -1.749726 -0.599269
v 0.135616 -1.729479 -0.637432
v 0.135730 -1.747012 -0.632294
v 0.135547 -1.761405 -0.627518
v 0.135963 -1.727788 -0.667105
v 0.136253 -1.744537 -0.659764
v 0.136593 -1.732306 0.716037
v 0.133872 -1.687013 0.737732
v 0.131346 -1.657837 0.745043
v 0.127448 -1.621809 0.749926
v 0.114186 -1.524415 0.752675
v 0.063687 -1.029488 0.703598
v 0.064096 -0.904525 -0.685161
v 0.063478 -0.814360 -0.664384
v 0.062957 -1.003219 -0.710944
v 0.076360 -1.258166 -0.752994
v 0.113383 -1.523193 -0.770756
v 0.103575 -1.457890 -0.769011
v 0.127479 -1.621724 -0.760987
v 0.131334 -1.657818 -0.757842
v 0.133896 -1.686887 -0.749117
v 0.127168 -1.621771 -0.766569
v 0.133616 -1.686971 -0.754027
v 0.126836 -1.622107 -0.767972
v 0.133253 -1.687288 -0.755414
v 0.131765 -1.811426 -0.519910
v 0.130571 -1.817316 -0.472411
v 0.131325 -1.814700 -0.232956
v 0.064379 -0.972543 0.285460
v 0.064379 -0.978644 -0.261357
v 0.064379 -0.964781 -0.320658
v 0.135128 -1.783685 0.581619
v 0.136192 -1.778730 0.623123
v 0.137172 -1.744737 0.691544
v 0.136588 -1.728290 0.704444
v 0.133956 -1.684776 0.724100
v 0.131452 -1.656239 0.731029
v 0.127566 -1.620739 0.736057
v 0.133345 -1.807086 0.490650
v 0.132794 -1.808736 0.197980
v 0.134698 -1.787869 -0.615195
v 0.134043 -1.787813 -0.593630
v 0.136049 -1.781052 -0.649274
v 0.070171 -1.176674 -0.731146
v 0.113958 -1.521984 -0.761274
v 0.127664 -1.621742 -0.749747
v 0.131554 -1.657338 -0.744041
v 0.134045 -1.685864 -0.736736
v 0.136613 -1.728944 -0.718785
v 0.137176 -1.745555 -0.705825
v 0.118415 -1.818656 0.390304
v -0.003828 -1.751878 0.705802
v -0.156982 -1.734912 -0.454246
v -0.158491 -1.734375 -0.521442
v -0.156585 -1.754785 -0.454668
v -0.158119 -1.753750 -0.520744
v -0.157461 -1.770037 -0.520120
v -0.089533 -0.896682 -0.599304
v -0.095868 -1.177364 -0.633546
v -0.157853 -1.656094 -0.660212
v -0.152493 -1.755917 -0.204711
v -0.150057 -1.735325 -0.052453
v -0.149680 -1.755218 -0.049252
v -0.130689 -1.460160 -0.767707
v -0.138902 -1.752858 0.496867
v -0.139459 -1.733896 0.470465
v -0.139981 -1.753804 0.433063
v -0.067765 -1.089585 0.602639
v -0.067194 -1.051666 0.588644
v -0.072432 -1.176807 0.593627
v -0.135516 -1.685435 0.604768
v -0.059624 -1.024709 0.704762
v -0.137652 -1.730657 0.588051
v -0.137821 -1.748822 0.584846
v -0.137220 -1.728607 0.625368
v -0.137579 -1.746091 0.620176
v -0.137637 -1.760434 0.615327
v -0.137656 -1.756972 0.641473
v -0.137801 -1.687622 0.480887
v -0.068958 -1.066630 0.504195
v -0.070905 -1.103676 0.446285
v -0.076413 -1.181672 0.396117
v -0.137784 -1.621988 0.171093
v -0.142929 -1.687701 0.213563
v -0.074706 -1.086518 0.198368
v -0.075011 -1.101575 0.198319
v -0.074810 -1.119865 0.248061
v -0.079297 -1.183185 0.247214
v -0.081289 -1.102423 -0.066927
v -0.082171 -1.121888 -0.068676
v -0.112189 -1.402555 -0.061932
v -0.142998 -1.621961 -0.058127
v -0.146742 -1.658109 -0.058923
v -0.148962 -1.687727 -0.060326
v -0.086409 -1.183661 -0.060817
v -0.090391 -1.227091 -0.058866
v -0.095825 -1.277847 -0.058362
v -0.094447 -1.226285 -0.278416
v -0.099824 -1.278100 -0.271346
v -0.114764 -1.398370 -0.225834
v -0.132648 -1.523024 -0.210689
v -0.085409 -1.084222 -0.292861
v -0.086003 -1.110434 -0.279486
v -0.119708 -1.395256 -0.565168
v -0.088241 -1.062741 -0.504735
v -0.089324 -1.096204 -0.519036
v -0.090022 -1.016836 -0.627111
v -0.090410 -1.051618 -0.631062
v -0.091405 -1.090750 -0.636356
v -0.153508 -1.657845 -0.447879
v -0.155715 -1.687489 -0.448692
v -0.160608 -1.731423 -0.601519
v -0.161618 -1.729479 -0.635980
v -0.160454 -1.749726 -0.598342
v -0.161622 -1.747012 -0.630842
v -0.160023 -1.764980 -0.595481
v -0.161337 -1.761405 -0.626078
v -0.136299 -1.732304 0.718669
v -0.133159 -1.687013 0.740314
v -0.130493 -1.657837 0.747576
v -0.126501 -1.621809 0.752383
v -0.112987 -1.522899 0.754669
v -0.070508 -1.204641 0.734840
v -0.063297 -1.014488 0.701998
v -0.142824 -1.810066 0.167704
v -0.141338 -1.816534 0.210395
v -0.091010 -0.899070 -0.678029
v -0.089861 -0.814343 -0.662959
v -0.091997 -1.045606 -0.709774
v -0.091783 -1.045865 -0.715972
v -0.090275 -1.004106 -0.709600
v -0.096500 -1.176397 -0.740591
v -0.102629 -1.241266 -0.749311
v -0.158988 -1.658184 -0.760324
v -0.164247 -1.732206 -0.725481
v -0.155359 -1.811387 -0.519729
v -0.153190 -1.816356 -0.457317
v -0.153231 -1.817182 -0.478189
v -0.065618 -0.902415 0.631015
v -0.137226 -1.787837 0.577979
v -0.137325 -1.790754 0.608022
v -0.137802 -1.758407 0.678303
v -0.137347 -1.744750 0.694155
v -0.136517 -1.728313 0.707080
v -0.137243 -1.805362 0.493508
v -0.143275 -1.805269 0.158141
v -0.162069 -1.778377 -0.643774
v -0.160097 -1.789078 -0.611639
v -0.159288 -1.786935 -0.594626
v -0.090688 -0.894034 -0.653844
v -0.091927 -1.047189 -0.700731
v -0.161884 -1.685969 -0.736928
v -0.164066 -1.729042 -0.714554
v -0.164372 -1.745455 -0.701918
v -0.164159 -1.759207 -0.686464
v -0.153182 -1.811370 -0.425388
v -0.054416 -0.314158 -0.462969
v -0.044365 -0.025779 -0.330725
v -0.037524 0.220636 -0.058896
vn 0.0805 0.2108 0.9742
vn 0.0095 -0.0324 0.9994
vn 0.0087 -0.4542 0.8908
vn 0.1989 -0.8636 0.4632
vn -0.0061 -1.0000 0.0047
vn -0.0963 0.3115 -0.9453
vn 0.9994 0.0341 -0.0029
vn 1.0000 -0.0000 -0.0000
vn 0.9910 0.1339 -0.0002
vn 0.9907 0.1332 0.0294
vn 0.9985 0.0551 -0.0029
vn 0.9978 0.0670 -0.0021
vn 0.9909 0.1343 0.0002
vn 0.9987 0.0516 0.0010
vn 0.6152 0.1858 0.7661
vn 1.0000 0.0008 0.0029
vn 0.9988 0.0115 0.0474
vn 0.0191 -0.9955 0.0927
vn 0.0672 -0.0217 0.9975
vn 0.9986 0.0526 0.0113
vn 0.7758 0.1350 0.6163
vn 0.9994 -0.0332 -0.0017
vn -0.3559 0.2815 -0.8911
vn 0.9996 0.0064 -0.0257
vn 0.9990 -0.0416 0.0153
vn 0.9984 0.0563 0.0061
vn 0.9996 0.0032 0.0282
vn 0.9986 -0.0524 -0.0020
vn 0.9920 -0.1262 -0.0025
vn 0.9390 -0.3439 -0.0016
vn 1.0000 0.0014 0.0021
vn 0.9996 -0.0297 -0.0029
vn 0.9996 -0.0027 0.0268
vn 0.9976 -0.0682 0.0152
vn 0.9905 0.1316 -0.0390
vn 0.9983 0.0328 -0.0491
vn 0.1108 0.3086 -0.9447
vn -0.0702 -0.9922 -0.1031
vn -0.0097 -0.0305 -0.9995
vn -0.0090 -0.4540 -0.8909
vn -0.9503 -0.2910 -0.1106
vn -0.9993 0.0339 0.0161
vn -0.9997 -0.0026 0.0229
vn -0.9909 0.1330 0.0188
vn -0.9998 0.0053 0.0210
vn -0.9914 0.1294 0.0201
vn -0.9984 0.0537 0.0173
vn -0.9998 0.0015 0.0196
vn -0.9994 0.0265 0.0216
vn -0.9996 0.0227 0.0179
vn -0.9911 0.1317 0.0177
vn -0.9999 -0.0005 0.0124
vn -0.9915 0.1291 0.0160
vn -0.9993 0.0286 0.0247
vn -0.9999 0.0002 0.0161
vn -0.9913 0.1302 0.0187
vn -0.9985 0.0522 0.0191
vn -0.6102 0.1822 0.7710
vn -0.9977 0.0119 0.0672
vn -0.0407 -0.9948 0.0939
vn -1.0000 0.0032 -0.0028
vn -0.0472 -0.0218 0.9986
vn -0.9998 0.0019 0.0220
vn 0.4377 0.2704 -0.8575
vn -1.0000 0.0064 -0.0061
vn -0.9985 0.0521 0.0138
vn -0.9909 0.1343 -0.0109
vn -0.9909 0.1341 0.0135
vn -0.9985 0.0534 0.0121
vn -0.9989 0.0030 0.0464
vn -0.9976 -0.0667 0.0165
vn -0.9988 -0.0448 0.0174
vn -0.9923 -0.1229 0.0158
vn -0.9510 -0.3088 0.0165
vn -0.9971 -0.0668 0.0365
vn -0.9912 0.1307 -0.0206
vn 0.0349 0.3795 0.9245
vn -0.0012 0.3777 0.9259
vn -0.0118 0.3709 -0.9286
vn 0.0134 0.3553 0.9347
vn 0.0131 0.3548 0.9349
vn -0.0103 0.4062 -0.9137
vn 0.0201 0.4174 0.9085
vn -0.0194 0.5248 -0.8510
vn 0.0196 0.5611 0.8275
vn 0.0196 0.5619 0.8270
vn -0.0010 0.9993 -0.0369
vn 0.0114 0.8602 0.5099
vn -0.0119 0.8410 -0.5408
vn 0.0068 -0.5841 0.8116
vn 0.0096 -0.0972 0.9952
vn 0.0095 -0.1953 0.9807
vn 0.0092 -0.3201 0.9473
vn -0.0043 0.2339 0.9722
vn -0.0077 -0.5836 -0.8120
vn -0.0074 -0.7019 -0.7122
vn -0.0046 -0.8047 -0.5937
vn -0.0094 -0.0981 -0.9951
vn -0.0089 -0.1951 -0.9807
vn -0.0090 -0.3191 -0.9477
vn -0.1921 0.0877 -0.9774
vn 0.0209 0.0432 -0.9988
vn -0.0103 0.0160 -0.9998
vn 0.0282 0.1566 -0.9873
vn -0.0236 0.1343 -0.9907
vn 0.0555 -0.9313 -0.3600
vn -0.0069 -0.9843 -0.1761
vn 0.2027 -0.9777 -0.0547
vn 0.2800 -0.9597 -0.0216
vn 0.2912 -0.1634 -0.9426
vn -0.2728 0.2756 -0.9217
vn 0.8308 0.1349 -0.5399
vn 0.0245 -0.9651 -0.2608
vn 0.0115 -0.9846 -0.1747
vn 0.0139 0.2693 0.9630
vn 0.9981 0.0614 -0.0014
vn 0.9959 0.0904 -0.0009
vn 0.9933 0.1157 -0.0005
vn 0.9994 0.0345 -0.0030
vn 0.9999 0.0163 -0.0013
vn 1.0000 0.0060 -0.0008
vn 0.9935 0.1140 -0.0002
vn 0.9955 0.0951 -0.0007
vn 0.9972 0.0744 -0.0014
vn 0.9996 0.0296 -0.0003
vn 0.9982 0.0599 -0.0033
vn 0.9988 0.0489 -0.0027
vn 0.9996 0.0281 -0.0025
vn 0.9951 0.0990 -0.0006
vn 0.9996 0.0276 -0.0005
vn 1.0000 0.0029 -0.0002
vn 0.9915 0.1301 -0.0001
vn 0.9975 0.0712 -0.0004
vn 0.9985 0.0544 0.0001
vn 0.9995 0.0323 0.0004
vn 0.9999 0.0138 -0.0002
vn 0.9897 0.1421 -0.0146
vn 0.9984 0.0569 -0.0003
vn 0.9961 0.0886 -0.0000
vn 0.9934 0.1148 0.0001
vn 0.9963 0.0856 0.0004
vn 0.9997 0.0241 -0.0003
vn 1.0000 0.0022 0.0001
vn 0.9976 0.0692 0.0013
vn 0.9935 0.1140 0.0001
vn 0.9949 0.1004 0.0003
vn 0.9987 0.0517 0.0014
vn 0.9995 0.0311 0.0018
vn 0.9999 0.0132 0.0007
vn 0.9997 0.0235 0.0006
vn 0.9979 0.0645 0.0020
vn 0.9983 0.0590 0.0024
vn 0.9993 0.0386 0.0027
vn 0.9998 0.0195 0.0016
vn 1.0000 0.0066 0.0007
vn 0.9954 0.0960 0.0006
vn 0.9970 0.0778 0.0016
vn 0.9984 0.0558 0.0004
vn 0.9960 0.0889 0.0008
vn 0.9996 0.0273 0.0034
vn 0.9985 0.0540 0.0015
vn 0.9895 0.1446 -0.0000
vn 0.9891 0.1470 -0.0064
vn 0.9973 0.0736 0.0006
vn 0.9995 0.0323 0.0011
vn 0.9981 0.0609 0.0030
vn 0.9932 0.1167 0.0005
vn 0.9999 0.0042 0.0156
vn 1.0000 0.0023 0.0089
vn 0.9998 0.0049 0.0201
vn 0.9986 0.0126 0.0518
vn 0.9940 0.0257 0.1065
vn 0.9868 0.0384 0.1573
vn 0.9850 0.0395 0.1682
vn 0.4573 0.2043 0.8655
vn 0.9990 -0.0434 -0.0128
vn 0.9992 -0.0359 -0.0195
vn 0.9993 -0.0299 -0.0235
vn 0.9992 -0.0360 -0.0150
vn 0.9969 -0.0775 -0.0129
vn 0.9959 -0.0893 -0.0128
vn 0.9950 -0.0993 -0.0089
vn 0.9877 -0.1456 0.0568
vn 0.9869 -0.1589 0.0291
vn 0.9548 -0.2941 0.0430
vn 0.9495 -0.3129 0.0252
vn 0.9460 -0.3238 0.0132
vn 0.1230 -0.9289 0.3492
vn 0.0233 -0.9674 0.2523
vn 0.0329 -0.9862 0.1622
vn 0.9984 0.0352 0.0451
vn 0.9996 -0.0023 0.0267
vn 0.9998 -0.0177 0.0123
vn 0.9856 -0.0225 0.1674
vn 0.9858 -0.0621 0.1562
vn 0.9889 -0.0875 0.1200
vn 0.9886 -0.1202 0.0908
vn 0.2667 -0.4228 0.8661
vn 0.2387 -0.5575 0.7951
vn 0.2020 -0.6833 0.7016
vn 0.1881 -0.7875 0.5870
vn 0.9902 0.1312 0.0481
vn 0.9607 0.1236 0.2485
vn 0.9680 0.0932 0.2331
vn 0.9760 0.0568 0.2102
vn 0.9834 0.0172 0.1809
vn 0.0629 -0.0904 0.9939
vn 0.0517 -0.1926 0.9799
vn 0.2318 -0.2913 0.9281
vn 0.9892 0.1465 0.0056
vn 0.9889 0.1438 0.0377
vn 0.9678 0.1413 0.2082
vn 0.9624 0.1519 0.2250
vn 0.9591 0.1501 0.2400
vn 0.9564 0.1423 0.2551
vn 0.2034 0.1102 0.9729
vn 0.1974 0.0906 0.9761
vn 0.0823 0.0504 0.9953
vn 0.0733 0.0227 0.9971
vn 0.9971 0.0580 0.0493
vn 0.9955 0.0801 0.0502
vn 0.9908 0.1195 0.0630
vn 0.9884 0.0734 0.1330
vn 0.9871 0.0868 0.1346
vn 0.9821 0.1115 0.1517
vn 0.9516 0.1370 0.2752
vn 0.6892 0.1491 0.7091
vn 0.6021 0.1573 0.7828
vn 0.1068 0.1218 0.9868
vn 0.9995 0.0323 0.0070
vn 0.9991 0.0121 0.0398
vn 0.9989 0.0221 0.0408
vn 0.9986 0.0368 0.0373
vn 0.9912 0.0388 0.1263
vn 0.9898 0.0513 0.1326
vn 0.1094 0.1721 0.9790
vn 0.9988 -0.0498 -0.0006
vn 0.9985 -0.0542 -0.0033
vn 0.9946 -0.1037 -0.0055
vn 0.9973 -0.0734 -0.0014
vn 0.9954 -0.0962 -0.0016
vn 0.9543 -0.2988 0.0040
vn 0.8418 -0.5397 0.0047
vn 0.1562 -0.9866 0.0466
vn 0.0172 -0.9996 0.0215
vn 0.9985 -0.0542 -0.0020
vn 0.9942 -0.1080 -0.0011
vn 0.9801 -0.1983 -0.0023
vn 0.9964 -0.0846 -0.0026
vn 0.2735 -0.9619 0.0028
vn 0.9564 -0.2921 -0.0008
vn 0.9976 -0.0657 0.0224
vn 0.9972 -0.0711 0.0232
vn 0.9985 -0.0518 0.0198
vn 0.9991 -0.0420 0.0034
vn 0.9729 -0.2312 -0.0016
vn 0.9676 -0.2523 -0.0104
vn 0.9508 -0.3072 -0.0415
vn 0.9789 -0.2010 -0.0359
vn 0.9822 -0.1768 -0.0638
vn 0.2150 -0.9712 -0.1029
vn 0.9999 0.0025 -0.0098
vn 1.0000 0.0015 -0.0050
vn 0.9999 0.0027 -0.0098
vn 0.9994 0.0107 -0.0340
vn 0.9996 0.0069 -0.0278
vn 0.9762 0.0530 -0.2104
vn 0.9976 0.0166 -0.0666
vn 0.9970 0.0213 -0.0748
vn 0.9846 0.0394 -0.1701
vn -0.6217 0.2149 -0.7532
vn -0.7769 0.1652 -0.6075
vn -0.6199 0.2001 -0.7588
vn 0.9580 0.0630 -0.2796
vn 0.1667 0.2265 -0.9596
vn -0.2571 0.2538 -0.9325
vn 0.9999 0.0077 -0.0088
vn 0.9997 0.0179 -0.0194
vn 0.9993 0.0339 -0.0167
vn 0.9971 0.0418 -0.0643
vn 0.9976 0.0264 -0.0639
vn 0.9940 0.0646 -0.0881
vn 0.9719 0.0693 -0.2248
vn 0.9826 0.0498 -0.1788
vn 0.9479 0.0962 -0.3036
vn 0.2799 0.1749 -0.9440
vn 0.2279 0.1872 -0.9555
vn 0.9904 0.1207 -0.0675
vn 0.9926 0.1020 -0.0658
vn 0.9946 0.0817 -0.0644
vn 0.9835 0.1365 -0.1185
vn 0.9672 0.1335 -0.2161
vn 0.9675 0.1188 -0.2234
vn 0.9771 0.0950 -0.1904
vn 0.8912 0.1576 -0.4254
vn 0.1547 0.1060 -0.9823
vn 0.1382 0.1220 -0.9829
vn 0.4310 0.1601 -0.8880
vn 0.9882 0.1453 -0.0479
vn 0.9682 0.1251 -0.2165
vn 0.9806 0.1478 -0.1290
vn 0.9883 0.1331 0.0743
vn 0.1199 -0.0144 -0.9927
vn 0.1117 0.0288 -0.9933
vn 0.9851 -0.0244 -0.1705
vn 0.9800 0.0600 -0.1898
vn 0.0878 -0.4483 -0.8895
vn 0.0406 -0.3186 -0.9470
vn 0.1034 -0.0825 -0.9912
vn 0.9996 -0.0256 -0.0142
vn 0.9995 -0.0083 -0.0303
vn 0.9991 0.0127 -0.0408
vn 0.9857 -0.1376 -0.0975
vn 0.9882 -0.0913 -0.1233
vn 0.9888 -0.0509 -0.1402
vn 0.0657 -0.8004 -0.5959
vn 0.0782 -0.6975 -0.7123
vn 0.0805 -0.5780 -0.8121
vn 0.9984 -0.0558 0.0072
vn 0.9979 -0.0655 0.0026
vn 0.9941 -0.1082 0.0004
vn 0.9491 -0.3149 -0.0064
vn 0.9975 -0.0700 -0.0011
vn 0.9967 -0.0815 -0.0023
vn 0.0172 -0.9998 -0.0055
vn 0.9999 0.0112 -0.0045
vn 0.9999 -0.0096 -0.0060
vn 0.9997 -0.0221 -0.0097
vn 0.9998 -0.0197 -0.0007
vn 1.0000 0.0020 -0.0005
vn 0.9990 0.0433 -0.0055
vn 0.9984 0.0557 -0.0048
vn 0.9910 0.1338 0.0072
vn 0.9987 0.0510 -0.0010
vn 0.9993 -0.0375 -0.0016
vn 0.9996 -0.0268 -0.0007
vn 0.9987 0.0502 0.0086
vn 0.9991 0.0421 0.0074
vn 0.9994 0.0348 0.0060
vn 1.0000 0.0020 0.0060
vn 0.9997 -0.0210 0.0081
vn 0.9992 -0.0378 0.0105
vn 1.0000 -0.0047 0.0006
vn 0.9996 -0.0281 0.0006
vn 0.9905 0.1342 -0.0294
vn 0.9910 0.1339 -0.0044
vn 0.9998 -0.0133 -0.0145
vn 0.9997 -0.0035 -0.0223
vn 0.9997 0.0107 -0.0213
vn 0.9998 0.0143 -0.0127
vn 0.9996 0.0252 -0.0148
vn 0.9992 0.0399 -0.0090
vn 0.9973 0.0734 -0.0026
vn 0.9955 0.0945 -0.0011
vn 0.9932 0.1166 -0.0003
vn 0.9895 0.1444 0.0068
vn 0.9899 0.1416 0.0049
vn 0.9932 0.1155 0.0126
vn 0.9947 0.0988 0.0272
vn 0.9971 0.0750 0.0112
vn 0.9998 0.0174 0.0098
vn 0.9999 0.0071 0.0099
vn 0.9996 -0.0291 -0.0050
vn 0.9993 -0.0368 -0.0006
vn 0.9994 -0.0155 0.0298
vn 0.9994 -0.0268 0.0198
vn 0.9999 0.0163 -0.0010
vn 0.9950 0.0979 -0.0170
vn 0.9974 0.0724 0.0035
vn 0.9991 0.0418 0.0113
vn 0.9995 0.0269 0.0188
vn 0.9998 0.0086 0.0172
vn 0.9990 -0.0434 0.0056
vn 0.9989 -0.0458 0.0008
vn 0.9990 -0.0448 -0.0012
vn 0.9990 -0.0453 -0.0017
vn 1.0000 0.0001 0.0001
vn 1.0000 0.0003 0.0006
vn 1.0000 0.0003 -0.0006
vn 1.0000 0.0001 -0.0001
vn 1.0000 0.0001 -0.0000
vn 0.9995 -0.0277 -0.0120
vn 0.9998 0.0037 -0.0212
vn 0.9985 0.0549 0.0065
vn 1.0000 0.0014 -0.0013
vn 0.9983 0.0549 -0.0216
vn 0.9985 0.0551 -0.0072
vn 0.9978 -0.0657 -0.0005
vn 0.9982 -0.0596 -0.0020
vn 0.0207 -0.8763 -0.4814
vn -0.0085 -0.9986 -0.0527
vn -0.1133 -0.7907 -0.6016
vn -0.0282 -0.1947 -0.9805
vn 0.4228 0.2577 -0.8688
vn -0.0248 0.2471 -0.9687
vn -0.0074 -0.9272 -0.3746
vn -0.0976 0.2146 0.9718
vn -0.1006 0.1570 0.9825
vn -0.9998 -0.0005 0.0219
vn -0.9958 0.0900 0.0180
vn -0.9933 0.1143 0.0187
vn -0.9993 0.0339 0.0171
vn -0.9998 0.0071 0.0195
vn -0.9934 0.1129 0.0196
vn -0.9954 0.0943 0.0194
vn -0.9970 0.0749 0.0181
vn -0.9994 0.0303 0.0180
vn -0.9998 -0.0006 0.0198
vn -0.9998 0.0002 0.0200
vn -0.9982 0.0575 0.0162
vn -0.9979 0.0632 0.0167
vn -0.9895 0.1428 0.0209
vn -0.9898 0.1411 0.0199
vn -0.9990 0.0427 0.0162
vn -0.9995 0.0255 0.0176
vn -0.9998 0.0079 0.0195
vn -0.9933 0.1139 0.0205
vn -0.9951 0.0975 0.0191
vn -0.9994 0.0281 0.0201
vn -0.9998 -0.0009 0.0219
vn -0.9909 0.1327 0.0210
vn -0.9998 0.0003 0.0219
vn -0.9914 0.1288 0.0221
vn -0.9975 0.0680 0.0192
vn -0.9973 0.0700 0.0224
vn -0.9984 0.0518 0.0223
vn -0.9992 0.0312 0.0236
vn -0.9997 0.0092 0.0235
vn -0.9898 0.1404 0.0219
vn -0.9997 -0.0011 0.0237
vn -0.9982 0.0565 0.0219
vn -0.9959 0.0883 0.0209
vn -0.9932 0.1140 0.0229
vn -0.9948 0.0993 0.0220
vn -0.9961 0.0850 0.0225
vn -0.9995 0.0240 0.0206
vn -0.9997 -0.0014 0.0242
vn -0.9997 -0.0016 0.0225
vn -0.9911 0.1317 0.0214
vn -0.9997 0.0085 0.0233
vn -0.9915 0.1286 0.0208
vn -0.9974 0.0690 0.0223
vn -0.9933 0.1136 0.0186
vn -0.9950 0.0981 0.0189
vn -0.9964 0.0829 0.0194
vn -0.9896 0.1422 0.0204
vn -0.9899 0.1403 0.0191
vn -0.9998 -0.0017 0.0200
vn -0.9984 0.0538 0.0174
vn -0.9961 0.0860 0.0177
vn -0.9935 0.1125 0.0177
vn -0.9987 0.0468 0.0205
vn -0.9994 0.0270 0.0205
vn -0.9998 0.0076 0.0209
vn -0.9996 0.0222 0.0169
vn -0.9999 -0.0019 0.0172
vn -0.9999 -0.0018 0.0148
vn -0.9910 0.1330 0.0176
vn -0.9998 0.0054 0.0176
vn -0.9999 0.0052 0.0160
vn -0.9999 -0.0011 0.0132
vn -0.9916 0.1286 0.0163
vn -0.9978 0.0631 0.0182
vn -0.9983 0.0564 0.0159
vn -0.9896 0.1430 0.0172
vn -0.9899 0.1408 0.0159
vn -0.9992 0.0369 0.0163
vn -0.9999 0.0064 0.0144
vn -0.9999 -0.0014 0.0130
vn -0.9935 0.1131 0.0159
vn -0.9954 0.0949 0.0157
vn -0.9968 0.0786 0.0160
vn -0.9984 0.0541 0.0169
vn -0.9961 0.0866 0.0167
vn -0.9933 0.1140 0.0180
vn -0.9996 0.0221 0.0189
vn -0.9995 0.0233 0.0224
vn -0.9999 -0.0005 0.0134
vn -0.9907 0.1346 0.0194
vn -0.9999 0.0047 0.0146
vn -0.9984 0.0543 0.0165
vn -0.9999 0.0003 0.0161
vn -0.9892 0.1452 0.0193
vn -0.9934 0.1134 0.0190
vn -0.9954 0.0939 0.0192
vn -0.9971 0.0747 0.0170
vn -0.9993 0.0324 0.0191
vn -0.9997 0.0163 0.0188
vn -0.9998 0.0053 0.0179
vn -0.9979 0.0611 0.0232
vn -0.9957 0.0898 0.0214
vn -0.9931 0.1157 0.0200
vn -0.9995 0.0037 0.0329
vn -0.9998 -0.0004 0.0198
vn -0.9996 0.0015 0.0270
vn -0.9995 0.0027 0.0312
vn -0.9992 0.0052 0.0406
vn -0.9988 0.0071 0.0491
vn -0.9972 0.0155 0.0730
vn -0.9967 0.0140 0.0800
vn -0.9836 0.0385 0.1764
vn -0.9849 0.0351 0.1697
vn -0.8002 0.1254 0.5865
vn -0.3088 0.2171 0.9260
vn -0.9991 -0.0414 0.0065
vn -0.9996 -0.0278 -0.0011
vn -0.9994 -0.0301 0.0154
vn -0.9988 -0.0488 0.0075
vn -0.9966 -0.0826 0.0071
vn -0.9982 -0.0594 0.0020
vn -0.9963 -0.0854 0.0078
vn -0.9866 -0.1450 0.0752
vn -0.9613 -0.2626 0.0836
vn -0.9536 -0.2947 0.0619
vn -0.9741 -0.2242 0.0279
vn -0.9590 -0.2820 0.0262
vn -0.1310 -0.8750 0.4660
vn -0.0169 -0.9337 0.3577
vn -0.0335 -0.9679 0.2490
vn -0.0352 -0.9863 0.1614
vn -0.9973 0.0353 0.0642
vn -0.9990 -0.0026 0.0457
vn -0.9994 -0.0182 0.0310
vn -0.9822 -0.0225 0.1864
vn -0.9826 -0.0622 0.1751
vn -0.9865 -0.0877 0.1384
vn -0.9868 -0.1203 0.1082
vn -0.2497 -0.4228 0.8711
vn -0.2198 -0.5589 0.7996
vn -0.1883 -0.6863 0.7025
vn -0.2115 -0.7839 0.5838
vn -0.9891 0.1311 0.0671
vn -0.9559 0.1237 0.2665
vn -0.9633 0.0932 0.2518
vn -0.9718 0.0568 0.2290
vn -0.9797 0.0172 0.1999
vn -0.0437 -0.0904 0.9949
vn -0.0327 -0.1925 0.9807
vn -0.2132 -0.2913 0.9326
vn -0.9878 0.1452 0.0567
vn -0.9632 0.1418 0.2284
vn -0.9589 0.1505 0.2405
vn -0.9548 0.1503 0.2565
vn -0.9512 0.1417 0.2741
vn -0.1870 0.1105 0.9761
vn -0.1840 0.0919 0.9786
vn -0.0553 0.0484 0.9973
vn -0.0582 0.0241 0.9980
vn -0.9959 0.0581 0.0686
vn -0.9944 0.0802 0.0687
vn -0.9894 0.1197 0.0825
vn -0.9729 0.0805 0.2169
vn -0.9820 0.0889 0.1669
vn -0.9801 0.1113 0.1645
vn -0.9460 0.1371 0.2937
vn -0.0784 0.1384 0.9873
vn -0.1000 0.1234 0.9873
vn -0.9994 0.0079 0.0343
vn -0.9964 0.0264 0.0810
vn -0.9977 0.0365 0.0572
vn -0.9835 0.0367 0.1769
vn -0.9825 0.0468 0.1802
vn -0.9802 0.0586 0.1892
vn -0.9986 -0.0502 0.0186
vn -0.9988 -0.0463 0.0163
vn -0.9969 -0.0771 0.0124
vn -0.9969 -0.0776 0.0156
vn -0.9968 -0.0784 0.0179
vn -0.9680 -0.2501 0.0205
vn -0.9825 -0.1856 0.0176
vn -0.7906 -0.6120 0.0210
vn -0.0215 -0.9987 0.0465
vn -0.0940 -0.9954 0.0196
vn -0.9956 -0.0922 0.0195
vn -0.8022 -0.5969 0.0157
vn -0.9990 -0.0027 0.0456
vn -0.9966 -0.0703 0.0426
vn -0.9971 -0.0608 0.0465
vn -0.9975 -0.0631 0.0327
vn -0.9984 -0.0532 0.0167
vn -0.9694 -0.2450 0.0166
vn -0.9591 -0.2831 0.0023
vn -0.9737 -0.2280 -0.0004
vn -0.9567 -0.2868 -0.0507
vn -0.0561 -0.9635 -0.2618
vn -0.9999 0.0023 0.0108
vn -0.9999 0.0017 0.0163
vn -0.9998 0.0114 -0.0168
vn -0.9993 0.0133 -0.0360
vn -0.9778 0.0558 -0.2019
vn -0.9986 0.0174 -0.0503
vn -0.9971 0.0248 -0.0724
vn -0.9932 0.0305 -0.1124
vn -0.9107 0.1039 -0.3998
vn 0.7154 0.1949 -0.6710
vn 0.6698 0.1958 -0.7163
vn 0.6845 0.1811 -0.7062
vn -0.8770 0.1113 -0.4675
vn 0.1494 0.2653 -0.9525
vn -0.9999 0.0080 0.0062
vn -0.9994 0.0339 -0.0006
vn -0.9984 0.0552 -0.0129
vn -0.9980 0.0419 -0.0468
vn -0.9952 0.0655 -0.0732
vn -0.9754 0.0689 -0.2092
vn -0.9541 0.0967 -0.2836
vn -0.2651 0.1741 -0.9484
vn -0.2504 0.1872 -0.9499
vn -0.9972 0.0740 0.0136
vn -0.9950 0.0992 -0.0091
vn -0.9929 0.1181 -0.0098
vn -0.9968 0.0784 -0.0180
vn -0.9720 0.1422 -0.1868
vn -0.9850 0.1277 -0.1162
vn -0.9842 0.1108 -0.1378
vn -0.9866 0.0926 -0.1341
vn -0.2299 0.1132 -0.9666
vn -0.2149 0.1256 -0.9685
vn -0.9895 0.1441 -0.0122
vn -0.9891 0.1463 0.0142
vn -0.9890 0.1439 -0.0351
vn -0.9727 0.1243 -0.1962
vn -0.9635 0.1421 -0.2270
vn -0.9711 0.1513 -0.1845
vn -0.9683 0.1530 -0.1974
vn -0.1536 -0.0118 -0.9881
vn -0.1510 0.0274 -0.9881
vn -0.9990 0.0350 -0.0261
vn -0.9980 0.0576 -0.0273
vn -0.9961 0.0856 -0.0226
vn -0.9936 0.1106 -0.0211
vn -0.9912 -0.0137 -0.1320
vn -0.9895 0.0234 -0.1430
vn -0.9910 0.0701 -0.1141
vn -0.9787 0.0977 -0.1805
vn -0.1234 -0.4446 -0.8872
vn -0.0886 -0.3100 -0.9466
vn -0.1650 -0.0823 -0.9829
vn -0.9997 -0.0248 0.0051
vn -0.9999 -0.0074 -0.0108
vn -0.9890 -0.1282 -0.0744
vn -0.9908 -0.0887 -0.1023
vn -0.9918 -0.0486 -0.1184
vn -0.0675 -0.6972 -0.7137
vn -0.1054 -0.5764 -0.8103
vn -0.9982 -0.0533 0.0290
vn -0.9970 -0.0734 0.0241
vn -0.9945 -0.1036 0.0162
vn -0.9670 -0.2542 0.0157
vn -0.9467 -0.3219 0.0128
vn -0.1993 -0.9798 -0.0160
vn -0.9974 -0.0710 0.0155
vn -0.9844 -0.1746 0.0193
vn -0.9959 -0.0890 0.0184
vn -0.9981 -0.0579 0.0194
vn -0.9997 0.0022 0.0227
vn -0.9997 -0.0008 0.0242
vn -0.0184 0.2683 0.9632
vn -0.9998 0.0103 0.0145
vn -0.9999 -0.0101 0.0127
vn -0.9997 -0.0245 0.0087
vn -0.9991 -0.0367 0.0198
vn -0.9996 -0.0189 0.0193
vn -0.9998 0.0020 0.0195
vn -0.9991 0.0404 0.0136
vn -0.9988 0.0472 0.0126
vn -0.9985 0.0541 0.0122
vn -0.9907 0.1335 0.0261
vn -0.9899 0.1329 0.0493
vn -0.9985 0.0508 0.0194
vn -0.9981 0.0526 0.0317
vn -0.2870 0.1722 0.9423
vn -0.9995 -0.0220 0.0211
vn -0.9998 0.0010 0.0209
vn -0.9995 -0.0265 0.0184
vn -0.9998 -0.0050 0.0172
vn -0.9998 -0.0002 0.0187
vn -0.9998 -0.0002 0.0199
vn -0.9983 0.0515 0.0267
vn -0.9988 0.0417 0.0265
vn -0.9996 0.0011 0.0265
vn -0.9993 -0.0216 0.0290
vn -0.9988 -0.0368 0.0329
vn -0.0085 -0.9999 -0.0056
vn -0.9998 -0.0059 0.0168
vn -0.9994 -0.0298 0.0167
vn -0.9985 0.0508 0.0216
vn -0.9998 -0.0010 0.0208
vn -0.9998 -0.0003 0.0197
vn -0.9998 -0.0002 0.0196
vn -0.9998 -0.0005 0.0203
vn -0.9998 -0.0001 0.0208
vn -0.9997 -0.0004 0.0225
vn -0.9997 -0.0005 0.0246
vn -0.9997 -0.0005 0.0242
vn -0.9997 -0.0006 0.0227
vn -0.9999 -0.0006 0.0172
vn -0.9999 -0.0006 0.0150
vn -0.9999 -0.0001 0.0137
vn -0.9999 -0.0003 0.0124
vn -0.9999 -0.0001 0.0125
vn -0.9999 -0.0001 0.0140
vn -0.9997 0.0006 0.0228
vn -0.9999 -0.0158 0.0040
vn -0.9999 -0.0113 -0.0032
vn -1.0000 -0.0061 -0.0067
vn -0.9998 0.0184 0.0009
vn -0.9994 0.0332 0.0059
vn -0.9989 0.0455 0.0087
vn -0.9970 0.0726 0.0257
vn -0.9952 0.0942 0.0265
vn -0.9930 0.1155 0.0266
vn -0.9893 0.1438 0.0260
vn -0.9889 0.1468 0.0212
vn -0.9898 0.1407 0.0234
vn -0.9928 0.1152 0.0327
vn -0.9940 0.0985 0.0474
vn -0.9967 0.0747 0.0314
vn -0.9991 0.0323 0.0274
vn -0.9992 0.0188 0.0360
vn -0.9994 -0.0299 0.0145
vn -0.9993 -0.0332 0.0174
vn -0.9987 -0.0138 0.0485
vn -0.9987 -0.0314 0.0412
vn -0.9998 -0.0001 0.0210
vn -0.9998 0.0050 0.0189
vn -0.9993 0.0313 0.0194
vn -0.9894 0.1453 0.0071
vn -0.9931 0.1163 0.0126
vn -0.9954 0.0952 0.0124
vn -0.9971 0.0729 0.0208
vn -0.9989 0.0362 0.0311
vn -0.9989 0.0301 0.0367
vn -0.9991 0.0160 0.0397
vn -0.9984 -0.0487 0.0277
vn -0.9984 -0.0511 0.0233
vn -0.9987 -0.0472 0.0202
vn -0.9987 -0.0473 0.0163
vn -0.9988 -0.0464 0.0157
vn -0.9989 -0.0423 0.0194
vn -0.9988 -0.0450 0.0202
vn -0.9997 -0.0048 0.0260
vn -0.9996 -0.0063 0.0274
vn -0.9996 -0.0059 0.0285
vn -0.9997 0.0028 0.0234
vn -0.9997 0.0030 0.0227
vn -0.9998 0.0020 0.0196
vn -0.9997 -0.0004 0.0237
vn -0.9998 -0.0006 0.0201
vn -0.9998 0.0055 0.0205
vn -0.9997 -0.0035 0.0237
vn -0.9997 -0.0012 0.0247
vn -0.9981 0.0553 0.0252
vn -0.9985 -0.0396 0.0376
vn -0.9998 0.0010 0.0208
vn -0.9999 0.0016 0.0129
vn -0.9974 -0.0699 0.0173
vn 0.0181 0.3720 0.9281
vn 0.0074 0.3715 0.9284
vn 0.0023 0.3715 0.9284
vn 0.1814 0.3415 0.9222
vn -0.0812 0.2333 0.9690
vn 0.0660 0.2544 0.9648
vn 0.0250 0.3727 0.9276
vn -0.0943 0.3610 0.9278
vn -0.0123 0.3692 -0.9293
vn 0.0535 0.3427 -0.9379
vn 0.0119 0.3646 0.9311
vn 0.0109 0.3721 0.9281
vn 0.0020 0.3761 0.9266
vn 0.0119 0.3647 0.9310
vn 0.0160 0.3770 0.9261
vn 0.0212 0.3301 -0.9437
vn -0.0114 0.3556 -0.9346
vn 0.2081 0.3191 -0.9246
vn -0.0110 0.3539 -0.9352
vn -0.0134 0.3441 -0.9388
vn -0.1540 0.3257 -0.9329
vn -0.0286 0.4045 -0.9141
vn -0.0122 0.3875 -0.9218
vn -0.0102 0.4019 -0.9156
vn 0.0185 0.3823 0.9238
vn 0.0174 0.3565 0.9341
vn 0.0146 0.3481 0.9374
vn 0.0152 0.3496 0.9368
vn 0.0160 0.3573 0.9338
vn 0.0185 0.3819 0.9240
vn -0.0045 0.3989 -0.9170
vn -0.0167 0.4042 -0.9145
vn -0.0150 0.3981 -0.9172
vn -0.0128 0.3859 -0.9225
vn -0.0192 0.5247 -0.8510
vn 0.0207 0.5188 0.8546
vn 0.0214 0.4857 0.8739
vn 0.0210 0.4536 0.8909
vn -0.0192 0.4096 -0.9121
vn -0.0203 0.4259 -0.9046
vn -0.0200 0.4103 -0.9117
vn 0.0212 0.5187 0.8547
vn 0.0218 0.4849 0.8743
vn 0.0213 0.4530 0.8913
vn -0.0201 0.4628 -0.8862
vn -0.0225 0.4263 -0.9043
vn -0.0283 0.4085 -0.9123
vn 0.0137 0.7770 0.6293
vn 0.0160 0.6945 0.7193
vn 0.0182 0.6197 0.7846
vn 0.0161 0.6998 0.7142
vn 0.0137 0.7846 0.6198
vn 0.0178 0.6221 0.7827
vn -0.0100 0.8963 -0.4433
vn -0.0077 0.9468 -0.3218
vn -0.0046 0.9832 -0.1825
vn -0.0100 0.8972 -0.4415
vn -0.0077 0.9471 -0.3209
vn -0.0010 0.9994 -0.0358
vn 0.0029 0.9939 0.1104
vn 0.0061 0.9668 0.2554
vn 0.0088 0.9190 0.3942
vn 0.0028 0.9941 0.1083
vn 0.0063 0.9677 0.2521
vn 0.0092 0.9216 0.3881
vn 0.0114 0.8540 0.5202
vn -0.0179 0.6067 -0.7947
vn -0.0158 0.6935 -0.7203
vn -0.0136 0.7725 -0.6349
vn -0.0178 0.6084 -0.7934
vn -0.0159 0.6965 -0.7174
vn -0.0139 0.7761 -0.6304
vn -0.0118 0.8387 -0.5445
vn 1.0000 -0.0038 0.0025
vn 0.9996 -0.0270 0.0034
vn 0.9930 0.1173 -0.0170
vn 0.9955 0.0949 0.0011
vn 0.9977 0.0681 0.0046
vn 1.0000 -0.0024 -0.0008
vn 0.9997 -0.0225 -0.0012
vn 0.4039 0.1138 -0.9077
vn 0.9999 -0.0140 -0.0034
vn 0.9998 -0.0178 -0.0009
vn 1.0000 0.0050 -0.0018
vn 0.9995 0.0313 -0.0010
vn 0.9977 0.0672 -0.0034
vn 0.0709 0.2282 0.9710
vn 0.0695 0.1929 0.9787
vn 0.0535 0.1441 0.9881
vn 0.9998 0.0173 -0.0068
vn 0.9995 0.0290 -0.0098
vn 1.0000 -0.0010 -0.0098
vn 0.9998 0.0113 -0.0132
vn 0.9999 -0.0022 -0.0161
vn 0.9998 0.0194 -0.0029
vn 0.9999 0.0102 -0.0014
vn 0.9992 0.0400 -0.0041
vn 0.9968 0.0799 -0.0019
vn 0.9995 0.0303 -0.0012
vn 0.9986 0.0523 -0.0013
vn 0.9964 0.0852 -0.0007
vn 0.9966 0.0823 0.0011
vn 0.9989 0.0471 0.0026
vn 0.9997 0.0247 0.0022
vn 0.9991 0.0417 0.0028
vn 0.9994 0.0346 0.0018
vn 0.9999 0.0099 0.0092
vn 0.9998 -0.0114 0.0134
vn 0.9997 0.0211 0.0122
vn 0.9998 0.0022 0.0178
vn 0.9997 -0.0127 0.0224
vn 0.9993 0.0334 0.0142
vn 0.9996 0.0173 0.0213
vn 0.9991 0.0146 0.0402
vn 0.9972 0.0579 0.0472
vn 0.9952 0.0843 0.0489
vn 0.9927 0.1098 0.0492
vn 0.9885 0.1435 0.0474
vn 0.8663 0.1052 0.4884
vn 0.9961 0.0205 -0.0854
vn 0.2553 0.2388 -0.9369
vn 0.5260 0.1785 -0.8315
vn 0.6161 0.1560 -0.7720
vn 0.8744 0.1273 -0.4682
vn 0.8918 0.1492 -0.4271
vn 0.9931 0.1118 -0.0366
vn 0.9952 0.0841 -0.0496
vn 0.9974 0.0616 -0.0379
vn 0.9870 0.1033 -0.1234
vn 0.9929 0.0388 -0.1127
vn 0.8928 0.0654 -0.4458
vn 0.8998 -0.0725 -0.4302
vn 0.9954 -0.0956 0.0079
vn 0.8274 -0.5616 -0.0070
vn 0.9928 -0.1198 -0.0007
vn 0.9996 -0.0202 -0.0190
vn 0.9996 -0.0067 -0.0264
vn 0.9996 0.0268 -0.0036
vn 0.9992 0.0402 0.0024
vn 0.9973 0.0728 0.0087
vn 0.9955 0.0947 0.0095
vn 0.9932 0.1160 0.0091
vn 0.9987 -0.0514 -0.0057
vn 0.9982 -0.0596 -0.0009
vn 0.9992 -0.0267 0.0312
vn 0.9992 -0.0318 0.0250
vn 0.9993 -0.0150 0.0342
vn 0.9970 0.0760 -0.0167
vn 0.9892 0.1442 -0.0249
vn 0.9933 0.1154 -0.0090
vn 0.9955 0.0939 -0.0096
vn 0.9974 0.0718 -0.0089
vn 0.9992 0.0389 -0.0041
vn 0.9997 0.0234 0.0028
vn 0.0293 -0.9996 0.0051
vn 0.0070 -0.7013 0.7128
vn -0.9998 -0.0064 0.0204
vn -0.9997 -0.0036 0.0242
vn -0.9993 -0.0298 0.0205
vn -0.9993 -0.0274 0.0249
vn -0.9986 -0.0452 0.0256
vn -0.9998 0.0007 0.0214
vn -0.9972 0.0725 0.0205
vn -0.9953 0.0941 0.0205
vn -0.9995 -0.0278 0.0159
vn -0.9998 -0.0027 0.0206
vn -0.9995 -0.0245 0.0204
vn -0.4115 0.0950 -0.9065
vn -0.9998 -0.0143 0.0157
vn -0.9998 0.0056 0.0174
vn -0.9997 -0.0179 0.0183
vn -0.9993 0.0308 0.0199
vn -0.9997 0.0159 0.0198
vn -0.9972 0.0725 0.0197
vn -0.9976 0.0667 0.0157
vn -0.0697 0.1929 0.9788
vn -0.9998 0.0179 0.0115
vn -1.0000 -0.0016 0.0082
vn -0.9996 0.0269 0.0088
vn -0.9999 0.0096 0.0043
vn -1.0000 -0.0026 0.0002
vn -1.0000 0.0080 -0.0038
vn -0.9981 0.0590 0.0183
vn -0.9997 0.0194 0.0170
vn -0.9991 0.0385 0.0157
vn -0.9967 0.0790 0.0175
vn -0.9933 0.1138 0.0209
vn -0.9981 0.0578 0.0199
vn -0.9997 0.0109 0.0212
vn -0.9993 0.0310 0.0207
vn -0.9986 0.0490 0.0186
vn -0.9963 0.0841 0.0197
vn -0.9993 0.0300 0.0232
vn -0.9984 0.0519 0.0236
vn -0.9899 0.1403 0.0219
vn -0.9934 0.1129 0.0212
vn -0.9960 0.0865 0.0212
vn -0.9982 0.0553 0.0210
vn -0.9961 0.0847 0.0229
vn -0.9948 0.0991 0.0224
vn -0.9932 0.1140 0.0223
vn -0.9952 0.0967 0.0156
vn -0.9934 0.1133 0.0153
vn -0.9900 0.1398 0.0163
vn -0.9897 0.1422 0.0165
vn -0.9996 0.0225 0.0166
vn -0.9990 0.0420 0.0174
vn -0.9898 0.1415 0.0183
vn -0.9997 0.0175 0.0159
vn -0.9993 0.0339 0.0168
vn -0.9998 0.0047 0.0214
vn -0.9996 0.0154 0.0216
vn -0.9993 0.0312 0.0217
vn -0.9959 0.0878 0.0199
vn -0.9983 0.0551 0.0202
vn -0.9995 0.0089 0.0291
vn -0.9992 0.0221 0.0320
vn -0.9994 -0.0112 0.0334
vn -0.9993 0.0023 0.0366
vn -0.9990 -0.0252 0.0374
vn -0.9991 -0.0144 0.0408
vn -0.9981 0.0144 0.0594
vn -0.9961 0.0584 0.0660
vn -0.9941 0.0846 0.0674
vn -0.9916 0.1100 0.0678
vn -0.9874 0.1440 0.0663
vn -0.6242 0.1574 0.7652
vn -0.7046 0.1418 0.6953
vn -0.9977 -0.0643 0.0193
vn -0.9840 -0.1771 0.0185
vn -1.0000 0.0050 -0.0003
vn -0.3209 0.2372 -0.9169
vn -0.9997 0.0202 -0.0104
vn -0.9951 0.0375 -0.0917
vn -0.6304 0.1640 -0.7587
vn -0.6152 0.1568 -0.7726
vn -0.6472 0.1619 -0.7449
vn -0.8789 -0.0131 -0.4769
vn -0.9997 0.0136 -0.0208
vn -0.9948 -0.0973 0.0286
vn -0.9812 -0.1921 0.0192
vn -0.7698 -0.6383 0.0039
vn -0.9998 -0.0003 0.0193
vn -0.9997 -0.0224 -0.0001
vn -0.9998 -0.0164 -0.0073
vn -0.9999 0.0143 0.0059
vn -0.9995 0.0266 0.0150
vn -0.9989 0.0407 0.0217
vn -0.9990 -0.0435 0.0129
vn -0.9986 -0.0497 0.0196
vn -0.9985 -0.0104 0.0534
vn -0.9983 -0.0260 0.0515
vn -0.9984 -0.0329 0.0457
vn -0.9999 0.0011 0.0166
vn -0.9997 0.0156 0.0166
vn -0.9974 0.0713 0.0073
vn -0.9991 0.0392 0.0169
vn -0.9995 0.0235 0.0233
vn -0.9994 0.0093 0.0348
vn -0.9965 -0.0813 0.0182
vn 0.0057 0.4058 -0.9139
vn -0.0203 0.4622 -0.8865
vn -0.0048 0.9832 -0.1823
vt 0.605482 0.451376
vt 0.609196 0.174146
vt 0.609513 0.461074
vt 0.586059 0.314768
vt 0.588492 0.309724
vt 0.588501 0.461329
vt 0.576034 0.451513
vt 0.580219 0.314206
vt 0.580286 0.461352
vt 0.539041 0.453026
vt 0.553798 0.170978
vt 0.551394 0.451534
vt 0.562091 0.313887
vt 0.562091 0.451647
vt 0.481207 0.451288
vt 0.485830 0.168216
vt 0.493158 0.444386
vt 0.502397 0.171158
vt 0.509717 0.168986
vt 0.514306 0.457078
vt 0.504245 0.452458
vt 0.459217 0.434665
vt 0.463729 0.194062
vt 0.464779 0.443957
vt 0.601440 0.172251
vt 0.604563 0.172717
vt 0.601854 0.451497
vt 0.426305 0.738877
vt 0.431409 0.735018
vt 0.432454 0.739202
vt 0.462811 0.844093
vt 0.463169 0.864249
vt 0.426760 0.870352
vt 0.450667 0.773702
vt 0.460676 0.786676
vt 0.427980 0.788624
vt 0.439259 0.756505
vt 0.454151 0.763883
vt 0.429750 0.764413
vt 0.327757 0.755476
vt 0.341167 0.750785
vt 0.349382 0.752710
vt 0.367581 0.744457
vt 0.375523 0.745977
vt 0.366833 0.754186
vt 0.366424 0.758802
vt 0.335843 0.762619
vt 0.702643 0.461167
vt 0.698915 0.461326
vt 0.699061 0.173106
vt 0.732469 0.461286
vt 0.728313 0.314364
vt 0.731651 0.314371
vt 0.728425 0.457808
vt 0.725274 0.314519
vt 0.130969 0.389855
vt 0.116648 0.387814
vt 0.131984 0.169537
vt 0.160381 0.460003
vt 0.154458 0.459834
vt 0.160814 0.182057
vt 0.177280 0.458016
vt 0.169869 0.447891
vt 0.177092 0.170755
vt 0.190444 0.462899
vt 0.187089 0.458845
vt 0.189932 0.166916
vt 0.712445 0.456386
vt 0.709401 0.452439
vt 0.709546 0.169664
vt 0.706294 0.173410
vt 0.703063 0.169033
vt 0.284614 0.764196
vt 0.290919 0.767882
vt 0.276460 0.770120
vt 0.267254 0.960837
vt 0.251762 0.970757
vt 0.249375 0.964430
vt 0.269054 0.966209
vt 0.256158 0.979514
vt 0.263023 0.954488
vt 0.247670 0.956869
vt 0.245140 0.890550
vt 0.282378 0.905425
vt 0.245307 0.908149
vt 0.271103 0.934025
vt 0.274798 0.943845
vt 0.262770 0.945671
vt 0.245293 0.936777
vt 0.246060 0.947829
vt 0.329383 0.758973
vt 0.322990 0.752887
vt 0.336657 0.749224
vt 0.458444 0.463088
vt 0.493431 0.462266
vt 0.265218 0.772748
vt 0.263399 0.768928
vt 0.268588 0.767374
vt 0.259237 0.767144
vt 0.255230 0.765869
vt 0.260086 0.764004
vt 0.263896 0.762703
vt 0.263115 0.760466
vt 0.278935 0.957638
vt 0.308663 0.951957
vt 0.289939 0.948510
vt 0.308768 0.948902
vt 0.273592 0.952438
vt 0.275811 0.920993
vt 0.293748 0.931152
vt 0.303932 0.918135
vt 0.308967 0.938034
vt 0.290315 0.941111
vt 0.246297 0.849657
vt 0.246706 0.870313
vt 0.282212 0.806265
vt 0.440128 0.805591
vt 0.247559 0.829707
vt 0.355890 0.772729
vt 0.412921 0.776180
vt 0.280966 0.792552
vt 0.335177 0.934714
vt 0.347589 0.939188
vt 0.323375 0.942128
vt 0.366583 0.911164
vt 0.318229 0.928095
vt 0.361517 0.923222
vt 0.351194 0.942719
vt 0.370082 0.943843
vt 0.334400 0.947286
vt 0.367519 0.937290
vt 0.372330 0.941024
vt 0.369922 0.946150
vt 0.316950 0.952478
vt 0.417605 0.889799
vt 0.368981 0.931073
vt 0.197322 0.463089
vt 0.195192 0.455279
vt 0.199680 0.444950
vt 0.419235 0.904704
vt 0.412661 0.917949
vt 0.388074 0.920440
vt 0.355130 0.765620
vt 0.420178 0.752048
vt 0.420607 0.757692
vt 0.381853 0.936360
vt 0.391231 0.940708
vt 0.436707 0.946805
vt 0.409813 0.927966
vt 0.412999 0.935358
vt 0.400447 0.935688
vt 0.457674 0.954432
vt 0.462060 0.823391
vt 0.459923 0.941476
vt 0.459987 0.948479
vt 0.443397 0.914384
vt 0.449909 0.924734
vt 0.429542 0.926540
vt 0.437769 0.738626
vt 0.443441 0.738704
vt 0.443067 0.740637
vt 0.447028 0.741683
vt 0.738378 0.458182
vt 0.735200 0.314342
vt 0.263598 0.998298
vt 0.254097 0.977558
vt 0.263291 0.998358
vt 0.263026 0.998409
vt 0.262672 0.998483
vt 0.256833 0.985975
vt 0.465591 0.463990
vt 0.459021 0.463089
vt 0.465114 0.459012
vt 0.459021 0.463853
vt 0.262905 0.756889
vt 0.259077 0.759414
vt 0.262716 0.756393
vt 0.258299 0.758771
vt 0.262081 0.755588
vt 0.598445 0.463973
vt 0.595765 0.461155
vt 0.598649 0.451796
vt 0.250254 0.772153
vt 0.251005 0.768210
vt 0.251787 0.768420
vt 0.576987 0.463968
vt 0.580738 0.464054
vt 0.244927 0.870701
vt 0.244383 0.829740
vt 0.245035 0.850343
vt 0.243482 0.826765
vt 0.526249 0.457139
vt 0.539314 0.464033
vt 0.244705 0.923726
vt 0.243978 0.909044
vt 0.244216 0.937218
vt 0.242972 0.925701
vt 0.243136 0.912208
vt 0.243619 0.895320
vt 0.488287 0.463925
vt 0.495089 0.463996
vt 0.502180 0.464025
vt 0.509613 0.464215
vt 0.246607 0.957155
vt 0.250669 0.971136
vt 0.244937 0.948271
vt 0.244909 0.959271
vt 0.242594 0.952719
vt 0.471913 0.464115
vt 0.473586 0.462655
vt 0.480690 0.461468
vt 0.286977 0.750605
vt 0.295647 0.748632
vt 0.297069 0.749694
vt 0.279252 0.750013
vt 0.280577 0.748516
vt 0.290173 0.748572
vt 0.609630 0.463860
vt 0.615207 0.463306
vt 0.628045 0.463973
vt 0.604429 0.463932
vt 0.614019 0.450994
vt 0.323535 0.745591
vt 0.323323 0.746563
vt 0.337110 0.743862
vt 0.337147 0.745010
vt 0.331756 0.743601
vt 0.619678 0.462476
vt 0.442240 0.734069
vt 0.447152 0.736590
vt 0.446663 0.737940
vt 0.447814 0.735992
vt 0.430816 0.729293
vt 0.436653 0.731543
vt 0.436781 0.732835
vt 0.442450 0.733225
vt 0.709547 0.463989
vt 0.712741 0.464047
vt 0.706116 0.452283
vt 0.706315 0.463978
vt 0.454208 0.978478
vt 0.457011 0.966724
vt 0.454479 0.978473
vt 0.458427 0.964734
vt 0.459990 0.958825
vt 0.455278 0.978515
vt 0.454966 0.978491
vt 0.457096 0.972561
vt 0.455726 0.978548
vt 0.197322 0.464115
vt 0.192979 0.458436
vt 0.188614 0.464115
vt 0.185923 0.463788
vt 0.197322 0.463602
vt 0.197322 0.463345
vt 0.197322 0.463859
vt 0.461780 0.941629
vt 0.461061 0.948910
vt 0.462567 0.933511
vt 0.463310 0.923819
vt 0.463836 0.934039
vt 0.458990 0.954662
vt 0.462815 0.941870
vt 0.461702 0.948804
vt 0.465194 0.926528
vt 0.464894 0.936140
vt 0.181374 0.463950
vt 0.178340 0.463907
vt 0.183809 0.460435
vt 0.463004 0.882322
vt 0.464248 0.883094
vt 0.464612 0.912707
vt 0.464304 0.868248
vt 0.464737 0.885709
vt 0.808463 0.463592
vt 0.805782 0.463274
vt 0.812436 0.463260
vt 0.827606 0.464115
vt 0.820652 0.464021
vt 0.827606 0.463836
vt 0.806771 0.464112
vt 0.796630 0.464116
vt 0.827606 0.463326
vt 0.463415 0.803726
vt 0.463968 0.843947
vt 0.465684 0.800580
vt 0.464513 0.845595
vt 0.463740 0.786724
vt 0.799847 0.464115
vt 0.769782 0.462829
vt 0.754601 0.464115
vt 0.755721 0.463812
vt 0.740565 0.463995
vt 0.757240 0.458262
vt 0.770181 0.453533
vt 0.783296 0.461610
vt 0.797297 0.460375
vt 0.459493 0.756870
vt 0.460192 0.751563
vt 0.461319 0.756779
vt 0.462675 0.763842
vt 0.462434 0.756183
vt 0.463854 0.762639
vt 0.463200 0.773538
vt 0.464715 0.770592
vt 0.465918 0.778072
vt 0.731611 0.464053
vt 0.728171 0.463709
vt 0.736960 0.463721
vt 0.735173 0.464115
vt 0.727864 0.464115
vt 0.724382 0.464022
vt 0.455467 0.744800
vt 0.454421 0.741467
vt 0.456804 0.744235
vt 0.459466 0.746745
vt 0.461508 0.749197
vt 0.418242 0.732520
vt 0.424613 0.731446
vt 0.424851 0.732384
vt 0.411452 0.733654
vt 0.416027 0.732021
vt 0.421276 0.729992
vt 0.430928 0.732072
vt 0.694094 0.463325
vt 0.697182 0.464120
vt 0.365598 0.739947
vt 0.382051 0.736954
vt 0.382264 0.738119
vt 0.365394 0.739084
vt 0.372502 0.737127
vt 0.667168 0.463946
vt 0.690614 0.462091
vt 0.639861 0.464115
vt 0.366182 0.740715
vt 0.290075 0.977624
vt 0.282381 0.981776
vt 0.297769 0.973472
vt 0.305463 0.969320
vt 0.328216 0.961287
vt 0.320632 0.963965
vt 0.335801 0.958609
vt 0.313047 0.966642
vt 0.355124 0.956529
vt 0.345463 0.957569
vt 0.393335 0.957223
vt 0.383892 0.955835
vt 0.426302 0.963875
vt 0.419262 0.961937
vt 0.268522 0.761118
vt 0.268260 0.757294
vt 0.257272 0.763285
vt 0.261591 0.759834
vt 0.253453 0.768774
vt 0.253622 0.765179
vt 0.248475 0.812369
vt 0.248220 0.799143
vt 0.257086 0.797365
vt 0.290909 0.756298
vt 0.442139 0.735745
vt 0.450382 0.740086
vt 0.437014 0.735598
vt 0.453916 0.978484
vt 0.463195 0.898284
vt 0.463299 0.912103
vt 0.453120 0.756832
vt 0.454837 0.751820
vt 0.461465 0.773478
vt 0.452486 0.744813
vt 0.452793 0.742352
vt 0.458395 0.751809
vt 0.457158 0.747879
vt 0.418810 0.739936
vt 0.271970 0.989009
vt 0.269254 0.992091
vt 0.450372 0.975798
vt 0.447042 0.973116
vt 0.443712 0.970434
vt 0.440381 0.967751
vt 0.433342 0.965813
vt 0.588542 0.171613
vt 0.590661 0.170998
vt 0.576855 0.172687
vt 0.576034 0.314177
vt 0.539249 0.172590
vt 0.478306 0.169224
vt 0.598469 0.171593
vt 0.595604 0.171545
vt 0.593178 0.461542
vt 0.592801 0.171016
vt 0.273003 0.928797
vt 0.265557 0.932521
vt 0.261483 0.928797
vt 0.276307 0.932521
vt 0.276307 0.938326
vt 0.283032 0.938190
vt 0.276307 0.941787
vt 0.251397 0.938447
vt 0.265417 0.938350
vt 0.251593 0.944946
vt 0.284003 0.751355
vt 0.289404 0.755523
vt 0.283032 0.768682
vt 0.296371 0.789008
vt 0.294388 0.796752
vt 0.285746 0.789008
vt 0.310605 0.789008
vt 0.292092 0.806248
vt 0.278092 0.796752
vt 0.310511 0.866655
vt 0.277308 0.883968
vt 0.257942 0.882385
vt 0.311686 0.848765
vt 0.282363 0.848765
vt 0.308554 0.918504
vt 0.304280 0.924369
vt 0.296816 0.918504
vt 0.309355 0.928797
vt 0.300046 0.928797
vt 0.294761 0.928797
vt 0.720132 0.315752
vt 0.717967 0.171569
vt 0.720098 0.167519
vt 0.251239 0.932521
vt 0.251674 0.935695
vt 0.226069 0.935695
vt 0.219670 0.932521
vt 0.215204 0.935695
vt 0.202010 0.932521
vt 0.201504 0.935695
vt 0.173600 0.935695
vt 0.203453 0.928797
vt 0.174698 0.928797
vt 0.166392 0.938326
vt 0.201882 0.938277
vt 0.170675 0.940425
vt 0.717731 0.319540
vt 0.715784 0.172036
vt 0.731547 0.171309
vt 0.727910 0.167979
vt 0.101693 0.314868
vt 0.116889 0.170934
vt 0.146709 0.168394
vt 0.147501 0.459569
vt 0.168258 0.167438
vt 0.181344 0.168151
vt 0.181290 0.457907
vt 0.192435 0.168630
vt 0.194981 0.168267
vt 0.199548 0.180488
vt 0.712697 0.172520
vt 0.715219 0.454502
vt 0.114861 0.935695
vt 0.119131 0.932521
vt 0.125019 0.935695
vt 0.119102 0.928797
vt 0.154185 0.932521
vt 0.618162 0.166703
vt 0.686600 0.183570
vt 0.620381 0.182290
vt 0.085001 0.772867
vt 0.099649 0.777357
vt 0.079914 0.777357
vt 0.098320 0.765895
vt 0.099123 0.772374
vt 0.097885 0.782645
vt 0.110279 0.782645
vt 0.080080 0.789008
vt 0.099791 0.789008
vt 0.080187 0.817883
vt 0.106235 0.806248
vt 0.111261 0.817883
vt 0.079766 0.832045
vt 0.151487 0.832045
vt 0.082487 0.898962
vt 0.081956 0.883968
vt 0.115158 0.898962
vt 0.082593 0.924369
vt 0.082683 0.918504
vt 0.099449 0.924369
vt 0.082650 0.910327
vt 0.111180 0.918504
vt 0.100939 0.928797
vt 0.107469 0.928797
vt 0.095342 0.928797
vt 0.159973 0.928797
vt 0.171461 0.932521
vt 0.125569 0.938684
vt 0.465668 0.167697
vt 0.460607 0.180426
vt 0.459021 0.165681
vt 0.153066 0.850039
vt 0.082782 0.866655
vt 0.165217 0.883968
vt 0.100910 0.939387
vt 0.095002 0.942087
vt 0.095168 0.938410
vt 0.090180 0.938595
vt 0.084311 0.943644
vt 0.090112 0.936091
vt 0.148596 0.751346
vt 0.118009 0.767103
vt 0.123283 0.755756
vt 0.107463 0.757407
vt 0.108707 0.772854
vt 0.146031 0.771380
vt 0.113680 0.777357
vt 0.140372 0.806248
vt 0.138605 0.789008
vt 0.130940 0.796752
vt 0.122901 0.789008
vt 0.156637 0.817883
vt 0.171836 0.849901
vt 0.162317 0.777357
vt 0.154432 0.782645
vt 0.146059 0.777357
vt 0.176673 0.772513
vt 0.162311 0.772854
vt 0.162381 0.768835
vt 0.177343 0.777357
vt 0.172855 0.782645
vt 0.162375 0.757596
vt 0.175928 0.758356
vt 0.172471 0.796752
vt 0.168878 0.806248
vt 0.154563 0.796752
vt 0.175846 0.817883
vt 0.171929 0.832045
vt 0.220746 0.782645
vt 0.210113 0.789008
vt 0.204571 0.782645
vt 0.215204 0.850131
vt 0.208894 0.883968
vt 0.202978 0.850311
vt 0.219594 0.817883
vt 0.209064 0.832045
vt 0.202936 0.817884
vt 0.197322 0.165681
vt 0.230809 0.789008
vt 0.220234 0.796752
vt 0.253737 0.789008
vt 0.242404 0.796752
vt 0.236604 0.817883
vt 0.230165 0.832045
vt 0.227465 0.884290
vt 0.221420 0.898962
vt 0.235021 0.756690
vt 0.246582 0.768141
vt 0.235020 0.771894
vt 0.215205 0.757316
vt 0.225249 0.771936
vt 0.215204 0.772337
vt 0.251258 0.924369
vt 0.250918 0.928797
vt 0.221059 0.924369
vt 0.590802 0.461375
vt 0.240018 0.777357
vt 0.253024 0.782645
vt 0.237893 0.782645
vt 0.290694 0.832045
vt 0.267647 0.832045
vt 0.258396 0.898962
vt 0.273785 0.777357
vt 0.276042 0.782645
vt 0.274363 0.772433
vt 0.247005 0.772854
vt 0.293047 0.768545
vt 0.296047 0.772854
vt 0.285559 0.772854
vt 0.309081 0.772854
vt 0.295937 0.777357
vt 0.273496 0.756403
vt 0.246915 0.755425
vt 0.270212 0.806248
vt 0.274395 0.789008
vt 0.288130 0.924369
vt 0.264640 0.924369
vt 0.294761 0.928797
vt 0.295094 0.932525
vt 0.289346 0.932522
vt 0.301171 0.932534
vt 0.304283 0.935840
vt 0.299856 0.935538
vt 0.154179 0.168363
vt 0.161417 0.165681
vt 0.735174 0.167620
vt 0.079246 0.762729
vt 0.079699 0.754497
vt 0.080408 0.768488
vt 0.079063 0.754497
vt 0.079426 0.754497
vt 0.079972 0.754497
vt 0.080549 0.759750
vt 0.078858 0.772840
vt 0.077836 0.764243
vt 0.078769 0.763186
vt 0.107469 0.945123
vt 0.100760 0.945779
vt 0.100896 0.945012
vt 0.089541 0.945816
vt 0.084311 0.945820
vt 0.094994 0.944359
vt 0.107469 0.945922
vt 0.100886 0.946658
vt 0.094990 0.946825
vt 0.094994 0.946113
vt 0.084311 0.946575
vt 0.089540 0.946806
vt 0.084311 0.947398
vt 0.079155 0.941822
vt 0.079222 0.938915
vt 0.078112 0.935870
vt 0.079215 0.932543
vt 0.079274 0.935869
vt 0.077106 0.924591
vt 0.077871 0.918527
vt 0.077926 0.924371
vt 0.079483 0.849530
vt 0.081945 0.848765
vt 0.079305 0.883972
vt 0.077911 0.883993
vt 0.079558 0.866661
vt 0.076465 0.867038
vt 0.076816 0.847165
vt 0.078874 0.817883
vt 0.079680 0.806248
vt 0.078029 0.806242
vt 0.079032 0.796752
vt 0.078106 0.832141
vt 0.077857 0.817868
vt 0.077349 0.800865
vt 0.077901 0.796742
vt 0.076818 0.829229
vt 0.076465 0.791662
vt 0.076641 0.783054
vt 0.077815 0.788975
vt 0.079037 0.789008
vt 0.079296 0.782645
vt 0.077920 0.782621
vt 0.078688 0.777357
vt 0.077877 0.772852
vt 0.076937 0.774237
vt 0.077731 0.777351
vt 0.076465 0.768300
vt 0.077202 0.766158
vt 0.114861 0.945696
vt 0.127201 0.946696
vt 0.122901 0.945645
vt 0.134464 0.945802
vt 0.114848 0.946779
vt 0.107452 0.946750
vt 0.126081 0.947083
vt 0.166698 0.945896
vt 0.135096 0.944624
vt 0.167175 0.945128
vt 0.160376 0.946633
vt 0.130515 0.947696
vt 0.180246 0.947135
vt 0.307206 0.945919
vt 0.301391 0.945814
vt 0.307206 0.943757
vt 0.295484 0.945987
vt 0.289395 0.945665
vt 0.295484 0.944839
vt 0.295485 0.946644
vt 0.301391 0.946803
vt 0.289399 0.946726
vt 0.283034 0.946574
vt 0.295556 0.947647
vt 0.301406 0.947906
vt 0.289806 0.947906
vt 0.283431 0.947653
vt 0.312386 0.762887
vt 0.312229 0.772670
vt 0.312213 0.762295
vt 0.313125 0.764615
vt 0.312649 0.754497
vt 0.312110 0.754497
vt 0.313087 0.772836
vt 0.313502 0.754498
vt 0.314556 0.764837
vt 0.313541 0.763608
vt 0.313890 0.754497
vt 0.314278 0.754498
vt 0.314296 0.769051
vt 0.311991 0.777357
vt 0.311436 0.772854
vt 0.311687 0.782645
vt 0.310032 0.777357
vt 0.313353 0.777355
vt 0.313793 0.782613
vt 0.312824 0.782645
vt 0.313162 0.789008
vt 0.312108 0.789008
vt 0.314496 0.773417
vt 0.314714 0.784121
vt 0.313957 0.788942
vt 0.313479 0.796745
vt 0.312217 0.796752
vt 0.313466 0.806243
vt 0.314472 0.809348
vt 0.313443 0.817879
vt 0.314256 0.796559
vt 0.312435 0.884032
vt 0.311440 0.866652
vt 0.313678 0.883965
vt 0.313614 0.898995
vt 0.312083 0.898962
vt 0.313302 0.849015
vt 0.314414 0.866772
vt 0.314717 0.886357
vt 0.312145 0.918504
vt 0.312295 0.924369
vt 0.310077 0.924369
vt 0.313957 0.918562
vt 0.314726 0.924816
vt 0.313539 0.924373
vt 0.314726 0.912857
vt 0.315053 0.920046
vt 0.313589 0.910354
vt 0.313439 0.918504
vt 0.312234 0.932543
vt 0.309414 0.932543
vt 0.312299 0.938915
vt 0.312490 0.941822
vt 0.313316 0.938916
vt 0.314711 0.935977
vt 0.314413 0.938923
vt 0.313382 0.935870
vt 0.313603 0.941822
vt 0.276307 0.945746
vt 0.269147 0.945332
vt 0.276307 0.944936
vt 0.276312 0.946706
vt 0.265733 0.946549
vt 0.283032 0.945388
vt 0.261483 0.945292
vt 0.261762 0.947425
vt 0.250864 0.946595
vt 0.268245 0.947083
vt 0.251147 0.945799
vt 0.225872 0.944964
vt 0.219880 0.946160
vt 0.215204 0.944860
vt 0.216565 0.946868
vt 0.197818 0.946354
vt 0.202461 0.945659
vt 0.168818 0.944159
vt 0.202049 0.944321
vt 0.086040 0.756447
vt 0.113855 0.751343
vt 0.122633 0.751344
vt 0.140185 0.751344
vt 0.157008 0.751344
vt 0.235285 0.751344
vt 0.269484 0.751344
vt 0.276745 0.751344
vt 0.254962 0.751344
vt 0.262223 0.751344
vt 0.080249 0.754497
vt 0.083253 0.758854
vt 0.100896 0.942642
vt 0.107469 0.939307
vt 0.089544 0.942559
vt 0.082175 0.935869
vt 0.082231 0.938915
vt 0.082106 0.928797
vt 0.089233 0.928797
vt 0.079991 0.772854
vt 0.122901 0.944519
vt 0.114861 0.944786
vt 0.301384 0.942991
vt 0.311279 0.754497
vt 0.311546 0.754488
vt 0.309029 0.759052
vt 0.310552 0.767791
vt 0.309321 0.782645
vt 0.311825 0.817883
vt 0.311718 0.832045
vt 0.292566 0.817883
vt 0.309407 0.935869
vt 0.309368 0.938915
vt 0.269147 0.942807
vt 0.283032 0.942474
vt 0.085194 0.754205
vt 0.099887 0.751343
vt 0.100214 0.756046
vt 0.089503 0.751334
vt 0.094696 0.751344
vt 0.105075 0.751342
vt 0.289806 0.751344
vt 0.295745 0.755214
vt 0.295606 0.751344
vt 0.301406 0.751342
vt 0.458444 0.165681
vt 0.456424 0.193568
vt 0.456714 0.165681
vt 0.457291 0.165681
vt 0.457868 0.165680
vt 0.457868 0.463091
vt 0.457291 0.463089
vt 0.456657 0.454193
vt 0.210846 0.165667
vt 0.217609 0.463087
vt 0.210846 0.463125
vt 0.205171 0.190104
vt 0.204117 0.462368
vt 0.450667 0.165682
vt 0.217608 0.165671
vt 0.204087 0.165717
vt 0.224371 0.165673
vt 0.232426 0.462750
vt 0.224371 0.463089
vt 0.232420 0.165495
vt 0.240780 0.198162
vt 0.266035 0.405772
vt 0.248523 0.463089
vt 0.240472 0.165681
vt 0.248523 0.165681
vt 0.256574 0.165681
vt 0.425071 0.165681
vt 0.417617 0.463093
vt 0.417617 0.165680
vt 0.432518 0.462894
vt 0.425071 0.463090
vt 0.265343 0.165681
vt 0.393135 0.463089
vt 0.383559 0.463089
vt 0.393135 0.165681
vt 0.282881 0.463089
vt 0.291650 0.165680
vt 0.291650 0.463089
vt 0.274112 0.463089
vt 0.265343 0.463089
vt 0.256574 0.463089
vt 0.351647 0.165682
vt 0.355901 0.165686
vt 0.355901 0.463089
vt 0.360154 0.165680
vt 0.364408 0.165681
vt 0.360154 0.463095
vt 0.318418 0.165700
vt 0.323516 0.463088
vt 0.318418 0.463071
vt 0.323516 0.165682
vt 0.338003 0.463096
vt 0.342698 0.165681
vt 0.342698 0.463090
vt 0.347394 0.165680
vt 0.347394 0.463089
vt 0.333308 0.165680
vt 0.333308 0.463089
vt 0.338003 0.165669
vt 0.299936 0.165680
vt 0.304079 0.165681
vt 0.299936 0.463089
vt 0.308223 0.463089
vt 0.304079 0.463089
vt 0.586110 0.461443
vt 0.583450 0.461394
vt 0.583378 0.314348
vt 0.570200 0.451548
vt 0.570200 0.314057
vt 0.524351 0.168761
vt 0.427116 0.742494
vt 0.427824 0.746490
vt 0.419722 0.747287
vt 0.419378 0.743235
vt 0.495151 0.172041
vt 0.433209 0.742340
vt 0.433973 0.746244
vt 0.434162 0.750953
vt 0.445852 0.751183
vt 0.446570 0.756577
vt 0.440500 0.750943
vt 0.450436 0.751510
vt 0.722589 0.315161
vt 0.725266 0.458158
vt 0.722584 0.458213
vt 0.717735 0.458139
vt 0.720132 0.458410
vt 0.375832 0.749086
vt 0.289814 0.759699
vt 0.281148 0.760909
vt 0.280737 0.757704
vt 0.274665 0.765888
vt 0.274419 0.762205
vt 0.274170 0.759303
vt 0.263298 0.778683
vt 0.256516 0.780517
vt 0.256185 0.775389
vt 0.265218 0.772748
vt 0.258147 0.787232
vt 0.279660 0.775212
vt 0.276460 0.770120
vt 0.279812 0.782574
vt 0.468476 0.461716
vt 0.469257 0.444445
vt 0.473557 0.444034
vt 0.263667 0.765417
vt 0.268565 0.763764
vt 0.258368 0.770623
vt 0.274665 0.765888
vt 0.274419 0.762205
vt 0.309663 0.944258
vt 0.323730 0.946109
vt 0.386761 0.929590
vt 0.690812 0.452002
vt 0.619977 0.450476
vt 0.423629 0.941276
vt 0.428208 0.934898
vt 0.453226 0.933732
vt 0.444001 0.743355
vt 0.444969 0.746846
vt 0.439747 0.746408
vt 0.438901 0.742684
vt 0.448278 0.744116
vt 0.449415 0.747374
vt 0.440500 0.750943
vt 0.433973 0.746244
vt 0.433209 0.742340
vt 0.432454 0.739202
vt 0.453783 0.747874
vt 0.450436 0.751510
vt 0.445852 0.751183
vt 0.738827 0.314378
vt 0.754082 0.424221
vt 0.746458 0.458222
vt 0.261762 0.998714
vt 0.255475 0.985042
vt 0.267266 0.753784
vt 0.267575 0.754729
vt 0.249770 0.971598
vt 0.272686 0.751593
vt 0.273129 0.752820
vt 0.254665 0.761833
vt 0.255982 0.762188
vt 0.266103 0.752508
vt 0.270125 0.749427
vt 0.595565 0.464056
vt 0.592731 0.464059
vt 0.601371 0.463956
vt 0.252116 0.772258
vt 0.250993 0.776545
vt 0.248989 0.776639
vt 0.252773 0.764992
vt 0.249324 0.771451
vt 0.247748 0.774827
vt 0.590627 0.464075
vt 0.588553 0.464066
vt 0.586469 0.464068
vt 0.584334 0.464063
vt 0.249961 0.781962
vt 0.247835 0.782228
vt 0.249031 0.789224
vt 0.246817 0.789590
vt 0.245981 0.799493
vt 0.245373 0.812854
vt 0.246654 0.781646
vt 0.245590 0.788701
vt 0.244541 0.795916
vt 0.243510 0.803407
vt 0.572967 0.463957
vt 0.568272 0.463954
vt 0.243795 0.872594
vt 0.524171 0.464601
vt 0.554325 0.464044
vt 0.242653 0.939600
vt 0.481942 0.463891
vt 0.248367 0.964723
vt 0.247237 0.965615
vt 0.478305 0.463932
vt 0.475068 0.463896
vt 0.279684 0.751529
vt 0.297036 0.746735
vt 0.451257 0.738953
vt 0.452729 0.738583
vt 0.703141 0.464110
vt 0.715891 0.464050
vt 0.463591 0.942617
vt 0.462288 0.949095
vt 0.464475 0.898833
vt 0.175297 0.464115
vt 0.175297 0.463836
vt 0.465224 0.900360
vt 0.465710 0.915012
vt 0.813654 0.464056
vt 0.784592 0.464115
vt 0.460570 0.763831
vt 0.458636 0.747517
vt 0.457502 0.743906
vt 0.455213 0.741216
vt 0.722200 0.464035
vt 0.720098 0.464050
vt 0.718011 0.464050
vt 0.364786 0.955488
vt 0.274686 0.985928
vt 0.273664 0.755232
vt 0.374448 0.954448
vt 0.402779 0.958611
vt 0.412223 0.959999
vt 0.266537 0.995173
vt 0.584156 0.171826
vt 0.586398 0.171645
vt 0.572616 0.172663
vt 0.580650 0.171965
vt 0.567590 0.172542
vt 0.473946 0.177044
vt 0.468778 0.174939
vt 0.276307 0.935695
vt 0.265642 0.935695
vt 0.283032 0.932521
vt 0.283032 0.928797
vt 0.283032 0.935695
vt 0.306248 0.768680
vt 0.306818 0.755521
vt 0.289291 0.898962
vt 0.310867 0.883968
vt 0.309099 0.898962
vt 0.287671 0.918504
vt 0.289372 0.910327
vt 0.308806 0.910327
vt 0.724322 0.167583
vt 0.722190 0.167528
vt 0.226077 0.938381
vt 0.219102 0.928797
vt 0.215204 0.938391
vt 0.691002 0.166035
vt 0.184405 0.168116
vt 0.187415 0.167588
vt 0.114861 0.938344
vt 0.107469 0.935695
vt 0.107469 0.932521
vt 0.153827 0.935695
vt 0.080378 0.782645
vt 0.112032 0.789008
vt 0.100146 0.796752
vt 0.080076 0.796752
vt 0.113112 0.796752
vt 0.114590 0.910327
vt 0.095284 0.935724
vt 0.095335 0.932525
vt 0.100938 0.932522
vt 0.100932 0.935698
vt 0.471913 0.165681
vt 0.089720 0.933374
vt 0.100939 0.928797
vt 0.107469 0.928797
vt 0.107469 0.932521
vt 0.107469 0.935695
vt 0.095342 0.928797
vt 0.087066 0.932540
vt 0.107469 0.928797
vt 0.117651 0.924369
vt 0.122901 0.782645
vt 0.140575 0.782645
vt 0.166625 0.898962
vt 0.166604 0.910327
vt 0.159899 0.924369
vt 0.175008 0.924369
vt 0.166459 0.918504
vt 0.154489 0.789008
vt 0.172722 0.789008
vt 0.203173 0.772021
vt 0.204296 0.777357
vt 0.220848 0.777357
vt 0.202880 0.898962
vt 0.205015 0.757587
vt 0.194838 0.757984
vt 0.202909 0.910327
vt 0.203033 0.918504
vt 0.203253 0.924369
vt 0.221181 0.910327
vt 0.221056 0.918504
vt 0.203321 0.796752
vt 0.203014 0.806248
vt 0.219783 0.806248
vt 0.237712 0.806248
vt 0.269258 0.817883
vt 0.229454 0.848765
vt 0.258839 0.850212
vt 0.225250 0.756932
vt 0.258011 0.910327
vt 0.251465 0.918504
vt 0.286068 0.777357
vt 0.283032 0.768682
vt 0.285772 0.782645
vt 0.296143 0.782645
vt 0.264500 0.918504
vt 0.295152 0.935724
vt 0.289353 0.935698
vt 0.295285 0.938410
vt 0.289370 0.938337
vt 0.300784 0.938657
vt 0.283032 0.932521
vt 0.283032 0.928797
vt 0.300046 0.928797
vt 0.297450 0.940649
vt 0.289386 0.940440
vt 0.297450 0.940649
vt 0.283032 0.935695
vt 0.101766 0.167635
vt 0.086518 0.314378
vt 0.086518 0.167564
vt 0.738827 0.167564
vt 0.077648 0.754497
vt 0.076667 0.763279
vt 0.076465 0.754497
vt 0.099888 0.947906
vt 0.105080 0.947906
vt 0.094696 0.947906
vt 0.089503 0.947906
vt 0.082147 0.932543
vt 0.079215 0.928797
vt 0.078195 0.938915
vt 0.078181 0.941822
vt 0.077969 0.932545
vt 0.077946 0.928799
vt 0.077123 0.938922
vt 0.077116 0.935923
vt 0.077114 0.932711
vt 0.077120 0.941822
vt 0.077109 0.929110
vt 0.079197 0.924369
vt 0.079183 0.910327
vt 0.079194 0.898962
vt 0.079183 0.918504
vt 0.077858 0.910390
vt 0.077851 0.899050
vt 0.076465 0.920046
vt 0.076465 0.914923
vt 0.076465 0.909801
vt 0.078209 0.849009
vt 0.076465 0.888420
vt 0.076465 0.814549
vt 0.076465 0.804822
vt 0.076465 0.776834
vt 0.113856 0.947906
vt 0.307206 0.946781
vt 0.311819 0.754497
vt 0.315053 0.761399
vt 0.314665 0.754499
vt 0.315053 0.757948
vt 0.313010 0.754498
vt 0.315053 0.754497
vt 0.314756 0.777027
vt 0.310824 0.796752
vt 0.311815 0.806248
vt 0.313415 0.832151
vt 0.314703 0.829183
vt 0.314703 0.816152
vt 0.314705 0.847154
vt 0.314723 0.903335
vt 0.312289 0.928797
vt 0.312123 0.910327
vt 0.313499 0.928801
vt 0.314723 0.929401
vt 0.312259 0.935869
vt 0.313444 0.932546
vt 0.314719 0.932884
vt 0.276745 0.947906
vt 0.173832 0.751344
vt 0.165420 0.751344
vt 0.131409 0.751344
vt 0.194720 0.751344
vt 0.184276 0.751344
vt 0.205164 0.751344
vt 0.215608 0.751344
vt 0.225446 0.751344
vt 0.245123 0.751344
vt 0.289394 0.942239
vt 0.084311 0.751347
vt 0.307206 0.751340
vt 0.456714 0.463089
vt 0.450667 0.463086
vt 0.432524 0.165677
vt 0.438572 0.165673
vt 0.438566 0.462783
vt 0.444619 0.165680
vt 0.444619 0.463057
vt 0.410164 0.463091
vt 0.410164 0.165680
vt 0.240472 0.463086
vt 0.402710 0.463090
vt 0.402710 0.165680
vt 0.274112 0.165681
vt 0.373984 0.463089
vt 0.364408 0.463091
vt 0.282881 0.165681
vt 0.373984 0.165681
vt 0.383559 0.165681
vt 0.351647 0.463089
vt 0.313320 0.463090
vt 0.313320 0.165679
vt 0.308223 0.165680
vt 0.328613 0.165681
vt 0.328613 0.463089
vt 0.295793 0.463087
vt 0.295793 0.165681
s 1
usemtl 4D_Leather_White_mqm
f 19/1/18 591/2/572 246/3/244
f 92/4/90 936/5/913 202/6/200
f 210/7/208 95/8/93 211/9/209
f 220/10/218 567/11/548 221/12/219
f 221/12/219 2/13/2 20/14/19
f 238/15/236 417/16/398 866/17/846
f 576/18/557 564/19/545 218/20/216
f 866/17/846 576/18/557 231/21/229
f 117/22/115 96/23/94 864/24/844
f 539/25/520 61/26/60 19/1/18
f 539/25/520 19/1/18 192/27/190
f 387/28/373 26/29/25 344/30/342
f 139/31/137 347/32/345 134/33/132
f 169/34/167 348/35/346 13/36/13
f 168/37/166 854/38/834 161/39/159
f 331/40/329 337/41/335 857/42/837
f 337/41/335 29/43/28 389/44/375
f 856/45/836 144/46/142 132/47/130
f 263/48/261 110/49/108 410/50/391
f 112/51/110 102/52/100 101/53/99
f 310/54/308 41/55/40 102/52/100
f 858/56/838 104/57/102 103/58/101
f 300/59/298 299/60/297 107/61/105
f 288/62/286 106/63/104 626/64/607
f 114/65/112 277/66/275 414/67/395
f 108/68/106 115/69/113 604/70/585
f 109/71/107 263/48/261 39/72/38
f 861/73/841 127/74/125 7/75/7
f 122/76/120 376/77/362 375/78/361
f 122/76/120 123/79/121 376/77/362
f 123/79/121 32/80/31 376/77/362
f 862/81/842 375/78/361 232/82/230
f 10/83/10 124/84/122 372/85/358
f 126/86/124 11/87/11 336/88/334
f 374/89/360 336/88/334 21/90/20
f 332/91/330 132/47/130 127/74/125
f 378/92/364 390/93/376 337/41/335
f 117/22/115 864/24/844 782/94/763
f 238/15/236 866/17/846 230/95/228
f 333/96/331 868/97/848 867/98/847
f 365/99/351 364/100/350 363/101/349
f 871/102/851 363/101/349 362/103/348
f 872/104/852 873/105/853 123/79/121
f 874/106/854 130/107/128 872/104/852
f 121/108/119 872/104/852 122/76/120
f 125/109/123 875/110/855 126/86/124
f 124/84/122 131/111/129 125/109/123
f 875/110/855 12/112/12 128/113/126
f 212/114/210 139/31/137 371/115/357
f 9/116/9 164/117/162 370/118/356
f 139/31/137 134/33/132 10/83/10
f 141/119/139 142/120/140 120/121/118
f 142/120/140 13/36/13 9/116/9
f 135/122/133 136/123/134 877/124/857
f 124/84/122 148/125/146 131/111/129
f 131/111/129 878/126/858 875/110/855
f 148/125/146 143/127/141 878/126/858
f 878/126/858 135/122/133 12/112/12
f 137/128/135 151/129/149 138/130/136
f 149/131/147 150/132/148 137/128/135
f 138/130/136 145/133/143 133/134/131
f 134/33/132 147/135/145 124/84/122
f 143/127/141 146/136/144 135/122/133
f 24/137/23 113/138/111 6/139/6
f 147/135/145 158/140/156 148/125/146
f 158/140/156 159/141/157 879/142/859
f 148/125/146 879/142/859 143/127/141
f 140/143/138 161/39/159 141/119/139
f 152/144/150 160/145/158 140/143/138
f 880/146/860 881/147/861 150/132/148
f 151/129/149 881/147/861 157/148/155
f 154/149/152 155/150/153 882/151/862
f 145/133/143 157/148/155 404/152/385
f 164/117/162 165/153/163 212/114/210
f 157/148/155 381/154/367 279/155/277
f 158/140/156 166/156/164 159/141/157
f 166/156/164 15/157/14 163/158/161
f 159/141/157 163/158/161 154/149/152
f 161/39/159 169/34/167 142/120/140
f 380/159/366 379/160/365 888/161/868
f 888/161/868 379/160/365 28/162/27
f 311/163/309 112/51/110 100/164/98
f 17/165/16 170/166/168 32/80/31
f 17/165/16 171/167/169 170/166/168
f 172/168/170 18/169/17 173/170/171
f 176/171/174 16/172/15 177/173/175
f 176/171/174 175/174/173 16/172/15
f 180/175/178 181/176/179 182/177/180
f 182/177/180 186/178/184 187/179/185
f 187/180/185 190/181/188 191/182/189
f 891/183/871 198/184/196 194/185/192
f 207/186/205 211/9/209 208/187/206
f 213/188/211 895/189/875 212/114/210
f 212/114/210 895/189/875 370/118/356
f 10/83/10 213/188/211 371/115/357
f 216/190/214 217/191/215 895/189/875
f 219/192/217 220/10/218 216/193/214
f 373/194/359 224/195/222 372/85/358
f 223/196/221 227/197/225 373/194/359
f 227/197/225 228/198/226 224/195/222
f 224/195/222 214/199/212 10/83/10
f 226/200/224 230/95/228 227/201/225
f 230/95/228 231/21/229 228/202/226
f 228/202/226 218/20/216 214/203/212
f 232/82/230 375/78/361 235/204/233
f 376/77/362 170/166/168 233/205/231
f 235/204/233 222/206/220 21/90/20
f 237/207/235 225/208/223 222/206/220
f 174/209/172 176/171/174 896/210/876
f 896/210/876 238/15/236 229/211/227
f 240/212/238 242/213/240 239/214/237
f 241/215/239 244/216/242 243/217/241
f 244/218/242 245/219/243 253/220/251
f 244/218/242 189/221/187 246/3/244
f 246/3/244 247/222/245 245/219/243
f 242/213/240 249/223/247 924/224/901
f 924/224/901 251/225/249 248/226/246
f 249/223/247 250/227/248 251/225/249
f 245/219/243 252/228/250 253/220/251
f 255/229/253 256/230/254 927/231/904
f 255/229/253 261/232/259 256/230/254
f 258/233/256 259/234/257 254/235/252
f 259/234/257 260/236/258 255/229/253
f 260/237/258 108/68/106 261/238/259
f 263/48/261 116/239/114 259/240/257
f 264/241/262 268/242/266 25/243/24
f 897/244/877 272/245/270 269/246/267
f 268/242/266 270/247/268 25/243/24
f 269/246/267 272/245/270 114/248/112
f 269/246/267 114/248/112 898/249/878
f 898/250/878 114/65/112 278/251/276
f 272/252/270 276/253/274 114/65/112
f 274/254/272 278/251/276 273/255/271
f 275/256/273 278/251/276 274/254/272
f 280/257/278 267/258/265 279/155/277
f 281/259/279 405/260/386 282/261/280
f 279/155/277 267/258/265 266/262/264
f 283/263/281 271/264/269 267/258/265
f 282/261/280 284/265/282 285/266/283
f 271/264/269 272/245/270 897/244/877
f 286/267/284 285/268/283 899/269/879
f 276/253/274 899/269/879 277/66/275
f 853/270/833 347/32/345 290/271/288
f 405/260/386 292/272/290 284/265/282
f 290/271/288 293/273/291 294/274/292
f 900/275/880 299/276/297 300/277/298
f 284/278/282 296/279/294 287/280/285
f 294/281/292 297/282/295 900/275/880
f 287/280/285 300/277/298 288/283/286
f 165/153/163 929/284/906 301/285/299
f 301/285/299 303/286/301 304/287/302
f 929/284/906 36/288/35 303/286/301
f 293/289/291 902/290/882 297/282/295
f 303/291/301 901/292/881 902/290/882
f 303/291/301 302/293/300 901/292/881
f 902/290/882 306/294/304 104/295/102
f 297/282/295 858/296/838 298/297/296
f 932/298/909 37/299/36 905/300/885
f 904/301/884 907/302/887 308/303/306
f 903/304/883 904/301/884 906/305/886
f 905/300/885 37/299/36 907/302/887
f 36/288/35 906/305/886 302/306/300
f 308/307/306 909/308/889 112/51/110
f 908/309/888 112/51/110 311/163/309
f 906/310/886 308/307/306 908/309/888
f 907/311/887 307/312/305 909/308/889
f 934/313/911 312/314/310 313/315/311
f 37/299/36 317/316/315 307/317/305
f 322/318/320 910/319/890 321/320/319
f 407/321/388 323/322/321 322/318/320
f 323/322/321 324/323/322 910/319/890
f 910/319/890 258/233/256 35/324/34
f 911/325/891 110/49/108 324/326/322
f 326/327/324 912/328/892 325/329/323
f 325/329/323 323/322/321 407/321/388
f 30/330/29 31/331/30 912/328/892
f 912/328/892 324/323/322 323/322/321
f 31/332/30 911/325/891 324/326/322
f 31/332/30 111/333/109 911/325/891
f 31/332/30 250/334/248 253/220/251
f 30/330/29 251/225/249 250/227/248
f 408/335/389 248/226/246 251/225/249
f 32/80/31 350/336/8 349/337/8
f 32/80/31 351/338/8 350/336/8
f 32/80/31 397/339/8 351/338/8
f 133/134/131 353/340/8 352/341/8
f 133/134/131 398/342/8 353/340/8
f 32/80/31 913/343/8 397/339/8
f 133/134/131 355/344/8 354/345/8
f 133/134/131 354/345/8 398/342/8
f 914/346/8 357/347/8 145/133/143
f 359/348/8 358/349/8 145/133/143
f 361/350/347 362/103/348 916/351/893
f 402/352/383 917/353/894 362/103/348
f 364/100/350 402/352/383 363/101/349
f 918/354/895 195/355/193 364/100/350
f 335/356/333 922/357/899 369/358/355
f 239/214/237 924/224/901 378/92/364
f 23/359/22 239/214/237 378/92/364
f 924/224/901 248/226/246 390/93/376
f 925/360/902 927/231/904 379/160/365
f 28/162/27 379/160/365 34/361/33
f 26/29/25 926/362/903 380/159/366
f 26/29/25 254/235/252 926/362/903
f 254/235/252 255/229/253 925/360/902
f 404/152/385 266/262/264 265/363/263
f 281/259/279 280/257/278 381/154/367
f 404/152/385 279/155/277 266/262/264
f 382/364/368 928/365/905 166/156/164
f 928/365/905 405/260/386 15/157/14
f 348/35/346 929/284/906 164/117/162
f 383/366/369 27/367/26 932/298/909
f 930/368/907 36/288/35 348/35/346
f 385/369/371 386/370/372 934/313/911
f 386/370/372 34/361/33 312/314/310
f 406/371/387 933/372/910 37/299/36
f 322/318/320 321/320/319 387/28/373
f 321/320/319 35/324/34 26/29/25
f 389/44/375 407/321/388 388/373/374
f 29/43/28 325/329/323 389/44/375
f 248/226/246 408/335/389 29/43/28
f 32/80/31 391/374/8 392/375/377
f 404/152/385 394/376/379 395/377/380
f 395/377/380 396/378/381 404/152/385
f 404/152/385 14/379/8 360/380/8
f 549/381/530 550/382/531 936/5/913
f 557/383/538 95/8/93 94/384/92
f 566/385/547 567/11/548 220/10/218
f 691/386/672 417/16/398 238/15/236
f 539/25/520 191/182/189 538/387/519
f 191/182/189 190/181/188 537/388/518
f 537/388/518 4/389/4 536/390/517
f 496/391/477 937/392/914 495/393/476
f 496/391/477 938/394/915 937/392/914
f 941/395/918 702/396/683 754/397/735
f 757/398/738 756/399/737 72/400/71
f 501/401/482 696/402/677 56/403/55
f 706/404/687 943/405/920 58/406/57
f 67/407/66 943/405/920 706/404/687
f 943/405/920 504/408/485 505/409/486
f 639/410/620 502/411/483 484/412/465
f 638/413/619 639/410/620 988/414/965
f 749/415/730 750/416/731 944/417/921
f 750/416/731 70/418/69 698/419/679
f 750/416/731 698/419/679 699/420/680
f 98/421/96 411/422/392 663/423/644
f 704/424/685 705/425/686 945/426/922
f 695/427/676 945/426/922 694/428/675
f 946/429/923 947/430/924 692/431/673
f 455/432/436 946/429/923 50/433/49
f 681/434/662 759/435/740 760/436/741
f 99/437/97 42/438/41 411/422/392
f 102/52/100 412/439/393 101/53/99
f 41/55/40 656/440/637 102/52/100
f 105/441/103 948/442/925 104/57/102
f 103/58/101 636/443/617 298/444/296
f 107/61/105 1016/445/993 106/63/104
f 626/64/607 627/446/608 289/447/287
f 414/67/395 618/448/599 278/251/276
f 413/449/394 38/450/37 6/139/6
f 108/68/106 604/70/585 415/451/396
f 409/452/390 415/451/396 42/438/41
f 949/453/926 950/454/927 951/455/928
f 950/454/927 426/456/407 683/457/664
f 592/458/573 703/459/684 5/460/5
f 769/461/750 953/462/930 739/463/720
f 675/464/656 46/465/45 769/461/750
f 952/466/929 953/462/930 421/467/402
f 690/468/671 952/466/929 689/469/670
f 735/470/716 424/471/405 423/472/404
f 688/473/669 423/472/404 47/474/46
f 687/475/668 732/476/713 45/477/44
f 729/478/710 730/479/711 955/480/932
f 730/479/711 731/481/712 419/482/400
f 684/483/665 955/480/932 43/484/42
f 685/485/666 955/480/932 684/483/665
f 438/486/419 683/457/664 426/456/407
f 50/433/49 693/487/674 438/486/419
f 681/434/662 760/436/741 741/488/722
f 523/489/504 677/490/658 59/491/58
f 432/492/413 732/476/713 733/493/714
f 431/494/412 45/477/44 732/476/713
f 723/495/704 724/496/705 961/497/938
f 962/498/939 62/499/61 726/500/707
f 710/501/691 428/502/409 427/503/408
f 428/502/409 46/465/45 418/504/399
f 428/502/409 422/505/403 46/465/45
f 435/506/416 422/505/403 428/502/409
f 964/507/941 421/467/402 953/462/930
f 437/508/418 423/472/404 424/471/405
f 430/509/411 966/510/943 429/511/410
f 436/512/417 47/474/46 423/472/404
f 448/513/429 431/494/412 432/492/413
f 970/514/947 971/515/948 434/516/415
f 447/517/428 969/518/946 441/519/422
f 446/520/427 445/521/426 970/514/947
f 439/522/420 435/506/416 710/501/691
f 449/523/430 441/519/422 439/522/420
f 454/524/435 453/525/434 972/526/949
f 453/525/434 436/512/417 437/508/418
f 452/527/433 442/528/423 436/512/417
f 972/526/949 437/508/418 966/510/943
f 471/529/452 461/530/442 974/531/951
f 466/532/447 465/533/446 975/534/952
f 462/535/443 460/536/441 981/537/958
f 413/449/394 65/538/64 38/450/37
f 482/539/463 464/540/445 461/530/442
f 483/541/464 491/542/472 482/539/463
f 983/543/960 481/544/462 462/535/443
f 985/545/962 52/546/51 465/533/446
f 985/545/962 465/533/446 466/532/447
f 476/547/457 480/548/461 479/549/460
f 467/550/448 478/551/459 473/552/454
f 492/553/473 474/554/455 468/555/449
f 550/382/531 203/556/201 202/6/200 936/5/913
f 986/557/963 486/558/467 987/559/964
f 987/559/964 482/539/463 471/529/452
f 57/560/56 988/414/965 54/561/53
f 502/411/483 477/562/458 484/412/465
f 989/563/966 990/564/967 486/558/467
f 480/548/461 499/565/480 487/566/468
f 487/566/468 989/563/966 986/557/963
f 697/567/678 991/568/968 508/569/489
f 745/570/726 992/571/969 991/568/968
f 497/572/478 56/403/55 499/565/480
f 497/572/478 499/565/480 480/548/461
f 488/573/469 497/572/478 480/548/461
f 505/409/486 490/574/471 491/542/472
f 58/406/57 505/409/486 500/575/481
f 509/576/490 496/391/477 995/577/972
f 699/578/680 997/579/974 996/580/973
f 751/581/732 752/582/733 753/583/734
f 637/584/618 1017/585/994 107/61/105
f 412/439/393 657/586/638 100/164/98
f 517/587/498 515/588/496 512/589/493
f 517/587/498 60/590/59 516/591/497
f 515/588/496 514/592/495 513/593/494
f 518/594/499 521/595/502 519/596/500
f 524/597/505 529/598/510 525/599/506
f 527/600/508 526/601/507 62/499/61
f 525/599/506 529/598/510 1025/602/1002
f 530/603/511 534/604/515 529/598/510
f 534/604/515 533/605/514 528/606/509
f 527/600/508 531/607/512 526/601/507
f 532/608/513 536/609/517 531/607/512
f 526/610/507 542/611/523 62/499/61
f 545/612/526 1002/613/979 541/614/522
f 558/615/539 554/616/535 555/617/536
f 559/618/540 688/473/669 734/619/715
f 1006/620/983 559/618/540 732/476/713
f 563/621/544 562/622/543 1006/620/983
f 566/623/547 565/624/546 562/622/543
f 570/625/551 736/626/717 735/470/716
f 573/627/554 569/628/550 736/626/717
f 560/629/541 570/625/551 688/473/669
f 574/630/555 573/627/554 570/625/551
f 1007/631/984 572/632/553 573/627/554
f 564/633/545 574/630/555 560/629/541
f 417/634/398 691/635/672 1007/631/984
f 1007/631/984 571/636/552 572/632/553
f 568/637/549 579/638/560 690/468/671
f 582/639/563 578/640/559 579/638/560
f 578/640/559 580/641/561 518/594/499
f 571/636/552 582/639/563 568/637/549
f 691/635/672 1008/642/985 582/639/563
f 1008/642/985 580/641/561 581/643/562
f 691/635/672 582/639/563 571/636/552
f 1008/642/985 416/644/397 522/645/503
f 585/646/566 530/603/511 524/597/505
f 589/647/570 586/648/567 587/649/568
f 588/650/569 535/651/516 530/603/511
f 590/652/571 588/650/569 589/647/570
f 593/653/574 583/654/564 1009/655/986
f 1010/656/987 587/649/568 593/653/574
f 592/657/573 590/652/571 594/658/575
f 594/658/575 589/647/570 1010/656/987
f 599/659/580 598/660/579 595/661/576
f 597/662/578 596/663/577 1032/664/1009
f 602/665/583 596/663/577 597/662/578
f 603/666/584 602/665/583 598/660/579
f 601/667/582 600/668/581 596/663/577
f 604/669/585 601/667/582 602/665/583
f 415/670/396 604/669/585 603/666/584
f 109/671/107 39/672/38 601/667/582
f 608/673/589 607/674/588 1011/675/988
f 612/676/593 608/673/589 610/677/591
f 610/677/591 608/673/589 66/678/65
f 612/676/593 611/679/592 608/673/589
f 1012/680/989 414/681/395 613/682/594
f 616/683/597 615/684/596 414/681/395
f 613/682/594 617/685/598 612/676/593
f 607/674/588 1013/686/990 619/687/600
f 1013/686/990 620/688/601 1035/689/1012
f 1014/690/991 624/691/605 622/692/603
f 622/692/603 623/693/604 621/694/602
f 617/685/598 1015/695/992 1014/690/991
f 612/676/593 617/685/598 611/679/592
f 624/691/605 626/696/607 625/697/606
f 624/691/605 625/697/606 623/693/604
f 623/693/604 635/698/616 631/699/612
f 634/700/615 1017/701/994 633/702/614
f 625/697/606 1016/703/993 635/698/616
f 638/413/619 640/704/621 639/410/620
f 643/705/624 642/706/623 640/704/621
f 640/704/621 641/707/622 77/708/76
f 644/709/625 948/710/925 643/705/624
f 948/710/925 646/711/627 642/706/623
f 649/712/630 648/713/629 1036/714/1013
f 1018/715/995 656/716/637 652/717/633
f 657/718/638 412/719/393 1018/715/995
f 654/720/635 1018/715/995 653/721/634
f 70/418/69 1019/722/996 1037/723/1014
f 658/724/639 599/725/580 595/661/576
f 660/726/641 599/725/580 658/724/639
f 663/727/644 411/728/392 661/729/642
f 411/728/392 42/730/41 660/726/641
f 1020/731/997 666/732/647 665/733/646
f 669/734/650 1021/735/998 1020/731/997
f 600/668/581 1020/731/997 76/736/75
f 1021/735/998 1040/737/1017 666/732/647
f 39/672/38 669/734/650 600/668/581
f 670/738/651 668/739/649 1022/740/999
f 1022/740/999 668/739/649 1021/735/998
f 667/741/648 671/742/652 72/400/71
f 74/743/73 776/744/757 671/742/652
f 668/739/649 74/743/73 667/741/648
f 670/738/651 75/745/74 668/739/649
f 593/653/574 672/746/653 1010/656/987
f 673/747/654 74/743/73 672/746/653
f 1009/655/986 673/747/654 593/653/574
f 1030/748/1007 674/749/655 1009/655/986
f 674/749/655 776/744/757 673/747/654
f 722/750/703 675/464/656 769/461/750
f 675/464/656 418/504/399 46/465/45
f 418/504/399 707/751/688 428/502/409
f 707/751/688 708/752/689 427/503/408
f 427/503/408 49/753/48 710/501/691
f 710/501/691 711/754/692 439/522/420
f 717/755/698 488/573/469 476/547/457
f 720/756/701 721/757/702 497/572/478
f 53/758/52 719/759/700 488/573/469
f 721/757/702 501/401/482 497/572/478
f 513/593/494 771/760/752 1023/761/1000
f 1023/761/1000 722/750/703 769/461/750
f 1024/762/1001 1025/602/1002 724/496/705
f 680/763/661 1024/762/1001 723/495/704
f 524/597/505 525/599/506 1024/762/1001
f 527/600/508 62/499/61 725/764/706
f 542/611/523 1027/765/1004 1026/766/1003
f 772/767/753 729/478/710 686/768/667
f 559/618/540 734/619/715 733/493/714
f 739/463/720 577/769/558 769/461/750
f 583/654/564 584/770/565 741/488/722
f 1029/771/1006 524/597/505 680/763/661
f 595/661/576 598/660/579 1031/772/1008
f 598/660/579 1032/664/1009 1031/772/1008
f 64/773/63 606/774/587 1034/775/1011
f 775/776/756 619/687/600 745/570/726
f 620/688/601 67/407/66 746/777/727
f 1035/689/1012 746/777/727 992/571/969
f 630/778/611 68/779/67 503/780/484
f 649/712/630 1036/714/1013 749/415/730
f 70/418/69 1037/723/1014 751/581/732
f 1038/781/1015 658/724/639 1039/782/1016
f 665/733/646 755/783/736 754/397/735
f 773/784/754 754/397/735 702/396/683
f 76/736/75 665/733/646 773/784/754
f 666/732/647 1040/737/1017 755/783/736
f 1040/737/1017 72/400/71 756/399/737
f 72/400/71 671/742/652 757/398/738
f 770/785/751 761/786/742 676/787/657
f 763/788/744 762/789/743 770/785/751
f 676/787/657 44/790/43 418/504/399
f 766/791/747 942/792/919 696/402/677
f 765/793/746 764/794/745 942/792/919
f 677/490/658 781/795/762 59/491/58
f 778/796/759 79/797/78 779/798/760
f 677/490/658 780/799/761 781/795/762
f 784/800/765 783/801/764 777/802/758
f 784/800/765 778/796/759 780/799/761
f 784/800/765 777/802/758 778/796/759
f 786/803/767 796/804/776 797/805/777
f 793/806/773 797/805/777 798/807/778
f 778/796/759 789/808/770 79/797/78
f 786/803/767 794/809/774 796/804/776
f 38/450/37 795/810/775 793/806/773
f 6/139/6 798/807/778 24/137/23
f 80/811/79 811/812/791 785/813/766
f 800/814/780 801/815/781 811/812/791
f 801/815/781 818/816/798 809/817/789
f 800/814/780 808/818/788 801/815/781
f 801/815/781 1041/819/1018 83/820/82
f 804/821/784 806/822/786 803/823/783
f 81/824/80 805/825/785 804/821/784
f 801/815/781 83/820/82 816/826/796
f 815/827/795 814/828/794 821/829/801
f 822/830/802 86/831/84 812/832/792
f 818/816/798 823/833/803 824/834/804
f 818/816/798 824/834/804 799/835/779
f 829/836/809 828/837/808 826/838/806
f 830/839/810 88/840/86 827/841/807
f 835/842/815 833/843/813 832/844/812
f 835/842/815 1043/845/1020 833/843/813
f 838/846/818 842/847/822 839/848/819
f 839/848/819 90/849/88 843/850/823
f 840/851/820 838/846/818 837/852/817
f 841/853/821 842/847/822 838/846/818
f 848/854/828 849/855/829 845/856/825
f 849/855/829 850/857/830 846/858/826
f 19/1/18 61/26/60 591/2/572
f 246/3/244 591/2/572 247/222/245
f 92/4/90 201/859/199 200/860/198 3/861/3
f 94/384/92 210/7/208 209/862/207 93/863/91
f 203/556/201 550/382/531 4/389/4
f 201/859/199 92/4/90 202/6/200
f 93/863/91 209/862/207 20/14/19 2/13/2
f 210/7/208 94/384/92 95/8/93
f 3/861/3 200/860/198 211/9/209 95/8/93
f 565/864/546 219/192/217 218/20/216 564/19/545
f 219/192/217 565/864/546 220/10/218
f 852/865/832 851/866/831 345/867/343 346/868/344
f 221/12/219 567/11/548 2/13/2
f 866/17/846 417/16/398 575/869/556
f 866/17/846 575/869/556 576/18/557
f 231/21/229 576/18/557 218/20/216
f 191/182/189 539/25/520 192/27/190
f 387/28/373 852/865/832 346/868/344 388/373/374
f 344/30/342 343/870/341 852/865/832 387/28/373
f 388/373/374 322/318/320 387/28/373
f 343/870/341 342/871/340 851/866/831 852/865/832
f 851/866/831 162/872/160 152/144/150 345/867/343
f 162/872/160 851/866/831 342/871/340
f 382/364/368 158/140/156 147/135/145 853/270/833
f 158/140/156 382/364/368 166/156/164
f 853/270/833 147/135/145 134/33/132 347/32/345
f 340/873/338 855/874/835 168/37/166 341/875/339
f 13/36/13 348/35/346 164/117/162
f 168/37/166 855/874/835 854/38/834
f 855/874/835 383/366/369 854/38/834
f 161/39/159 854/38/834 169/34/167
f 162/872/160 341/875/339 168/37/166
f 339/876/337 383/366/369 855/874/835 340/873/338
f 97/877/95 41/55/40 309/878/307 320/879/318
f 383/366/369 339/876/337 27/367/26
f 318/880/316 99/437/97 98/421/96 319/881/317
f 99/437/97 318/880/316 409/452/390
f 98/421/96 97/877/95 320/879/318 319/881/317
f 346/868/344 345/867/343 856/45/836 338/882/336
f 388/373/374 346/868/344 338/882/336 389/44/375
f 152/144/150 144/46/142 856/45/836 345/867/343
f 857/42/837 856/45/836 332/91/330 331/40/329
f 332/91/330 856/45/836 132/47/130
f 389/44/375 338/882/336 857/42/837 337/41/335
f 337/41/335 390/93/376 29/43/28
f 116/239/114 109/71/107 604/70/585 115/69/113
f 856/45/836 857/42/837 338/882/336
f 39/72/38 263/48/261 410/50/391
f 410/50/391 110/49/108 111/333/109
f 100/164/98 112/51/110 101/53/99
f 112/51/110 310/54/308 102/52/100
f 298/444/296 858/56/838 103/58/101
f 106/63/104 300/59/298 107/61/105
f 289/447/287 288/62/286 626/64/607
f 278/251/276 114/65/112 414/67/395
f 860/883/840 859/884/839 377/885/363 23/359/22
f 109/71/107 116/239/114 263/48/261
f 861/73/841 860/883/840 331/40/329 332/91/330
f 859/884/839 860/883/840 861/73/841
f 23/359/22 331/40/329 860/883/840
f 861/73/841 328/886/326 329/887/327 859/884/839
f 861/73/841 332/91/330 127/74/125
f 328/886/326 861/73/841 7/75/7
f 859/884/839 329/887/327 330/888/328 377/885/363
f 232/82/230 21/90/20 336/88/334 862/81/842
f 862/81/842 122/76/120 375/78/361
f 121/108/119 862/81/842 336/88/334 11/87/11
f 125/109/123 373/194/359 372/85/358 124/84/122
f 862/81/842 121/108/119 122/76/120
f 126/86/124 374/89/360 373/194/359 125/109/123
f 863/889/843 367/890/353 334/891/332 333/892/331
f 374/89/360 126/86/124 336/88/334
f 335/356/333 9/116/9 370/118/356
f 367/890/353 863/889/843 368/893/354
f 118/894/116 863/889/843 333/96/331 7/895/7
f 119/896/117 368/893/354 863/889/843 118/894/116
f 120/121/118 369/358/355 368/893/354 119/896/117
f 9/116/9 335/356/333 369/358/355 120/121/118
f 177/173/175 16/172/15 782/94/763 864/24/844
f 331/40/329 23/359/22 378/92/364
f 331/40/329 378/92/364 337/41/335
f 22/897/21 177/173/175 864/24/844 1/898/1
f 896/210/876 22/897/21 1/898/1 865/899/845
f 870/900/850 869/901/849 867/98/847 868/97/848
f 896/210/876 865/899/845 238/15/236
f 230/95/228 866/17/846 231/21/229
f 365/99/351 870/900/850 868/97/848 366/902/352
f 871/102/851 361/350/347 869/901/849 870/900/850
f 363/101/349 871/102/851 870/900/850 365/99/351
f 867/98/847 328/903/326 7/895/7 333/96/331
f 366/902/352 868/97/848 333/892/331 334/891/332
f 361/350/347 330/888/328 329/904/327 869/901/849
f 361/350/347 871/102/851 362/103/348
f 869/901/849 329/904/327 328/903/326 867/98/847
f 874/106/854 121/108/119 11/87/11 128/113/126
f 7/75/7 127/74/125 118/894/116
f 121/108/119 874/106/854 872/104/852
f 872/104/852 130/107/128 873/105/853
f 122/76/120 872/104/852 123/79/121
f 129/905/127 874/106/854 128/113/126 12/112/12
f 133/134/131 32/80/31 123/79/121 873/105/853
f 874/106/854 129/905/127 130/107/128
f 128/113/126 11/87/11 126/86/124 875/110/855
f 125/109/123 131/111/129 875/110/855
f 141/119/139 119/896/117 118/894/116 140/143/138
f 370/118/356 164/117/162 212/114/210
f 9/116/9 13/36/13 164/117/162
f 371/115/357 139/31/137 10/83/10
f 119/896/117 141/119/139 120/121/118
f 140/143/138 118/894/116 127/74/125 132/47/130
f 138/130/136 873/105/853 130/107/128 876/906/856
f 120/121/118 142/120/140 9/116/9
f 876/906/856 130/107/128 129/905/127 877/124/857
f 877/124/857 129/905/127 12/112/12 135/122/133
f 137/128/135 876/906/856 877/124/857 136/123/134
f 149/131/147 136/123/134 135/122/133 146/136/144
f 876/906/856 137/128/135 138/130/136
f 873/105/853 138/130/136 133/134/131
f 131/111/129 148/125/146 878/126/858
f 875/110/855 878/126/858 12/112/12
f 10/83/10 134/33/132 124/84/122
f 878/126/858 143/127/141 135/122/133
f 136/123/134 149/131/147 137/128/135
f 153/907/151 146/136/144 143/127/141 879/142/859
f 151/129/149 137/128/135 150/132/148
f 145/133/143 138/130/136 151/129/149
f 132/47/130 144/46/142 140/143/138
f 124/84/122 147/135/145 148/125/146
f 148/125/146 158/140/156 879/142/859
f 154/149/152 153/907/151 879/142/859 159/141/157
f 880/146/860 149/131/147 146/136/144 153/907/151
f 703/459/684 327/908/325 935/909/912
f 141/119/139 161/39/159 142/120/140
f 144/46/142 152/144/150 140/143/138
f 140/143/138 160/145/158 161/39/159
f 151/129/149 150/132/148 881/147/861
f 881/147/861 880/146/860 882/151/862
f 149/131/147 880/146/860 150/132/148
f 882/151/862 880/146/860 153/907/151 154/149/152
f 155/150/153 156/910/154 881/147/861 882/151/862
f 883/911/863 155/150/153 154/149/152 163/158/161
f 157/148/155 881/147/861 156/910/154
f 145/133/143 151/129/149 157/148/155
f 212/114/210 165/153/163 139/31/137
f 156/910/154 155/150/153 883/911/863
f 167/912/165 883/911/863 163/158/161 15/157/14
f 381/154/367 156/910/154 883/911/863 167/912/165
f 168/37/166 160/145/158 152/144/150 162/872/160
f 157/148/155 156/910/154 381/154/367
f 404/152/385 157/148/155 279/155/277
f 159/141/157 166/156/164 163/158/161
f 160/145/158 168/37/166 161/39/159
f 887/913/867 886/914/866 884/915/864 885/916/865
f 142/120/140 169/34/167 13/36/13
f 888/161/868 887/913/867 885/916/865 380/159/366
f 890/917/870 889/918/869 886/914/866 887/913/867
f 28/162/27 890/917/870 887/913/867 888/161/868
f 884/915/864 341/919/339 162/872/160 342/920/340
f 885/916/865 884/915/864 342/920/340 343/921/341
f 380/159/366 885/916/865 343/921/341 344/922/342
f 386/370/372 385/369/371 890/917/870 28/162/27
f 344/922/342 26/29/25 380/159/366
f 385/369/371 384/923/370 889/918/869 890/917/870
f 384/923/370 27/367/26 339/924/337 889/918/869
f 889/918/869 339/924/337 340/925/338 886/914/866
f 886/914/866 340/925/338 341/919/339 884/915/864
f 40/926/39 105/927/103 306/294/304 305/928/303
f 100/164/98 40/926/39 305/928/303 311/163/309
f 104/295/102 306/294/304 105/927/103
f 288/62/286 300/59/298 106/63/104
f 175/929/173 176/930/174 173/170/171 18/169/17
f 310/54/308 309/878/307 41/55/40
f 171/167/169 172/168/170 170/166/168
f 170/166/168 172/168/170 173/170/171
f 182/177/180 183/931/181 179/932/177 180/175/178
f 174/933/172 173/170/171 176/930/174
f 22/897/21 176/171/174 177/173/175
f 183/931/181 184/934/182 178/935/176 179/932/177
f 185/936/183 186/178/184 181/176/179 33/937/32
f 182/177/180 181/176/179 186/178/184
f 187/179/185 188/938/186 183/931/181 182/177/180
f 188/938/186 189/939/187 184/934/182 183/931/181
f 4/389/4 190/181/188 186/940/184 185/941/183
f 187/180/185 186/940/184 190/181/188
f 191/182/189 192/27/190 188/942/186 187/180/185
f 192/27/190 19/1/18 189/221/187 188/942/186
f 194/185/192 918/354/895 919/943/896 891/183/871
f 918/354/895 194/185/192 195/355/193
f 891/183/871 919/943/896 403/944/384 193/945/191
f 199/946/197 195/355/193 194/185/192 198/184/196
f 197/947/195 891/183/871 193/945/191 196/948/194
f 891/183/871 197/947/195 198/184/196
f 199/946/197 185/936/183 33/937/32 195/355/193
f 203/556/201 199/949/197 198/950/196 202/6/200
f 202/6/200 198/950/196 197/951/195 201/859/199
f 201/859/199 197/951/195 196/952/194 200/860/198
f 203/556/201 4/389/4 185/941/183 199/949/197
f 193/945/191 403/944/384 920/953/897 892/954/872
f 892/954/872 920/953/897 921/955/898 893/956/873
f 893/956/873 921/955/898 922/357/899 894/957/874
f 894/957/874 922/357/899 335/356/333 204/958/202
f 208/959/206 892/954/872 893/956/873 207/960/205
f 207/960/205 893/956/873 894/957/874 206/961/204
f 206/961/204 894/957/874 204/958/202 205/962/203
f 196/948/194 193/945/191 892/954/872 208/959/206
f 209/862/207 206/963/204 205/964/203 20/14/19
f 210/7/208 207/186/205 206/963/204 209/862/207
f 200/860/198 196/952/194 208/187/206 211/9/209
f 207/186/205 210/7/208 211/9/209
f 204/958/202 335/356/333 370/118/356 895/189/875
f 216/190/214 895/189/875 213/188/211 215/965/213
f 371/115/357 213/188/211 212/114/210
f 215/965/213 213/188/211 10/83/10 214/199/212
f 205/962/203 204/958/202 895/189/875 217/191/215
f 219/192/217 215/966/213 214/203/212 218/20/216
f 215/966/213 219/192/217 216/193/214
f 221/12/219 217/967/215 216/193/214 220/10/218
f 20/14/19 205/964/203 217/967/215 221/12/219
f 223/196/221 374/89/360 21/90/20 222/206/220
f 374/89/360 223/196/221 373/194/359
f 226/968/224 223/196/221 222/206/220 225/208/223
f 372/85/358 224/195/222 10/83/10
f 373/194/359 227/197/225 224/195/222
f 223/196/221 226/968/224 227/197/225
f 230/95/228 226/200/224 225/969/223 229/211/227
f 224/195/222 228/198/226 214/199/212
f 227/201/225 230/95/228 228/202/226
f 233/205/231 234/970/232 375/78/361 376/77/362
f 229/211/227 238/15/236 230/95/228
f 228/202/226 231/21/229 218/20/216
f 375/78/361 234/970/232 235/204/233
f 237/207/235 235/204/233 234/970/232 236/971/234
f 32/80/31 170/166/168 376/77/362
f 233/205/231 170/166/168 173/170/171
f 232/82/230 235/204/233 21/90/20
f 174/933/172 236/971/234 234/970/232 233/205/231
f 229/211/227 237/972/235 236/973/234 896/210/876
f 233/205/231 173/170/171 174/933/172
f 235/204/233 237/207/235 222/206/220
f 184/934/182 241/215/239 923/974/900 178/935/176
f 174/209/172 896/210/876 236/973/234
f 896/210/876 176/171/174 22/897/21
f 237/972/235 229/211/227 225/969/223
f 243/217/241 240/212/238 923/974/900 241/215/239
f 189/939/187 244/216/242 241/215/239 184/934/182
f 240/212/238 243/217/241 242/213/240
f 935/909/912 252/228/250 245/219/243 247/222/245
f 243/217/241 244/216/242 253/975/251
f 244/218/242 246/3/244 245/219/243
f 246/3/244 189/221/187 19/1/18
f 256/230/254 257/976/255 34/361/33 927/231/904
f 239/214/237 242/213/240 924/224/901
f 924/224/901 249/223/247 251/225/249
f 242/213/240 243/217/241 249/223/247
f 243/217/241 253/975/251 249/223/247
f 249/223/247 253/975/251 250/227/248
f 262/977/260 257/976/255 256/230/254 261/232/259
f 254/235/252 259/234/257 255/229/253
f 35/324/34 258/233/256 254/235/252
f 255/229/253 260/236/258 261/232/259
f 115/69/113 260/237/258 259/240/257 116/239/114
f 258/978/256 263/48/261 259/240/257
f 409/452/390 262/979/260 261/238/259 108/68/106
f 260/237/258 115/69/113 108/68/106
f 268/242/266 264/241/262 265/363/263 266/262/264
f 897/244/877 268/242/266 267/258/265 271/264/269
f 266/262/264 267/258/265 268/242/266
f 268/242/266 897/244/877 270/247/268
f 113/138/111 24/137/23 273/255/271 278/251/276
f 270/247/268 897/244/877 269/246/267
f 114/65/112 276/253/274 277/66/275
f 283/263/281 280/257/278 281/259/279 282/261/280
f 275/256/273 898/250/878 278/251/276
f 285/266/283 286/980/284 283/263/281 282/261/280
f 280/257/278 283/263/281 267/258/265
f 282/261/280 405/260/386 284/265/282
f 286/980/284 276/981/274 271/264/269 283/263/281
f 288/62/286 289/447/287 899/269/879 285/268/283
f 272/245/270 271/264/269 276/981/274
f 276/253/274 286/267/284 899/269/879
f 290/271/288 291/982/289 382/364/368 853/270/833
f 285/268/283 284/983/282 287/984/285
f 285/268/283 287/984/285 288/62/286
f 291/982/289 292/272/290 928/365/905 382/364/368
f 294/274/292 295/985/293 291/982/289 290/271/288
f 405/260/386 928/365/905 292/272/290
f 290/271/288 347/32/345 293/273/291
f 295/985/293 296/986/294 292/272/290 291/982/289
f 900/275/880 300/277/298 296/279/294 295/987/293
f 284/265/282 292/272/290 296/986/294
f 298/297/296 299/276/297 900/275/880 297/282/295
f 295/987/293 294/281/292 900/275/880
f 294/281/292 293/289/291 297/282/295
f 304/287/302 293/273/291 347/32/345 301/285/299
f 287/280/285 296/279/294 300/277/298
f 139/31/137 165/153/163 301/285/299
f 347/32/345 139/31/137 301/285/299
f 301/285/299 929/284/906 303/286/301
f 303/286/301 36/288/35 302/306/300
f 305/928/303 306/294/304 901/292/881 302/293/300
f 902/290/882 901/292/881 306/294/304
f 293/289/291 304/988/302 902/290/882
f 304/988/302 303/291/301 902/290/882
f 904/301/884 903/304/883 930/368/907 931/989/908
f 858/296/838 902/290/882 104/295/102
f 297/282/295 902/290/882 858/296/838
f 36/288/35 930/368/907 903/304/883
f 905/300/885 904/301/884 931/989/908 932/298/909
f 309/878/307 310/54/308 909/308/889 307/312/305
f 906/305/886 904/301/884 308/303/306
f 36/288/35 903/304/883 906/305/886
f 904/301/884 905/300/885 907/302/887
f 907/302/887 37/299/36 307/317/305
f 908/309/888 308/307/306 112/51/110
f 112/51/110 909/308/889 310/54/308
f 302/293/300 906/310/886 908/309/888
f 308/307/306 907/311/887 909/308/889
f 311/163/309 305/928/303 302/293/300 908/309/888
f 313/315/311 314/990/312 933/372/910 934/313/911
f 37/299/36 933/372/910 314/990/312
f 316/991/314 317/316/315 314/990/312 313/315/311
f 312/314/310 34/361/33 257/976/255
f 315/992/313 316/991/314 313/315/311 312/314/310
f 315/992/313 312/314/310 257/976/255 262/977/260
f 319/881/317 320/879/318 317/993/315 316/994/314
f 37/299/36 314/990/312 317/316/315
f 319/881/317 316/994/314 315/995/313 318/880/316
f 318/880/316 315/995/313 262/979/260 409/452/390
f 320/879/318 309/878/307 307/312/305 317/993/315
f 263/48/261 258/978/256 324/326/322 110/49/108
f 322/318/320 323/322/321 910/319/890
f 321/320/319 910/319/890 35/324/34
f 910/319/890 324/323/322 258/233/256
f 911/325/891 111/333/109 110/49/108
f 327/908/325 111/333/109 252/228/250 935/909/912
f 408/335/389 326/327/324 325/329/323
f 326/327/324 30/330/29 912/328/892
f 325/329/323 912/328/892 323/322/321
f 912/328/892 31/331/30 324/323/322
f 253/220/251 252/228/250 111/333/109 31/332/30
f 355/344/8 133/134/131 145/133/143 356/996/8
f 31/331/30 30/330/29 250/227/248
f 326/327/324 408/335/389 251/225/249
f 30/330/29 326/327/324 251/225/249
f 8/997/8 32/80/31 349/337/8
f 913/343/8 133/134/131 352/341/8
f 32/80/31 133/134/131 913/343/8
f 916/351/893 401/998/382 330/888/328 361/350/347
f 145/133/143 399/999/8 356/996/8
f 145/133/143 915/1000/8 914/346/8
f 145/133/143 400/1001/8 915/1000/8
f 145/133/143 357/347/8 399/999/8
f 404/152/385 359/348/8 145/133/143
f 404/152/385 360/380/8 359/348/8
f 145/133/143 358/349/8 400/1001/8
f 392/375/377 393/1002/378 32/80/31
f 393/1002/378 17/165/16 32/80/31
f 916/351/893 362/103/348 917/353/894
f 181/176/179 917/353/894 402/352/383 33/937/32
f 363/101/349 402/352/383 362/103/348
f 180/175/178 179/932/177 916/351/893 917/353/894
f 917/353/894 181/176/179 180/175/178
f 179/932/177 178/935/176 401/998/382 916/351/893
f 918/354/895 365/99/351 366/902/352 919/943/896
f 365/99/351 918/354/895 364/100/350
f 919/943/896 366/902/352 334/891/332 403/944/384
f 33/937/32 402/352/383 364/100/350 195/355/193
f 403/944/384 334/891/332 367/890/353 920/953/897
f 920/953/897 367/890/353 368/893/354 921/955/898
f 921/955/898 368/893/354 369/358/355 922/357/899
f 240/212/238 23/359/22 377/885/363 923/974/900
f 23/359/22 240/212/238 239/214/237
f 401/998/382 923/974/900 377/885/363 330/888/328
f 925/360/902 379/160/365 380/159/366 926/362/903
f 923/974/900 401/998/382 178/935/176
f 378/92/364 924/224/901 390/93/376
f 926/362/903 254/235/252 925/360/902
f 281/259/279 167/912/165 15/157/14 405/260/386
f 26/29/25 35/324/34 254/235/252
f 925/360/902 255/229/253 927/231/904
f 34/361/33 379/160/365 927/231/904
f 167/912/165 281/259/279 381/154/367
f 930/368/907 169/34/167 854/38/834 931/989/908
f 279/155/277 381/154/367 280/257/278
f 166/156/164 928/365/905 15/157/14
f 164/117/162 929/284/906 165/153/163
f 348/35/346 36/288/35 929/284/906
f 169/34/167 930/368/907 348/35/346
f 931/989/908 854/38/834 383/366/369 932/298/909
f 934/313/911 933/372/910 384/923/370 385/369/371
f 932/298/909 27/367/26 406/371/387
f 406/371/387 37/299/36 932/298/909
f 933/372/910 406/371/387 27/367/26 384/923/370
f 386/370/372 28/162/27 34/361/33
f 934/313/911 386/370/372 312/314/310
f 935/909/912 247/222/245 592/458/573 5/460/5
f 388/373/374 407/321/388 322/318/320
f 387/28/373 321/320/319 26/29/25
f 389/44/375 325/329/323 407/321/388
f 29/43/28 408/335/389 325/329/323
f 390/93/376 248/226/246 29/43/28
f 32/80/31 8/997/8 391/374/8
f 404/152/385 265/363/263 394/376/379
f 404/152/385 396/378/381 14/379/8
f 935/909/912 5/460/5 703/459/684
f 591/2/572 592/458/573 247/222/245
f 92/4/90 3/861/3 547/1003/528 548/1004/529
f 936/5/913 92/4/90 548/1004/529 549/381/530
f 94/384/92 93/863/91 556/1005/537 557/383/538
f 550/382/531 536/390/517 4/389/4
f 3/861/3 95/8/93 558/1006/539 547/1003/528
f 557/383/538 558/1006/539 95/8/93
f 93/863/91 2/13/2 63/1007/62 556/1005/537
f 238/15/236 865/899/845 956/1008/933 691/386/672
f 565/864/546 566/385/547 220/10/218
f 567/11/548 63/1007/62 2/13/2
f 1/898/1 416/1009/397 956/1008/933 865/899/845
f 940/1010/917 939/1011/916 937/392/914 938/394/915
f 416/1009/397 1/898/1 864/24/844
f 416/1009/397 864/24/844 96/23/94
f 96/23/94 117/22/115 677/490/658
f 538/387/519 191/182/189 537/388/518
f 537/388/518 190/181/188 4/389/4
f 941/395/918 756/399/737 939/1011/916 940/1010/917
f 704/424/685 474/554/455 495/393/476 937/392/914
f 700/1012/681 938/394/915 496/391/477 55/1013/54
f 701/1014/682 940/1010/917 938/394/915 700/1012/681
f 702/396/683 941/395/918 940/1010/917 701/1014/682
f 754/397/735 755/783/736 756/399/737 941/395/918
f 756/399/737 757/398/738 705/425/686 939/1011/916
f 939/1011/916 705/425/686 704/424/685 937/392/914
f 744/1015/725 697/567/678 942/792/919 774/1016/755
f 696/402/677 942/792/919 697/567/678
f 988/414/965 57/560/56 68/779/67 638/413/619
f 56/403/55 696/402/677 697/567/678
f 58/406/57 943/405/920 505/409/486
f 503/780/484 68/779/67 57/560/56
f 988/414/965 639/410/620 484/412/465
f 498/1017/479 502/411/483 747/1018/728 69/1019/68
f 639/410/620 747/1018/728 502/411/483
f 509/576/490 510/1020/491 944/417/921 750/416/731
f 511/1021/492 944/417/921 510/1020/491
f 511/1021/492 498/1017/479 69/1019/68 748/1022/729
f 944/417/921 511/1021/492 748/1022/729 749/415/730
f 655/1023/636 41/55/40 97/877/95 664/1024/645
f 509/576/490 750/416/731 699/420/680
f 509/576/490 699/578/680 55/1013/54
f 664/1024/645 97/877/95 98/421/96 663/423/644
f 757/398/738 758/1025/739 945/426/922 705/425/686
f 695/427/676 704/424/685 945/426/922
f 695/427/676 51/1026/50 474/554/455 704/424/685
f 758/1025/739 73/1027/72 694/428/675 945/426/922
f 759/435/740 681/434/662 692/431/673 947/430/924
f 946/429/923 455/432/436 51/1026/50 695/427/676
f 50/433/49 946/429/923 693/487/674
f 694/428/675 947/430/924 946/429/923 695/427/676
f 73/1027/72 759/435/740 947/430/924 694/428/675
f 703/459/684 670/1028/651 111/333/109 327/908/325
f 693/487/674 946/429/923 692/431/673
f 637/584/618 299/60/297 298/444/296 636/443/617
f 410/50/391 111/333/109 670/1028/651
f 99/437/97 409/452/390 42/438/41
f 98/421/96 99/437/97 411/422/392
f 101/53/99 412/439/393 100/164/98
f 102/52/100 656/440/637 412/439/393
f 104/57/102 948/442/925 103/58/101
f 299/60/297 637/584/618 107/61/105
f 1015/1029/992 899/269/879 289/447/287 627/446/608
f 106/63/104 1016/445/993 626/64/607
f 617/1030/598 277/66/275 899/269/879 1015/1029/992
f 413/449/394 113/138/111 278/251/276 618/448/599
f 951/455/928 741/488/722 740/1031/721 949/453/926
f 277/66/275 617/1030/598 414/67/395
f 113/138/111 413/449/394 6/139/6
f 409/452/390 108/68/106 415/451/396
f 949/453/926 740/1031/721 680/763/661 679/1032/660
f 950/454/927 949/453/926 679/1032/660 678/1033/659
f 426/456/407 950/454/927 678/1033/659 43/484/42
f 682/1034/663 951/455/928 950/454/927 683/457/664
f 681/434/662 741/488/722 951/455/928 682/1034/663
f 952/466/929 738/1035/719 739/463/720 953/462/930
f 769/461/750 46/465/45 953/462/930
f 738/1035/719 952/466/929 690/468/671
f 421/467/402 48/1036/47 689/469/670 952/466/929
f 953/462/930 46/465/45 422/505/403
f 954/1037/931 424/471/405 736/626/717 737/1038/718
f 735/470/716 736/626/717 424/471/405
f 689/469/670 954/1037/931 737/1038/718 690/468/671
f 48/1036/47 425/1039/406 954/1037/931 689/469/670
f 45/477/44 420/1040/401 731/481/712 687/475/668
f 424/471/405 954/1037/931 425/1039/406
f 688/473/669 735/470/716 423/472/404
f 734/619/715 688/473/669 47/474/46
f 955/480/932 730/479/711 419/482/400
f 955/480/932 685/485/666 686/768/667 729/478/710
f 419/482/400 731/481/712 420/1040/401
f 692/431/673 682/1034/663 683/457/664 693/487/674
f 960/1041/937 959/1042/936 957/1043/934 958/1044/935
f 682/1034/663 692/431/673 681/434/662
f 438/486/419 693/487/674 683/457/664
f 523/489/504 96/23/94 677/490/658
f 523/489/504 416/1009/397 96/23/94
f 1008/1045/985 956/1008/933 416/1009/397
f 734/619/715 432/492/413 733/493/714
f 47/474/46 432/492/413 734/619/715
f 432/492/413 431/494/412 732/476/713
f 961/497/938 960/1041/937 958/1044/935 723/495/704
f 726/500/707 727/1046/708 959/1042/936 960/1041/937
f 962/498/939 726/500/707 960/1041/937 961/497/938
f 957/1043/934 684/1047/665 43/1048/42 678/1049/659
f 958/1044/935 957/1043/934 678/1049/659 679/1050/660
f 723/495/704 958/1044/935 679/1050/660 680/763/661
f 725/764/706 962/498/939 961/497/938 724/496/705
f 727/1046/708 686/768/667 685/1051/666 959/1042/936
f 962/498/939 725/764/706 62/499/61
f 686/768/667 727/1046/708 728/1052/709
f 959/1042/936 685/1051/666 684/1047/665 957/1043/934
f 43/1053/42 955/480/932 963/1054/940 426/456/407
f 710/501/691 435/506/416 428/502/409
f 964/507/941 422/505/403 435/506/416 434/516/415
f 419/482/400 963/1054/940 955/480/932
f 965/1055/942 964/507/941 434/516/415 433/1056/414
f 964/507/941 965/1055/942 421/467/402
f 429/511/410 965/1055/942 433/1056/414 430/509/411
f 48/1036/47 421/467/402 965/1055/942 429/511/410
f 424/471/405 425/1039/406 966/510/943 437/508/418
f 422/505/403 964/507/941 953/462/930
f 425/1039/406 48/1036/47 429/511/410 966/510/943
f 437/508/418 436/512/417 423/472/404
f 432/492/413 47/474/46 442/528/423 448/513/429
f 420/1040/401 45/477/44 440/1057/421 967/1058/944
f 431/494/412 440/1057/421 45/477/44
f 438/486/419 968/1059/945 450/1060/431 50/433/49
f 451/1061/432 450/1060/431 968/1059/945
f 426/456/407 963/1054/940 968/1059/945 438/486/419
f 963/1054/940 419/482/400 451/1061/432 968/1059/945
f 419/482/400 420/1040/401 967/1058/944 451/1061/432
f 434/516/415 435/506/416 969/518/946 970/514/947
f 592/458/573 670/1028/651 703/459/684
f 970/514/947 969/518/946 447/517/428 446/520/427
f 970/514/947 445/521/426 971/515/948
f 441/519/422 969/518/946 435/506/416
f 443/1062/424 971/515/948 445/521/426 444/1063/425
f 430/509/411 433/1056/414 971/515/948 443/1062/424
f 966/510/943 430/509/411 443/1062/424 972/526/949
f 434/516/415 971/515/948 433/1056/414
f 439/522/420 441/519/422 435/506/416
f 449/523/430 447/517/428 441/519/422
f 972/526/949 453/525/434 437/508/418
f 972/526/949 443/1062/424 444/1063/425 454/524/435
f 446/520/427 447/517/428 459/1064/440 973/1065/950
f 453/525/434 452/527/433 436/512/417
f 436/512/417 442/528/423 47/474/46
f 445/521/426 446/520/427 973/1065/950 974/531/951
f 973/1065/950 459/1064/440 473/552/454 472/1066/453
f 974/531/951 973/1065/950 472/1066/453 471/529/452
f 444/1063/425 445/521/426 974/531/951 461/530/442
f 431/494/412 448/513/429 975/534/952 465/533/446
f 448/513/429 442/528/423 460/536/441 975/534/952
f 440/1057/421 431/494/412 465/533/446 458/1067/439
f 460/536/441 466/532/447 975/534/952
f 465/533/446 52/546/51 458/1067/439
f 473/552/454 459/1064/440 457/1068/438 467/550/448
f 459/1064/440 447/517/428 449/523/430 456/1069/437
f 456/1069/437 457/1068/438 459/1064/440
f 451/1061/432 967/1058/944 976/1070/953 977/1071/954
f 450/1060/431 451/1061/432 977/1071/954 978/1072/955
f 967/1058/944 440/1057/421 458/1067/439 976/1070/953
f 976/1070/953 458/1067/439 52/546/51 470/1073/451
f 977/1071/954 976/1070/953 470/1073/451 469/1074/450
f 978/1072/955 977/1071/954 469/1074/450 468/555/449
f 455/432/436 978/1072/955 468/555/449 51/1026/50
f 50/433/49 450/1060/431 978/1072/955 455/432/436
f 453/525/434 454/524/435 979/1075/956 980/1076/957
f 452/527/433 453/525/434 980/1076/957 981/537/958
f 454/524/435 444/1063/425 461/530/442 979/1075/956
f 980/1076/957 979/1075/956 464/540/445 463/1077/444
f 461/530/442 464/540/445 979/1075/956
f 981/537/958 980/1076/957 463/1077/444 462/535/443
f 442/528/423 452/527/433 981/537/958 460/536/441
f 463/1077/444 464/540/445 491/542/472 982/1078/959
f 462/535/443 463/1077/444 982/1078/959 983/543/960
f 983/543/960 982/1078/959 490/574/471 489/1079/470
f 482/539/463 491/542/472 464/540/445
f 491/542/472 490/574/471 982/1078/959
f 481/544/462 983/543/960 489/1079/470 54/561/53
f 466/532/447 460/536/441 481/544/462 984/1080/961
f 462/535/443 481/544/462 460/536/441
f 984/1080/961 485/1081/466 985/545/962
f 485/1081/466 484/412/465 985/545/962
f 984/1080/961 481/544/462 54/561/53 485/1081/466
f 52/546/51 985/545/962 484/412/465 477/562/458
f 479/549/460 478/551/459 475/1082/456 476/547/457
f 984/1080/961 985/545/962 466/532/447
f 476/547/457 488/573/469 480/548/461
f 469/1074/450 470/1073/451 494/1083/475 493/1084/474
f 467/550/448 475/1082/456 478/551/459
f 468/555/449 469/1074/450 493/1084/474 492/553/473
f 470/1073/451 52/546/51 477/562/458 494/1083/475
f 986/557/963 472/1066/453 478/551/459 479/549/460
f 468/555/449 474/554/455 51/1026/50
f 987/559/964 471/529/452 472/1066/453 986/557/963
f 479/549/460 487/566/468 986/557/963
f 507/1085/488 989/563/966 499/565/480 508/569/489
f 479/549/460 480/548/461 487/566/468
f 987/559/964 486/558/467 483/541/464
f 987/559/964 483/541/464 482/539/463
f 471/529/452 482/539/463 461/530/442
f 473/552/454 478/551/459 472/1066/453
f 988/414/965 484/412/465 485/1081/466
f 54/561/53 988/414/965 485/1081/466
f 502/411/483 498/1017/479 477/562/458
f 487/566/468 499/565/480 989/563/966
f 499/565/480 56/1086/55 508/569/489
f 506/1087/487 990/564/967 989/563/966 507/1085/488
f 500/575/481 990/564/967 506/1087/487 58/406/57
f 500/575/481 483/541/464 486/558/467 990/564/967
f 507/1085/488 508/569/489 991/568/968 992/571/969
f 986/557/963 989/563/966 486/558/467
f 506/1087/487 507/1085/488 992/571/969 993/1088/970
f 991/568/968 697/567/678 744/1015/725 745/570/726
f 56/1086/55 697/567/678 508/569/489
f 706/404/687 993/1088/970 746/777/727 67/407/66
f 992/571/969 746/777/727 993/1088/970
f 58/406/57 506/1087/487 993/1088/970 706/404/687
f 491/542/472 483/541/464 500/575/481 505/409/486
f 497/572/478 501/401/482 56/403/55
f 489/1079/470 490/574/471 504/408/485 503/780/484
f 505/409/486 504/408/485 490/574/471
f 54/561/53 489/1079/470 503/780/484 57/560/56
f 994/1089/971 494/1083/475 511/1021/492 510/1020/491
f 995/577/972 994/1089/971 510/1020/491 509/576/490
f 494/1083/475 477/562/458 498/1017/479 511/1021/492
f 474/554/455 492/553/473 995/577/972 495/393/476
f 509/576/490 55/1013/54 496/391/477
f 995/577/972 496/391/477 495/393/476
f 492/553/473 493/1084/474 994/1089/971 995/577/972
f 999/1090/976 998/1091/975 996/580/973 997/579/974
f 494/1083/475 994/1089/971 493/1084/474
f 753/583/734 999/1090/976 997/579/974 751/581/732
f 1001/1092/978 1000/1093/977 998/1091/975 999/1090/976
f 71/1094/70 1001/1092/978 999/1090/976 753/583/734
f 996/580/973 700/1095/681 55/1096/54 699/578/680
f 751/581/732 997/579/974 699/420/680 698/1097/679
f 742/1098/723 743/1099/724 1000/1093/977 1001/1092/978
f 698/1097/679 70/418/69 751/581/732
f 1001/1092/978 71/1094/70 742/1100/723
f 1000/1093/977 702/396/683 701/1101/682 998/1091/975
f 702/396/683 1000/1093/977 743/1099/724
f 998/1091/975 701/1101/682 700/1095/681 996/580/973
f 646/1102/627 105/441/103 40/1103/39 645/1104/626
f 105/441/103 646/1102/627 948/442/925
f 645/1105/626 40/926/39 100/164/98 657/586/638
f 107/61/105 1017/585/994 1016/445/993
f 520/1106/501 60/590/59 519/596/500 521/595/502
f 41/55/40 655/1023/636 656/440/637
f 512/589/493 515/588/496 513/593/494
f 512/589/493 519/596/500 517/587/498
f 517/587/498 516/591/497 515/588/496
f 513/593/494 514/592/495 771/760/752
f 532/608/513 527/600/508 528/606/509 533/605/514
f 517/587/498 519/596/500 60/590/59
f 522/645/503 523/1107/504 59/1108/58
f 522/645/503 416/644/397 523/1107/504
f 522/645/503 59/1108/58 520/1106/501
f 521/595/502 522/645/503 520/1106/501
f 524/597/505 530/603/511 529/598/510
f 529/598/510 528/606/509 527/600/508
f 1025/602/1002 529/598/510 527/600/508
f 529/598/510 534/604/515 528/606/509
f 530/603/511 535/651/516 534/604/515
f 539/1109/520 534/604/515 535/651/516 61/1110/60
f 527/600/508 532/608/513 531/607/512
f 538/1111/519 533/605/514 534/604/515 539/1109/520
f 537/1112/518 532/608/513 533/605/514 538/1111/519
f 772/767/753 1028/1113/1005 1002/613/979 540/1114/521
f 532/608/513 537/1112/518 536/609/517
f 1028/1113/1005 1027/765/1004 541/614/522 1002/613/979
f 541/614/522 542/611/523 546/1115/527 545/612/526
f 542/611/523 541/614/522 1027/765/1004
f 546/1115/527 542/611/523 526/610/507 531/1116/512
f 545/612/526 544/1117/525 1002/613/979
f 540/1114/521 1002/613/979 544/1117/525 543/1118/524
f 545/612/526 546/1115/527 550/1119/531 549/1120/530
f 544/1117/525 545/612/526 549/1120/530 548/1121/529
f 550/1119/531 546/1115/527 531/1116/512 536/1122/517
f 543/1118/524 544/1117/525 548/1121/529 547/1123/528
f 729/478/710 772/767/753 540/1114/521 1003/1124/980
f 687/475/668 731/481/712 1005/1125/982 551/1126/532
f 731/481/712 730/479/711 1004/1127/981 1005/1125/982
f 730/479/711 729/478/710 1003/1124/980 1004/1127/981
f 1004/1127/981 1003/1124/980 555/617/536 554/616/535
f 1005/1125/982 1004/1127/981 554/616/535 553/1128/534
f 1003/1124/980 540/1114/521 543/1118/524 555/617/536
f 551/1126/532 1005/1125/982 553/1128/534 552/1129/533
f 555/617/536 543/1118/524 547/1123/528 558/615/539
f 553/1128/534 554/616/535 557/1130/538 556/1131/537
f 558/615/539 557/1130/538 554/616/535
f 552/1129/533 553/1128/534 556/1131/537 63/1132/62
f 732/476/713 687/475/668 551/1126/532 1006/620/983
f 559/618/540 1006/620/983 562/622/543 561/1133/542
f 1006/620/983 551/1126/532 552/1129/533 563/621/544
f 688/473/669 559/618/540 561/1133/542 560/629/541
f 563/621/544 552/1129/533 63/1132/62 567/1134/548
f 562/622/543 565/624/546 561/1133/542
f 562/622/543 563/621/544 567/1134/548 566/623/547
f 560/629/541 561/1133/542 565/624/546 564/633/545
f 690/468/671 737/1038/718 569/628/550 568/637/549
f 736/626/717 569/628/550 737/1038/718
f 688/473/669 570/625/551 735/470/716
f 568/637/549 569/628/550 572/632/553 571/636/552
f 570/625/551 573/627/554 736/626/717
f 573/627/554 572/632/553 569/628/550
f 560/629/541 574/630/555 570/625/551
f 1007/631/984 574/630/555 576/1135/557 575/1136/556
f 574/630/555 1007/631/984 573/627/554
f 564/633/545 576/1135/557 574/630/555
f 518/594/499 577/769/558 739/463/720 578/640/559
f 575/1136/556 417/634/398 1007/631/984
f 1007/631/984 691/635/672 571/636/552
f 738/1035/719 579/638/560 739/463/720
f 690/468/671 579/638/560 738/1035/719
f 579/638/560 578/640/559 739/463/720
f 519/596/500 512/589/493 577/769/558 518/594/499
f 522/645/503 521/595/502 580/641/561 1008/642/985
f 568/637/549 582/639/563 579/638/560
f 582/639/563 581/643/562 578/640/559
f 578/640/559 581/643/562 580/641/561
f 518/594/499 580/641/561 521/595/502
f 582/639/563 1008/642/985 581/643/562
f 691/635/672 956/1137/933 1008/642/985
f 584/770/565 583/654/564 587/649/568 586/648/567
f 1029/771/1006 584/770/565 586/648/567 585/646/566
f 585/646/566 586/648/567 589/647/570 588/650/569
f 1029/771/1006 585/646/566 524/597/505
f 588/650/569 590/652/571 592/657/573 591/1138/572
f 1010/656/987 589/647/570 587/649/568
f 585/646/566 588/650/569 530/603/511
f 61/1110/60 535/651/516 588/650/569 591/1138/572
f 598/660/579 599/659/580 42/1139/41 603/666/584
f 593/653/574 587/649/568 583/654/564
f 594/658/575 590/652/571 589/647/570
f 598/660/579 597/662/578 1032/664/1009
f 598/660/579 602/665/583 597/662/578
f 602/665/583 601/667/582 596/663/577
f 1011/675/988 775/776/756 606/774/587 605/1140/586
f 596/663/577 600/668/581 76/736/75
f 603/666/584 604/669/585 602/665/583
f 42/1139/41 415/670/396 603/666/584
f 604/669/585 109/671/107 601/667/582
f 601/667/582 39/672/38 600/668/581
f 618/1141/599 615/684/596 614/1142/595 413/1143/394
f 605/1140/586 66/678/65 1011/675/988
f 66/678/65 608/673/589 1011/675/988
f 775/776/756 1011/675/988 607/674/588
f 612/676/593 609/1144/590 613/682/594
f 609/1144/590 612/676/593 610/677/591
f 609/1144/590 1012/680/989 613/682/594
f 608/673/589 611/679/592 607/674/588
f 1012/680/989 616/683/597 414/681/395
f 614/1142/595 65/1145/64 413/1143/394
f 1013/686/990 607/674/588 611/679/592 1014/690/991
f 615/684/596 618/1141/599 414/681/395
f 613/682/594 414/681/395 617/685/598
f 775/776/756 607/674/588 619/687/600
f 1013/686/990 622/692/603 620/688/601
f 620/688/601 622/692/603 621/694/602
f 620/688/601 621/694/602 67/407/66
f 619/687/600 1013/686/990 1035/689/1012
f 622/692/603 624/691/605 623/693/604
f 1013/686/990 1014/690/991 622/692/603
f 626/696/607 624/691/605 1015/695/992 627/1146/608
f 1014/690/991 1015/695/992 624/691/605
f 631/699/612 628/1147/609 67/407/66 621/694/602
f 611/679/592 617/685/598 1014/690/991
f 628/1147/609 631/699/612 629/1148/610
f 634/700/615 629/1148/610 631/699/612 635/698/616
f 633/702/614 630/778/611 629/1148/610 634/700/615
f 632/1149/613 68/779/67 630/778/611 633/702/614
f 621/694/602 623/693/604 631/699/612
f 1017/701/994 634/700/615 635/698/616 1016/703/993
f 636/1150/617 632/1149/613 1017/701/994 637/1151/618
f 623/693/604 625/697/606 635/698/616
f 625/697/606 626/696/607 1016/703/993
f 643/705/624 640/704/621 638/413/619 644/709/625
f 633/702/614 1017/701/994 632/1149/613
f 639/410/620 640/704/621 747/1018/728
f 747/1018/728 640/704/621 77/708/76
f 644/709/625 638/413/619 68/779/67 632/1149/613
f 103/1152/101 644/709/625 632/1149/613 636/1150/617
f 640/704/621 642/706/623 641/707/622
f 644/709/625 103/1152/101 948/710/925
f 643/705/624 948/710/925 642/706/623
f 645/1153/626 641/707/622 642/706/623 646/711/627
f 647/1154/628 70/418/69 1036/714/1013 648/713/629
f 653/721/634 649/712/630 650/1155/631 654/720/635
f 652/717/633 648/713/629 649/712/630 653/721/634
f 654/720/635 650/1155/631 77/708/76 641/707/622
f 651/1156/632 647/1154/628 648/713/629 652/717/633
f 657/718/638 654/720/635 641/707/622 645/1153/626
f 654/720/635 657/718/638 1018/715/995
f 655/1157/636 651/1156/632 652/717/633 656/716/637
f 1018/715/995 412/719/393 656/716/637
f 659/1158/640 1038/781/1015 1037/723/1014 1019/722/996
f 653/721/634 1018/715/995 652/717/633
f 70/418/69 647/1154/628 1019/722/996
f 1038/781/1015 659/1158/640 658/724/639
f 661/729/642 659/1158/640 1019/722/996 662/1159/643
f 660/726/641 658/724/639 659/1158/640 661/729/642
f 662/1159/643 1019/722/996 647/1154/628 651/1156/632
f 663/727/644 661/729/642 662/1159/643 664/1160/645
f 660/726/641 42/730/41 599/725/580
f 664/1160/645 662/1159/643 651/1156/632 655/1157/636
f 661/729/642 411/728/392 660/726/641
f 667/741/648 1040/737/1017 1021/735/998 668/739/649
f 76/736/75 1020/731/997 665/733/646
f 1040/737/1017 667/741/648 72/400/71
f 600/668/581 669/734/650 1020/731/997
f 1022/740/999 669/734/650 410/1161/391 670/738/651
f 1020/731/997 1021/735/998 666/732/647
f 39/672/38 410/1161/391 669/734/650
f 75/745/74 594/658/575 1010/656/987 672/746/653
f 669/734/650 1022/740/999 1021/735/998
f 667/741/648 74/743/73 671/742/652
f 668/739/649 75/745/74 74/743/73
f 670/738/651 594/658/575 75/745/74
f 670/738/651 592/657/573 594/658/575
f 767/1162/748 449/523/430 439/522/420 712/1163/693
f 672/746/653 74/743/73 75/745/74
f 1009/655/986 674/749/655 673/747/654
f 673/747/654 776/744/757 74/743/73
f 593/653/574 673/747/654 672/746/653
f 722/750/703 676/787/657 675/464/656
f 675/464/656 676/787/657 418/504/399
f 418/504/399 44/790/43 707/751/688
f 427/503/408 708/752/689 709/1164/690
f 427/503/408 709/1164/690 49/753/48
f 428/502/409 707/751/688 427/503/408
f 439/522/420 711/754/692 712/1163/693
f 714/1165/695 456/1069/437 449/523/430 713/1166/694
f 457/1068/438 456/1069/437 714/1165/695 715/1167/696
f 467/550/448 457/1068/438 715/1167/696 768/1168/749
f 449/523/430 767/1162/748 713/1166/694
f 476/547/457 475/1082/456 716/1169/697 717/755/698
f 475/1082/456 467/550/448 768/1168/749 716/1169/697
f 1023/761/1000 769/461/750 512/589/493 513/593/494
f 717/755/698 718/1170/699 488/573/469
f 718/1170/699 53/758/52 488/573/469
f 719/759/700 720/756/701 497/572/478
f 488/573/469 719/759/700 497/572/478
f 686/768/667 728/1052/709 1028/1113/1005 772/767/753
f 1023/761/1000 771/760/752 770/785/751
f 1023/761/1000 770/785/751 722/750/703
f 1024/762/1001 525/599/506 1025/602/1002
f 724/496/705 1025/602/1002 725/764/706
f 680/763/661 524/597/505 1024/762/1001
f 1025/602/1002 527/600/508 725/764/706
f 723/495/704 1024/762/1001 724/496/705
f 62/499/61 1026/766/1003 726/500/707
f 62/499/61 542/611/523 1026/766/1003
f 728/1052/709 727/1046/708 1027/765/1004 1028/1113/1005
f 727/1046/708 726/500/707 1026/766/1003 1027/765/1004
f 740/1031/721 741/488/722 584/770/565 1029/771/1006
f 732/476/713 559/618/540 733/493/714
f 577/769/558 512/589/493 769/461/750
f 740/1031/721 1029/771/1006 680/763/661
f 741/488/722 760/436/741 1030/748/1007 583/654/564
f 1030/748/1007 1009/655/986 583/654/564
f 1031/772/1008 742/1100/723 71/1094/70 595/661/576
f 773/784/754 1033/1171/1010 596/663/577 76/736/75
f 1032/664/1009 596/663/577 1033/1171/1010
f 702/396/683 743/1099/724 1033/1171/1010 773/784/754
f 743/1099/724 742/1098/723 1032/664/1009 1033/1171/1010
f 775/776/756 744/1015/725 774/1016/755 1034/775/1011
f 1031/772/1008 1032/664/1009 742/1098/723
f 774/1016/755 64/773/63 1034/775/1011
f 1034/775/1011 606/774/587 775/776/756
f 504/408/485 943/405/920 628/1147/609 629/1148/610
f 744/1015/725 775/776/756 745/570/726
f 745/570/726 619/687/600 1035/689/1012
f 1035/689/1012 620/688/601 746/777/727
f 745/570/726 1035/689/1012 992/571/969
f 503/780/484 504/408/485 629/1148/610 630/778/611
f 748/1022/729 69/1019/68 77/708/76 650/1155/631
f 67/407/66 628/1147/609 943/405/920
f 747/1018/728 77/708/76 69/1019/68
f 749/415/730 1036/714/1013 750/416/731
f 749/415/730 748/1022/729 650/1155/631 649/712/630
f 595/661/576 71/1094/70 753/583/734 1039/782/1016
f 750/416/731 1036/714/1013 70/418/69
f 1039/782/1016 658/724/639 595/661/576
f 1039/782/1016 753/583/734 752/582/733 1038/781/1015
f 1038/781/1015 752/582/733 751/581/732 1037/723/1014
f 73/1027/72 758/1025/739 671/742/652 776/744/757
f 773/784/754 665/733/646 754/397/735
f 665/733/646 666/732/647 755/783/736
f 755/783/736 1040/737/1017 756/399/737
f 759/435/740 73/1027/72 776/744/757 674/749/655
f 757/398/738 671/742/652 758/1025/739
f 760/436/741 759/435/740 674/749/655 1030/748/1007
f 780/799/761 677/490/658 117/22/115 784/800/765
f 770/785/751 771/1172/752 763/788/744
f 770/785/751 762/789/743 761/786/742
f 676/787/657 761/786/742 44/790/43
f 722/750/703 770/785/751 676/787/657
f 942/792/919 764/794/745 774/1016/755
f 501/401/482 766/791/747 696/402/677
f 766/791/747 765/793/746 942/792/919
f 764/794/745 64/1173/63 774/1016/755
f 780/799/761 778/796/759 779/798/760
f 117/22/115 782/94/763 784/800/765
f 777/802/758 783/801/764 78/1174/77
f 792/1175/772 789/808/770 778/796/759 777/802/758
f 6/139/6 793/806/773 798/807/778
f 793/806/773 786/803/767 797/805/777
f 796/804/776 80/811/79 785/813/766
f 777/802/758 78/1174/77 792/1175/772
f 6/139/6 38/450/37 793/806/773
f 796/804/776 794/809/774 80/811/79
f 793/806/773 795/810/775 786/803/767
f 38/450/37 65/538/64 795/810/775
f 81/824/80 82/1176/81 787/1177/768 790/1178/771
f 790/1178/771 787/1177/768 788/1179/769 791/1180/769
f 791/1180/769 788/1179/769 789/808/770 792/1175/772
f 807/1181/787 802/1182/782 803/823/783 806/822/786
f 811/812/791 801/815/781 810/1183/790
f 80/811/79 800/814/780 811/812/791
f 801/815/781 816/826/796 818/816/798
f 810/1183/790 801/815/781 809/817/789
f 801/815/781 808/818/788 1041/819/1018
f 809/817/789 818/816/798 799/835/779
f 84/1184/83 85/1185/83 802/1182/782 807/1181/787
f 82/1176/81 81/824/80 804/821/784
f 804/821/784 805/825/785 806/822/786
f 815/827/795 821/829/801 85/1185/83 84/1184/83
f 817/1186/797 823/833/803 818/816/798 816/826/796
f 813/1187/793 87/1188/85 88/840/86
f 1042/1189/1019 822/830/802 823/833/803 817/1186/797
f 819/1190/799 820/1191/800 814/828/794 813/1187/793
f 822/830/802 1042/1189/1019 86/831/84
f 821/829/801 814/828/794 820/1191/800
f 829/836/809 825/1192/805 843/850/823 90/849/88
f 819/1190/799 813/1187/793 88/840/86
f 826/838/806 828/837/808 830/839/810
f 825/1192/805 829/836/809 826/838/806
f 826/838/806 830/839/810 827/841/807
f 832/844/812 831/1193/811 834/1194/814 835/842/815
f 827/841/807 88/840/86 87/1188/85
f 831/1193/811 850/857/830 91/1195/89 834/1194/814
f 89/1196/87 836/1197/816 833/843/813 1043/845/1020
f 837/852/817 836/1197/816 89/1196/87 840/851/820
f 839/848/819 842/847/822 90/849/88
f 840/851/820 841/853/821 838/846/818
f 845/856/825 844/1198/824 847/1199/827 848/854/828
f 86/831/84 847/1199/827 844/1198/824
f 845/856/825 849/855/829 846/858/826
f 812/832/792 86/831/84 844/1198/824
f 849/855/829 91/1195/89 850/857/830
o Plane.001
v 0.147692 -1.517003 0.014688
v 0.131792 -1.513122 0.016603
v 0.139774 -1.560448 0.016356
v 0.142695 -1.512800 -0.041263
v 0.139142 -1.560383 -0.044974
v 0.130869 -1.569116 -0.046380
v 0.153444 -1.505870 -0.042570
v 0.127508 -1.516676 -0.042398
v 0.163969 -1.524396 -0.042506
v 0.164933 -1.523893 0.015499
v 0.155265 -1.508633 0.017825
v 0.126496 -1.505682 0.015478
v 0.120385 -1.522718 0.015040
v 0.131002 -1.568959 0.022287
v 0.120092 -1.519950 -0.040843
v 0.131719 -1.501551 -0.041281
v 0.138896 -1.500905 0.016778
v 0.141149 -1.550304 0.012527
v 0.142793 -1.713626 -0.052230
v 0.149535 -1.523204 -0.040985
v 0.150579 -1.556164 0.011436
v 0.150891 -1.554764 -0.038528
v 0.135911 -1.609395 -0.057917
v 0.138581 -1.608446 0.031465
v 0.127768 -1.522733 0.016709
v 0.141634 -1.551095 -0.038556
v 0.142974 -1.713558 0.026253
v 0.137563 -1.713792 0.031522
v 0.137408 -1.713774 -0.057249
vn -0.5651 -0.3021 0.7677
vn 0.1508 -0.4066 0.9011
vn 0.8737 0.1732 0.4547
vn -0.1033 -0.6958 -0.7108
vn 0.7214 0.1818 -0.6682
vn -0.7443 0.0545 -0.6656
vn 0.4400 0.6048 -0.6637
vn 0.2742 -0.1310 -0.9527
vn 0.7449 0.0110 -0.6671
vn 0.7989 0.0062 0.6015
vn 0.4463 0.5075 0.7371
vn -0.6038 0.5507 0.5763
vn -0.8244 0.0753 0.5610
vn -0.5565 0.0947 0.8254
vn -0.7991 0.1646 -0.5782
vn -0.3284 0.7500 -0.5741
vn 0.0217 0.7473 0.6642
vn -0.7384 -0.3470 0.5783
vn 0.7319 -0.6101 -0.3035
vn -0.6204 -0.1324 -0.7731
vn 0.2564 -0.8241 0.5052
vn 0.3085 -0.7772 -0.5484
vn -0.0168 0.0504 -0.9986
vn 0.3372 0.0555 0.9398
vn 0.5337 0.0509 0.8442
vn -0.7407 -0.3788 -0.5548
vn 0.7378 -0.6065 0.2962
vn -0.3051 -0.5758 0.7585
vn -0.3145 -0.5694 -0.7595
vt 0.003624 0.122006
vt 0.123156 0.033640
vt 0.198097 0.012556
vt 0.015384 0.118678
vt 0.284334 0.016070
vt 0.357143 0.025199
vt 0.339078 0.034419
vt 0.738828 0.999737
vt 0.612622 0.979365
vt 0.591989 0.966970
vt 0.218228 0.981964
vt 0.380476 0.990723
vt 0.322366 0.980349
vt 0.434945 0.975283
vt 0.617889 0.014772
vt 0.444395 0.020052
vt 0.591915 0.072979
vt 0.733768 0.000439
vt 0.437487 0.020868
vt 0.239374 0.981930
vt 0.140901 0.975179
vt 0.012794 0.880772
vt 0.981112 0.063618
vt 0.971476 0.018130
vt 0.981762 0.934591
vt 0.194573 0.052682
vt 0.118872 0.979509
vt 0.971343 0.983690
vt 0.005083 0.886589
s 1
usemtl 4D_Leather_White_mqm
f 1064/1200/1041 1053/1201/1030 1054/1202/1031 1061/1203/1038
f 1060/1204/1037 1055/1205/1032 1045/1206/1022
f 1066/1207/1043 1049/1208/1026 1048/1209/1025
f 1050/1210/1027 1051/1211/1028 1059/1212/1036
f 1051/1211/1028 1058/1213/1035 1059/1212/1036
f 1049/1208/1026 1057/1214/1034 1056/1215/1033
f 1060/1204/1037 1059/1212/1036 1055/1205/1032
f 1059/1212/1036 1058/1213/1035 1055/1205/1032
f 1050/1210/1027 1060/1204/1037 1054/1202/1031
f 1050/1210/1027 1059/1212/1036 1060/1204/1037
f 1046/1216/1023 1067/1217/1044 1048/1209/1025
f 1046/1216/1023 1048/1209/1025 1068/1218/1045
f 1045/1206/1022 1068/1218/1045 1051/1211/1028
f 1045/1206/1022 1051/1211/1028 1047/1219/1024
f 1061/1203/1038 1063/1220/1040 1069/1221/1046
f 1069/1221/1046 1064/1200/1041 1061/1203/1038
f 1070/1222/1047 1071/1223/1048 1062/1224/1039
f 1047/1219/1024 1051/1211/1028 1050/1210/1027
f 1046/1216/1023 1057/1214/1034 1067/1217/1044
f 1046/1216/1023 1068/1218/1045 1057/1214/1034
f 1054/1202/1031 1060/1204/1037 1044/1225/1021
f 1063/1220/1040 1052/1226/1029 1069/1221/1046
f 1070/1222/1047 1067/1217/1044 1071/1223/1048
f 1062/1224/1039 1072/1227/1049 1066/1207/1043
f 1066/1207/1043 1072/1227/1049 1049/1208/1026
f 1062/1224/1039 1066/1207/1043 1048/1209/1025
f 1071/1223/1048 1067/1217/1044 1057/1214/1034
f 1056/1215/1033 1068/1218/1045 1045/1206/1022 1055/1205/1032
f 1049/1208/1026 1058/1213/1035 1051/1211/1028 1048/1209/1025
f 1068/1218/1045 1056/1215/1033 1057/1214/1034
f 1052/1226/1029 1053/1201/1030 1064/1200/1041 1065/1228/1042
f 1064/1200/1041 1069/1221/1046 1065/1228/1042
f 1058/1213/1035 1049/1208/1026 1056/1215/1033
f 1055/1205/1032 1058/1213/1035 1056/1215/1033
f 1053/1201/1030 1050/1210/1027 1054/1202/1031
f 1053/1201/1030 1052/1226/1029 1050/1210/1027
f 1050/1210/1027 1052/1226/1029 1063/1220/1040 1047/1219/1024
f 1068/1218/1045 1048/1209/1025 1051/1211/1028
f 1044/1225/1021 1045/1206/1022 1047/1219/1024
f 1063/1220/1040 1044/1225/1021 1047/1219/1024
f 1044/1225/1021 1063/1220/1040 1061/1203/1038
f 1062/1224/1039 1071/1223/1048 1072/1227/1049
f 1048/1209/1025 1067/1217/1044 1070/1222/1047 1062/1224/1039
f 1044/1225/1021 1060/1204/1037 1045/1206/1022
f 1044/1225/1021 1061/1203/1038 1054/1202/1031
f 1069/1221/1046 1052/1226/1029 1065/1228/1042
f 1072/1227/1049 1071/1223/1048 1057/1214/1034 1049/1208/1026
o Plane.002
v 0.041497 -0.965795 0.018143
v 0.133813 -1.258030 0.014688
v 0.149713 -1.261910 0.016603
v 0.138327 -1.143414 0.016686
v 0.120005 -1.038801 0.016975
v 0.117974 -1.256045 0.013429
v 0.152076 -1.210903 0.014589
v 0.138810 -1.262233 -0.041263
v 0.136275 -1.082528 -0.042030
v 0.128061 -1.269162 -0.042570
v 0.102749 -0.999998 0.018603
v 0.099732 -1.000128 -0.041608
v 0.105894 -1.000015 -0.042135
v -0.102471 -1.042722 0.014214
v -0.102687 -1.043102 -0.040492
v -0.043861 -0.983016 0.017761
v -0.067971 -0.996017 0.017652
v 0.006593 -0.968192 0.017907
v 0.079796 -0.980611 0.018398
v 0.120220 -1.039332 -0.041508
v 0.138189 -1.141688 -0.041202
v 0.117536 -1.250637 -0.042506
v 0.119526 -1.238494 0.015019
v 0.126240 -1.266399 0.017825
v 0.155009 -1.269350 0.015478
v 0.161438 -1.252984 0.015402
v 0.136061 -1.082909 0.017880
v 0.122390 -1.030126 -0.042250
v 0.161424 -1.254925 -0.041152
v 0.149786 -1.273482 -0.041281
v 0.142610 -1.274127 0.016778
v 0.140356 -1.224728 0.012527
v 0.065941 -0.973781 -0.042195
v 0.131970 -1.251828 -0.040985
v 0.151877 -1.210123 -0.041481
v 0.045835 -0.965732 -0.041969
v 0.130926 -1.218868 0.011436
v 0.130614 -1.220268 -0.038528
v 0.142569 -1.218257 0.013944
v 0.154048 -1.258405 -0.043014
v 0.153689 -1.252235 0.017618
v 0.142482 -1.213529 -0.041956
v 0.139871 -1.223937 -0.038556
v 0.121882 -1.029402 0.017608
v 0.083293 -0.980613 -0.042244
v -0.066382 -0.993657 -0.043127
v -0.042231 -0.982772 -0.042760
v -0.082268 -1.009420 -0.042518
v -0.074942 -0.999354 0.017316
v -0.004837 -0.970216 -0.042453
v 0.022583 -0.965691 -0.041842
vn 0.0186 0.0872 0.9960
vn 0.5651 0.3021 0.7677
vn -0.1676 0.3916 0.9047
vn -0.7789 -0.0898 0.6207
vn -0.6947 -0.2241 0.6835
vn -0.8821 -0.2314 0.4103
vn 0.9226 0.1323 0.3624
vn 0.0814 0.7270 -0.6818
vn 0.6786 0.1289 -0.7231
vn -0.4371 -0.6052 -0.6653
vn -0.1317 0.3938 0.9097
vn -0.5416 -0.4485 -0.7110
vn 0.5501 0.4717 -0.6891
vn 0.4769 0.7034 -0.5271
vn 0.4825 0.7136 0.5079
vn 0.8115 0.2770 -0.5145
vn -0.3209 0.1973 -0.9263
vn -0.9374 -0.1795 -0.2985
vn -0.3028 0.2729 0.9132
vn -0.6783 -0.2173 -0.7019
vn -0.9014 -0.0817 -0.4252
vn -0.7367 -0.0018 -0.6762
vn -0.7007 0.2771 0.6574
vn -0.4217 -0.5149 0.7463
vn 0.5966 -0.5653 0.5697
vn 0.8181 -0.0605 0.5718
vn 0.6629 0.1282 0.7376
vn 0.6484 0.2681 -0.7125
vn 0.8043 -0.1286 -0.5801
vn 0.3285 -0.7602 -0.5606
vn -0.0217 -0.7473 0.6642
vn 0.7537 0.3357 0.5650
vn -0.1516 -0.1949 -0.9690
vn 0.6204 0.1324 -0.7731
vn 0.7156 0.1233 -0.6875
vn 0.1349 0.7452 -0.6531
vn -0.2208 0.8312 0.5102
vn -0.2913 0.7816 -0.5516
vn -0.8673 -0.1409 0.4775
vn -0.2165 0.1278 -0.9679
vn -0.4859 0.0076 0.8740
vn -0.6908 -0.1094 -0.7147
vn 0.7407 0.3788 -0.5548
vn 0.6663 0.2614 0.6984
vn 0.3757 0.6195 -0.6892
vn -0.6605 -0.5960 0.4567
vn -0.2583 0.6974 -0.6686
vn 0.5660 -0.4032 0.7191
vn 0.5289 -0.5252 -0.6666
vn 0.1580 -0.6817 0.7143
vn -0.9751 -0.0023 -0.2218
vt 0.198097 0.012556
vt 0.072158 0.026437
vt 0.142857 0.036423
vt 0.284334 0.016070
vt 0.357143 0.025199
vt 0.339078 0.034419
vt 0.442711 0.021010
vt 0.593600 0.024737
vt 0.431821 0.015039
vt 0.838071 0.973970
vt 0.596191 0.990508
vt 0.586544 0.967441
vt 0.218228 0.981964
vt 0.380693 0.991336
vt 0.322366 0.980349
vt 0.436036 0.975048
vt 0.833540 0.015069
vt 0.118872 0.979509
vt 0.963374 0.032065
vt 0.997504 0.978741
vt 0.995695 0.028760
vt 0.581627 0.078589
vt 0.749135 0.050827
vt 0.239374 0.981930
vt 0.015384 0.118678
vt 0.140901 0.975179
vt 0.012794 0.880772
vt 0.928572 0.023716
vt 0.928572 0.956581
vt 0.003624 0.122006
vt 1.000000 0.981181
vt 1.000000 0.864100
vt 1.000000 0.973908
vt 0.880830 0.040942
vt 0.194573 0.052682
vt 1.000000 0.965590
vt 1.000000 0.989783
vt 0.999020 0.975701
vt 1.000000 0.013559
vt 1.000000 0.029882
vt 1.000000 0.048606
vt 1.000000 0.010519
vt 0.975128 0.962882
vt 0.963732 0.986972
vt 1.000000 0.128174
vt 0.005083 0.886589
vt 0.928572 0.985865
vt 0.880055 0.953409
vt 0.751786 0.964419
vt 0.891498 0.978149
vt 0.892091 0.011279
s 1
usemtl 4D_Leather_White_mqm
f 1096/1229/1073 1095/1230/1072 1078/1231/1055
f 1103/1232/1080 1097/1233/1074 1075/1234/1052
f 1098/1235/1075 1079/1236/1056 1113/1237/1090
f 1081/1238/1058 1107/1239/1084 1114/1240/1091
f 1082/1241/1059 1112/1242/1089 1102/1243/1079
f 1112/1242/1089 1101/1244/1078 1102/1243/1079
f 1079/1236/1056 1081/1238/1058 1099/1245/1076
f 1107/1239/1084 1081/1238/1058 1079/1236/1056
f 1103/1232/1080 1102/1243/1079 1097/1233/1074
f 1102/1243/1079 1101/1244/1078 1097/1233/1074
f 1082/1241/1059 1103/1232/1080 1096/1229/1073
f 1082/1241/1059 1102/1243/1079 1103/1232/1080
f 1095/1230/1072 1094/1246/1071 1078/1231/1055
f 1091/1247/1068 1108/1248/1085 1073/1249/1050
f 1111/1250/1088 1076/1251/1053 1114/1240/1091
f 1075/1234/1052 1113/1237/1090 1112/1242/1089
f 1075/1234/1052 1112/1242/1089 1080/1252/1057
f 1104/1253/1081 1106/1254/1083 1115/1255/1092
f 1083/1256/1060 1091/1247/1068 1084/1257/1061
f 1115/1255/1092 1109/1258/1086 1104/1253/1081
f 1120/1259/1097 1087/1260/1064 1118/1261/1095
f 1080/1252/1057 1112/1242/1089 1082/1241/1059
f 1113/1237/1090 1099/1245/1076 1076/1251/1053
f 1076/1251/1053 1099/1245/1076 1077/1262/1054
f 1096/1229/1073 1103/1232/1080 1074/1263/1051
f 1106/1254/1083 1094/1246/1071 1115/1255/1092
f 1122/1264/1099 1119/1265/1096 1123/1266/1100
f 1122/1264/1099 1088/1267/1065 1118/1261/1095
f 1088/1267/1065 1089/1268/1066 1121/1269/1098
f 1118/1261/1095 1121/1269/1098 1120/1259/1097
f 1108/1248/1085 1090/1270/1067 1073/1249/1050
f 1073/1249/1050 1090/1270/1067 1122/1264/1099
f 1105/1271/1082 1073/1249/1050 1123/1266/1100
f 1098/1235/1075 1113/1237/1090 1075/1234/1052 1097/1233/1074
f 1107/1239/1084 1101/1244/1078 1112/1242/1089 1114/1240/1091
f 1099/1245/1076 1113/1237/1090 1079/1236/1056
f 1117/1272/1094 1105/1271/1082 1108/1248/1085
f 1086/1273/1063 1087/1260/1064 1120/1259/1097 1121/1269/1098
f 1079/1236/1056 1098/1235/1075 1101/1244/1078 1107/1239/1084
f 1109/1258/1086 1115/1255/1092 1110/1274/1087
f 1094/1246/1071 1095/1230/1072 1109/1258/1086 1110/1274/1087
f 1097/1233/1074 1101/1244/1078 1098/1235/1075
f 1078/1231/1055 1082/1241/1059 1096/1229/1073
f 1078/1231/1055 1094/1246/1071 1082/1241/1059
f 1117/1272/1094 1091/1247/1068 1083/1256/1060 1085/1275/1062
f 1092/1276/1069 1093/1277/1070 1076/1251/1053 1077/1262/1054
f 1091/1247/1068 1117/1272/1094 1108/1248/1085
f 1112/1242/1089 1113/1237/1090 1111/1250/1088 1114/1240/1091
f 1076/1251/1053 1093/1277/1070 1114/1240/1091
f 1082/1241/1059 1094/1246/1071 1106/1254/1083 1080/1252/1057
f 1074/1263/1051 1075/1234/1052 1080/1252/1057
f 1106/1254/1083 1074/1263/1051 1080/1252/1057
f 1074/1263/1051 1106/1254/1083 1104/1253/1081
f 1091/1247/1068 1073/1249/1050 1105/1271/1082
f 1084/1257/1061 1091/1247/1068 1105/1271/1082
f 1100/1278/1077 1081/1238/1058 1093/1277/1070 1092/1276/1069
f 1117/1272/1094 1085/1275/1062 1084/1257/1061 1105/1271/1082
f 1114/1240/1091 1093/1277/1070 1081/1238/1058
f 1085/1275/1062 1100/1278/1077 1092/1276/1069 1084/1257/1061
f 1076/1251/1053 1111/1250/1088 1113/1237/1090
f 1074/1263/1051 1103/1232/1080 1075/1234/1052
f 1074/1263/1051 1104/1253/1081 1096/1229/1073
f 1115/1255/1092 1094/1246/1071 1110/1274/1087
f 1077/1262/1054 1099/1245/1076 1116/1279/1093
f 1077/1262/1054 1116/1279/1093 1083/1256/1060
f 1084/1257/1061 1092/1276/1069 1077/1262/1054 1083/1256/1060
f 1100/1278/1077 1116/1279/1093 1099/1245/1076 1081/1238/1058
f 1085/1275/1062 1083/1256/1060 1116/1279/1093 1100/1278/1077
f 1086/1273/1063 1089/1268/1066 1118/1261/1095 1087/1260/1064
f 1121/1269/1098 1089/1268/1066 1086/1273/1063
f 1088/1267/1065 1090/1270/1067 1123/1266/1100 1119/1265/1096
f 1089/1268/1066 1088/1267/1065 1119/1265/1096 1118/1261/1095
f 1122/1264/1099 1118/1261/1095 1119/1265/1096
f 1122/1264/1099 1090/1270/1067 1088/1267/1065
f 1118/1261/1095 1088/1267/1065 1121/1269/1098
f 1109/1258/1086 1095/1230/1072 1096/1229/1073 1104/1253/1081
f 1105/1271/1082 1123/1266/1100 1108/1248/1085
f 1123/1266/1100 1073/1249/1050 1122/1264/1099
f 1108/1248/1085 1123/1266/1100 1090/1270/1067
o Curve
v 0.130255 -1.410126 0.011805
v 0.130255 -1.410316 0.012648
v 0.130255 -1.412627 0.012966
v 0.130255 -1.415898 0.013599
v 0.130255 -1.423509 0.015453
v 0.130255 -1.426348 0.016036
v 0.130255 -1.428662 0.016399
v 0.130255 -1.430998 0.016621
v 0.130255 -1.433361 0.016666
v 0.130255 -1.435757 0.016497
v 0.130255 -1.438191 0.016077
v 0.130255 -1.438191 0.017457
v 0.130255 -1.438191 0.018840
v 0.130255 -1.438191 0.020224
v 0.130255 -1.438191 0.021610
v 0.130255 -1.438191 0.022997
v 0.130255 -1.438191 0.024386
v 0.130255 -1.438191 0.025776
v 0.130255 -1.438191 0.027168
v 0.130255 -1.438191 0.028560
v 0.130255 -1.438191 0.029954
v 0.130255 -1.438191 0.031349
v 0.130255 -1.438191 0.032744
v 0.130255 -1.435874 0.031603
v 0.130255 -1.433514 0.030653
v 0.130255 -1.431115 0.029868
v 0.130255 -1.428684 0.029220
v 0.130255 -1.426228 0.028683
v 0.130255 -1.422781 0.028060
v 0.130255 -1.414416 0.026809
v 0.130255 -1.411316 0.026258
v 0.130255 -1.407603 0.025470
v 0.130255 -1.403822 0.024927
v 0.130255 -1.402234 0.024599
v 0.130255 -1.400178 0.024048
v 0.130255 -1.398745 0.023943
v 0.130255 -1.397431 0.024138
v 0.130255 -1.396207 0.024613
v 0.130255 -1.395046 0.025354
v 0.130255 -1.394110 0.026164
v 0.130255 -1.392548 0.027745
v 0.130255 -1.390904 0.029256
v 0.130255 -1.387671 0.032111
v 0.130255 -1.386292 0.033443
v 0.130255 -1.381047 0.037998
v 0.130255 -1.375576 0.041434
v 0.130255 -1.369953 0.043822
v 0.130255 -1.364251 0.045234
v 0.130255 -1.358541 0.045743
v 0.130255 -1.352895 0.045421
v 0.130255 -1.347387 0.044340
v 0.130255 -1.342088 0.042573
v 0.130255 -1.337071 0.040193
v 0.130255 -1.332408 0.037270
v 0.130255 -1.328171 0.033879
v 0.130255 -1.324433 0.030090
v 0.130255 -1.323358 0.028858
v 0.130255 -1.322249 0.027496
v 0.130255 -1.321526 0.026475
v 0.130255 -1.320958 0.025571
v 0.130255 -1.320534 0.025020
v 0.130255 -1.319994 0.024544
v 0.130255 -1.319549 0.024315
v 0.130255 -1.319064 0.024176
v 0.130255 -1.318318 0.024147
v 0.130255 -1.317520 0.024269
v 0.130255 -1.305957 0.027278
v 0.130255 -1.284205 0.032848
v 0.130255 -1.271898 0.036059
v 0.130255 -1.270185 0.036588
v 0.130255 -1.267784 0.037452
v 0.130255 -1.261686 0.039878
v 0.130255 -1.261648 0.034252
v 0.130255 -1.261690 0.030629
v 0.130255 -1.261816 0.028258
v 0.130255 -1.262028 0.027879
v 0.130255 -1.262780 0.027254
v 0.130255 -1.263894 0.026682
v 0.130255 -1.278752 0.022181
v 0.130255 -1.310995 0.012541
v 0.130255 -1.313913 0.011597
v 0.130255 -1.312979 0.006548
v 0.130255 -1.312710 0.004491
v 0.130255 -1.312632 0.003179
v 0.130255 -1.312686 -0.001384
v 0.130255 -1.312927 -0.007907
v 0.130255 -1.313228 -0.012788
v 0.130255 -1.313578 -0.017234
v 0.130255 -1.313581 -0.017943
v 0.130255 -1.313479 -0.018621
v 0.130255 -1.313321 -0.019057
v 0.130255 -1.313093 -0.019459
v 0.130255 -1.312654 -0.019947
v 0.130255 -1.312208 -0.020301
v 0.130255 -1.276878 -0.042945
v 0.130255 -1.263590 -0.051433
v 0.130255 -1.262947 -0.051934
v 0.130255 -1.262396 -0.052521
v 0.130255 -1.261997 -0.053166
v 0.130255 -1.261741 -0.053892
v 0.130255 -1.261610 -0.054849
v 0.130255 -1.261713 -0.058782
v 0.130255 -1.261660 -0.064996
v 0.130255 -1.265868 -0.061581
v 0.130255 -1.271979 -0.056831
v 0.130255 -1.280509 -0.050545
v 0.130255 -1.288689 -0.044745
v 0.130255 -1.306219 -0.032515
v 0.130255 -1.314363 -0.026657
v 0.130255 -1.315245 -0.026157
v 0.130255 -1.321989 -0.037464
v 0.130255 -1.324897 -0.042400
v 0.130255 -1.325367 -0.043000
v 0.130255 -1.325943 -0.043473
v 0.130255 -1.326419 -0.043694
v 0.130255 -1.326927 -0.043823
v 0.130255 -1.327689 -0.043834
v 0.130255 -1.328444 -0.043702
v 0.130255 -1.332699 -0.042523
v 0.130255 -1.339256 -0.040899
v 0.130255 -1.340962 -0.040471
v 0.130255 -1.338962 -0.039198
v 0.130255 -1.337036 -0.037881
v 0.130255 -1.335188 -0.036516
v 0.130255 -1.333419 -0.035097
v 0.130255 -1.331732 -0.033621
v 0.130255 -1.330129 -0.032084
v 0.130255 -1.328612 -0.030480
v 0.130255 -1.327184 -0.028805
v 0.130255 -1.325848 -0.027056
v 0.130255 -1.324605 -0.025227
v 0.130255 -1.323457 -0.023315
v 0.130255 -1.322408 -0.021314
v 0.130255 -1.328876 -0.016308
v 0.130255 -1.333968 -0.012555
v 0.130255 -1.337896 -0.009816
v 0.130255 -1.341889 -0.007217
v 0.130255 -1.345964 -0.004789
v 0.130255 -1.350137 -0.002561
v 0.130255 -1.354425 -0.000563
v 0.130255 -1.358843 0.001175
v 0.130255 -1.363409 0.002623
v 0.130255 -1.368140 0.003751
v 0.130255 -1.373425 0.004576
v 0.130255 -1.375954 0.004949
v 0.130255 -1.379295 0.005599
v 0.130255 -1.383651 0.006652
v 0.130255 -1.387572 0.007682
v 0.130255 -1.388629 0.007860
v 0.130255 -1.389741 0.007883
v 0.130255 -1.390779 0.007704
v 0.130255 -1.391759 0.007306
v 0.130255 -1.392697 0.006673
v 0.130255 -1.393883 0.005516
v 0.130255 -1.394824 0.004693
v 0.130255 -1.397381 0.002645
v 0.130255 -1.375909 -0.002010
v 0.130255 -1.372348 -0.002878
v 0.130255 -1.369935 -0.003333
v 0.130255 -1.367633 -0.003519
v 0.130255 -1.365031 -0.003564
v 0.130255 -1.359639 -0.003476
v 0.130255 -1.359639 -0.022535
v 0.130255 -1.373045 -0.019345
v 0.130255 -1.397461 -0.013459
v 0.130255 -1.410381 -0.010274
v 0.130255 -1.411156 -0.010162
v 0.130255 -1.411926 -0.010169
v 0.130255 -1.412471 -0.010266
v 0.130255 -1.412997 -0.010431
v 0.130255 -1.413686 -0.010780
v 0.130255 -1.414290 -0.011206
v 0.130255 -1.416469 -0.013045
v 0.130255 -1.419766 -0.015703
v 0.130255 -1.424658 -0.019542
v 0.130255 -1.428429 -0.022268
v 0.130255 -1.432245 -0.024524
v 0.130255 -1.436088 -0.026297
v 0.130255 -1.439964 -0.027594
v 0.130255 -1.443880 -0.028419
v 0.130255 -1.447843 -0.028778
v 0.130255 -1.451858 -0.028677
v 0.130255 -1.455934 -0.028121
v 0.130255 -1.460076 -0.027115
v 0.130255 -1.464291 -0.025665
v 0.130255 -1.468586 -0.023777
v 0.130255 -1.472968 -0.021455
v 0.130255 -1.475673 -0.019778
v 0.130255 -1.478192 -0.017953
v 0.130255 -1.480528 -0.015986
v 0.130255 -1.482683 -0.013880
v 0.130255 -1.484661 -0.011639
v 0.130255 -1.486464 -0.009267
v 0.130255 -1.488094 -0.006768
v 0.130255 -1.489555 -0.004146
v 0.130255 -1.490848 -0.001406
v 0.130255 -1.491977 0.001449
v 0.130255 -1.492944 0.004415
v 0.130255 -1.493928 0.008144
v 0.130255 -1.494256 0.008913
v 0.130255 -1.494660 0.009490
v 0.130255 -1.495175 0.009942
v 0.130255 -1.495825 0.010291
v 0.130255 -1.496554 0.010538
v 0.130255 -1.505501 0.012654
v 0.130255 -1.523855 0.017146
v 0.130255 -1.526103 0.017648
v 0.130255 -1.527046 0.017760
v 0.130255 -1.527622 0.017750
v 0.130255 -1.528086 0.017645
v 0.130255 -1.528451 0.017435
v 0.130255 -1.528729 0.017112
v 0.130255 -1.528932 0.016665
v 0.130255 -1.529114 0.015872
v 0.130255 -1.529230 0.014156
v 0.130255 -1.529255 0.007388
v 0.130255 -1.529122 0.001316
v 0.130255 -1.528847 -0.004740
v 0.130255 -1.528439 -0.010782
v 0.130255 -1.527905 -0.016809
v 0.130255 -1.527253 -0.022824
v 0.130255 -1.526491 -0.028826
v 0.130255 -1.525626 -0.034818
v 0.130255 -1.524666 -0.040798
v 0.130255 -1.523117 -0.049525
v 0.130255 -1.521154 -0.059393
v 0.130255 -1.520717 -0.062145
v 0.130255 -1.528538 -0.057528
v 0.130255 -1.533964 -0.054231
v 0.130255 -1.534229 -0.053934
v 0.130255 -1.534499 -0.053318
v 0.130255 -1.534652 -0.052488
v 0.130255 -1.534678 -0.016904
v 0.130255 -1.534651 0.033080
v 0.130255 -1.534461 0.033665
v 0.130255 -1.531359 0.032425
v 0.130255 -1.528214 0.031347
v 0.130255 -1.525035 0.030403
v 0.130255 -1.521824 0.029569
v 0.130255 -1.517058 0.028478
v 0.130255 -1.506179 0.026288
v 0.130255 -1.502191 0.025419
v 0.130255 -1.498901 0.024627
v 0.130255 -1.495616 0.023738
v 0.130255 -1.495201 0.027669
v 0.130255 -1.494495 0.031674
v 0.130255 -1.493786 0.034749
v 0.130255 -1.492939 0.037760
v 0.130255 -1.491958 0.040710
v 0.130255 -1.490845 0.043598
v 0.130255 -1.489601 0.046425
v 0.130255 -1.488228 0.049194
v 0.130255 -1.486728 0.051904
v 0.130255 -1.485103 0.054556
v 0.130255 -1.483354 0.057153
v 0.130255 -1.481484 0.059694
v 0.130255 -1.479278 0.062437
v 0.130255 -1.478576 0.063119
v 0.130255 -1.477831 0.063620
v 0.130255 -1.477245 0.063861
v 0.130255 -1.476625 0.064008
v 0.130255 -1.475729 0.064029
v 0.130255 -1.474849 0.063887
v 0.130255 -1.469888 0.062537
v 0.130255 -1.460364 0.060163
v 0.130255 -1.463790 0.058385
v 0.130255 -1.467129 0.056408
v 0.130255 -1.469907 0.054515
v 0.130255 -1.472514 0.052487
v 0.130255 -1.474950 0.050321
v 0.130255 -1.477214 0.048019
v 0.130255 -1.479303 0.045578
v 0.130255 -1.481219 0.043000
v 0.130255 -1.482958 0.040282
v 0.130255 -1.484520 0.037425
v 0.130255 -1.485905 0.034428
v 0.130255 -1.487110 0.031291
v 0.130255 -1.488135 0.028012
v 0.130255 -1.488682 0.025973
v 0.130255 -1.488896 0.024889
v 0.130255 -1.488954 0.024188
v 0.130255 -1.488893 0.023619
v 0.130255 -1.488700 0.023160
v 0.130255 -1.488362 0.022788
v 0.130255 -1.487866 0.022481
v 0.130255 -1.487199 0.022215
v 0.130255 -1.485958 0.021863
v 0.130255 -1.447506 0.013523
v 0.130255 -1.418354 0.007141
v 0.130255 -1.417509 0.007020
v 0.130255 -1.416636 0.007009
v 0.130255 -1.415825 0.007146
v 0.130255 -1.415061 0.007456
v 0.130255 -1.414328 0.007961
v 0.130255 -1.413267 0.009044
v 0.130255 -1.412231 0.010008
v 0.130255 -1.467128 -0.014792
v 0.130255 -1.463691 -0.015701
v 0.130255 -1.460329 -0.016265
v 0.130255 -1.457037 -0.016496
v 0.130255 -1.453810 -0.016406
v 0.130255 -1.450642 -0.016007
v 0.130255 -1.447529 -0.015314
v 0.130255 -1.444464 -0.014336
v 0.130255 -1.441442 -0.013088
v 0.130255 -1.438459 -0.011581
v 0.130255 -1.435509 -0.009828
v 0.130255 -1.432586 -0.007841
v 0.130255 -1.429686 -0.005633
v 0.130255 -1.487853 0.008409
v 0.130255 -1.487324 0.005876
v 0.130255 -1.486516 0.003383
v 0.130255 -1.485449 0.000950
v 0.130255 -1.484139 -0.001401
v 0.130255 -1.482606 -0.003650
v 0.130255 -1.480867 -0.005776
v 0.130255 -1.478940 -0.007758
v 0.130255 -1.476845 -0.009576
v 0.130255 -1.474597 -0.011209
v 0.130255 -1.472217 -0.012637
v 0.130255 -1.469721 -0.013838
v 0.130255 -1.376396 0.020157
v 0.130255 -1.371031 0.018952
v 0.130255 -1.366324 0.017978
v 0.130255 -1.362146 0.017240
v 0.130255 -1.358368 0.016742
v 0.130255 -1.354861 0.016491
v 0.130255 -1.351495 0.016490
v 0.130255 -1.348143 0.016744
v 0.130255 -1.344675 0.017259
v 0.130255 -1.340961 0.018038
v 0.130255 -1.336873 0.019087
v 0.130255 -1.332281 0.020410
v 0.130255 -1.327057 0.022012
v 0.130255 -1.328989 0.023801
v 0.130255 -1.330967 0.025422
v 0.130255 -1.332993 0.026872
v 0.130255 -1.335069 0.028151
v 0.130255 -1.337195 0.029257
v 0.130255 -1.339373 0.030187
v 0.130255 -1.341603 0.030941
v 0.130255 -1.343889 0.031517
v 0.130255 -1.346229 0.031913
v 0.130255 -1.348627 0.032127
v 0.130255 -1.351083 0.032158
v 0.130255 -1.353599 0.032004
v 0.130255 -1.355799 0.031708
v 0.130255 -1.357928 0.031258
v 0.130255 -1.359990 0.030664
v 0.130255 -1.361990 0.029933
v 0.130255 -1.363934 0.029074
v 0.130255 -1.365827 0.028095
v 0.130255 -1.367674 0.027004
v 0.130255 -1.369480 0.025809
v 0.130255 -1.371250 0.024519
v 0.130255 -1.373755 0.022514
v 0.130255 -1.319514 0.009983
v 0.130255 -1.346682 0.001863
v 0.130255 -1.319814 -0.015385
v 0.130255 -1.319098 -0.013251
v 0.130255 -1.318498 -0.011129
v 0.130255 -1.318017 -0.009015
v 0.130255 -1.317658 -0.006908
v 0.130255 -1.317424 -0.004806
v 0.130255 -1.317318 -0.002705
v 0.130255 -1.317341 -0.000605
v 0.130255 -1.317498 0.001499
v 0.130255 -1.317791 0.003607
v 0.130255 -1.318223 0.005722
v 0.130255 -1.318797 0.007847
v 0.150293 -1.410321 0.012648
v 0.150293 -1.412627 0.012966
v 0.150293 -1.415898 0.013599
v 0.150293 -1.423509 0.015453
v 0.150293 -1.426348 0.016036
v 0.150293 -1.428662 0.016399
v 0.150293 -1.430998 0.016621
v 0.150293 -1.433361 0.016666
v 0.150293 -1.435757 0.016497
v 0.150293 -1.438191 0.016077
v 0.150293 -1.438191 0.017457
v 0.150293 -1.438191 0.018840
v 0.150293 -1.438191 0.020224
v 0.150293 -1.438191 0.021610
v 0.150293 -1.438191 0.022997
v 0.150293 -1.438191 0.024386
v 0.150293 -1.438191 0.025776
v 0.150293 -1.438191 0.027168
v 0.150293 -1.438191 0.028560
v 0.150293 -1.438191 0.029954
v 0.150293 -1.438191 0.031349
v 0.150293 -1.438191 0.032744
v 0.150293 -1.435874 0.031603
v 0.150293 -1.433514 0.030653
v 0.150293 -1.431115 0.029868
v 0.150293 -1.428684 0.029220
v 0.150293 -1.426228 0.028683
v 0.150293 -1.422781 0.028060
v 0.150293 -1.414416 0.026809
v 0.150293 -1.411316 0.026258
v 0.150293 -1.407603 0.025470
v 0.150293 -1.403822 0.024927
v 0.150293 -1.402234 0.024599
v 0.150293 -1.400178 0.024048
v 0.150293 -1.398745 0.023943
v 0.150293 -1.397431 0.024138
v 0.150293 -1.396207 0.024613
v 0.150293 -1.395046 0.025354
v 0.150293 -1.394110 0.026164
v 0.150293 -1.392548 0.027745
v 0.150293 -1.390904 0.029256
v 0.150293 -1.387671 0.032111
v 0.150293 -1.386292 0.033443
v 0.150293 -1.381047 0.037998
v 0.150293 -1.375576 0.041434
v 0.150293 -1.369953 0.043822
v 0.150293 -1.364251 0.045234
v 0.150293 -1.358541 0.045743
v 0.150293 -1.352895 0.045421
v 0.150293 -1.347387 0.044340
v 0.150293 -1.342088 0.042573
v 0.150293 -1.337071 0.040193
v 0.150293 -1.332408 0.037270
v 0.150293 -1.328171 0.033879
v 0.150293 -1.324433 0.030090
v 0.150293 -1.323358 0.028858
v 0.150293 -1.322249 0.027496
v 0.150293 -1.321526 0.026475
v 0.150293 -1.320958 0.025571
v 0.150293 -1.320534 0.025020
v 0.150293 -1.319994 0.024544
v 0.150293 -1.319549 0.024315
v 0.150293 -1.319064 0.024176
v 0.150293 -1.318318 0.024147
v 0.150293 -1.317520 0.024269
v 0.150293 -1.305957 0.027278
v 0.150293 -1.284205 0.032848
v 0.150293 -1.271898 0.036059
v 0.150293 -1.270185 0.036588
v 0.150293 -1.267784 0.037452
v 0.150293 -1.261686 0.039878
v 0.150293 -1.261648 0.034252
v 0.150293 -1.261690 0.030629
v 0.150293 -1.261816 0.028258
v 0.150293 -1.262028 0.027879
v 0.150293 -1.262780 0.027254
v 0.150293 -1.263894 0.026682
v 0.150293 -1.278752 0.022181
v 0.150293 -1.311029 0.012531
v 0.150293 -1.313913 0.011597
v 0.150293 -1.312979 0.006548
v 0.150293 -1.312710 0.004491
v 0.150293 -1.312632 0.003179
v 0.150293 -1.312686 -0.001384
v 0.150293 -1.312927 -0.007907
v 0.150293 -1.313228 -0.012788
v 0.150293 -1.313578 -0.017234
v 0.150293 -1.313581 -0.017943
v 0.150293 -1.313479 -0.018621
v 0.150293 -1.313321 -0.019057
v 0.150293 -1.313093 -0.019459
v 0.150293 -1.312654 -0.019947
v 0.150293 -1.312208 -0.020301
v 0.150293 -1.276878 -0.042945
v 0.150293 -1.263590 -0.051433
v 0.150293 -1.262947 -0.051934
v 0.150293 -1.262396 -0.052521
v 0.150293 -1.261997 -0.053166
v 0.150293 -1.261741 -0.053892
v 0.150293 -1.261610 -0.054849
v 0.150293 -1.261713 -0.058782
v 0.150293 -1.261660 -0.064996
v 0.150293 -1.265868 -0.061581
v 0.150293 -1.271979 -0.056831
v 0.150293 -1.280509 -0.050545
v 0.150293 -1.288689 -0.044745
v 0.150293 -1.306219 -0.032515
v 0.150293 -1.314498 -0.026567
v 0.150293 -1.315247 -0.026159
v 0.150293 -1.321989 -0.037464
v 0.150293 -1.324897 -0.042400
v 0.150293 -1.325367 -0.043000
v 0.150293 -1.325943 -0.043473
v 0.150293 -1.326419 -0.043694
v 0.150293 -1.326927 -0.043823
v 0.150293 -1.327689 -0.043834
v 0.150293 -1.328444 -0.043702
v 0.150293 -1.332699 -0.042523
v 0.150293 -1.339256 -0.040899
v 0.150293 -1.340962 -0.040471
v 0.150293 -1.338962 -0.039198
v 0.150293 -1.337036 -0.037881
v 0.150293 -1.335188 -0.036516
v 0.150293 -1.333419 -0.035097
v 0.150293 -1.331732 -0.033621
v 0.150293 -1.330129 -0.032084
v 0.150293 -1.328612 -0.030480
v 0.150293 -1.327184 -0.028805
v 0.150293 -1.325848 -0.027056
v 0.150293 -1.324605 -0.025227
v 0.150293 -1.323457 -0.023315
v 0.150293 -1.322408 -0.021314
v 0.150293 -1.328876 -0.016308
v 0.150293 -1.333968 -0.012555
v 0.150293 -1.337896 -0.009816
v 0.150293 -1.341889 -0.007217
v 0.150293 -1.345964 -0.004789
v 0.150293 -1.350137 -0.002561
v 0.150293 -1.354425 -0.000563
v 0.150293 -1.358843 0.001175
v 0.150293 -1.363409 0.002623
v 0.150293 -1.368140 0.003751
v 0.150293 -1.373425 0.004576
v 0.150293 -1.375954 0.004949
v 0.150293 -1.379295 0.005599
v 0.150293 -1.383651 0.006652
v 0.150293 -1.387572 0.007682
v 0.150293 -1.388629 0.007860
v 0.150293 -1.389741 0.007883
v 0.150293 -1.390779 0.007704
v 0.150293 -1.391759 0.007306
v 0.150293 -1.392697 0.006673
v 0.150293 -1.393883 0.005516
v 0.150293 -1.394824 0.004693
v 0.150293 -1.397381 0.002645
v 0.150293 -1.375909 -0.002010
v 0.150293 -1.372348 -0.002878
v 0.150293 -1.369935 -0.003333
v 0.150293 -1.367633 -0.003519
v 0.150293 -1.365031 -0.003564
v 0.150293 -1.359639 -0.003476
v 0.150293 -1.359639 -0.022535
v 0.150293 -1.373045 -0.019345
v 0.150293 -1.397462 -0.013459
v 0.150293 -1.410381 -0.010274
v 0.150293 -1.411156 -0.010162
v 0.150293 -1.411926 -0.010169
v 0.150293 -1.412471 -0.010266
v 0.150293 -1.412997 -0.010431
v 0.150293 -1.413686 -0.010780
v 0.150293 -1.414290 -0.011206
v 0.150293 -1.416469 -0.013045
v 0.150293 -1.419766 -0.015703
v 0.150293 -1.424658 -0.019542
v 0.150293 -1.428429 -0.022268
v 0.150293 -1.432245 -0.024524
v 0.150293 -1.436088 -0.026297
v 0.150293 -1.439964 -0.027594
v 0.150293 -1.443880 -0.028419
v 0.150293 -1.447843 -0.028778
v 0.150293 -1.451858 -0.028677
v 0.150293 -1.455934 -0.028121
v 0.150293 -1.460076 -0.027115
v 0.150293 -1.464291 -0.025665
v 0.150293 -1.468586 -0.023777
v 0.150293 -1.472968 -0.021455
v 0.150293 -1.475673 -0.019778
v 0.150293 -1.478192 -0.017953
v 0.150293 -1.480528 -0.015986
v 0.150293 -1.482683 -0.013880
v 0.150293 -1.484661 -0.011639
v 0.150293 -1.486464 -0.009267
v 0.150293 -1.488094 -0.006768
v 0.150293 -1.489555 -0.004146
v 0.150293 -1.490848 -0.001406
v 0.150293 -1.491977 0.001449
v 0.150293 -1.492944 0.004415
v 0.150293 -1.493928 0.008144
v 0.150293 -1.494256 0.008913
v 0.150293 -1.494660 0.009490
v 0.150293 -1.495175 0.009942
v 0.150293 -1.495825 0.010291
v 0.150293 -1.496554 0.010538
v 0.150293 -1.505501 0.012654
v 0.150293 -1.523855 0.017146
v 0.150293 -1.526103 0.017648
v 0.150293 -1.527046 0.017760
v 0.150293 -1.527622 0.017750
v 0.150293 -1.528086 0.017645
v 0.150293 -1.528451 0.017435
v 0.150293 -1.528729 0.017112
v 0.150293 -1.528932 0.016665
v 0.150293 -1.529114 0.015872
v 0.150293 -1.529230 0.014156
v 0.150293 -1.529255 0.007388
v 0.150293 -1.529122 0.001316
v 0.150293 -1.528847 -0.004740
v 0.150293 -1.528439 -0.010782
v 0.150293 -1.527905 -0.016809
v 0.150293 -1.527253 -0.022824
v 0.150293 -1.526491 -0.028826
v 0.150293 -1.525626 -0.034818
v 0.150293 -1.524666 -0.040798
v 0.150293 -1.523117 -0.049525
v 0.150293 -1.521154 -0.059393
v 0.150293 -1.520717 -0.062145
v 0.150293 -1.528538 -0.057528
v 0.150293 -1.533964 -0.054231
v 0.150293 -1.534229 -0.053934
v 0.150293 -1.534499 -0.053318
v 0.150293 -1.534652 -0.052488
v 0.150293 -1.534678 -0.016904
v 0.150293 -1.534652 0.033070
v 0.150293 -1.534461 0.033664
v 0.150293 -1.531359 0.032425
v 0.150293 -1.528214 0.031347
v 0.150293 -1.525035 0.030403
v 0.150293 -1.521824 0.029569
v 0.150293 -1.517058 0.028478
v 0.150293 -1.506179 0.026288
v 0.150293 -1.502191 0.025419
v 0.150293 -1.498901 0.024627
v 0.150293 -1.495615 0.023737
v 0.150293 -1.495192 0.027730
v 0.150293 -1.494495 0.031674
v 0.150293 -1.493786 0.034749
v 0.150293 -1.492939 0.037760
v 0.150293 -1.491958 0.040710
v 0.150293 -1.490845 0.043598
v 0.150293 -1.489601 0.046425
v 0.150293 -1.488228 0.049194
v 0.150293 -1.486728 0.051904
v 0.150293 -1.485103 0.054556
v 0.150293 -1.483354 0.057153
v 0.150293 -1.481484 0.059694
v 0.150293 -1.479278 0.062437
v 0.150293 -1.478576 0.063119
v 0.150293 -1.477831 0.063620
v 0.150293 -1.477245 0.063861
v 0.150293 -1.476625 0.064008
v 0.150293 -1.475729 0.064029
v 0.150293 -1.474849 0.063887
v 0.150293 -1.469888 0.062537
v 0.150293 -1.460365 0.060163
v 0.150293 -1.463749 0.058408
v 0.150293 -1.467129 0.056408
v 0.150293 -1.469907 0.054515
v 0.150293 -1.472514 0.052487
v 0.150293 -1.474950 0.050321
v 0.150293 -1.477214 0.048019
v 0.150293 -1.479303 0.045578
v 0.150293 -1.481219 0.043000
v 0.150293 -1.482958 0.040282
v 0.150293 -1.484520 0.037425
v 0.150293 -1.485905 0.034428
v 0.150293 -1.487110 0.031291
v 0.150293 -1.488135 0.028012
v 0.150293 -1.488682 0.025973
v 0.150293 -1.488896 0.024889
v 0.150293 -1.488954 0.024188
v 0.150293 -1.488893 0.023619
v 0.150293 -1.488700 0.023160
v 0.150293 -1.488362 0.022788
v 0.150293 -1.487866 0.022481
v 0.150293 -1.487199 0.022215
v 0.150293 -1.485958 0.021863
v 0.150293 -1.447506 0.013523
v 0.150293 -1.418354 0.007141
v 0.150293 -1.417509 0.007020
v 0.150293 -1.416636 0.007009
v 0.150293 -1.415825 0.007146
v 0.150293 -1.415061 0.007456
v 0.150293 -1.414328 0.007961
v 0.150293 -1.413267 0.009044
v 0.150293 -1.412231 0.010008
v 0.150293 -1.410121 0.011809
v 0.150293 -1.467128 -0.014792
v 0.150293 -1.463691 -0.015701
v 0.150293 -1.460329 -0.016265
v 0.150293 -1.457037 -0.016496
v 0.150293 -1.453810 -0.016406
v 0.150293 -1.450642 -0.016007
v 0.150293 -1.447529 -0.015314
v 0.150293 -1.444464 -0.014336
v 0.150293 -1.441442 -0.013088
v 0.150293 -1.438459 -0.011581
v 0.150293 -1.435509 -0.009828
v 0.150293 -1.432586 -0.007841
v 0.150293 -1.429686 -0.005633
v 0.150293 -1.487853 0.008409
v 0.150293 -1.487324 0.005876
v 0.150293 -1.486516 0.003383
v 0.150293 -1.485449 0.000950
v 0.150293 -1.484139 -0.001401
v 0.150293 -1.482606 -0.003650
v 0.150293 -1.480867 -0.005776
v 0.150293 -1.478940 -0.007758
v 0.150293 -1.476845 -0.009576
v 0.150293 -1.474597 -0.011209
v 0.150293 -1.472217 -0.012637
v 0.150293 -1.469721 -0.013838
v 0.150293 -1.376396 0.020157
v 0.150293 -1.371031 0.018952
v 0.150293 -1.366324 0.017978
v 0.150293 -1.362146 0.017240
v 0.150293 -1.358368 0.016742
v 0.150293 -1.354861 0.016491
v 0.150293 -1.351495 0.016490
v 0.150293 -1.348143 0.016744
v 0.150293 -1.344675 0.017259
v 0.150293 -1.340961 0.018038
v 0.150293 -1.336873 0.019087
v 0.150293 -1.332281 0.020410
v 0.150293 -1.327057 0.022012
v 0.150293 -1.328989 0.023801
v 0.150293 -1.330967 0.025422
v 0.150293 -1.332993 0.026872
v 0.150293 -1.335069 0.028151
v 0.150293 -1.337195 0.029257
v 0.150293 -1.339373 0.030187
v 0.150293 -1.341603 0.030941
v 0.150293 -1.343889 0.031517
v 0.150293 -1.346229 0.031913
v 0.150293 -1.348627 0.032127
v 0.150293 -1.351083 0.032158
v 0.150293 -1.353599 0.032004
v 0.150293 -1.355799 0.031708
v 0.150293 -1.357928 0.031258
v 0.150293 -1.359990 0.030664
v 0.150293 -1.361990 0.029933
v 0.150293 -1.363934 0.029074
v 0.150293 -1.365827 0.028095
v 0.150293 -1.367674 0.027004
v 0.150293 -1.369480 0.025809
v 0.150293 -1.371250 0.024519
v 0.150293 -1.373755 0.022514
v 0.150293 -1.319514 0.009983
v 0.150293 -1.346682 0.001863
v 0.150293 -1.319814 -0.015385
v 0.150293 -1.319098 -0.013251
v 0.150293 -1.318498 -0.011129
v 0.150293 -1.318017 -0.009015
v 0.150293 -1.317658 -0.006908
v 0.150293 -1.317424 -0.004806
v 0.150293 -1.317318 -0.002705
v 0.150293 -1.317341 -0.000605
v 0.150293 -1.317498 0.001499
v 0.150293 -1.317791 0.003607
v 0.150293 -1.318223 0.005722
v 0.150293 -1.318797 0.007847
v 0.150293 -1.410121 0.011809
v 0.150278 -1.410445 0.012290
v 0.130271 -1.410445 0.012290
v 0.150211 -1.410686 0.012251
v 0.130337 -1.410686 0.012251
v 0.130255 -1.410317 0.012648
v 0.150293 -1.410321 0.012648
v 0.150293 -1.412627 0.012966
v 0.150179 -1.413980 0.012637
v 0.130400 -1.412600 0.012381
v 0.130255 -1.412627 0.012966
v 0.150069 -1.416051 0.013007
v 0.130393 -1.415877 0.013012
v 0.130255 -1.415898 0.013599
v 0.150293 -1.415898 0.013599
v 0.150297 -1.426353 0.016035
v 0.150155 -1.423587 0.014887
v 0.130393 -1.423826 0.014943
v 0.130255 -1.423509 0.015453
v 0.150293 -1.423509 0.015453
v 0.150154 -1.427838 0.015724
v 0.130393 -1.427896 0.015733
v 0.130251 -1.426353 0.016035
v 0.150293 -1.428662 0.016399
v 0.130255 -1.428662 0.016399
v 0.150312 -1.431024 0.016614
v 0.150111 -1.432343 0.016099
v 0.130437 -1.432314 0.016099
v 0.130236 -1.431024 0.016614
v 0.150293 -1.433361 0.016666
v 0.130255 -1.433361 0.016666
v 0.150300 -1.435757 0.016494
v 0.150160 -1.435621 0.015944
v 0.130388 -1.435757 0.015928
v 0.130248 -1.435757 0.016494
v 0.150302 -1.438194 0.016073
v 0.150214 -1.438628 0.015555
v 0.150068 -1.438802 0.015353
v 0.130480 -1.438802 0.015351
v 0.130333 -1.438626 0.015557
v 0.130246 -1.438194 0.016073
v 0.150112 -1.438785 0.033700
v 0.130437 -1.438786 0.033696
v 0.150266 -1.438467 0.033195
v 0.130282 -1.438471 0.033199
v 0.130255 -1.438191 0.032744
v 0.150293 -1.438191 0.032744
v 0.150300 -1.435874 0.031605
v 0.150160 -1.435728 0.032155
v 0.130388 -1.435561 0.032081
v 0.130248 -1.435874 0.031605
v 0.150293 -1.433514 0.030653
v 0.150155 -1.432334 0.030825
v 0.130394 -1.432300 0.030814
v 0.130250 -1.431125 0.029873
v 0.130255 -1.433514 0.030653
v 0.150299 -1.431125 0.029873
v 0.150293 -1.428684 0.029220
v 0.150155 -1.427675 0.029556
v 0.130394 -1.427582 0.029536
v 0.130250 -1.426223 0.028684
v 0.130255 -1.428684 0.029220
v 0.150298 -1.426223 0.028684
v 0.150158 -1.422642 0.028606
v 0.130393 -1.422648 0.028614
v 0.130255 -1.422781 0.028060
v 0.150293 -1.422781 0.028060
v 0.150147 -1.412923 0.027160
v 0.130396 -1.412861 0.027139
v 0.130241 -1.414343 0.026803
v 0.150307 -1.414343 0.026803
v 0.150293 -1.411316 0.026258
v 0.130255 -1.411316 0.026258
v 0.150265 -1.407650 0.025769
v 0.150113 -1.407599 0.026074
v 0.130436 -1.407573 0.026070
v 0.130283 -1.407650 0.025769
v 0.130255 -1.407603 0.025470
v 0.150293 -1.407603 0.025470
v 0.150263 -1.402964 0.025090
v 0.150111 -1.402892 0.025383
v 0.130437 -1.402907 0.025387
v 0.130286 -1.402964 0.025090
v 0.130255 -1.403822 0.024927
v 0.150293 -1.403822 0.024927
v 0.130255 -1.402234 0.024599
v 0.150293 -1.402234 0.024599
v 0.150300 -1.399828 0.024007
v 0.150293 -1.400583 0.024138
v 0.150209 -1.399359 0.024368
v 0.150067 -1.399371 0.024532
v 0.130481 -1.399412 0.024535
v 0.130340 -1.399359 0.024368
v 0.130255 -1.400583 0.024138
v 0.130248 -1.399828 0.024007
v 0.130255 -1.398745 0.023943
v 0.150293 -1.398745 0.023943
v 0.150301 -1.397749 0.024075
v 0.150099 -1.397026 0.024869
v 0.130451 -1.397052 0.024860
v 0.130308 -1.397007 0.024642
v 0.130247 -1.397749 0.024075
v 0.150293 -1.397109 0.024243
v 0.130255 -1.397109 0.024243
v 0.150240 -1.397007 0.024642
v 0.130255 -1.396207 0.024613
v 0.150293 -1.396207 0.024613
v 0.150264 -1.394849 0.025855
v 0.150110 -1.395052 0.026091
v 0.130436 -1.395036 0.026101
v 0.130284 -1.394849 0.025855
v 0.130255 -1.395046 0.025354
v 0.150293 -1.395046 0.025354
v 0.130255 -1.394110 0.026164
v 0.150293 -1.394110 0.026164
v 0.150265 -1.392276 0.028412
v 0.150108 -1.392540 0.028591
v 0.130438 -1.392499 0.028625
v 0.130284 -1.392276 0.028412
v 0.130255 -1.392548 0.027745
v 0.150293 -1.392548 0.027745
v 0.130255 -1.390904 0.029256
v 0.150293 -1.390904 0.029256
v 0.150210 -1.387976 0.032435
v 0.150146 -1.387146 0.033403
v 0.130338 -1.387976 0.032435
v 0.130255 -1.387671 0.032111
v 0.130248 -1.386301 0.033439
v 0.130401 -1.387214 0.033337
v 0.150293 -1.387671 0.032111
v 0.150300 -1.386301 0.033439
v 0.150319 -1.381057 0.038003
v 0.150112 -1.381366 0.038503
v 0.130436 -1.381408 0.038472
v 0.130229 -1.381057 0.038003
v 0.150304 -1.375578 0.041437
v 0.150148 -1.375808 0.041961
v 0.130400 -1.375876 0.041925
v 0.130244 -1.375578 0.041437
v 0.150319 -1.369951 0.043833
v 0.150112 -1.370135 0.044389
v 0.130437 -1.370182 0.044373
v 0.130229 -1.369951 0.043833
v 0.150319 -1.364247 0.045245
v 0.150112 -1.364341 0.045823
v 0.130437 -1.364393 0.045814
v 0.130229 -1.364247 0.045245
v 0.150319 -1.358535 0.045753
v 0.150112 -1.358542 0.046338
v 0.130437 -1.358597 0.046337
v 0.130229 -1.358535 0.045753
v 0.150319 -1.352887 0.045430
v 0.150112 -1.352812 0.046010
v 0.130437 -1.352870 0.046017
v 0.130229 -1.352887 0.045430
v 0.150319 -1.347377 0.044348
v 0.150112 -1.347226 0.044913
v 0.130437 -1.347286 0.044929
v 0.130229 -1.347377 0.044348
v 0.150319 -1.342077 0.042580
v 0.150112 -1.341856 0.043122
v 0.130437 -1.341918 0.043146
v 0.130229 -1.342077 0.042580
v 0.150319 -1.337059 0.040198
v 0.150112 -1.336775 0.040709
v 0.130437 -1.336836 0.040742
v 0.130229 -1.337059 0.040198
v 0.150300 -1.332406 0.037272
v 0.150160 -1.332032 0.037696
v 0.130388 -1.332129 0.037766
v 0.130248 -1.332406 0.037272
v 0.150293 -1.328171 0.033879
v 0.150191 -1.327749 0.034223
v 0.130357 -1.327873 0.034334
v 0.130255 -1.328171 0.033879
v 0.150293 -1.324433 0.030090
v 0.150212 -1.323761 0.030010
v 0.150079 -1.322634 0.028971
v 0.130478 -1.323684 0.030178
v 0.130336 -1.323761 0.030010
v 0.130269 -1.322301 0.027928
v 0.130255 -1.324433 0.030090
v 0.130255 -1.323358 0.028858
v 0.150293 -1.323358 0.028858
v 0.150258 -1.322039 0.027797
v 0.130485 -1.321411 0.027412
v 0.130340 -1.321572 0.027354
v 0.130255 -1.322249 0.027496
v 0.150293 -1.322249 0.027496
v 0.150206 -1.320230 0.025329
v 0.150058 -1.320208 0.025584
v 0.130255 -1.321526 0.026475
v 0.150293 -1.321526 0.026475
v 0.150300 -1.320417 0.024909
v 0.130340 -1.320279 0.025381
v 0.130255 -1.320837 0.025389
v 0.130482 -1.320148 0.025485
v 0.150293 -1.320837 0.025389
v 0.130248 -1.320417 0.024909
v 0.150062 -1.319330 0.024852
v 0.130255 -1.319993 0.024544
v 0.150293 -1.319993 0.024544
v 0.150300 -1.319545 0.024317
v 0.150208 -1.319270 0.024671
v 0.130436 -1.319543 0.024957
v 0.130389 -1.319065 0.024748
v 0.130248 -1.319545 0.024317
v 0.130255 -1.319064 0.024176
v 0.150293 -1.319064 0.024176
v 0.150211 -1.318051 0.024609
v 0.150069 -1.318041 0.024777
v 0.130478 -1.318049 0.024775
v 0.130337 -1.318051 0.024609
v 0.130250 -1.318333 0.024149
v 0.150299 -1.318333 0.024149
v 0.130255 -1.317520 0.024269
v 0.150293 -1.317520 0.024269
v 0.150072 -1.293499 0.031099
v 0.130479 -1.294915 0.030736
v 0.130255 -1.305956 0.027278
v 0.150293 -1.305956 0.027278
v 0.130255 -1.284205 0.032848
v 0.150293 -1.284205 0.032848
v 0.150209 -1.270155 0.037022
v 0.150068 -1.271335 0.036848
v 0.130481 -1.271353 0.036844
v 0.130339 -1.270155 0.037022
v 0.130248 -1.270189 0.036590
v 0.130255 -1.271898 0.036059
v 0.150293 -1.271898 0.036059
v 0.150300 -1.270189 0.036590
v 0.150069 -1.268004 0.038022
v 0.130479 -1.267991 0.038027
v 0.130255 -1.267784 0.037452
v 0.150293 -1.267784 0.037452
v 0.130283 -1.261404 0.040294
v 0.150265 -1.261404 0.040294
v 0.150112 -1.261094 0.040747
v 0.130437 -1.261095 0.040749
v 0.130255 -1.261686 0.039878
v 0.150293 -1.261686 0.039878
v 0.150264 -1.261358 0.032095
v 0.150112 -1.261051 0.031934
v 0.130436 -1.261051 0.032016
v 0.130284 -1.261358 0.032095
v 0.130255 -1.261648 0.034252
v 0.150293 -1.261648 0.034252
v 0.130255 -1.261690 0.030629
v 0.150293 -1.261690 0.030629
v 0.150257 -1.261495 0.028053
v 0.150065 -1.261224 0.028074
v 0.130482 -1.261301 0.027782
v 0.130291 -1.261495 0.028053
v 0.130255 -1.261816 0.028258
v 0.150293 -1.261816 0.028258
v 0.150155 -1.261590 0.027510
v 0.130295 -1.261942 0.027414
v 0.130256 -1.262028 0.027879
v 0.150292 -1.262028 0.027879
v 0.150275 -1.263263 0.026629
v 0.150112 -1.262461 0.026751
v 0.130436 -1.262425 0.026774
v 0.130255 -1.262780 0.027254
v 0.150211 -1.263823 0.026206
v 0.150293 -1.262780 0.027254
v 0.150078 -1.263803 0.026059
v 0.130480 -1.263940 0.025993
v 0.130374 -1.263943 0.026111
v 0.130282 -1.264053 0.026308
v 0.130255 -1.263894 0.026682
v 0.150293 -1.263894 0.026682
v 0.130255 -1.278752 0.022181
v 0.150062 -1.311046 0.011879
v 0.150264 -1.313593 0.011422
v 0.130377 -1.313343 0.011275
v 0.150293 -1.278752 0.022181
v 0.150171 -1.313341 0.011268
v 0.130480 -1.313223 0.011197
v 0.130284 -1.313593 0.011424
v 0.130255 -1.311029 0.012531
v 0.150293 -1.310995 0.012541
v 0.150068 -1.313221 0.011178
v 0.130255 -1.313913 0.011597
v 0.150293 -1.313913 0.011597
v 0.130255 -1.312979 0.006548
v 0.150278 -1.312487 0.004705
v 0.150207 -1.312234 0.004739
v 0.150068 -1.312344 0.006444
v 0.130436 -1.312376 0.006533
v 0.130283 -1.312392 0.004656
v 0.150293 -1.312979 0.006548
v 0.150061 -1.312006 0.003505
v 0.130444 -1.312037 0.003727
v 0.130255 -1.312710 0.004491
v 0.150293 -1.312710 0.004491
v 0.130255 -1.312632 0.003179
v 0.150293 -1.312632 0.003179
v 0.150254 -1.312346 -0.002112
v 0.130477 -1.312095 -0.002198
v 0.130255 -1.312686 -0.001384
v 0.130292 -1.312378 -0.003282
v 0.150067 -1.312181 -0.005013
v 0.150293 -1.312686 -0.001384
v 0.150211 -1.312535 -0.009027
v 0.130336 -1.312541 -0.009104
v 0.130255 -1.312927 -0.007907
v 0.130476 -1.312457 -0.010627
v 0.150293 -1.312927 -0.007907
v 0.150268 -1.313331 -0.017864
v 0.150075 -1.312540 -0.011802
v 0.130255 -1.313228 -0.012788
v 0.150293 -1.313228 -0.012788
v 0.150112 -1.313008 -0.017762
v 0.130283 -1.313324 -0.017854
v 0.130255 -1.313578 -0.017234
v 0.130434 -1.313012 -0.017846
v 0.150293 -1.313578 -0.017234
v 0.130255 -1.313580 -0.017943
v 0.150293 -1.313580 -0.017943
v 0.150107 -1.312825 -0.018738
v 0.130255 -1.313479 -0.018621
v 0.150293 -1.313479 -0.018621
v 0.150264 -1.313017 -0.019066
v 0.130433 -1.312779 -0.018868
v 0.130284 -1.313017 -0.019066
v 0.150293 -1.313321 -0.019057
v 0.130255 -1.313321 -0.019057
v 0.150068 -1.312454 -0.019300
v 0.130255 -1.313093 -0.019459
v 0.150293 -1.313093 -0.019459
v 0.150264 -1.312265 -0.019918
v 0.130437 -1.312066 -0.019684
v 0.130284 -1.312262 -0.019922
v 0.130255 -1.312654 -0.019947
v 0.150293 -1.312654 -0.019947
v 0.150113 -1.312055 -0.019694
v 0.130255 -1.312208 -0.020301
v 0.150293 -1.312208 -0.020301
v 0.150265 -1.263036 -0.051469
v 0.150113 -1.262826 -0.051236
v 0.130433 -1.262890 -0.051194
v 0.130283 -1.263036 -0.051469
v 0.130255 -1.276878 -0.042945
v 0.150293 -1.276878 -0.042945
v 0.130255 -1.263590 -0.051433
v 0.150293 -1.263590 -0.051433
v 0.130479 -1.262349 -0.051645
v 0.130255 -1.262947 -0.051934
v 0.150293 -1.262947 -0.051934
v 0.150270 -1.261733 -0.053032
v 0.150155 -1.261910 -0.052220
v 0.130351 -1.261653 -0.052724
v 0.130279 -1.261733 -0.053032
v 0.130255 -1.262396 -0.052521
v 0.150293 -1.262396 -0.052521
v 0.130484 -1.261432 -0.052872
v 0.150293 -1.262089 -0.052999
v 0.150140 -1.261442 -0.052982
v 0.130255 -1.262089 -0.052999
v 0.130255 -1.261852 -0.053518
v 0.150293 -1.261852 -0.053518
v 0.150113 -1.261024 -0.054361
v 0.150265 -1.261327 -0.054634
v 0.130431 -1.261024 -0.054541
v 0.130283 -1.261327 -0.054634
v 0.130255 -1.261664 -0.054291
v 0.150293 -1.261664 -0.054291
v 0.130255 -1.261613 -0.055061
v 0.150293 -1.261613 -0.055061
v 0.130478 -1.261103 -0.058387
v 0.150212 -1.261270 -0.058811
v 0.150069 -1.261104 -0.058461
v 0.130336 -1.261270 -0.058811
v 0.130246 -1.261710 -0.058781
v 0.150302 -1.261710 -0.058781
v 0.130346 -1.261191 -0.065970
v 0.130484 -1.261038 -0.066237
v 0.130247 -1.261657 -0.065003
v 0.150202 -1.261191 -0.065970
v 0.150073 -1.261044 -0.066223
v 0.150301 -1.261657 -0.065003
v 0.150293 -1.265868 -0.061581
v 0.130296 -1.269767 -0.058925
v 0.130255 -1.265868 -0.061581
v 0.150252 -1.269767 -0.058925
v 0.150112 -1.272258 -0.057364
v 0.130437 -1.272335 -0.057306
v 0.130255 -1.271979 -0.056831
v 0.150293 -1.271979 -0.056831
v 0.150264 -1.283779 -0.048532
v 0.150111 -1.283669 -0.048993
v 0.130437 -1.283646 -0.049009
v 0.130284 -1.283779 -0.048532
v 0.130255 -1.280509 -0.050545
v 0.150293 -1.280509 -0.050545
v 0.130255 -1.288689 -0.044745
v 0.150293 -1.288689 -0.044745
v 0.130444 -1.306522 -0.033032
v 0.130255 -1.306219 -0.032515
v 0.150263 -1.315132 -0.026537
v 0.150104 -1.306867 -0.032790
v 0.130285 -1.315132 -0.026537
v 0.150293 -1.306219 -0.032515
v 0.150110 -1.315023 -0.026949
v 0.130438 -1.315023 -0.026949
v 0.130255 -1.314363 -0.026657
v 0.150293 -1.314363 -0.026657
v 0.130255 -1.315245 -0.026157
v 0.150211 -1.324778 -0.043033
v 0.150293 -1.315245 -0.026157
v 0.150069 -1.324660 -0.043158
v 0.130478 -1.324651 -0.043143
v 0.150279 -1.324964 -0.042857
v 0.130338 -1.324778 -0.043033
v 0.130269 -1.324964 -0.042857
v 0.130255 -1.321989 -0.037464
v 0.150293 -1.321989 -0.037464
v 0.130255 -1.324897 -0.042400
v 0.150293 -1.324897 -0.042400
v 0.130255 -1.325368 -0.043000
v 0.150293 -1.325368 -0.043000
v 0.150265 -1.325758 -0.043695
v 0.150103 -1.325814 -0.044105
v 0.130446 -1.325777 -0.044085
v 0.130284 -1.325758 -0.043695
v 0.130255 -1.325943 -0.043472
v 0.150293 -1.325943 -0.043472
v 0.150293 -1.326419 -0.043694
v 0.150306 -1.326921 -0.043827
v 0.150162 -1.326759 -0.044371
v 0.130255 -1.326419 -0.043694
v 0.130387 -1.326723 -0.044364
v 0.130242 -1.326921 -0.043827
v 0.150264 -1.327882 -0.044086
v 0.150117 -1.328095 -0.044395
v 0.130431 -1.328064 -0.044401
v 0.130284 -1.327882 -0.044086
v 0.130255 -1.327689 -0.043834
v 0.150293 -1.327689 -0.043834
v 0.130255 -1.328444 -0.043702
v 0.150293 -1.328444 -0.043702
v 0.150112 -1.332638 -0.043150
v 0.130434 -1.332695 -0.043133
v 0.130255 -1.332699 -0.042523
v 0.150293 -1.332699 -0.042523
v 0.130396 -1.342396 -0.040714
v 0.130246 -1.340976 -0.040475
v 0.150158 -1.342380 -0.040702
v 0.150303 -1.340976 -0.040475
v 0.150293 -1.338962 -0.039198
v 0.150264 -1.335948 -0.036799
v 0.150111 -1.338256 -0.038020
v 0.130437 -1.338225 -0.037999
v 0.130284 -1.335948 -0.036799
v 0.130255 -1.338962 -0.039198
v 0.150293 -1.337036 -0.037881
v 0.130255 -1.337036 -0.037881
v 0.150293 -1.335188 -0.036516
v 0.150111 -1.334607 -0.035318
v 0.130437 -1.334590 -0.035304
v 0.130255 -1.335188 -0.036516
v 0.150298 -1.333363 -0.035047
v 0.150293 -1.331732 -0.033621
v 0.150111 -1.331284 -0.032404
v 0.130437 -1.331276 -0.032396
v 0.130250 -1.333363 -0.035047
v 0.130255 -1.331732 -0.033621
v 0.150293 -1.330129 -0.032084
v 0.130255 -1.330129 -0.032084
v 0.150300 -1.328614 -0.030477
v 0.150155 -1.328289 -0.029269
v 0.130393 -1.328249 -0.029223
v 0.130248 -1.328614 -0.030477
v 0.150293 -1.327184 -0.028805
v 0.130255 -1.327184 -0.028805
v 0.150300 -1.325849 -0.027053
v 0.150155 -1.325661 -0.025826
v 0.130393 -1.325632 -0.025782
v 0.130248 -1.325849 -0.027053
v 0.150293 -1.324605 -0.025227
v 0.130255 -1.324605 -0.025227
v 0.150293 -1.323457 -0.023315
v 0.150299 -1.322411 -0.021315
v 0.150155 -1.323108 -0.021499
v 0.130391 -1.323103 -0.021494
v 0.130255 -1.323457 -0.023315
v 0.130249 -1.322411 -0.021315
v 0.150305 -1.334154 -0.012429
v 0.150110 -1.329195 -0.016813
v 0.130438 -1.329308 -0.016726
v 0.130243 -1.334154 -0.012429
v 0.130255 -1.328876 -0.016308
v 0.150293 -1.328876 -0.016308
v 0.150155 -1.336618 -0.011359
v 0.130393 -1.336697 -0.011304
v 0.150293 -1.337896 -0.009816
v 0.130255 -1.337896 -0.009816
v 0.150312 -1.341946 -0.007191
v 0.150111 -1.344490 -0.006301
v 0.130437 -1.344435 -0.006333
v 0.130237 -1.341946 -0.007191
v 0.150293 -1.345964 -0.004789
v 0.130255 -1.345964 -0.004789
v 0.150309 -1.350221 -0.002526
v 0.150111 -1.352722 -0.001938
v 0.130437 -1.352642 -0.001974
v 0.130240 -1.350221 -0.002526
v 0.150293 -1.354425 -0.000563
v 0.130255 -1.354425 -0.000563
v 0.150293 -1.358843 0.001175
v 0.150264 -1.361472 0.001792
v 0.150112 -1.359024 0.000609
v 0.130437 -1.359136 0.000649
v 0.130285 -1.361472 0.001792
v 0.130255 -1.358843 0.001175
v 0.150293 -1.363409 0.002623
v 0.150112 -1.363552 0.002046
v 0.130437 -1.363657 0.002075
v 0.130255 -1.363409 0.002623
v 0.150300 -1.368140 0.003749
v 0.150160 -1.368162 0.003180
v 0.130388 -1.368337 0.003215
v 0.130248 -1.368140 0.003749
v 0.150261 -1.375265 0.004534
v 0.150110 -1.375269 0.004232
v 0.130436 -1.375187 0.004222
v 0.130287 -1.375265 0.004534
v 0.130255 -1.373425 0.004576
v 0.150293 -1.373425 0.004576
v 0.130255 -1.375954 0.004949
v 0.150293 -1.375954 0.004949
v 0.150265 -1.380721 0.005611
v 0.150112 -1.380939 0.005346
v 0.130436 -1.380843 0.005323
v 0.130283 -1.380721 0.005611
v 0.130255 -1.379295 0.005599
v 0.150293 -1.379295 0.005599
v 0.130255 -1.383651 0.006652
v 0.150293 -1.383651 0.006652
v 0.150265 -1.388207 0.007536
v 0.150112 -1.388288 0.007232
v 0.130437 -1.388285 0.007232
v 0.130283 -1.388207 0.007536
v 0.130255 -1.387572 0.007682
v 0.150293 -1.387572 0.007682
v 0.130255 -1.388629 0.007860
v 0.150293 -1.388629 0.007860
v 0.150300 -1.390511 0.007761
v 0.150207 -1.390215 0.007392
v 0.150064 -1.390200 0.007232
v 0.130485 -1.390174 0.007237
v 0.130341 -1.390215 0.007392
v 0.130255 -1.389741 0.007883
v 0.150293 -1.389741 0.007883
v 0.130248 -1.390511 0.007761
v 0.130255 -1.391275 0.007533
v 0.150293 -1.391275 0.007533
v 0.150209 -1.391960 0.006693
v 0.150068 -1.391908 0.006530
v 0.130481 -1.391883 0.006547
v 0.130339 -1.391960 0.006693
v 0.130248 -1.392009 0.007152
v 0.150300 -1.392009 0.007152
v 0.130255 -1.392697 0.006673
v 0.150293 -1.392697 0.006673
v 0.150264 -1.394018 0.004985
v 0.150111 -1.393813 0.004758
v 0.130437 -1.393800 0.004770
v 0.130284 -1.394018 0.004985
v 0.130255 -1.393883 0.005516
v 0.150293 -1.393883 0.005516
v 0.130255 -1.394824 0.004693
v 0.150293 -1.394870 0.004654
v 0.150261 -1.396712 0.002805
v 0.150112 -1.396040 0.002964
v 0.130438 -1.396034 0.002967
v 0.130287 -1.396712 0.002805
v 0.130255 -1.397381 0.002645
v 0.150267 -1.375206 -0.001890
v 0.150112 -1.375712 -0.001445
v 0.130432 -1.375552 -0.001488
v 0.150293 -1.397379 0.002645
v 0.130255 -1.375909 -0.002010
v 0.130281 -1.375206 -0.001890
v 0.150293 -1.375909 -0.002010
v 0.150300 -1.370583 -0.003222
v 0.130255 -1.372348 -0.002878
v 0.150209 -1.370672 -0.002786
v 0.150061 -1.370757 -0.002599
v 0.130486 -1.370771 -0.002597
v 0.130339 -1.370672 -0.002786
v 0.150293 -1.372348 -0.002878
v 0.130249 -1.370583 -0.003222
v 0.130255 -1.369395 -0.003390
v 0.150293 -1.369395 -0.003390
v 0.130475 -1.366792 -0.002963
v 0.150265 -1.366550 -0.003285
v 0.150114 -1.366658 -0.002980
v 0.130303 -1.366538 -0.003193
v 0.130255 -1.367633 -0.003519
v 0.150293 -1.367633 -0.003519
v 0.130255 -1.365031 -0.003564
v 0.150293 -1.365031 -0.003564
v 0.130339 -1.359190 -0.003022
v 0.150208 -1.359189 -0.003020
v 0.150068 -1.359028 -0.002858
v 0.130480 -1.359028 -0.002857
v 0.130246 -1.359635 -0.003473
v 0.150263 -1.359348 -0.022917
v 0.130285 -1.359347 -0.022918
v 0.150303 -1.359635 -0.003473
v 0.150172 -1.359133 -0.023187
v 0.150068 -1.359028 -0.023320
v 0.130376 -1.359133 -0.023187
v 0.130255 -1.359639 -0.022535
v 0.150293 -1.359639 -0.022535
v 0.130483 -1.359026 -0.023324
v 0.130255 -1.373045 -0.019345
v 0.150293 -1.373045 -0.019345
v 0.150112 -1.397889 -0.013966
v 0.130433 -1.398116 -0.013908
v 0.130255 -1.397461 -0.013459
v 0.150301 -1.411184 -0.010164
v 0.130326 -1.410894 -0.010603
v 0.150293 -1.397461 -0.013459
v 0.150222 -1.410894 -0.010603
v 0.150070 -1.410868 -0.010794
v 0.130479 -1.410861 -0.010796
v 0.130255 -1.410381 -0.010274
v 0.150293 -1.410381 -0.010274
v 0.130247 -1.411184 -0.010164
v 0.150264 -1.412322 -0.010503
v 0.150112 -1.412321 -0.010813
v 0.130284 -1.412322 -0.010503
v 0.130255 -1.411926 -0.010169
v 0.150293 -1.411926 -0.010169
v 0.150293 -1.412471 -0.010266
v 0.130436 -1.412312 -0.010811
v 0.130255 -1.412471 -0.010266
v 0.130255 -1.412997 -0.010431
v 0.150293 -1.412997 -0.010431
v 0.150213 -1.413553 -0.011190
v 0.130335 -1.413553 -0.011190
v 0.150300 -1.413519 -0.010690
v 0.150068 -1.413610 -0.011448
v 0.130479 -1.413602 -0.011443
v 0.130248 -1.413519 -0.010690
v 0.130255 -1.414118 -0.011068
v 0.150293 -1.414118 -0.011068
v 0.150267 -1.418424 -0.014994
v 0.150111 -1.417365 -0.014560
v 0.130437 -1.417280 -0.014491
v 0.130255 -1.416469 -0.013045
v 0.150293 -1.416469 -0.013045
v 0.130281 -1.418424 -0.014994
v 0.130255 -1.419767 -0.015703
v 0.150293 -1.419767 -0.015703
v 0.150266 -1.426801 -0.021549
v 0.150113 -1.424363 -0.020064
v 0.130435 -1.424276 -0.019997
v 0.130282 -1.426801 -0.021549
v 0.130255 -1.424658 -0.019542
v 0.150293 -1.424658 -0.019542
v 0.150293 -1.428429 -0.022268
v 0.150112 -1.428165 -0.022805
v 0.130436 -1.428092 -0.022758
v 0.130255 -1.428429 -0.022268
v 0.150319 -1.432232 -0.024528
v 0.150112 -1.432028 -0.025081
v 0.130436 -1.431958 -0.025045
v 0.130229 -1.432232 -0.024528
v 0.150319 -1.436077 -0.026304
v 0.150112 -1.435926 -0.026873
v 0.130436 -1.435858 -0.026846
v 0.130229 -1.436077 -0.026304
v 0.150319 -1.439954 -0.027602
v 0.150112 -1.439865 -0.028183
v 0.130436 -1.439798 -0.028165
v 0.130229 -1.439954 -0.027602
v 0.150304 -1.443880 -0.028423
v 0.150148 -1.443846 -0.028994
v 0.130400 -1.443744 -0.028978
v 0.130244 -1.443880 -0.028423
v 0.150319 -1.447850 -0.028789
v 0.150112 -1.447834 -0.029373
v 0.130436 -1.447765 -0.029371
v 0.130229 -1.447850 -0.028789
v 0.150319 -1.451867 -0.028686
v 0.150112 -1.451918 -0.029269
v 0.130436 -1.451845 -0.029275
v 0.130229 -1.451867 -0.028686
v 0.150293 -1.455934 -0.028121
v 0.150265 -1.458158 -0.027979
v 0.150112 -1.456057 -0.028703
v 0.130436 -1.455980 -0.028717
v 0.130283 -1.458158 -0.027979
v 0.130255 -1.455934 -0.028121
v 0.150293 -1.460076 -0.027115
v 0.150112 -1.460256 -0.027682
v 0.130436 -1.460173 -0.027706
v 0.130255 -1.460076 -0.027115
v 0.150293 -1.464291 -0.025665
v 0.150265 -1.466608 -0.025057
v 0.150112 -1.464522 -0.026213
v 0.130436 -1.464432 -0.026248
v 0.130283 -1.466607 -0.025057
v 0.130255 -1.464291 -0.025665
v 0.150293 -1.468586 -0.023777
v 0.150112 -1.468861 -0.024304
v 0.130436 -1.468762 -0.024352
v 0.130255 -1.468586 -0.023777
v 0.150300 -1.472969 -0.021457
v 0.150160 -1.473337 -0.021894
v 0.130388 -1.473161 -0.021995
v 0.130248 -1.472969 -0.021457
v 0.150293 -1.475673 -0.019778
v 0.150265 -1.477004 -0.019233
v 0.150112 -1.477434 -0.019305
v 0.130436 -1.477305 -0.019399
v 0.130283 -1.477004 -0.019233
v 0.130255 -1.475673 -0.019778
v 0.150293 -1.478192 -0.017953
v 0.130255 -1.478192 -0.017953
v 0.150304 -1.480530 -0.015989
v 0.150148 -1.480973 -0.016355
v 0.130400 -1.480852 -0.016465
v 0.130244 -1.480530 -0.015989
v 0.150293 -1.482683 -0.013880
v 0.150260 -1.483935 -0.013006
v 0.150106 -1.484205 -0.013140
v 0.130442 -1.484102 -0.013257
v 0.130288 -1.483935 -0.013006
v 0.130255 -1.482683 -0.013880
v 0.150293 -1.484661 -0.011639
v 0.130255 -1.484661 -0.011639
v 0.150293 -1.486464 -0.009267
v 0.150265 -1.487640 -0.008081
v 0.150112 -1.487822 -0.008369
v 0.130436 -1.487736 -0.008501
v 0.130283 -1.487640 -0.008081
v 0.130255 -1.486464 -0.009267
v 0.150293 -1.488094 -0.006768
v 0.130255 -1.488094 -0.006768
v 0.150293 -1.489555 -0.004146
v 0.150265 -1.490560 -0.002800
v 0.150112 -1.490777 -0.003065
v 0.130436 -1.490708 -0.003212
v 0.130283 -1.490560 -0.002800
v 0.130255 -1.489555 -0.004146
v 0.150293 -1.490848 -0.001406
v 0.130255 -1.490848 -0.001406
v 0.150293 -1.491977 0.001449
v 0.150265 -1.492815 0.002949
v 0.150112 -1.493061 0.002707
v 0.130436 -1.493008 0.002544
v 0.130283 -1.492815 0.002949
v 0.130255 -1.491977 0.001449
v 0.150293 -1.492944 0.004415
v 0.130255 -1.492944 0.004415
v 0.150262 -1.494527 0.008940
v 0.150112 -1.494546 0.008135
v 0.130435 -1.494572 0.008214
v 0.130284 -1.494258 0.008246
v 0.130255 -1.493928 0.008144
v 0.150293 -1.493928 0.008144
v 0.130255 -1.494256 0.008912
v 0.150293 -1.494256 0.008912
v 0.150112 -1.495170 0.009201
v 0.130337 -1.494947 0.009162
v 0.130247 -1.494662 0.009488
v 0.150293 -1.494660 0.009490
v 0.130442 -1.495207 0.009225
v 0.130264 -1.495193 0.009957
v 0.150284 -1.495193 0.009957
v 0.150209 -1.496021 0.009909
v 0.130339 -1.496021 0.009909
v 0.150068 -1.496349 0.009851
v 0.130474 -1.496175 0.009777
v 0.130255 -1.495825 0.010291
v 0.150293 -1.495825 0.010291
v 0.130255 -1.496554 0.010538
v 0.150293 -1.496554 0.010538
v 0.130255 -1.505501 0.012654
v 0.150071 -1.525210 0.016834
v 0.150293 -1.505501 0.012654
v 0.150210 -1.525102 0.016989
v 0.130338 -1.525102 0.016989
v 0.130255 -1.525014 0.017427
v 0.150299 -1.526829 0.017750
v 0.130480 -1.525283 0.016858
v 0.150293 -1.525014 0.017427
v 0.150154 -1.527236 0.017219
v 0.130394 -1.527243 0.017220
v 0.130249 -1.526829 0.017750
v 0.150299 -1.527623 0.017748
v 0.130249 -1.527623 0.017748
v 0.150293 -1.528086 0.017645
v 0.150157 -1.527994 0.017066
v 0.130391 -1.528006 0.017059
v 0.130255 -1.528086 0.017645
v 0.150293 -1.528451 0.017435
v 0.130249 -1.528726 0.017112
v 0.130255 -1.528451 0.017435
v 0.150299 -1.528726 0.017112
v 0.150154 -1.528309 0.016711
v 0.130394 -1.528316 0.016694
v 0.150293 -1.528932 0.016665
v 0.130255 -1.528932 0.016665
v 0.150211 -1.528740 0.015409
v 0.150072 -1.528576 0.015367
v 0.130477 -1.528573 0.015398
v 0.130337 -1.528740 0.015409
v 0.130247 -1.529112 0.015871
v 0.150301 -1.529112 0.015871
v 0.130255 -1.529230 0.014156
v 0.150293 -1.529230 0.014156
v 0.150299 -1.529253 0.007382
v 0.150157 -1.528662 0.004524
v 0.130391 -1.528659 0.004422
v 0.130249 -1.529253 0.007382
v 0.150293 -1.529122 0.001316
v 0.130255 -1.529122 0.001316
v 0.150293 -1.528847 -0.004740
v 0.150112 -1.528271 -0.004402
v 0.130436 -1.528251 -0.004763
v 0.130241 -1.528426 -0.010882
v 0.130255 -1.528847 -0.004740
v 0.150307 -1.528426 -0.010882
v 0.150155 -1.527662 -0.013467
v 0.130393 -1.527649 -0.013613
v 0.130248 -1.527903 -0.016803
v 0.150300 -1.527903 -0.016803
v 0.150293 -1.527253 -0.022824
v 0.150155 -1.526378 -0.025418
v 0.130393 -1.526354 -0.025610
v 0.130248 -1.526488 -0.028828
v 0.130255 -1.527253 -0.022824
v 0.150300 -1.526488 -0.028828
v 0.150293 -1.525626 -0.034818
v 0.150264 -1.524105 -0.042687
v 0.150112 -1.524624 -0.037454
v 0.130437 -1.524614 -0.037515
v 0.130284 -1.524105 -0.042687
v 0.130255 -1.525626 -0.034818
v 0.150293 -1.524666 -0.040798
v 0.130255 -1.524666 -0.040798
v 0.150112 -1.522555 -0.049298
v 0.130437 -1.522533 -0.049413
v 0.130255 -1.523117 -0.049524
v 0.150293 -1.523117 -0.049524
v 0.150210 -1.520719 -0.059288
v 0.150068 -1.520565 -0.059217
v 0.130485 -1.520555 -0.059263
v 0.130338 -1.520719 -0.059288
v 0.130288 -1.520275 -0.062802
v 0.130255 -1.521155 -0.059385
v 0.150069 -1.519914 -0.063328
v 0.130255 -1.520719 -0.062143
v 0.150293 -1.521154 -0.059393
v 0.130477 -1.519914 -0.063327
v 0.150260 -1.520275 -0.062802
v 0.150293 -1.520718 -0.062144
v 0.150068 -1.529702 -0.057546
v 0.130479 -1.529558 -0.057632
v 0.130255 -1.529937 -0.056696
v 0.150277 -1.534297 -0.054295
v 0.150211 -1.534382 -0.054535
v 0.130338 -1.530279 -0.057010
v 0.130271 -1.534297 -0.054295
v 0.150293 -1.529937 -0.056696
v 0.150066 -1.534450 -0.054635
v 0.130452 -1.534426 -0.054640
v 0.130255 -1.534048 -0.054160
v 0.150293 -1.534048 -0.054160
v 0.130329 -1.534742 -0.053930
v 0.150069 -1.535002 -0.053785
v 0.130479 -1.534993 -0.053809
v 0.130255 -1.534279 -0.053841
v 0.150293 -1.534279 -0.053841
v 0.150197 -1.535127 -0.052862
v 0.130255 -1.534498 -0.053318
v 0.150262 -1.534967 -0.052423
v 0.150293 -1.534498 -0.053318
v 0.150068 -1.535282 -0.052372
v 0.130441 -1.535263 -0.052541
v 0.130286 -1.534965 -0.052428
v 0.130255 -1.534652 -0.052488
v 0.150293 -1.534652 -0.052488
v 0.130255 -1.534678 -0.016904
v 0.150266 -1.534928 0.033140
v 0.130375 -1.535164 0.033131
v 0.150293 -1.534678 -0.016903
v 0.150112 -1.535241 0.033184
v 0.130480 -1.535259 0.033184
v 0.130282 -1.534930 0.033136
v 0.130255 -1.534652 0.033070
v 0.150293 -1.534652 0.033070
v 0.130246 -1.534463 0.033669
v 0.150303 -1.534463 0.033669
v 0.150148 -1.534836 0.034434
v 0.130400 -1.534844 0.034431
v 0.150299 -1.531356 0.032427
v 0.150157 -1.529826 0.032459
v 0.130391 -1.529779 0.032443
v 0.130249 -1.531356 0.032427
v 0.150293 -1.528214 0.031347
v 0.130255 -1.528214 0.031347
v 0.150293 -1.525035 0.030403
v 0.150264 -1.521094 0.029628
v 0.150112 -1.523628 0.030626
v 0.130437 -1.523604 0.030621
v 0.130284 -1.521094 0.029628
v 0.130255 -1.525035 0.030403
v 0.150293 -1.521824 0.029569
v 0.130255 -1.521824 0.029569
v 0.150113 -1.517028 0.029078
v 0.130437 -1.516925 0.029057
v 0.130255 -1.517058 0.028478
v 0.150293 -1.517058 0.028478
v 0.150205 -1.501910 0.025858
v 0.150053 -1.502066 0.026061
v 0.130485 -1.502050 0.026049
v 0.130343 -1.501910 0.025858
v 0.130237 -1.502199 0.025428
v 0.130255 -1.506180 0.026288
v 0.150293 -1.506180 0.026288
v 0.150311 -1.502199 0.025428
v 0.150293 -1.498901 0.024627
v 0.130255 -1.498901 0.024627
v 0.150264 -1.495867 0.024100
v 0.150113 -1.496133 0.024492
v 0.130436 -1.496132 0.024495
v 0.130284 -1.495867 0.024100
v 0.130255 -1.495615 0.023737
v 0.150293 -1.495615 0.023737
v 0.130283 -1.495481 0.027709
v 0.150265 -1.495481 0.027709
v 0.150112 -1.495775 0.027864
v 0.130436 -1.495783 0.027797
v 0.130255 -1.495192 0.027730
v 0.150293 -1.495192 0.027730
v 0.150293 -1.494495 0.031674
v 0.150155 -1.495008 0.031999
v 0.130404 -1.494793 0.033124
v 0.130293 -1.494293 0.034202
v 0.130255 -1.494495 0.031674
v 0.150293 -1.493786 0.034749
v 0.150255 -1.494293 0.034202
v 0.150136 -1.493874 0.036717
v 0.130255 -1.493786 0.034749
v 0.150304 -1.492943 0.037762
v 0.130244 -1.492943 0.037762
v 0.150293 -1.491958 0.040710
v 0.150245 -1.491722 0.042473
v 0.150069 -1.491999 0.042404
v 0.130413 -1.493132 0.039137
v 0.130303 -1.491722 0.042473
v 0.130255 -1.491958 0.040710
v 0.150293 -1.490845 0.043598
v 0.130480 -1.490887 0.045108
v 0.130255 -1.490845 0.043598
v 0.150293 -1.489601 0.046425
v 0.150245 -1.489206 0.048149
v 0.150069 -1.489490 0.048104
v 0.130303 -1.489206 0.048149
v 0.130255 -1.489601 0.046425
v 0.150293 -1.488228 0.049194
v 0.130480 -1.488135 0.050694
v 0.130255 -1.488228 0.049194
v 0.150293 -1.486728 0.051904
v 0.150263 -1.485575 0.054505
v 0.150069 -1.486466 0.053566
v 0.130285 -1.485575 0.054505
v 0.130255 -1.486728 0.051904
v 0.150293 -1.485103 0.054556
v 0.130480 -1.484876 0.056045
v 0.130255 -1.485103 0.054556
v 0.150293 -1.483354 0.057153
v 0.150158 -1.482849 0.058848
v 0.130255 -1.483354 0.057153
v 0.150293 -1.481484 0.059694
v 0.130376 -1.482484 0.059293
v 0.130255 -1.481484 0.059694
v 0.150245 -1.479181 0.063110
v 0.150069 -1.479280 0.063341
v 0.130478 -1.479098 0.063527
v 0.130303 -1.479181 0.063110
v 0.130255 -1.479278 0.062437
v 0.150293 -1.479278 0.062437
v 0.130255 -1.478576 0.063118
v 0.150293 -1.478576 0.063118
v 0.150155 -1.478048 0.064149
v 0.130388 -1.477760 0.064287
v 0.130242 -1.477827 0.063627
v 0.150306 -1.477827 0.063627
v 0.150293 -1.477245 0.063861
v 0.150141 -1.477100 0.064511
v 0.130255 -1.477245 0.063861
v 0.150276 -1.476005 0.064336
v 0.130405 -1.476895 0.064554
v 0.130272 -1.476005 0.064336
v 0.130255 -1.476625 0.064008
v 0.150293 -1.476625 0.064008
v 0.150074 -1.475500 0.064665
v 0.150208 -1.475264 0.064449
v 0.130478 -1.475255 0.064614
v 0.130340 -1.475264 0.064449
v 0.130255 -1.475729 0.064029
v 0.150293 -1.475729 0.064029
v 0.130255 -1.474849 0.063887
v 0.150293 -1.474849 0.063887
v 0.130338 -1.470015 0.063029
v 0.150210 -1.470015 0.063029
v 0.150069 -1.469622 0.063098
v 0.130479 -1.469620 0.063098
v 0.130255 -1.469888 0.062537
v 0.150293 -1.469888 0.062537
v 0.150303 -1.460354 0.060164
v 0.130245 -1.460355 0.060164
v 0.130331 -1.459160 0.060307
v 0.150166 -1.458803 0.060344
v 0.130489 -1.458644 0.060364
v 0.150208 -1.463533 0.058012
v 0.150069 -1.463426 0.057888
v 0.130477 -1.463424 0.057891
v 0.130340 -1.463534 0.058012
v 0.130272 -1.465008 0.057496
v 0.130255 -1.463749 0.058408
v 0.150302 -1.463801 0.058376
v 0.150293 -1.467129 0.056408
v 0.150111 -1.468271 0.054972
v 0.130437 -1.468233 0.054999
v 0.130255 -1.467129 0.056408
v 0.150312 -1.469925 0.054492
v 0.130236 -1.469925 0.054492
v 0.150300 -1.472517 0.052480
v 0.150111 -1.473411 0.050965
v 0.130437 -1.473376 0.050997
v 0.130255 -1.472514 0.052487
v 0.150293 -1.474950 0.050321
v 0.130237 -1.474966 0.050295
v 0.150312 -1.477225 0.047994
v 0.150111 -1.477872 0.046420
v 0.130437 -1.477837 0.046461
v 0.130255 -1.477214 0.048019
v 0.150293 -1.479303 0.045578
v 0.130255 -1.479303 0.045578
v 0.150300 -1.481217 0.042998
v 0.150160 -1.480698 0.042761
v 0.130432 -1.480764 0.042615
v 0.130237 -1.481197 0.043018
v 0.150293 -1.482958 0.040282
v 0.150111 -1.483271 0.038586
v 0.130437 -1.483247 0.038629
v 0.130237 -1.484499 0.037449
v 0.130255 -1.482958 0.040282
v 0.150311 -1.484499 0.037449
v 0.150293 -1.485905 0.034428
v 0.150111 -1.485999 0.032676
v 0.130437 -1.485981 0.032723
v 0.130236 -1.487092 0.031318
v 0.130255 -1.485905 0.034428
v 0.150312 -1.487092 0.031318
v 0.150293 -1.488135 0.028012
v 0.150153 -1.487982 0.026472
v 0.130395 -1.487993 0.026430
v 0.130255 -1.488135 0.028012
v 0.150302 -1.488679 0.025973
v 0.130246 -1.488679 0.025973
v 0.150293 -1.488896 0.024889
v 0.150263 -1.488689 0.024008
v 0.150111 -1.488361 0.024378
v 0.130437 -1.488363 0.024370
v 0.130285 -1.488689 0.024008
v 0.130255 -1.488896 0.024889
v 0.150293 -1.488954 0.024188
v 0.130255 -1.488954 0.024188
v 0.150293 -1.488893 0.023619
v 0.150083 -1.488203 0.023471
v 0.130255 -1.488893 0.023619
v 0.150299 -1.488698 0.023161
v 0.150208 -1.488231 0.023275
v 0.130464 -1.488210 0.023481
v 0.130340 -1.488231 0.023275
v 0.130249 -1.488698 0.023161
v 0.150293 -1.488362 0.022788
v 0.130255 -1.488362 0.022788
v 0.150293 -1.487866 0.022481
v 0.150210 -1.487071 0.022590
v 0.150068 -1.486975 0.022735
v 0.130479 -1.487000 0.022742
v 0.130338 -1.487071 0.022590
v 0.130249 -1.487209 0.022221
v 0.130255 -1.487866 0.022481
v 0.150300 -1.487209 0.022221
v 0.130255 -1.485958 0.021863
v 0.150293 -1.485958 0.021863
v 0.150303 -1.417464 0.007021
v 0.150209 -1.417650 0.007480
v 0.150069 -1.417634 0.007643
v 0.130481 -1.417632 0.007643
v 0.130339 -1.417650 0.007480
v 0.130255 -1.444153 0.012795
v 0.150293 -1.444153 0.012795
v 0.130255 -1.418383 0.007146
v 0.150293 -1.418383 0.007146
v 0.130246 -1.417464 0.007021
v 0.150300 -1.416030 0.007103
v 0.150209 -1.416301 0.007484
v 0.150068 -1.416300 0.007648
v 0.130480 -1.416318 0.007645
v 0.130339 -1.416301 0.007484
v 0.130255 -1.416636 0.007009
v 0.150293 -1.416636 0.007009
v 0.130248 -1.416030 0.007103
v 0.150204 -1.415040 0.007970
v 0.130255 -1.415438 0.007278
v 0.150293 -1.415438 0.007278
v 0.150065 -1.415032 0.008169
v 0.130473 -1.414959 0.008204
v 0.130344 -1.415040 0.007970
v 0.150293 -1.414872 0.007571
v 0.130246 -1.414331 0.007963
v 0.130255 -1.414872 0.007571
v 0.150302 -1.414331 0.007963
v 0.150111 -1.413309 0.009849
v 0.130432 -1.413235 0.009910
v 0.130285 -1.413104 0.009626
v 0.130255 -1.413267 0.009044
v 0.150263 -1.413104 0.009626
v 0.150293 -1.413267 0.009044
v 0.130255 -1.412231 0.010008
v 0.150293 -1.412231 0.010008
v 0.150242 -1.410554 0.011943
v 0.150062 -1.410809 0.012036
v 0.130486 -1.410809 0.012035
v 0.130306 -1.410554 0.011943
v 0.130255 -1.410124 0.011807
v 0.150319 -1.467116 -0.014785
v 0.150112 -1.467018 -0.014203
v 0.130436 -1.466936 -0.014229
v 0.130229 -1.467116 -0.014785
v 0.150304 -1.463690 -0.015697
v 0.150148 -1.463634 -0.015127
v 0.130400 -1.463506 -0.015155
v 0.130244 -1.463690 -0.015697
v 0.150319 -1.460338 -0.016254
v 0.150112 -1.460272 -0.015673
v 0.130436 -1.460189 -0.015683
v 0.130229 -1.460338 -0.016254
v 0.150300 -1.457037 -0.016493
v 0.150160 -1.457096 -0.015929
v 0.130388 -1.456955 -0.015932
v 0.130248 -1.457037 -0.016493
v 0.150293 -1.453810 -0.016406
v 0.150112 -1.453925 -0.015818
v 0.130436 -1.453843 -0.015812
v 0.130256 -1.450675 -0.016013
v 0.130255 -1.453810 -0.016406
v 0.150292 -1.450675 -0.016013
v 0.150112 -1.450815 -0.015434
v 0.130436 -1.450731 -0.015419
v 0.130240 -1.447584 -0.015322
v 0.150308 -1.447584 -0.015322
v 0.150112 -1.447757 -0.014760
v 0.130436 -1.447670 -0.014736
v 0.150293 -1.444464 -0.014336
v 0.150111 -1.443220 -0.013249
v 0.130437 -1.443274 -0.013270
v 0.130239 -1.441494 -0.013104
v 0.130255 -1.444464 -0.014336
v 0.150309 -1.441494 -0.013104
v 0.150293 -1.438459 -0.011581
v 0.150112 -1.437358 -0.010299
v 0.130437 -1.437402 -0.010325
v 0.130237 -1.435551 -0.009846
v 0.130255 -1.438459 -0.011581
v 0.150311 -1.435551 -0.009846
v 0.150293 -1.432586 -0.007841
v 0.150148 -1.433012 -0.007443
v 0.130400 -1.432829 -0.007311
v 0.130255 -1.432586 -0.007841
v 0.150210 -1.430700 -0.005847
v 0.150069 -1.431078 -0.005926
v 0.130479 -1.431080 -0.005925
v 0.130338 -1.430700 -0.005847
v 0.130246 -1.429693 -0.005635
v 0.150069 -1.487056 0.007588
v 0.130480 -1.487058 0.007588
v 0.150302 -1.429693 -0.005635
v 0.130247 -1.487849 0.008405
v 0.150301 -1.487849 0.008405
v 0.150210 -1.487274 0.007811
v 0.130338 -1.487274 0.007811
v 0.150293 -1.487324 0.005876
v 0.150111 -1.486427 0.004822
v 0.130436 -1.486746 0.006018
v 0.130239 -1.486525 0.003425
v 0.130255 -1.487324 0.005876
v 0.150309 -1.486525 0.003425
v 0.130437 -1.485525 0.002446
v 0.150293 -1.485449 0.000950
v 0.150111 -1.484336 0.000049
v 0.130238 -1.484152 -0.001366
v 0.130255 -1.485449 0.000950
v 0.150310 -1.484152 -0.001366
v 0.130437 -1.482958 -0.002183
v 0.150293 -1.482606 -0.003650
v 0.150111 -1.481316 -0.004380
v 0.130237 -1.480882 -0.005748
v 0.130255 -1.482606 -0.003650
v 0.150311 -1.480882 -0.005748
v 0.130436 -1.479538 -0.006374
v 0.150304 -1.478938 -0.007755
v 0.150148 -1.478599 -0.007293
v 0.130255 -1.478940 -0.007758
v 0.150310 -1.476814 -0.009591
v 0.150111 -1.475373 -0.009984
v 0.130437 -1.475410 -0.009958
v 0.130234 -1.476875 -0.009541
v 0.150297 -1.474583 -0.011217
v 0.130238 -1.474563 -0.011224
v 0.150293 -1.472217 -0.012637
v 0.150112 -1.471947 -0.012107
v 0.130436 -1.471870 -0.012149
v 0.130255 -1.472217 -0.012637
v 0.150300 -1.469720 -0.013836
v 0.150160 -1.469567 -0.013290
v 0.130388 -1.469435 -0.013346
v 0.130248 -1.469720 -0.013836
v 0.150293 -1.376396 0.020157
v 0.150246 -1.375610 0.020359
v 0.130436 -1.375160 0.020488
v 0.130285 -1.375850 0.020342
v 0.130255 -1.376396 0.020157
v 0.150293 -1.371031 0.018952
v 0.150303 -1.366321 0.017981
v 0.150152 -1.367723 0.018824
v 0.130396 -1.367576 0.018793
v 0.130255 -1.371031 0.018952
v 0.130245 -1.366321 0.017981
v 0.150312 -1.362078 0.017237
v 0.150111 -1.359757 0.017478
v 0.130437 -1.359801 0.017482
v 0.130237 -1.362078 0.017237
v 0.150297 -1.358339 0.016741
v 0.150293 -1.354861 0.016491
v 0.150112 -1.354857 0.017086
v 0.130437 -1.354744 0.017081
v 0.130251 -1.358339 0.016741
v 0.130255 -1.354861 0.016491
v 0.150300 -1.351496 0.016492
v 0.150160 -1.351607 0.017051
v 0.130388 -1.351426 0.017057
v 0.130248 -1.351496 0.016492
v 0.150293 -1.348143 0.016744
v 0.150112 -1.348303 0.017324
v 0.130436 -1.348192 0.017337
v 0.130251 -1.344702 0.017256
v 0.130255 -1.348143 0.016744
v 0.150297 -1.344702 0.017256
v 0.150112 -1.343305 0.018104
v 0.130437 -1.343349 0.018096
v 0.130237 -1.341028 0.018030
v 0.150312 -1.341028 0.018030
v 0.150303 -1.336876 0.019090
v 0.150152 -1.335696 0.019993
v 0.130396 -1.335553 0.020034
v 0.130245 -1.336876 0.019090
v 0.150293 -1.332281 0.020410
v 0.130255 -1.332281 0.020410
v 0.150299 -1.327061 0.022013
v 0.150160 -1.328138 0.022271
v 0.130392 -1.328150 0.022277
v 0.130249 -1.327061 0.022013
v 0.150293 -1.328989 0.023801
v 0.150211 -1.330282 0.024340
v 0.130337 -1.330282 0.024340
v 0.130255 -1.328989 0.023801
v 0.150298 -1.330976 0.025426
v 0.150068 -1.332359 0.025717
v 0.130480 -1.332297 0.025673
v 0.130250 -1.330976 0.025426
v 0.150293 -1.332993 0.026872
v 0.150161 -1.334560 0.027227
v 0.130255 -1.332993 0.026872
v 0.150298 -1.335078 0.028154
v 0.130392 -1.334660 0.027277
v 0.130250 -1.335078 0.028154
v 0.150293 -1.337195 0.029257
v 0.150143 -1.338517 0.029243
v 0.130255 -1.337195 0.029257
v 0.150293 -1.339373 0.030187
v 0.150244 -1.340699 0.030288
v 0.130405 -1.338521 0.029245
v 0.130255 -1.339373 0.030187
v 0.150293 -1.341603 0.030941
v 0.150298 -1.343884 0.031514
v 0.150062 -1.342921 0.030689
v 0.130486 -1.342851 0.030671
v 0.130305 -1.340699 0.030288
v 0.130255 -1.341603 0.030941
v 0.130306 -1.344916 0.031356
v 0.130250 -1.343884 0.031514
v 0.150293 -1.346229 0.031913
v 0.150242 -1.344916 0.031356
v 0.150112 -1.346220 0.031312
v 0.130436 -1.346321 0.031325
v 0.130255 -1.346229 0.031913
v 0.150293 -1.348627 0.032127
v 0.150155 -1.349804 0.031619
v 0.130394 -1.349821 0.031619
v 0.130250 -1.351073 0.032156
v 0.130255 -1.348627 0.032127
v 0.150298 -1.351073 0.032156
v 0.150304 -1.353598 0.032000
v 0.150148 -1.353460 0.031442
v 0.130400 -1.353626 0.031426
v 0.130244 -1.353598 0.032000
v 0.150299 -1.355802 0.031705
v 0.150157 -1.356723 0.030974
v 0.130391 -1.356751 0.030968
v 0.130249 -1.355802 0.031705
v 0.150293 -1.357928 0.031258
v 0.130255 -1.357928 0.031258
v 0.150293 -1.359990 0.030664
v 0.150105 -1.360729 0.029796
v 0.130443 -1.360711 0.029802
v 0.130242 -1.362012 0.029919
v 0.130255 -1.359990 0.030664
v 0.150306 -1.362012 0.029919
v 0.150209 -1.362712 0.029161
v 0.130339 -1.362712 0.029161
v 0.130249 -1.363929 0.029074
v 0.150299 -1.363929 0.029074
v 0.130397 -1.365314 0.027756
v 0.150293 -1.365827 0.028095
v 0.150147 -1.365276 0.027770
v 0.130248 -1.367672 0.027002
v 0.130255 -1.365827 0.028095
v 0.150300 -1.367672 0.027002
v 0.150068 -1.368221 0.025940
v 0.130398 -1.368527 0.025783
v 0.150293 -1.369480 0.025809
v 0.150255 -1.371731 0.023806
v 0.130247 -1.371252 0.024514
v 0.130255 -1.369480 0.025809
v 0.150301 -1.371252 0.024514
v 0.150112 -1.371644 0.023475
v 0.130437 -1.371671 0.023454
v 0.130255 -1.373755 0.022514
v 0.150293 -1.373755 0.022514
v 0.150068 -1.375120 0.020499
v 0.130462 -1.319870 0.009249
v 0.130296 -1.319702 0.009570
v 0.130255 -1.319514 0.009983
v 0.150111 -1.345273 0.001663
v 0.130436 -1.345273 0.001662
v 0.150293 -1.319514 0.009983
v 0.130255 -1.346682 0.001863
v 0.150266 -1.346016 0.001771
v 0.130282 -1.346026 0.001770
v 0.150303 -1.319816 -0.015380
v 0.150210 -1.320054 -0.014702
v 0.150066 -1.320145 -0.014445
v 0.130482 -1.320144 -0.014447
v 0.130338 -1.320054 -0.014701
v 0.150293 -1.346682 0.001863
v 0.130246 -1.319816 -0.015380
v 0.150293 -1.319098 -0.013251
v 0.150152 -1.319313 -0.012019
v 0.130396 -1.319296 -0.011958
v 0.130255 -1.319098 -0.013251
v 0.150300 -1.318500 -0.011127
v 0.130248 -1.318500 -0.011127
v 0.150293 -1.318017 -0.009015
v 0.150155 -1.318362 -0.007835
v 0.130393 -1.318353 -0.007781
v 0.130255 -1.318017 -0.009015
v 0.150300 -1.317661 -0.006906
v 0.130248 -1.317661 -0.006906
v 0.150293 -1.317424 -0.004806
v 0.150241 -1.317719 -0.003737
v 0.150105 -1.317933 -0.003661
v 0.130443 -1.317933 -0.003674
v 0.130307 -1.317719 -0.003737
v 0.130255 -1.317424 -0.004806
v 0.150293 -1.317318 -0.002705
v 0.130255 -1.317318 -0.002705
v 0.150293 -1.317341 -0.000605
v 0.150299 -1.317501 0.001497
v 0.150157 -1.317951 0.000390
v 0.130391 -1.317954 0.000435
v 0.130255 -1.317341 -0.000605
v 0.130249 -1.317501 0.001497
v 0.150293 -1.317791 0.003607
v 0.150155 -1.318520 0.004503
v 0.130393 -1.318529 0.004544
v 0.130249 -1.318225 0.005718
v 0.130255 -1.317791 0.003607
v 0.150300 -1.318225 0.005718
v 0.150293 -1.318797 0.007847
v 0.150252 -1.319703 0.009568
v 0.150083 -1.319872 0.009242
v 0.130255 -1.318797 0.007847
vn -1.0000 -0.0000 -0.0000
vn 1.0000 -0.0000 -0.0000
vn -0.0000 -0.0000 -0.0000
vn -0.0000 -0.0000 -1.0000
vn -0.9945 -0.1011 0.0275
vn -0.9930 -0.0952 -0.0704
vn -0.9698 -0.2336 0.0694
vn 0.8732 -0.2479 -0.4196
vn 0.9919 -0.1022 -0.0759
vn 0.9716 -0.2244 0.0747
vn -0.8667 -0.2443 -0.4349
vn 0.9981 -0.0115 -0.0599
vn 0.9986 -0.0345 -0.0406
vn 0.8344 -0.5349 -0.1330
vn 0.8070 -0.1158 -0.5792
vn -0.6886 -0.1319 -0.7131
vn -0.8337 -0.5357 -0.1343
vn -0.9981 -0.0115 -0.0599
vn -0.9991 -0.0256 -0.0339
vn -0.7899 -0.1319 -0.5988
vn 0.9717 -0.0436 -0.2323
vn 0.9465 -0.0728 -0.3145
vn -0.9465 -0.0728 -0.3144
vn -0.9716 -0.0434 -0.2326
vn 0.7613 -0.1439 -0.6323
vn 0.4310 -0.1983 -0.8803
vn -0.7620 -0.1436 -0.6315
vn 0.7731 -0.0840 -0.6287
vn -0.7723 -0.0839 -0.6296
vn 0.9572 -0.0244 -0.2886
vn 0.9888 0.0215 0.1474
vn -0.9570 -0.0242 -0.2892
vn -0.9889 0.0215 0.1473
vn 0.9739 0.0246 -0.2257
vn 0.9931 -0.0056 0.1168
vn 0.7987 0.0659 -0.5981
vn 0.6721 0.0088 -0.7404
vn -0.8006 0.0684 -0.5953
vn -0.6736 0.0088 -0.7390
vn -0.9931 -0.0056 0.1168
vn -0.9741 0.0220 -0.2251
vn 0.6939 -0.3794 0.6121
vn 0.9348 -0.2284 -0.2719
vn 0.5514 -0.5369 -0.6385
vn -0.6928 -0.3802 0.6127
vn -0.5542 -0.5352 -0.6374
vn -0.9359 -0.2267 -0.2696
vn -0.9789 -0.1093 0.1726
vn -0.9907 -0.0787 -0.1114
vn 0.9691 0.1015 0.2248
vn 0.9987 -0.0291 0.0410
vn 0.9794 -0.1083 0.1703
vn 0.7851 0.2552 0.5643
vn -0.7851 0.2522 0.5657
vn -0.9987 -0.0293 0.0418
vn -0.9702 0.1021 0.2196
vn 0.9723 0.0442 0.2297
vn 0.9625 0.0423 0.2678
vn 0.9954 -0.0157 -0.0945
vn -0.7759 0.1097 0.6213
vn 0.7729 0.1099 0.6249
vn -0.7701 0.1035 0.6295
vn -0.9626 0.0421 0.2677
vn -0.9719 0.0447 0.2312
vn -0.9954 -0.0157 -0.0945
vn 0.9682 0.0448 0.2463
vn 0.9975 0.0168 0.0683
vn -0.9682 0.0451 0.2460
vn -0.9975 0.0168 0.0683
vn 0.9668 0.0480 0.2512
vn 0.9945 0.0156 0.1035
vn 0.9952 0.0168 0.0966
vn -0.9945 0.0156 0.1035
vn -0.9667 0.0482 0.2514
vn -0.9952 0.0168 0.0966
vn 0.9959 0.0185 0.0880
vn -0.9959 0.0185 0.0880
vn 0.9827 0.0339 0.1818
vn -0.9827 0.0339 0.1818
vn 0.9236 0.0149 0.3830
vn 0.6396 0.1454 0.7548
vn -0.9233 0.0120 0.3839
vn -0.6389 0.1452 0.7555
vn 0.9888 -0.0296 0.1464
vn 0.9971 0.0020 -0.0754
vn -0.9971 0.0020 -0.0755
vn -0.9888 -0.0296 0.1464
vn 0.9556 -0.0933 0.2795
vn -0.9562 -0.0942 0.2773
vn 0.9664 -0.1602 0.2011
vn 0.9950 -0.0698 0.0710
vn 0.9943 -0.0611 0.0869
vn -0.9950 -0.0698 0.0710
vn -0.9665 -0.1595 0.2012
vn -0.9943 -0.0611 0.0869
vn -0.6408 -0.5271 0.5581
vn 0.6402 -0.5279 0.5581
vn -0.6410 -0.4736 0.6040
vn 0.9482 -0.2115 0.2370
vn 0.9669 -0.1748 0.1861
vn -0.9670 -0.1747 0.1856
vn -0.9487 -0.2104 0.2358
vn 0.9622 -0.1794 0.2047
vn 0.9999 -0.0117 0.0068
vn -0.9999 -0.0117 0.0068
vn -0.9625 -0.1789 0.2039
vn 0.7576 -0.4294 0.4917
vn -0.7573 -0.4294 0.4920
vn 0.9437 -0.1987 0.2645
vn -0.9439 -0.1978 0.2645
vn 0.7168 -0.4162 0.5594
vn 0.7656 -0.2973 0.5705
vn -0.7656 -0.2983 0.5700
vn -0.7170 -0.4169 0.5586
vn 0.9434 -0.1029 0.3152
vn 0.9644 -0.1231 0.2340
vn -0.9644 -0.1218 0.2347
vn -0.9435 -0.1021 0.3151
vn 0.7815 0.3631 0.5074
vn 0.9437 0.1566 0.2916
vn 0.7194 0.3329 0.6096
vn -0.9434 0.1574 0.2920
vn -0.7815 0.3621 0.5082
vn -0.7187 0.3322 0.6108
vn 0.8102 0.3948 0.4332
vn 0.9710 0.1379 0.1952
vn -0.8121 0.3917 0.4326
vn -0.9711 0.1384 0.1944
vn 0.9422 0.2707 0.1972
vn 0.9951 0.0791 0.0593
vn 0.9934 0.0866 0.0752
vn 0.5503 0.6420 0.5338
vn 0.9152 0.2916 0.2781
vn -0.4706 0.7121 0.5210
vn -0.4754 0.6538 0.5887
vn -0.9979 0.0530 0.0384
vn -0.9823 0.1456 0.1175
vn -0.9973 0.0556 0.0484
vn 0.9980 0.0495 0.0393
vn -0.9999 0.0085 0.0105
vn -0.4725 0.6544 0.5904
vn 0.5002 0.6458 0.5768
vn 0.4656 0.3256 0.8229
vn 0.9235 0.2771 0.2654
vn -0.9203 0.2895 0.2630
vn 0.1627 0.4886 0.8572
vn 0.9854 0.0653 0.1571
vn 0.9939 -0.0622 -0.0913
vn 0.9821 0.1304 0.1363
vn -0.9939 -0.0622 -0.0913
vn -0.9834 0.0731 0.1660
vn -0.9818 0.1303 0.1382
vn -0.8143 0.1312 0.5654
vn 0.9824 -0.0025 0.1870
vn 0.9962 -0.0104 -0.0866
vn -0.9777 -0.0076 0.2098
vn -0.9962 -0.0104 -0.0866
vn 0.3946 -0.2302 0.8895
vn 0.9228 -0.0436 0.3827
vn 0.4920 -0.0977 0.8651
vn -0.9226 -0.0427 0.3835
vn -0.3974 -0.2299 0.8884
vn -0.4654 -0.0938 0.8801
vn 0.9306 -0.1196 0.3460
vn 0.9768 0.1207 0.1771
vn 0.9767 -0.0641 0.2049
vn -0.9768 0.1208 0.1769
vn -0.9308 -0.1195 0.3455
vn -0.9767 -0.0641 0.2049
vn 0.9985 0.0303 0.0453
vn 0.9998 -0.0039 0.0184
vn 0.4106 -0.3278 0.8509
vn 0.6880 0.4077 0.6004
vn -0.6882 0.4072 0.6005
vn -0.4098 -0.3280 0.8512
vn -0.9985 0.0303 0.0453
vn -0.9998 -0.0039 0.0184
vn 0.9679 0.2511 -0.0030
vn 0.9947 0.1031 0.0007
vn -0.9947 0.1031 0.0007
vn -0.9679 0.2514 -0.0035
vn 0.9942 0.1074 -0.0053
vn -0.9942 0.1074 -0.0053
vn 0.6462 0.7630 -0.0174
vn 0.9463 0.3059 -0.1044
vn -0.9411 0.3243 -0.0954
vn -0.6431 0.7656 -0.0168
vn 0.7396 0.5053 -0.4447
vn 0.4754 0.8461 -0.2412
vn 0.9671 0.1225 -0.2229
vn -0.9357 0.2426 -0.2560
vn -0.6519 0.4134 -0.6357
vn -0.4946 0.7841 -0.3748
vn 0.3312 0.2765 -0.9021
vn 0.8910 0.1591 -0.4252
vn 0.4453 0.3289 -0.8328
vn 0.9906 0.1158 -0.0730
vn -0.9218 0.3305 -0.2026
vn -0.4382 0.3288 -0.8366
vn -0.8512 0.1988 -0.4857
vn 0.9282 0.3151 -0.1981
vn -0.5840 0.6956 -0.4184
vn 0.9960 0.0256 -0.0851
vn 0.9968 0.0690 -0.0402
vn -0.9968 0.0695 -0.0404
vn -0.9903 0.1178 -0.0733
vn -0.9955 0.0273 -0.0910
vn 0.9951 0.0971 0.0179
vn -0.9939 0.1087 0.0193
vn 0.8587 0.5097 0.0521
vn -0.6699 0.7332 0.1167
vn 0.9863 0.1646 0.0150
vn 0.9981 0.0617 0.0050
vn -0.9966 0.0825 0.0072
vn -0.9593 0.2810 0.0293
vn 0.9939 0.1105 -0.0010
vn -0.9927 0.1208 -0.0010
vn 0.9436 0.3310 -0.0075
vn -0.9459 0.3244 -0.0120
vn -0.6513 0.7582 0.0294
vn -0.5339 0.8453 -0.0201
vn 0.5533 0.8326 0.0246
vn 0.9882 0.1528 -0.0087
vn 0.9937 0.1119 -0.0017
vn 0.5417 0.8400 -0.0305
vn 0.9121 0.4093 -0.0220
vn -0.9904 0.1377 -0.0084
vn -0.9937 0.1123 -0.0012
vn -0.5203 0.8523 -0.0541
vn 0.9711 0.2380 0.0193
vn 0.9928 0.1196 -0.0074
vn -0.9912 0.1320 -0.0080
vn -0.9707 0.2397 0.0176
vn -0.9153 0.4023 -0.0196
vn 0.9961 0.0876 -0.0059
vn 0.6582 0.7514 0.0452
vn -0.6623 0.7472 0.0549
vn -0.9955 0.0948 -0.0064
vn 0.9741 0.1968 0.1116
vn 0.9962 0.0844 0.0202
vn -0.9960 0.0867 0.0218
vn -0.9732 0.2018 0.1098
vn 0.9953 0.0758 0.0596
vn 0.9945 0.0958 0.0416
vn -0.9954 0.0756 0.0596
vn -0.9945 0.0959 0.0416
vn -0.5148 0.6654 0.5405
vn 0.6579 0.4822 0.5786
vn 0.6556 0.6970 0.2906
vn -0.6659 0.4873 0.5649
vn -0.6770 0.6602 0.3252
vn 0.9716 0.1545 0.1795
vn 0.9949 0.0567 0.0833
vn 0.9953 0.0689 0.0674
vn -0.9949 0.0566 0.0832
vn -0.9708 0.1554 0.1827
vn -0.9954 0.0686 0.0672
vn 0.9660 0.1610 0.2022
vn 0.9929 0.0868 0.0818
vn 0.9948 0.0564 0.0853
vn -0.5731 0.5962 0.5622
vn 0.6330 0.4891 0.6001
vn -0.6572 0.4589 0.5980
vn -0.9928 0.0869 0.0818
vn -0.9645 0.1700 0.2020
vn -0.9948 0.0564 0.0853
vn 0.7416 0.5293 0.4121
vn -0.8617 0.4319 0.2662
vn -0.4424 0.8194 0.3644
vn 0.9707 0.2189 0.0989
vn 0.9967 0.0695 0.0407
vn 0.9924 0.0931 0.0806
vn -0.9967 0.0695 0.0407
vn -0.9721 0.2190 0.0838
vn -0.9924 0.0932 0.0807
vn -0.6464 0.7578 0.0890
vn 0.6506 0.7516 0.1085
vn 0.9664 0.2562 0.0199
vn 0.9795 0.2012 -0.0043
vn 0.9955 0.0943 0.0012
vn 0.9190 0.3943 -0.0025
vn -0.9195 0.3931 -0.0024
vn -0.9663 0.2560 0.0258
vn -0.9795 0.2012 -0.0043
vn -0.9955 0.0943 0.0012
vn 0.4630 0.8863 -0.0116
vn 0.9477 0.1137 -0.2981
vn -0.9472 0.1164 -0.2987
vn -0.4582 0.8887 -0.0130
vn -0.5993 0.3547 -0.7177
vn 0.9674 -0.1562 -0.1993
vn 0.9959 0.0409 -0.0803
vn -0.9959 0.0409 -0.0803
vn -0.9673 -0.1564 -0.1998
vn 0.6023 0.3540 -0.7154
vn 0.6192 -0.4718 -0.6277
vn -0.6183 -0.4722 -0.6283
vn 0.9665 -0.1487 -0.2091
vn 0.9954 -0.0549 -0.0786
vn 0.9950 -0.0592 -0.0809
vn -0.9954 -0.0549 -0.0786
vn -0.9667 -0.1483 -0.2087
vn -0.9950 -0.0592 -0.0809
vn 0.9916 -0.0741 -0.1056
vn -0.9916 -0.0741 -0.1056
vn 0.8173 0.1063 -0.5663
vn 0.9916 0.0249 -0.1272
vn 0.6702 -0.4275 -0.6067
vn -0.9916 0.0249 -0.1273
vn -0.8172 0.1067 -0.5664
vn -0.6712 -0.4269 -0.6060
vn 0.9975 0.0152 -0.0691
vn 0.9962 -0.0496 -0.0713
vn -0.9975 0.0152 -0.0691
vn -0.9962 -0.0496 -0.0713
vn 0.8971 0.3407 -0.2812
vn -0.8969 0.3408 -0.2818
vn 0.4713 0.6714 -0.5719
vn -0.4694 0.6743 -0.5701
vn 0.9862 0.1299 -0.1028
vn 0.9970 0.0665 -0.0407
vn 0.9959 0.0778 -0.0462
vn -0.9970 0.0665 -0.0407
vn -0.9862 0.1299 -0.1028
vn -0.9959 0.0778 -0.0462
vn 0.9959 0.0590 -0.0686
vn -0.9959 0.0590 -0.0686
vn 0.9622 0.1482 -0.2287
vn 0.6167 0.3707 -0.6945
vn -0.6126 0.3760 -0.6952
vn -0.9627 0.1466 -0.2275
vn 0.9969 0.0428 -0.0656
vn 0.9952 0.0513 -0.0832
vn 0.7666 0.1042 -0.6337
vn -0.7660 0.1060 -0.6340
vn -0.9969 0.0428 -0.0656
vn -0.9952 0.0513 -0.0832
vn 0.9682 -0.0321 -0.2480
vn 0.9738 0.0376 -0.2243
vn -0.9737 0.0372 -0.2249
vn -0.9683 -0.0319 -0.2479
vn 0.9979 -0.0144 -0.0625
vn 0.9922 -0.0320 -0.1206
vn -0.9979 -0.0144 -0.0625
vn -0.9922 -0.0320 -0.1206
vn -0.7673 -0.6325 -0.1063
vn 0.5509 -0.2059 -0.8087
vn -0.5474 -0.2059 -0.8111
vn 0.9950 -0.0967 -0.0237
vn 0.7690 -0.6305 -0.1052
vn -0.9947 -0.1001 -0.0218
vn 0.9717 -0.1405 0.1897
vn -0.9717 -0.1406 0.1897
vn 0.7466 -0.4176 0.5179
vn 0.5338 -0.4697 0.7031
vn -0.7467 -0.4176 0.5178
vn -0.5434 -0.4670 0.6976
vn 0.9761 -0.1547 0.1529
vn 0.9982 0.0413 -0.0434
vn 0.9538 -0.1913 0.2315
vn 0.7889 -0.4700 0.3958
vn 0.5699 -0.5824 0.5797
vn -0.9539 -0.1912 0.2314
vn -0.7889 -0.4703 0.3955
vn -0.5671 -0.5839 0.5808
vn -0.9982 0.0413 -0.0434
vn -0.9765 -0.1532 0.1517
vn 0.9684 -0.1994 0.1500
vn 0.9936 0.0881 -0.0711
vn -0.9936 0.0881 -0.0711
vn -0.9684 -0.1992 0.1500
vn 0.8965 -0.4373 -0.0711
vn 0.9644 -0.1528 -0.2161
vn 0.9817 -0.1864 -0.0382
vn -0.9643 -0.1528 -0.2162
vn -0.8966 -0.4369 -0.0716
vn -0.9817 -0.1867 -0.0376
vn 0.7600 -0.3661 -0.5370
vn 0.6366 -0.4690 -0.6122
vn -0.7595 -0.3664 -0.5375
vn -0.6420 -0.4660 -0.6088
vn 0.9585 -0.1562 -0.2385
vn 0.9825 0.1043 0.1540
vn -0.9583 -0.1566 -0.2392
vn -0.9825 0.1043 0.1540
vn 0.9432 -0.1563 -0.2931
vn 0.9899 0.0693 0.1236
vn -0.9899 0.0693 0.1236
vn -0.9432 -0.1563 -0.2930
vn 0.9949 -0.0958 0.0304
vn 0.5623 -0.2080 -0.8004
vn 0.9698 -0.0735 -0.2326
vn 0.5983 -0.2806 -0.7505
vn -0.9698 -0.0733 -0.2327
vn -0.5496 -0.2093 -0.8088
vn -0.6032 -0.2791 -0.7471
vn 0.9719 -0.0450 -0.2309
vn 0.9971 -0.0165 -0.0738
vn 0.7927 -0.1193 -0.5978
vn -0.7927 -0.1166 -0.5984
vn -0.9971 -0.0165 -0.0738
vn -0.9720 -0.0474 -0.2303
vn 0.9652 -0.0448 -0.2575
vn -0.9654 -0.0450 -0.2570
vn 0.9678 -0.0549 -0.2457
vn 0.9937 -0.0204 -0.1099
vn -0.9937 -0.0204 -0.1099
vn -0.9679 -0.0555 -0.2451
vn 0.9703 -0.0320 -0.2397
vn 0.9950 -0.0248 -0.0964
vn -0.9950 -0.0248 -0.0964
vn -0.9703 -0.0319 -0.2399
vn 0.9190 0.0579 -0.3899
vn 0.6590 -0.0900 -0.7468
vn -0.9182 0.0600 -0.3915
vn -0.6583 -0.0904 -0.7473
vn 0.9192 0.2196 -0.3269
vn 0.9675 0.1643 -0.1923
vn 0.9817 0.0971 -0.1638
vn 0.4759 0.4820 -0.7356
vn 0.6394 0.5019 -0.5825
vn -0.6395 0.5020 -0.5823
vn -0.4812 0.4758 -0.7363
vn -0.9198 0.2205 -0.3246
vn -0.9674 0.1645 -0.1926
vn -0.9817 0.0971 -0.1638
vn 0.9976 0.0678 0.0152
vn 0.9945 0.0658 -0.0816
vn 0.9685 0.0539 0.2429
vn 0.9989 0.0448 0.0107
vn -0.9990 0.0444 0.0109
vn -0.9688 0.0537 0.2421
vn -0.9976 0.0674 0.0157
vn 0.6559 0.1640 0.7368
vn 0.9283 0.3617 0.0861
vn -0.6573 0.1640 0.7355
vn -0.9281 0.3624 0.0853
vn 0.9955 0.0201 0.0930
vn -0.9955 0.0201 0.0930
vn 0.9801 0.0268 0.1968
vn -0.9800 0.0269 0.1971
vn 0.9186 0.0608 0.3906
vn -0.9179 0.0621 0.3920
vn 0.9671 0.0065 0.2543
vn 0.4710 0.1468 0.8698
vn 0.6474 0.0320 0.7615
vn -0.9424 0.0064 0.3344
vn 0.9963 -0.0029 0.0855
vn 0.9981 0.0074 0.0606
vn -0.9934 -0.0032 0.1149
vn -0.9958 0.0099 0.0905
vn 0.9236 0.2709 0.2712
vn 0.9894 0.1032 0.1023
vn -0.9895 0.1024 0.1016
vn -0.9276 0.2661 0.2622
vn 0.9790 0.1248 -0.1610
vn 0.9085 0.2565 -0.3299
vn 0.9981 0.0394 -0.0470
vn 0.9938 -0.0261 -0.1084
vn -0.9937 -0.0262 -0.1088
vn -0.9790 0.1251 -0.1612
vn -0.9981 0.0395 -0.0472
vn 0.6531 -0.1780 -0.7361
vn 0.5420 0.5180 -0.6618
vn -0.9084 0.2574 -0.3294
vn -0.6549 -0.1776 -0.7346
vn -0.5420 0.5172 -0.6623
vn 0.9286 -0.0411 -0.3689
vn -0.9285 -0.0409 -0.3690
vn 0.9874 -0.0029 -0.1585
vn 0.9954 0.0230 0.0934
vn 0.9997 -0.0047 -0.0219
vn -0.9954 0.0230 0.0934
vn -0.9874 -0.0029 -0.1585
vn -0.9997 -0.0048 -0.0224
vn 0.9721 0.0465 -0.2299
vn 0.6641 0.1761 -0.7266
vn 0.4932 -0.0970 -0.8645
vn -0.6647 0.1746 -0.7265
vn -0.4923 -0.0981 -0.8649
vn -0.9721 0.0469 -0.2300
vn 0.9977 0.0372 -0.0561
vn 0.9941 0.0272 -0.1052
vn -0.9977 0.0372 -0.0561
vn -0.9941 0.0272 -0.1052
vn 0.9284 0.1928 -0.3178
vn -0.9282 0.1931 -0.3180
vn 0.9847 0.0784 -0.1555
vn -0.9847 0.0784 -0.1555
vn 0.9698 0.1513 -0.1911
vn 0.4966 0.4820 -0.7219
vn 0.6566 0.4740 -0.5867
vn -0.6567 0.4740 -0.5865
vn -0.4975 0.4808 -0.7220
vn -0.9698 0.1513 -0.1912
vn 0.9586 0.1655 -0.2317
vn 0.9971 0.0441 -0.0626
vn 0.9952 0.0604 -0.0774
vn -0.9971 0.0441 -0.0626
vn -0.9589 0.1652 -0.2308
vn -0.9952 0.0604 -0.0774
vn 0.9412 0.1570 -0.2992
vn -0.9413 0.1561 -0.2992
vn 0.7197 0.1820 -0.6700
vn 0.7675 0.0947 -0.6340
vn 0.9438 0.0900 -0.3181
vn -0.7675 0.0957 -0.6338
vn -0.7194 0.1833 -0.6699
vn -0.9437 0.0896 -0.3183
vn 0.9438 0.0077 -0.3305
vn 0.9643 0.0399 -0.2618
vn -0.9643 0.0387 -0.2619
vn -0.9438 0.0073 -0.3305
vn 0.7025 -0.2103 -0.6799
vn 0.9560 -0.0693 -0.2849
vn 0.7139 -0.1187 -0.6902
vn -0.9560 -0.0690 -0.2851
vn -0.7018 -0.2102 -0.6806
vn -0.7142 -0.1183 -0.6899
vn 0.6704 -0.3290 -0.6651
vn 0.9578 -0.1155 -0.2631
vn 0.7045 -0.2495 -0.6645
vn -0.9578 -0.1153 -0.2635
vn -0.6648 -0.3306 -0.6699
vn -0.7044 -0.2492 -0.6646
vn 0.9714 -0.1167 -0.2070
vn 0.9930 -0.0537 -0.1048
vn 0.7838 -0.3109 -0.5375
vn -0.7843 -0.3098 -0.5374
vn -0.9930 -0.0537 -0.1048
vn -0.9715 -0.1172 -0.2061
vn 0.9677 -0.1454 -0.2061
vn -0.9682 -0.1452 -0.2039
vn 0.9950 -0.0612 -0.0786
vn 0.9947 -0.0561 -0.0857
vn -0.9950 -0.0612 -0.0786
vn -0.9947 -0.0561 -0.0857
vn 0.9657 -0.1737 -0.1929
vn 0.6435 -0.4547 -0.6158
vn 0.7666 -0.4315 -0.4755
vn -0.7667 -0.4307 -0.4760
vn -0.6398 -0.4534 -0.6205
vn -0.9658 -0.1741 -0.1923
vn 0.9645 -0.1986 -0.1738
vn -0.9652 -0.1982 -0.1704
vn 0.5594 -0.5500 -0.6201
vn 0.9737 -0.1922 -0.1223
vn 0.6514 -0.7097 -0.2684
vn -0.9691 -0.2283 -0.0933
vn -0.9434 -0.2637 -0.2013
vn -0.6507 -0.6925 -0.3115
vn -0.9979 -0.0487 -0.0429
vn -0.9857 -0.1320 -0.1042
vn -0.5128 -0.5768 -0.6359
vn 0.9923 -0.0774 -0.0970
vn 0.9928 -0.0903 -0.0782
vn 0.9190 -0.1524 -0.3636
vn -0.9162 -0.1465 -0.3729
vn 0.9993 -0.0089 -0.0367
vn 0.9966 -0.0263 -0.0775
vn -0.9993 -0.0089 -0.0367
vn -0.9865 -0.0932 -0.1343
vn -0.9966 -0.0263 -0.0775
vn 0.4906 -0.1717 -0.8543
vn 0.4642 -0.3029 -0.8324
vn 0.9110 -0.0870 -0.4031
vn -0.9058 -0.0906 -0.4138
vn -0.4582 -0.1716 -0.8721
vn -0.5195 -0.3107 -0.7960
vn 0.9715 -0.0328 -0.2347
vn 0.9991 0.0104 0.0404
vn -0.9991 0.0104 0.0404
vn -0.9717 -0.0327 -0.2341
vn 0.8104 0.0051 -0.5858
vn -0.8107 0.0061 -0.5855
vn 0.8067 0.2979 -0.5104
vn 0.9732 0.0496 -0.2244
vn -0.9733 0.0497 -0.2240
vn -0.8078 0.2989 -0.5081
vn 0.9807 0.1593 -0.1129
vn 0.9760 0.2146 -0.0368
vn 0.9942 -0.1024 0.0330
vn -0.9759 0.2153 -0.0368
vn -0.9806 0.1597 -0.1134
vn -0.9942 -0.1024 0.0330
vn 0.9747 0.2235 -0.0025
vn 0.9964 -0.0844 0.0012
vn 0.7596 0.6501 0.0175
vn 0.9226 0.3833 -0.0440
vn 0.4782 0.8726 -0.0992
vn -0.9220 0.3850 -0.0423
vn -0.7587 0.6513 0.0176
vn -0.4741 0.8744 -0.1029
vn -0.9964 -0.0844 0.0012
vn -0.9749 0.2228 -0.0025
vn 0.9628 0.2693 0.0222
vn -0.9625 0.2703 0.0225
vn 0.6373 0.7698 0.0362
vn 0.7756 0.6288 0.0547
vn -0.7757 0.6287 0.0547
vn -0.6469 0.7617 0.0362
vn 0.7838 0.6164 0.0758
vn 0.9710 0.2356 0.0412
vn 0.9758 0.2160 0.0339
vn -0.9710 0.2355 0.0413
vn -0.7839 0.6163 0.0759
vn -0.9754 0.2179 0.0342
vn 0.9935 0.1122 0.0181
vn 0.9987 0.0502 0.0060
vn -0.9935 0.1122 0.0181
vn -0.9987 0.0502 0.0060
vn 0.9935 0.1117 0.0214
vn -0.9935 0.1118 0.0214
vn 0.5671 0.8088 0.1557
vn 0.9099 0.4083 0.0734
vn -0.9090 0.4100 0.0742
vn -0.5653 0.8100 0.1560
vn 0.6704 0.4169 -0.6138
vn 0.4730 0.8673 0.1553
vn -0.6720 0.4160 -0.6127
vn -0.4677 0.8702 0.1551
vn 0.9733 0.1247 -0.1925
vn -0.9737 0.1236 -0.1915
vn 0.9950 -0.0508 -0.0857
vn 0.9991 0.0240 -0.0336
vn -0.9950 -0.0508 -0.0857
vn -0.9992 0.0238 -0.0337
vn 0.5462 -0.4298 -0.7190
vn 0.8663 -0.3562 -0.3502
vn -0.9009 -0.2244 -0.3714
vn -0.4890 -0.4465 -0.7494
vn 0.9801 -0.1624 -0.1142
vn 0.9982 -0.0382 -0.0457
vn -0.9982 -0.0382 -0.0457
vn -0.9675 -0.1786 -0.1791
vn -0.9110 -0.3712 -0.1797
vn -0.6005 -0.5422 -0.5877
vn 0.5683 -0.7587 -0.3184
vn 0.3590 -0.6468 -0.6729
vn -0.4805 -0.8144 -0.3254
vn 0.8566 -0.5053 -0.1039
vn 0.9707 -0.2399 -0.0127
vn 0.9880 -0.1481 -0.0448
vn -0.9881 -0.1474 -0.0446
vn -0.9638 -0.2654 -0.0244
vn 0.4483 -0.8917 -0.0629
vn -0.9943 -0.1065 -0.0000
vn -0.9949 -0.1003 -0.0110
vn 0.9664 -0.2540 0.0379
vn 0.9943 -0.1065 -0.0000
vn -0.9716 -0.2333 0.0392
vn -0.8430 -0.5339 0.0659
vn -0.6345 -0.7684 -0.0836
vn 0.6386 -0.7611 0.1138
vn -0.3987 -0.9064 0.1395
vn 0.9863 -0.0438 0.1589
vn 0.9956 -0.0937 0.0061
vn -0.9956 -0.0939 0.0062
vn -0.9863 -0.0431 0.1593
vn 0.7463 -0.2840 0.6020
vn -0.7485 -0.2837 0.5994
vn 0.7599 0.2018 0.6179
vn 0.9715 0.0544 0.2308
vn 0.9687 0.0879 0.2321
vn -0.9714 0.0544 0.2310
vn -0.7585 0.2021 0.6195
vn -0.9685 0.0881 0.2329
vn 0.9929 0.0296 0.1155
vn 0.9991 0.0136 0.0399
vn -0.9929 0.0296 0.1155
vn -0.9991 0.0136 0.0399
vn 0.9962 0.0172 0.0851
vn -0.9962 0.0172 0.0851
vn 0.9507 -0.0695 -0.3021
vn 0.6135 0.1634 0.7726
vn 0.9086 0.0958 0.4065
vn -0.4542 0.1979 0.8687
vn 0.4495 0.1983 0.8710
vn -0.6110 0.1638 0.7745
vn -0.9095 0.0953 0.4047
vn -0.9508 -0.0695 -0.3020
vn 0.9931 -0.0659 0.0972
vn 0.9979 0.0202 0.0613
vn 0.9776 0.0461 0.2055
vn 0.8459 -0.3031 0.4388
vn -0.8471 -0.3032 0.4364
vn -0.9776 0.0461 0.2055
vn -0.9931 -0.0656 0.0970
vn -0.9979 0.0202 0.0613
vn 0.9657 -0.2573 0.0346
vn 0.9940 -0.1085 0.0170
vn 0.9978 -0.0372 0.0541
vn -0.9940 -0.1085 0.0170
vn -0.9655 -0.2579 0.0360
vn -0.9978 -0.0372 0.0541
vn 0.6437 -0.7576 0.1085
vn 0.7317 -0.6679 0.1363
vn -0.7024 -0.6957 0.1508
vn -0.6439 -0.7573 0.1091
vn 0.9589 -0.2756 0.0677
vn 0.9945 -0.1016 0.0246
vn 0.9929 -0.1166 0.0222
vn -0.9945 -0.1016 0.0246
vn -0.9608 -0.2682 0.0708
vn -0.9929 -0.1166 0.0222
vn 0.9631 -0.2572 0.0793
vn -0.7555 -0.6240 0.1996
vn 0.7481 -0.6359 0.1895
vn -0.9655 -0.2479 0.0800
vn 0.9447 -0.3044 0.1218
vn -0.9327 -0.3361 0.1305
vn -0.5837 -0.7440 0.3252
vn 0.5201 -0.7976 0.3056
vn -0.6009 -0.6988 0.3880
vn 0.5309 -0.7607 0.3734
vn -0.9297 -0.3301 0.1633
vn -0.5365 -0.7003 0.4709
vn 0.5393 -0.7232 0.4316
vn -0.9440 -0.2809 0.1732
vn 0.7877 -0.4942 0.3678
vn 0.9476 -0.2682 0.1735
vn -0.8036 -0.4732 0.3609
vn 0.9903 -0.1081 0.0868
vn -0.9018 -0.3367 0.2708
vn 0.9407 -0.2378 0.2420
vn -0.9393 -0.2443 0.2411
vn -0.9903 -0.1081 0.0868
vn 0.9019 -0.3366 0.2706
vn 0.9928 -0.0799 0.0890
vn -0.9928 -0.0799 0.0890
vn 0.9691 -0.1022 0.2243
vn 0.4919 -0.5911 0.6392
vn 0.7669 -0.2853 0.5749
vn -0.7850 -0.2351 0.5731
vn -0.5301 -0.5459 0.6488
vn -0.9704 -0.1032 0.2185
vn 0.9624 -0.0068 0.2715
vn -0.8784 0.1601 -0.4504
vn 0.7495 -0.1578 0.6430
vn -0.7456 -0.1265 0.6543
vn -0.9669 -0.0047 0.2552
vn 0.8783 0.1601 -0.4504
vn 0.9102 0.0803 0.4062
vn -0.4693 0.1083 0.8764
vn 0.5384 0.0612 0.8405
vn -0.9063 0.0712 0.4165
vn 0.9011 0.1098 0.4194
vn -0.9028 0.1095 0.4160
vn 0.9992 0.0090 0.0401
vn 0.9919 0.0330 0.1230
vn -0.9992 0.0089 0.0399
vn -0.9919 0.0330 0.1230
vn 0.9962 0.0856 0.0128
vn -0.9970 0.0771 -0.0004
vn 0.4693 0.2183 0.8556
vn 0.7774 0.6244 0.0754
vn 0.9203 0.1881 -0.3429
vn -0.4822 0.4285 -0.7641
vn 0.4712 0.4311 -0.7695
vn -0.6638 0.7430 0.0856
vn 0.7120 0.3920 -0.5826
vn -0.9147 0.1963 -0.3532
vn -0.7072 0.3934 -0.5875
vn 0.9532 0.1827 -0.2409
vn 0.9932 -0.0611 0.0990
vn 0.9781 0.0975 -0.1837
vn -0.9999 0.0131 -0.0097
vn -0.9538 0.1819 -0.2393
vn -0.9832 0.0901 -0.1588
vn 0.7427 0.4525 -0.4936
vn -0.7107 0.4631 -0.5296
vn -0.9870 -0.1027 0.1233
vn -0.9541 0.2113 -0.2122
vn 0.9457 0.2330 -0.2265
vn 0.9939 -0.0749 0.0813
vn 0.9621 0.1681 -0.2147
vn -0.5984 0.6064 -0.5236
vn 0.9727 0.1918 -0.1304
vn 0.9939 -0.0870 0.0671
vn 0.6693 0.5733 -0.4727
vn 0.7929 0.5005 -0.3476
vn -0.9463 0.2667 -0.1830
vn -0.7320 0.5627 -0.3841
vn 0.9439 0.2993 -0.1393
vn 0.7357 0.6284 -0.2526
vn 0.7812 0.6054 -0.1526
vn 0.9584 0.2724 -0.0857
vn -0.7818 0.6048 -0.1519
vn -0.7356 0.6284 -0.2529
vn -0.9587 0.2713 -0.0853
vn 0.9725 0.2319 0.0214
vn 0.9755 0.2174 -0.0334
vn -0.9751 0.2190 -0.0340
vn -0.9724 0.2322 0.0213
vn 0.5675 0.6731 0.4741
vn 0.6399 0.7670 -0.0477
vn -0.5668 0.6755 0.4717
vn -0.6414 0.7658 -0.0470
vn 0.9885 0.1277 0.0812
vn 0.9963 0.0776 0.0358
vn 0.9270 0.2613 0.2690
vn -0.9272 0.2603 0.2691
vn -0.9963 0.0776 0.0358
vn -0.9885 0.1277 0.0812
vn 0.9224 0.1458 0.3576
vn 0.9807 0.0118 0.1954
vn 0.9788 0.0762 0.1901
vn -0.9807 0.0118 0.1954
vn -0.9224 0.1445 0.3582
vn -0.9788 0.0762 0.1901
vn 0.8246 -0.1199 -0.5529
vn 0.9969 -0.0168 -0.0769
vn -0.8246 -0.1199 -0.5529
vn -0.9969 -0.0168 -0.0769
vn 0.9918 -0.0273 -0.1245
vn -0.9918 -0.0273 -0.1245
vn 0.9116 -0.2094 0.3537
vn 0.9837 -0.0431 0.1745
vn 0.9276 -0.0616 0.3685
vn -0.9837 -0.0431 0.1745
vn -0.9128 -0.2029 0.3545
vn -0.9290 -0.0627 0.3647
vn 0.9838 -0.1209 0.1321
vn -0.9838 -0.1209 0.1321
vn 0.4579 -0.5050 0.7317
vn 0.6376 -0.5214 0.5671
vn -0.6414 -0.5199 0.5642
vn -0.4322 -0.5268 0.7319
vn 0.9933 -0.0735 0.0887
vn 0.9667 -0.1728 0.1886
vn -0.9673 -0.1717 0.1867
vn -0.9933 -0.0735 0.0887
vn 0.7247 0.2105 0.6562
vn 0.7791 0.1330 0.6126
vn 0.9463 0.0979 0.3082
vn -0.7791 0.1311 0.6130
vn -0.7253 0.2080 0.6562
vn -0.9464 0.0987 0.3074
vn 0.9461 0.0371 0.3217
vn 0.9643 0.0547 0.2591
vn -0.9643 0.0567 0.2586
vn -0.9460 0.0382 0.3219
vn 0.7937 0.0118 0.6082
vn 0.7262 0.0805 0.6828
vn -0.7933 0.0092 0.6087
vn -0.7256 0.0784 0.6836
vn 0.9569 -0.0490 0.2862
vn 0.9717 0.0021 0.2360
vn -0.9569 -0.0493 0.2862
vn -0.9717 0.0047 0.2364
vn 0.7358 -0.3330 0.5896
vn 0.7482 -0.3871 0.5389
vn 0.9576 -0.1606 0.2393
vn -0.7490 -0.3867 0.5380
vn -0.7358 -0.3329 0.5898
vn -0.9580 -0.1600 0.2381
vn 0.9924 -0.1172 -0.0384
vn 0.9959 -0.0879 -0.0214
vn -0.9959 -0.0883 -0.0215
vn -0.9924 -0.1163 -0.0402
vn 0.7693 0.4530 -0.4505
vn 0.8317 -0.5445 -0.1087
vn 0.9866 0.1215 -0.1085
vn 0.9453 0.2999 0.1279
vn 0.9948 0.0705 -0.0736
vn 0.6670 0.7151 0.2090
vn -0.5995 0.7765 0.1940
vn -0.7664 0.4531 -0.4554
vn -0.9864 0.1222 -0.1099
vn -0.9528 0.2860 0.1016
vn -0.9948 0.0705 -0.0736
vn -0.7102 0.6404 0.2923
vn -0.9551 0.2563 0.1488
vn -0.7125 0.5763 0.4004
vn 0.7365 0.5966 0.3189
vn -0.9549 0.2263 0.1920
vn -0.7122 0.4969 0.4959
vn 0.7373 0.5324 0.4159
vn 0.7824 0.4298 0.4507
vn 0.9575 0.2101 0.1975
vn -0.9527 0.1967 0.2316
vn 0.9573 0.1867 0.2205
vn 0.9643 0.1813 0.1931
vn -0.7337 0.4012 0.5484
vn -0.9517 0.1628 0.2602
vn -0.5668 0.3774 0.7324
vn 0.9717 0.0918 0.2176
vn 0.9991 -0.0203 -0.0366
vn 0.9532 0.1657 0.2528
vn 0.7933 0.2405 0.5592
vn 0.5966 0.3691 0.7126
vn -0.7932 0.2390 0.5601
vn -0.9958 -0.0419 -0.0815
vn -0.9720 0.0950 0.2148
vn 0.8447 0.5229 0.1140
vn 0.7645 0.1310 0.6311
vn 0.9962 0.0858 0.0176
vn -0.7669 0.1298 0.6285
vn -0.9271 0.3583 0.1098
vn -0.9973 0.0730 -0.0051
vn 0.9570 0.0508 0.2857
vn 0.9690 0.0429 0.2434
vn -0.9685 0.0433 0.2450
vn -0.9569 0.0508 0.2860
vn 0.9724 -0.0102 0.2331
vn 0.9990 -0.0020 -0.0450
vn 0.9523 0.0306 0.3035
vn 0.7920 -0.0216 0.6101
vn 0.5938 0.0172 0.8044
vn -0.9529 0.0304 0.3019
vn -0.7920 -0.0245 0.6100
vn -0.5804 0.0163 0.8142
vn -0.9990 -0.0020 -0.0450
vn -0.9724 -0.0074 0.2332
vn 0.9529 -0.0531 0.2987
vn -0.9524 -0.0535 0.3003
vn 0.7530 -0.1282 0.6454
vn 0.7818 -0.1688 0.6003
vn 0.9569 -0.0724 0.2812
vn -0.7812 -0.1692 0.6010
vn -0.7519 -0.1285 0.6466
vn -0.9570 -0.0724 0.2809
vn 0.9926 -0.1172 0.0323
vn 0.9843 0.0508 -0.1692
vn 0.9691 -0.0608 0.2391
vn -0.9843 0.0508 -0.1692
vn -0.9924 -0.1184 0.0325
vn -0.9695 -0.0603 0.2377
vn 0.9815 -0.1160 -0.1525
vn 0.9974 0.0468 0.0539
vn 0.1138 -0.5781 -0.8080
vn 0.9527 -0.1991 -0.2295
vn 0.9619 -0.2689 0.0494
vn -0.9516 -0.2013 -0.2321
vn -0.0973 -0.5781 -0.8102
vn -0.9613 -0.2714 0.0481
vn -0.9974 0.0468 0.0539
vn -0.9814 -0.1162 -0.1527
vn 0.7838 -0.3234 -0.5302
vn -0.7824 -0.3236 -0.5321
vn 0.9718 -0.1133 -0.2070
vn 0.9982 0.0334 0.0503
vn -0.9982 0.0334 0.0503
vn -0.9706 -0.1154 -0.2111
vn 0.6198 -0.2975 -0.7262
vn -0.6195 -0.2975 -0.7264
vn 0.9653 -0.0850 -0.2471
vn -0.9647 -0.0858 -0.2488
vn 0.9549 -0.0489 -0.2929
vn 0.9905 -0.0331 -0.1338
vn -0.9905 -0.0331 -0.1338
vn -0.9556 -0.0486 -0.2906
vn 0.4213 -0.2248 -0.8787
vn 0.4730 -0.0957 -0.8759
vn -0.4573 -0.0958 -0.8841
vn -0.4214 -0.2250 -0.8785
vn 0.7440 -0.0286 -0.6675
vn -0.7449 -0.0283 -0.6666
vn 0.7649 0.1478 -0.6270
vn 0.9624 0.1139 -0.2465
vn 0.9688 0.0409 -0.2445
vn -0.9625 0.1137 -0.2461
vn -0.7637 0.1484 -0.6283
vn -0.9685 0.0413 -0.2457
vn 0.6936 0.2317 -0.6821
vn 0.9572 0.1222 -0.2623
vn -0.9579 0.1214 -0.2603
vn -0.6924 0.2319 -0.6832
vn 0.0927 0.5403 -0.8363
vn 0.9597 0.1741 -0.2205
vn 0.7829 0.2896 -0.5506
vn 0.6712 0.4651 -0.5772
vn 0.0089 0.6083 -0.7937
vn -0.7814 0.3476 -0.5182
vn -0.9828 0.1181 -0.1419
vn 0.9345 0.3529 -0.0470
vn 0.9864 -0.0817 -0.1423
vn 0.7463 -0.3291 -0.5786
vn -0.9992 0.0400 -0.0053
vn -0.9865 -0.0814 -0.1417
vn -0.9960 -0.0401 -0.0801
vn 0.9980 0.0619 -0.0087
vn 0.9992 0.0406 -0.0053
vn 0.9811 -0.0579 0.1845
vn -0.9813 -0.0579 0.1837
vn -0.9359 0.3491 -0.0475
vn -0.9981 0.0612 -0.0080
vn 0.7074 -0.2413 0.6644
vn -0.7048 -0.2433 0.6664
vn -0.9919 -0.0389 0.1210
vn 0.7778 -0.6039 0.1742
vn -0.7785 -0.6032 0.1735
vn 0.9704 -0.2349 0.0560
vn 0.9891 0.1410 -0.0430
vn 0.9917 -0.0390 0.1223
vn -0.9903 0.1326 -0.0406
vn -0.9702 -0.2356 0.0560
vn 0.7811 -0.6157 0.1042
vn -0.7814 -0.6153 0.1039
vn 0.9750 -0.2211 0.0200
vn 0.9937 0.1100 -0.0218
vn -0.9937 0.1099 -0.0218
vn -0.9747 -0.2226 0.0203
vn 0.9551 -0.2957 0.0183
vn -0.9551 -0.2958 0.0179
vn 0.7609 -0.6480 -0.0339
vn 0.5765 -0.8163 0.0366
vn -0.7624 -0.6462 -0.0342
vn -0.5768 -0.8160 0.0370
vn 0.7917 -0.5991 -0.1200
vn 0.9771 -0.2042 -0.0598
vn -0.7915 -0.5992 -0.1203
vn -0.9768 -0.2054 -0.0601
vn 0.9993 0.0089 0.0364
vn -0.9993 0.0089 0.0364
vn 0.9906 -0.0797 -0.1108
vn 0.9691 0.0648 0.2381
vn 0.7810 0.2016 0.5911
vn 0.9974 -0.0244 -0.0676
vn -0.7800 0.2017 0.5924
vn -0.9691 0.0647 0.2380
vn 0.7884 0.1412 0.5987
vn -0.9974 -0.0244 -0.0676
vn 0.9960 -0.0209 -0.0868
vn -0.7887 0.1409 0.5985
vn 0.7709 0.1031 0.6286
vn -0.9960 -0.0209 -0.0868
vn -0.6487 0.1328 0.7494
vn 0.6488 0.1331 0.7492
vn -0.5000 0.0558 0.8642
vn 0.5095 0.0480 0.8591
vn 0.9955 -0.0254 -0.0912
vn 0.5977 -0.2764 0.7526
vn -0.9955 -0.0254 -0.0912
vn -0.5986 -0.2724 0.7533
vn 0.9939 -0.0563 0.0951
vn 0.9889 -0.0444 0.1419
vn -0.9889 -0.0444 0.1419
vn -0.9939 -0.0563 0.0951
vn 0.6387 -0.4738 0.6062
vn 0.9953 -0.0683 0.0690
vn -0.9953 -0.0683 0.0690
vn 0.9948 -0.0676 0.0764
vn -0.9948 -0.0676 0.0764
vn -0.7187 -0.2205 0.6595
vn 0.7183 -0.2195 0.6602
vn 0.7200 -0.1146 0.6844
vn 0.9426 -0.0551 0.3294
vn -0.7198 -0.1158 0.6844
vn -0.9425 -0.0543 0.3299
vn 0.7204 -0.0112 0.6935
vn 0.9425 -0.0053 0.3341
vn -0.7202 -0.0123 0.6937
vn -0.9424 -0.0044 0.3344
vn 0.7208 0.0865 0.6877
vn 0.9425 0.0418 0.3316
vn -0.7206 0.0854 0.6881
vn -0.9424 0.0427 0.3318
vn 0.7212 0.1765 0.6699
vn 0.9425 0.0852 0.3232
vn -0.7210 0.1754 0.6704
vn -0.9424 0.0862 0.3233
vn 0.7215 0.2583 0.6424
vn 0.9425 0.1248 0.3102
vn -0.7213 0.2573 0.6430
vn -0.9423 0.1257 0.3102
vn 0.9810 0.1304 0.1434
vn 0.9800 0.1430 0.1384
vn -0.9807 0.1330 0.1431
vn -0.9794 0.1450 0.1406
vn -0.9291 0.2743 0.2480
vn -0.9033 0.3483 0.2504
vn 0.9982 0.0468 0.0377
vn -0.9999 0.0066 0.0093
vn 0.9275 0.1046 0.3588
vn 0.9899 0.0353 -0.1376
vn 0.9980 0.0157 -0.0605
vn 0.9983 0.0148 -0.0572
vn -0.9980 0.0157 -0.0605
vn -0.9899 0.0352 -0.1376
vn -0.9983 0.0148 -0.0572
vn 0.4172 -0.2505 0.8736
vn -0.4195 -0.2502 0.8726
vn 0.9950 0.0972 -0.0228
vn -0.9950 0.0972 -0.0228
vn 0.9914 0.0915 -0.0938
vn 0.9914 0.0850 -0.0992
vn -0.9951 0.0737 -0.0652
vn 0.6442 0.4332 -0.6304
vn -0.9924 0.0634 -0.1052
vn 0.9973 0.0227 -0.0694
vn -0.9715 0.0884 -0.2199
vn -0.9933 0.0520 -0.1037
vn 0.9947 0.0295 -0.0987
vn -0.9955 0.0271 -0.0904
vn 0.6427 0.6615 -0.3865
vn 0.4830 0.8643 0.1402
vn 0.5290 0.8467 -0.0568
vn 0.9951 0.0990 0.0083
vn -0.9943 0.1060 0.0090
vn 0.9952 0.0529 0.0825
vn -0.9952 0.0528 0.0824
vn 0.9950 0.0964 0.0256
vn 0.9948 0.1000 0.0201
vn 0.6668 0.6861 0.2910
vn -0.9950 0.0964 0.0256
vn -0.9948 0.1000 0.0201
vn 0.9950 -0.0595 -0.0808
vn 0.9937 -0.0701 -0.0876
vn -0.9937 -0.0701 -0.0876
vn -0.9950 -0.0595 -0.0808
vn 0.6327 -0.4528 -0.6283
vn -0.6316 -0.4534 -0.6289
vn -0.6627 -0.1060 -0.7414
vn 0.6641 -0.1083 -0.7398
vn 0.9949 -0.0167 -0.0995
vn -0.9949 -0.0167 -0.0995
vn 0.9994 -0.0153 0.0313
vn -0.9994 -0.0153 0.0313
vn 0.9945 -0.0593 0.0863
vn -0.9945 -0.0593 0.0863
vn 0.9941 -0.0691 0.0835
vn -0.9941 -0.0691 0.0835
vn 0.9988 0.0345 -0.0360
vn -0.9988 0.0345 -0.0360
vn 0.7715 -0.5323 0.3485
vn -0.7713 -0.5326 0.3483
vn 0.9987 0.0442 -0.0264
vn -0.9987 0.0442 -0.0264
vn 0.9943 0.0648 0.0850
vn -0.9943 0.0648 0.0850
vn -0.7350 -0.3378 -0.5880
vn 0.7348 -0.3378 -0.5882
vn 0.6078 -0.3191 -0.7271
vn -0.6127 -0.3179 -0.7236
vn 0.9996 -0.0125 -0.0249
vn 0.9995 -0.0132 -0.0277
vn -0.9996 -0.0125 -0.0249
vn -0.9995 -0.0132 -0.0277
vn -0.6379 -0.1312 -0.7588
vn 0.6366 -0.1323 -0.7597
vn 0.9959 -0.0152 -0.0896
vn 0.6444 -0.1705 -0.7454
vn -0.9959 -0.0152 -0.0896
vn 0.9945 -0.0203 -0.1029
vn -0.6435 -0.1693 -0.7465
vn -0.9945 -0.0203 -0.1029
vn 0.9954 -0.0229 -0.0926
vn 0.9980 0.0022 -0.0629
vn 0.9821 0.0428 -0.1833
vn 0.9986 0.0064 -0.0535
vn -0.9954 -0.0229 -0.0926
vn -0.9980 0.0022 -0.0629
vn -0.4724 0.1601 -0.8667
vn 0.4786 0.1649 -0.8624
vn -0.9821 0.0428 -0.1833
vn -0.9986 0.0064 -0.0535
vn 0.9963 -0.0322 0.0802
vn 0.9979 0.0403 -0.0498
vn 0.9984 0.0353 -0.0450
vn -0.9963 -0.0322 0.0802
vn -0.9984 0.0353 -0.0450
vn -0.9979 0.0403 -0.0498
vn -0.9945 0.0659 -0.0815
vn -0.4712 0.1494 0.8693
vn 0.9970 -0.0185 -0.0757
vn -0.9970 -0.0185 -0.0757
vn -0.4997 0.0400 0.8653
vn 0.9984 0.0079 0.0565
vn -0.9963 0.0108 0.0853
vn -0.5407 0.5945 0.5952
vn 0.5233 0.6000 0.6051
vn 0.9967 -0.0050 -0.0812
vn -0.9967 -0.0050 -0.0812
vn 0.9992 0.0238 -0.0327
vn 0.9992 0.0227 -0.0315
vn -0.9992 0.0227 -0.0315
vn -0.9992 0.0238 -0.0327
vn 0.9951 0.0609 -0.0777
vn -0.9951 0.0609 -0.0777
vn 0.6517 0.4609 -0.6023
vn -0.6519 0.4609 -0.6021
vn -0.7043 0.3792 -0.6001
vn 0.7049 0.3786 -0.5998
vn 0.7183 0.3216 -0.6169
vn -0.7181 0.3227 -0.6166
vn 0.9423 0.1242 -0.3109
vn 0.7219 0.2539 -0.6438
vn -0.7221 0.2549 -0.6431
vn -0.9424 0.1233 -0.3109
vn -0.7197 0.0226 -0.6939
vn 0.7194 0.0214 -0.6943
vn 0.7221 -0.0554 -0.6896
vn 0.9433 -0.0267 -0.3309
vn -0.7220 -0.0543 -0.6897
vn -0.9433 -0.0275 -0.3309
vn 0.9967 -0.0175 -0.0794
vn -0.9967 -0.0175 -0.0794
vn 0.9895 -0.0467 -0.1365
vn 0.9894 -0.0476 -0.1370
vn -0.9895 -0.0467 -0.1365
vn -0.9894 -0.0476 -0.1370
vn -0.6293 -0.5840 -0.5127
vn 0.6278 -0.5885 -0.5094
vn 0.9943 -0.0772 -0.0733
vn 0.9920 -0.1001 -0.0768
vn 0.9672 -0.2144 -0.1364
vn 0.9920 -0.1006 -0.0761
vn -0.9943 -0.0772 -0.0733
vn -0.9920 -0.1001 -0.0768
vn 0.6409 -0.6400 -0.4239
vn -0.6402 -0.6377 -0.4283
vn -0.9671 -0.2156 -0.1347
vn -0.9920 -0.1006 -0.0761
vn 0.9931 -0.1025 -0.0573
vn 0.9674 -0.2302 -0.1057
vn 0.9930 -0.1034 -0.0569
vn -0.9931 -0.1024 -0.0573
vn 0.6425 -0.6905 -0.3322
vn -0.6420 -0.6889 -0.3365
vn -0.9673 -0.2313 -0.1040
vn -0.9930 -0.1034 -0.0569
vn 0.9932 -0.1080 -0.0429
vn 0.9649 -0.2497 -0.0808
vn 0.9932 -0.1087 -0.0424
vn -0.9932 -0.1080 -0.0429
vn 0.6289 -0.7362 -0.2501
vn -0.6414 -0.7253 -0.2501
vn -0.9672 -0.2425 -0.0760
vn -0.9932 -0.1087 -0.0424
vn 0.9957 -0.0894 -0.0248
vn 0.9954 -0.0924 -0.0269
vn -0.9948 -0.0986 -0.0268
vn -0.9945 -0.0998 -0.0315
vn 0.9910 -0.1193 -0.0610
vn 0.9986 -0.0127 -0.0521
vn -0.9986 -0.0127 -0.0521
vn 0.9990 -0.0226 0.0393
vn -0.9990 -0.0226 0.0393
vn -0.8209 0.5143 -0.2482
vn 0.8222 0.5114 -0.2500
vn 0.9975 -0.0701 -0.0029
vn -0.9975 -0.0701 -0.0029
vn 0.9671 0.2527 0.0280
vn -0.9672 0.2526 0.0280
vn 0.9926 -0.1203 -0.0141
vn -0.5497 0.8259 0.1254
vn 0.5460 0.8283 0.1257
vn -0.9926 -0.1203 -0.0141
vn 0.9936 0.1111 0.0212
vn -0.9936 0.1111 0.0212
vn 0.9970 -0.0700 -0.0321
vn -0.9970 -0.0700 -0.0321
vn 0.9948 -0.1008 -0.0112
vn 0.9992 0.0133 0.0384
vn -0.5512 0.2263 0.8031
vn 0.5484 0.2269 0.8048
vn -0.9992 0.0133 0.0384
vn 0.9906 -0.1254 0.0548
vn 0.9469 -0.2864 0.1458
vn 0.9905 -0.1254 0.0559
vn 0.9923 -0.1160 0.0426
vn -0.9923 -0.1160 0.0426
vn -0.9906 -0.1254 0.0548
vn -0.9905 -0.1254 0.0559
vn 0.9917 -0.1129 0.0615
vn 0.9918 -0.1120 0.0616
vn -0.9917 -0.1129 0.0615
vn -0.9918 -0.1120 0.0616
vn 0.9966 -0.0685 0.0449
vn -0.9966 -0.0685 0.0449
vn 0.9910 -0.1082 0.0794
vn -0.9910 -0.1082 0.0794
vn 0.9960 -0.0188 0.0873
vn -0.9960 -0.0188 0.0873
vn 0.9980 0.0073 0.0623
vn -0.9980 0.0073 0.0623
vn -0.4769 0.2191 0.8512
vn -0.9696 0.2428 0.0291
vn -0.9983 0.0250 -0.0533
vn -0.9967 -0.0612 0.0524
vn -0.7212 0.6055 -0.3366
vn 0.6712 0.6437 -0.3676
vn 0.9941 -0.0925 0.0568
vn -0.9450 0.2970 -0.1370
vn -0.9885 -0.1303 0.0773
vn 0.9878 -0.1435 0.0607
vn -0.9878 -0.1435 0.0607
vn 0.9776 -0.2024 0.0583
vn -0.9776 -0.2024 0.0583
vn 0.9978 0.0636 -0.0189
vn -0.9978 0.0636 -0.0189
vn 0.9939 0.1105 -0.0023
vn -0.9939 0.1105 -0.0023
vn 0.9989 -0.0256 -0.0405
vn 0.5098 0.3132 0.8012
vn -0.5122 0.3165 0.7984
vn -0.9989 -0.0256 -0.0405
vn 0.9191 0.0447 0.3914
vn 0.4843 0.0924 0.8700
vn -0.4832 0.0925 0.8706
vn -0.9190 0.0449 0.3918
vn 0.9916 0.0094 -0.1290
vn 0.4998 -0.1702 0.8493
vn -0.5075 -0.1672 0.8453
vn -0.9916 0.0094 -0.1290
vn 0.9975 0.0312 -0.0629
vn -0.9975 0.0312 -0.0629
vn 0.9957 -0.0621 0.0689
vn -0.9957 -0.0621 0.0689
vn -0.5591 -0.0457 0.8279
vn 0.5435 -0.0450 0.8382
vn 0.9998 0.0026 -0.0192
vn 0.9444 -0.0903 0.3163
vn 0.7610 -0.1132 0.6388
vn -0.9998 0.0026 -0.0192
vn -0.7611 -0.1135 0.6386
vn -0.9449 -0.0888 0.3151
vn -0.7300 -0.1862 0.6576
vn 0.7315 -0.1842 0.6565
vn 0.9458 -0.1462 0.2899
vn 0.7208 -0.2566 0.6439
vn 0.9939 0.0375 -0.1035
vn -0.7188 -0.2571 0.6459
vn -0.9457 -0.1464 0.2904
vn -0.9939 0.0375 -0.1035
vn 0.9904 0.0661 -0.1211
vn -0.9904 0.0661 -0.1211
vn 0.9914 0.0776 -0.1058
vn -0.8336 -0.5413 -0.1100
vn -0.9914 0.0776 -0.1058
vn 0.9964 -0.0821 -0.0203
vn 0.9475 0.2648 0.1790
vn -0.9964 -0.0821 -0.0203
vn 0.9925 -0.1100 -0.0542
vn -0.9925 -0.1100 -0.0542
vn 0.9906 -0.1095 -0.0815
vn 0.7567 0.3818 0.5308
vn -0.9906 -0.1095 -0.0815
vn -0.9882 -0.1058 -0.1109
vn 0.9948 0.0206 0.0998
vn 0.9988 0.0486 0.0063
vn -0.9990 0.0452 -0.0002
vn -0.9974 0.0143 0.0710
vn -0.7529 0.0789 0.6534
vn 0.7519 0.0790 0.6545
vn -0.5939 -0.0778 0.8008
vn 0.5805 -0.0777 0.8106
vn 0.9990 0.0054 -0.0447
vn -0.9990 0.0054 -0.0447
vn 0.9968 -0.0352 -0.0719
vn 0.9965 -0.0352 -0.0763
vn -0.9968 -0.0352 -0.0719
vn -0.9965 -0.0352 -0.0763
vn 0.9916 -0.0354 -0.1241
vn -0.9916 -0.0354 -0.1241
vn 0.9963 -0.0051 -0.0863
vn 0.9968 -0.0030 -0.0802
vn 0.9683 0.0076 -0.2499
vn -0.9963 -0.0051 -0.0863
vn -0.9968 -0.0030 -0.0802
vn -0.9686 0.0078 -0.2486
vn 0.9688 0.0250 -0.2465
vn 0.7895 0.0587 -0.6109
vn -0.7895 0.0605 -0.6108
vn -0.9688 0.0236 -0.2466
vn 0.9983 -0.0155 0.0569
vn -0.9983 -0.0155 0.0569
vn -0.7833 0.2894 -0.5502
vn 0.9665 0.1148 -0.2297
vn -0.9672 0.1138 -0.2272
vn 0.9830 0.1044 -0.1509
vn 0.9943 -0.0517 0.0937
vn -0.9668 0.1386 -0.2149
vn -0.9943 -0.0517 0.0936
vn 0.9838 0.1047 -0.1454
vn 0.9902 -0.0797 0.1149
vn -0.9902 -0.0797 0.1149
vn 0.9931 0.0770 -0.0885
vn -0.9983 0.0349 -0.0472
vn -0.7474 -0.3279 -0.5779
vn 0.9959 -0.0404 -0.0807
vn 0.9914 -0.1306 0.0123
vn 0.9954 -0.0958 -0.0036
vn -0.9914 -0.1306 0.0123
vn -0.9954 -0.0958 -0.0036
vn 0.9682 -0.2483 -0.0316
vn 0.9958 -0.0916 -0.0055
vn -0.9682 -0.2483 -0.0315
vn -0.9958 -0.0916 -0.0055
vn 0.9958 0.0904 0.0155
vn -0.9958 0.0904 0.0155
vn 0.9963 -0.0830 -0.0198
vn -0.9964 -0.0822 -0.0196
vt 0.291971 0.000000
vt 0.300917 0.000000
vt 0.294620 0.000000
vt 0.169221 0.000000
vt 0.180608 0.000000
vt 0.176235 0.000000
vt 0.311398 0.000000
vt 0.310229 0.000000
vt 0.184075 0.000000
vt 0.289657 0.000000
vt 0.186528 0.000000
vt 0.287345 0.000000
vt 0.190719 0.000000
vt 0.285024 0.000000
vt 0.282855 0.000000
vt 0.195581 0.000000
vt 0.201842 0.000000
vt 0.161204 0.000000
vt 0.313080 0.000000
vt 0.278203 0.000000
vt 0.157970 0.000000
vt 0.155765 0.000000
vt 0.315382 0.000000
vt 0.151370 0.000000
vt 0.317561 0.000000
vt 0.267031 0.000000
vt 0.322206 0.000000
vt 0.144532 0.000000
vt 0.214396 0.000000
vt 0.140156 0.000000
vt 0.326728 0.000000
vt 0.264893 0.000000
vt 0.225622 0.000000
vt 0.236860 0.000000
vt 0.242659 0.000000
vt 0.238950 0.000000
vt 0.233593 0.000000
vt 0.262594 0.000000
vt 0.247360 0.000000
vt 0.250882 0.000000
vt 0.260870 0.000000
vt 0.254791 0.000000
vt 0.259165 0.000000
vt 0.256859 0.000000
vt 0.338421 0.000000
vt 0.994125 0.000000
vt 0.995300 0.000000
vt 0.992949 0.000000
vt 0.996475 0.000000
vt 0.991774 0.000000
vt 0.997650 0.000000
vt 0.137981 0.000000
vt 0.348413 0.000000
vt 0.990599 0.000000
vt 0.998825 0.000000
vt 0.989424 0.000000
vt 1.000000 0.000000
vt 0.135672 0.000000
vt 0.988249 0.000000
vt 0.958872 0.000000
vt 0.987074 0.000000
vt 0.133960 0.000000
vt 0.132242 0.000000
vt 0.129938 0.000000
vt 0.127984 0.000000
vt 0.125193 0.000000
vt 0.121845 0.000000
vt 0.394830 0.000000
vt 0.396813 0.000000
vt 0.393655 0.000000
vt 0.117169 0.000000
vt 0.392479 0.000000
vt 0.353444 0.000000
vt 0.112808 0.000000
vt 0.111633 0.000000
vt 0.930670 0.000000
vt 0.391304 0.000000
vt 0.355529 0.000000
vt 0.357841 0.000000
vt 0.390129 0.000000
vt 0.359577 0.000000
vt 0.972972 0.000000
vt 0.361292 0.000000
vt 0.931845 0.000000
vt 0.929495 0.000000
vt 0.363612 0.000000
vt 0.388954 0.000000
vt 0.365671 0.000000
vt 0.110458 0.000000
vt 0.387779 0.000000
vt 0.933020 0.000000
vt 0.371346 0.000000
vt 0.398355 0.000000
vt 0.386604 0.000000
vt 0.934195 0.000000
vt 0.385429 0.000000
vt 0.928320 0.000000
vt 0.109283 0.000000
vt 0.935370 0.000000
vt 0.384254 0.000000
vt 0.399530 0.000000
vt 0.936545 0.000000
vt 0.383079 0.000000
vt 0.378890 0.000000
vt 0.927145 0.000000
vt 0.381904 0.000000
vt 0.108108 0.000000
vt 0.937720 0.000000
vt 0.400705 0.000000
vt 0.380729 0.000000
vt 0.938895 0.000000
vt 0.925969 0.000000
vt 0.940071 0.000000
vt 0.401880 0.000000
vt 0.106933 0.000000
vt 0.941246 0.000000
vt 0.924794 0.000000
vt 0.403055 0.000000
vt 0.942421 0.000000
vt 0.105758 0.000000
vt 0.923619 0.000000
vt 0.943596 0.000000
vt 0.404230 0.000000
vt 0.944771 0.000000
vt 0.922444 0.000000
vt 0.104583 0.000000
vt 0.945946 0.000000
vt 0.405405 0.000000
vt 0.921269 0.000000
vt 0.947121 0.000000
vt 0.948296 0.000000
vt 0.920094 0.000000
vt 0.103408 0.000000
vt 0.406581 0.000000
vt 0.949471 0.000000
vt 0.950646 0.000000
vt 0.485595 0.000000
vt 0.507638 0.000000
vt 0.493537 0.000000
vt 0.918919 0.000000
vt 0.517971 0.000000
vt 0.407756 0.000000
vt 0.951821 0.000000
vt 0.102233 0.000000
vt 0.952996 0.000000
vt 0.481639 0.000000
vt 0.917744 0.000000
vt 0.954172 0.000000
vt 0.409303 0.000000
vt 0.477809 0.000000
vt 0.955347 0.000000
vt 0.101058 0.000000
vt 0.473253 0.000000
vt 0.916569 0.000000
vt 0.957039 0.000000
vt 0.466477 0.000000
vt 0.411821 0.000000
vt 0.099882 0.000000
vt 0.415164 0.000000
vt 0.530312 0.000000
vt 0.451249 0.000000
vt 0.098707 0.000000
vt 0.419555 0.000000
vt 0.423958 0.000000
vt 0.095997 0.000000
vt 0.426031 0.000000
vt 0.428360 0.000000
vt 0.089907 0.000000
vt 0.430680 0.000000
vt 0.432999 0.000000
vt 0.086749 0.000000
vt 0.435324 0.000000
vt 0.439273 0.000000
vt 0.083553 0.000000
vt 0.081602 0.000000
vt 0.442987 0.000000
vt 0.079274 0.000000
vt 0.076955 0.000000
vt 0.074638 0.000000
vt 0.072314 0.000000
vt 0.068840 0.000000
vt 0.065824 0.000000
vt 0.536638 0.000000
vt 0.058780 0.000000
vt 0.055229 0.000000
vt 0.003887 0.000000
vt 0.014101 0.000000
vt 0.015276 0.000000
vt 0.538828 0.000000
vt 0.866347 0.000000
vt 0.053758 0.000000
vt 0.541150 0.000000
vt 0.542891 0.000000
vt 0.544626 0.000000
vt 0.862301 0.000000
vt 0.016951 0.000000
vt 0.546949 0.000000
vt 0.858354 0.000000
vt 0.548994 0.000000
vt 0.856035 0.000000
vt 0.552657 0.000000
vt 0.853724 0.000000
vt 0.851409 0.000000
vt 0.049813 0.000000
vt 0.849086 0.000000
vt 0.846989 0.000000
vt 0.557284 0.000000
vt 0.020874 0.000000
vt 0.564077 0.000000
vt 0.048179 0.000000
vt 0.022327 0.000000
vt 0.565217 0.000000
vt 0.047004 0.000000
vt 0.023502 0.000000
vt 0.888367 0.000000
vt 0.566392 0.000000
vt 0.024677 0.000000
vt 0.045828 0.000000
vt 0.839851 0.000000
vt 0.887192 0.000000
vt 0.025852 0.000000
vt 0.044653 0.000000
vt 0.567568 0.000000
vt 0.886016 0.000000
vt 0.027027 0.000000
vt 0.043478 0.000000
vt 0.884841 0.000000
vt 0.028202 0.000000
vt 0.042303 0.000000
vt 0.568743 0.000000
vt 0.041128 0.000000
vt 0.039953 0.000000
vt 0.038778 0.000000
vt 0.037603 0.000000
vt 0.036428 0.000000
vt 0.035253 0.000000
vt 0.034078 0.000000
vt 0.032902 0.000000
vt 0.031727 0.000000
vt 0.030552 0.000000
vt 0.029377 0.000000
vt 0.883666 0.000000
vt 0.569918 0.000000
vt 0.882491 0.000000
vt 0.571093 0.000000
vt 0.881316 0.000000
vt 0.880141 0.000000
vt 0.572268 0.000000
vt 0.902468 0.000000
vt 0.878966 0.000000
vt 0.573443 0.000000
vt 0.877791 0.000000
vt 0.574618 0.000000
vt 0.876616 0.000000
vt 0.575793 0.000000
vt 0.875441 0.000000
vt 0.874266 0.000000
vt 0.780280 0.000000
vt 0.802104 0.000000
vt 0.789659 0.000000
vt 0.804935 0.000000
vt 0.576968 0.000000
vt 0.915394 0.000000
vt 0.806110 0.000000
vt 0.578143 0.000000
vt 0.914219 0.000000
vt 0.807286 0.000000
vt 0.774646 0.000000
vt 0.913043 0.000000
vt 0.808461 0.000000
vt 0.579318 0.000000
vt 0.830044 0.000000
vt 0.911868 0.000000
vt 0.809636 0.000000
vt 0.772563 0.000000
vt 0.580494 0.000000
vt 0.770245 0.000000
vt 0.768508 0.000000
vt 0.910693 0.000000
vt 0.810811 0.000000
vt 0.766779 0.000000
vt 0.764458 0.000000
vt 0.581669 0.000000
vt 0.762186 0.000000
vt 0.909518 0.000000
vt 0.811986 0.000000
vt 0.760282 0.000000
vt 0.582844 0.000000
vt 0.908343 0.000000
vt 0.813161 0.000000
vt 0.759107 0.000000
vt 0.907168 0.000000
vt 0.584019 0.000000
vt 0.814336 0.000000
vt 0.757932 0.000000
vt 0.905993 0.000000
vt 0.815511 0.000000
vt 0.585194 0.000000
vt 0.756757 0.000000
vt 0.904818 0.000000
vt 0.816686 0.000000
vt 0.828437 0.000000
vt 0.586369 0.000000
vt 0.903643 0.000000
vt 0.755582 0.000000
vt 0.817861 0.000000
vt 0.827262 0.000000
vt 0.826087 0.000000
vt 0.587544 0.000000
vt 0.819954 0.000000
vt 0.754407 0.000000
vt 0.824912 0.000000
vt 0.823737 0.000000
vt 0.821387 0.000000
vt 0.822562 0.000000
vt 0.588719 0.000000
vt 0.753231 0.000000
vt 0.752056 0.000000
vt 0.589894 0.000000
vt 0.750881 0.000000
vt 0.591069 0.000000
vt 0.749706 0.000000
vt 0.593980 0.000000
vt 0.748531 0.000000
vt 0.596418 0.000000
vt 0.598720 0.000000
vt 0.744638 0.000000
vt 0.601016 0.000000
vt 0.603326 0.000000
vt 0.733254 0.000000
vt 0.732080 0.000000
vt 0.605489 0.000000
vt 0.730905 0.000000
vt 0.610730 0.000000
vt 0.729481 0.000000
vt 0.725583 0.000000
vt 0.620102 0.000000
vt 0.723854 0.000000
vt 0.652079 0.000000
vt 0.670917 0.000000
vt 0.662749 0.000000
vt 0.646841 0.000000
vt 0.722679 0.000000
vt 0.645123 0.000000
vt 0.622455 0.000000
vt 0.643948 0.000000
vt 0.721504 0.000000
vt 0.642773 0.000000
vt 0.623972 0.000000
vt 0.641598 0.000000
vt 0.625147 0.000000
vt 0.640423 0.000000
vt 0.626322 0.000000
vt 0.639248 0.000000
vt 0.627497 0.000000
vt 0.720329 0.000000
vt 0.638073 0.000000
vt 0.628672 0.000000
vt 0.629847 0.000000
vt 0.636898 0.000000
vt 0.631379 0.000000
vt 0.635723 0.000000
vt 0.633768 0.000000
vt 0.677576 0.000000
vt 0.719143 0.000000
vt 0.680164 0.000000
vt 0.684306 0.000000
vt 0.708061 0.000000
vt 0.689234 0.000000
vt 0.696802 0.000000
vt 0.300917 0.000000
vt 0.169221 0.000000
vt 0.278203 0.000000
vt 0.157970 0.000000
vt 0.144532 0.000000
vt 0.214530 0.000000
vt 0.328214 0.000000
vt 0.225622 0.000000
vt 0.247360 0.000000
vt 0.254791 0.000000
vt 0.338426 0.000000
vt 0.135672 0.000000
vt 0.987074 0.000000
vt 0.121845 0.000000
vt 0.353444 0.000000
vt 0.355529 0.000000
vt 0.972972 0.000000
vt 0.409303 0.000000
vt 0.477809 0.000000
vt 0.957039 0.000000
vt 0.466477 0.000000
vt 0.411821 0.000000
vt 0.415164 0.000000
vt 0.530312 0.000000
vt 0.451249 0.000000
vt 0.419555 0.000000
vt 0.095997 0.000000
vt 0.426031 0.000000
vt 0.428360 0.000000
vt 0.089907 0.000000
vt 0.435324 0.000000
vt 0.439273 0.000000
vt 0.065824 0.000000
vt 0.536638 0.000000
vt 0.003898 0.000000
vt 0.014106 0.000000
vt 0.858354 0.000000
vt 0.552657 0.000000
vt 0.049813 0.000000
vt 0.839852 0.000000
vt 0.902468 0.000000
vt 0.789660 0.000000
vt 0.801935 0.000000
vt 0.774646 0.000000
vt 0.596418 0.000000
vt 0.744828 0.000000
vt 0.733254 0.000000
vt 0.620102 0.000000
vt 0.633768 0.000000
vt 0.677576 0.000000
vt 0.719140 0.000000
vt 0.680164 0.000000
vt 0.707880 0.000000
vt 0.689234 0.000000
vt -0.000020 1.000000
vt 0.016091 0.909091
vt -0.000008 0.811890
vt 0.016131 0.227521
vt 0.016091 0.090909
vt -0.000008 0.188110
vt 0.016131 0.772479
vt 0.017473 0.000000
vt 0.016134 0.000000
vt 0.002473 0.387619
vt 0.018155 0.284153
vt 0.017473 0.684144
vt 0.002490 0.619716
vt 0.017473 1.000000
vt 0.016132 1.000000
vt 0.019403 0.670529
vt 0.025539 -0.001388
vt 0.019389 0.000000
vt 0.019389 1.000000
vt 0.025539 1.001388
vt 0.023898 0.303575
vt 0.019377 0.386707
vt 0.023890 0.696116
vt 0.026391 0.302134
vt 0.026356 0.705937
vt 0.028241 0.002424
vt 0.026882 0.000000
vt 0.028241 0.997576
vt 0.026882 1.000000
vt 0.030914 0.000069
vt 0.029570 0.000000
vt 0.030914 0.298717
vt 0.028997 0.345325
vt 0.030914 0.701282
vt 0.028924 0.650405
vt 0.029570 1.000000
vt 0.030914 0.999931
vt 0.048387 0.354295
vt 0.032258 0.224789
vt 0.032258 0.388695
vt 0.048387 0.645959
vt 0.032258 0.611673
vt 0.032258 0.776421
vt 0.048387 0.863624
vt 0.032258 0.999047
vt 0.049731 0.000068
vt 0.048387 0.000000
vt 0.048387 0.134874
vt 0.049731 0.300015
vt 0.049731 0.699984
vt 0.048387 1.000000
vt 0.049731 0.999932
vt 0.055109 0.001016
vt 0.061527 0.005140
vt 0.056977 0.000000
vt 0.062342 0.687147
vt 0.062291 0.325445
vt 0.056956 0.696116
vt 0.061527 0.994860
vt 0.055109 0.998984
vt 0.056977 1.000000
vt 0.067014 0.134473
vt 0.063172 0.000000
vt 0.067014 0.865527
vt 0.063172 1.000000
vt 0.076935 0.145805
vt 0.075291 0.000000
vt 0.067233 0.000000
vt 0.075291 1.000000
vt 0.076935 0.854195
vt 0.067233 1.000000
vt 0.078741 0.000000
vt 0.078741 1.000000
vt 0.083333 0.000519
vt 0.083333 0.999481
vt 0.084224 0.226866
vt 0.076975 0.348274
vt 0.084224 0.773135
vt 0.077011 0.654396
vt 0.087366 -0.000004
vt 0.085372 0.000000
vt 0.085372 1.000000
vt 0.087366 1.000004
vt 0.089142 0.184214
vt 0.089142 0.815787
vt 0.094146 0.137567
vt 0.095569 0.000000
vt 0.093338 0.000000
vt 0.095569 1.000000
vt 0.094146 0.862433
vt 0.093338 1.000000
vt 0.100394 0.640321
vt 0.100290 0.358030
vt 0.094183 0.654540
vt 0.109779 0.224892
vt 0.100361 0.139362
vt 0.100361 0.860638
vt 0.109779 0.775108
vt 0.112890 0.000701
vt 0.109804 0.000000
vt 0.109804 1.000000
vt 0.112890 0.999299
vt 0.111731 0.365801
vt 0.111774 0.651010
vt 0.114247 -0.000423
vt 0.114247 1.000423
vt 0.114247 0.346559
vt 0.115591 0.310196
vt 0.115591 0.689804
vt 0.114247 0.654760
vt 0.116935 -0.000445
vt 0.115591 0.000118
vt 0.115591 0.999882
vt 0.116935 1.000445
vt 0.126344 0.298320
vt 0.125000 -0.000142
vt 0.125000 0.345261
vt 0.125000 1.000141
vt 0.126344 0.701682
vt 0.125000 0.652536
vt 0.127688 0.271794
vt 0.126344 0.000070
vt 0.127688 0.728211
vt 0.126344 0.999930
vt 0.139056 0.144051
vt 0.139369 0.000000
vt 0.134019 0.000000
vt 0.135170 0.383258
vt 0.130566 0.227292
vt 0.141107 0.610891
vt 0.130522 0.612297
vt 0.139369 1.000000
vt 0.138235 0.909091
vt 0.134019 1.000000
vt 0.143198 0.000000
vt 0.143198 1.000000
vt 0.148262 0.589285
vt 0.147926 0.386499
vt 0.153192 0.389104
vt 0.148652 0.232238
vt 0.148288 0.778384
vt 0.152078 0.675329
vt 0.153230 0.000651
vt 0.151261 0.000000
vt 0.149184 0.001713
vt 0.151261 1.000000
vt 0.153230 0.999349
vt 0.149184 0.998287
vt 0.154744 0.706328
vt 0.157790 -0.003149
vt 0.155184 0.000000
vt 0.157790 1.003149
vt 0.155184 1.000000
vt 0.169867 0.392014
vt 0.158857 0.230272
vt 0.158962 0.386748
vt 0.158857 0.769728
vt 0.169340 0.614192
vt 0.158848 0.612542
vt 0.180933 0.225553
vt 0.193558 0.135697
vt 0.180688 -0.000363
vt 0.193558 0.864303
vt 0.180933 0.774447
vt 0.180688 1.000363
vt 0.193557 0.000000
vt 0.184387 0.000000
vt 0.184410 0.383245
vt 0.193557 0.351749
vt 0.193557 0.648340
vt 0.184379 0.612044
vt 0.193557 1.000000
vt 0.184387 1.000000
vt 0.204574 0.134707
vt 0.201580 0.000000
vt 0.201580 1.000000
vt 0.204574 0.865294
vt 0.206582 0.000000
vt 0.206582 1.000000
vt 0.204657 0.363969
vt 0.211124 0.166244
vt 0.211124 0.833756
vt 0.204669 0.654415
vt 0.213384 0.302770
vt 0.210545 0.389461
vt 0.220726 0.117767
vt 0.214740 0.797531
vt 0.218179 0.651264
vt 0.211873 0.611266
vt 0.245166 0.390830
vt 0.223397 0.221417
vt 0.223837 0.383819
vt 0.258051 0.136147
vt 0.258044 0.727273
vt 0.223982 0.607522
vt 0.223862 0.727273
vt 0.258046 0.272727
vt 0.258053 0.612427
vt 0.245230 0.000000
vt 0.258070 0.000000
vt 0.258070 1.000000
vt 0.258048 0.863237
vt 0.245384 1.000000
vt 0.267188 0.000000
vt 0.267188 1.000000
vt 0.270581 0.226685
vt 0.267399 0.654737
vt 0.270587 0.090909
vt 0.270925 0.000000
vt 0.270925 1.000000
vt 0.270747 0.859181
vt 0.273315 0.000000
vt 0.273315 1.000000
vt 0.278160 0.194149
vt 0.279119 0.821795
vt 0.272310 0.643782
vt 0.278207 0.588565
vt 0.272552 0.407639
vt 0.282934 0.000000
vt 0.277557 0.000000
vt 0.280524 0.427779
vt 0.283845 0.240936
vt 0.282934 1.000000
vt 0.277557 1.000000
vt 0.285190 0.603494
vt 0.293764 0.137141
vt 0.286963 0.000000
vt 0.286963 1.000000
vt 0.293651 0.863185
vt 0.283906 0.763649
vt 0.291434 0.000000
vt 0.293252 0.338843
vt 0.293544 0.662103
vt 0.291434 1.000000
vt 0.299038 0.131842
vt 0.296437 0.000000
vt 0.296437 1.000000
vt 0.299038 0.868158
vt 0.300359 0.000000
vt 0.298387 0.000000
vt 0.300359 1.000000
vt 0.298387 1.000000
vt 0.301586 0.386473
vt 0.304688 0.318493
vt 0.297868 0.342811
vt 0.304325 0.659444
vt 0.298901 0.648616
vt 0.304192 0.137668
vt 0.305434 0.000000
vt 0.302989 0.000000
vt 0.305434 1.000000
vt 0.304188 0.862542
vt 0.302989 1.000000
vt 0.324669 0.135722
vt 0.326015 0.000000
vt 0.323535 0.000000
vt 0.326760 0.612998
vt 0.324736 0.347640
vt 0.324383 0.689573
vt 0.326015 1.000000
vt 0.324667 0.864049
vt 0.323535 1.000000
vt 0.328651 0.306675
vt 0.330562 0.754434
vt 0.331323 0.611864
vt 0.331248 0.116026
vt 0.330645 0.000000
vt 0.328670 0.000000
vt 0.330645 1.000000
vt 0.331248 0.883977
vt 0.328670 1.000000
vt 0.336338 0.652709
vt 0.335765 0.337657
vt 0.336399 0.135855
vt 0.344194 -0.003738
vt 0.337614 0.000000
vt 0.344177 0.205684
vt 0.344177 0.794313
vt 0.336399 0.864149
vt 0.344194 1.003738
vt 0.337614 1.000000
vt 0.343731 0.426193
vt 0.354846 0.241704
vt 0.354846 0.758294
vt 0.343579 0.577680
vt 0.354852 0.610249
vt 0.357329 0.205533
vt 0.354845 0.001196
vt 0.354845 0.998804
vt 0.357329 0.794470
vt 0.354853 0.384698
vt 0.358121 0.317241
vt 0.358084 0.650100
vt 0.361669 0.168041
vt 0.363232 0.000000
vt 0.360740 0.000000
vt 0.363232 1.000000
vt 0.361669 0.831948
vt 0.360740 1.000000
vt 0.368544 0.000000
vt 0.368544 1.000000
vt 0.386773 0.348210
vt 0.386876 0.136453
vt 0.368606 0.376198
vt 0.386876 0.863546
vt 0.386757 0.651843
vt 0.368567 0.637476
vt 0.387091 0.000000
vt 0.373717 0.000000
vt 0.387091 1.000000
vt 0.373717 1.000000
vt 0.405431 0.225213
vt 0.405431 0.774788
vt 0.405400 0.387670
vt 0.405448 0.612494
vt 0.405388 0.090909
vt 0.404275 0.000000
vt 0.398520 0.000000
vt 0.404275 1.000000
vt 0.405388 0.909091
vt 0.398520 1.000000
vt 0.406661 0.000000
vt 0.406661 1.000000
vt 0.409232 0.135898
vt 0.409864 0.358127
vt 0.409836 0.640300
vt 0.409232 0.864103
vt 0.411290 0.000000
vt 0.409305 0.000000
vt 0.412858 0.301962
vt 0.412832 0.703301
vt 0.411290 1.000000
vt 0.409305 1.000000
vt 0.416616 0.136431
vt 0.413232 0.000256
vt 0.413232 0.999744
vt 0.416616 0.863569
vt 0.424751 0.000000
vt 0.418261 0.000000
vt 0.424751 1.000000
vt 0.418261 1.000000
vt 0.435489 0.664749
vt 0.424489 0.375089
vt 0.424521 0.663075
vt 0.435489 0.001405
vt 0.435489 0.326861
vt 0.435489 0.998595
vt 0.439126 0.151653
vt 0.439126 0.848346
vt 0.440248 0.345583
vt 0.437568 0.345798
vt 0.440193 0.661346
vt 0.437511 0.662641
vt 0.444893 0.000034
vt 0.443548 0.000000
vt 0.440906 0.003228
vt 0.445619 0.302742
vt 0.442927 0.345439
vt 0.440906 0.996771
vt 0.445582 0.705320
vt 0.442874 0.660379
vt 0.443548 1.000000
vt 0.444893 0.999966
vt 0.447582 0.000122
vt 0.446237 0.000000
vt 0.446237 1.000000
vt 0.447582 0.999878
vt 0.451598 0.297086
vt 0.455708 -0.003897
vt 0.451613 0.000448
vt 0.455708 1.003897
vt 0.451598 0.702469
vt 0.451613 0.999552
vt 0.456478 0.305150
vt 0.453905 0.346023
vt 0.456456 0.721816
vt 0.453839 0.644980
vt 0.458352 0.002983
vt 0.456989 0.000000
vt 0.458352 0.997017
vt 0.456989 1.000000
vt 0.461048 0.004465
vt 0.459677 0.000000
vt 0.459677 1.000000
vt 0.461048 0.995535
vt -0.000002 0.000000
vt 0.465054 0.345366
vt 0.464492 0.135657
vt 0.463710 0.345396
vt 0.464492 0.864343
vt 0.465054 0.649304
vt 0.463710 0.648459
vt 0.466398 0.000068
vt 0.465054 0.000000
vt 0.466398 0.299890
vt 0.466398 0.700110
vt 0.465054 1.000000
vt 0.466398 0.999932
vt 0.470183 0.181685
vt 0.470183 0.818315
vt 0.476418 0.161910
vt 0.471048 0.000000
vt 0.471048 1.000000
vt 0.476418 0.838090
vt 0.486321 0.132423
vt 0.479894 0.000000
vt 0.479894 1.000000
vt 0.486321 0.867577
vt 0.491383 0.223720
vt 0.486380 0.345057
vt 0.491383 0.776280
vt 0.486306 0.656651
vt 0.496415 0.226955
vt 0.503999 0.137186
vt 0.495978 0.002441
vt 0.496662 0.387504
vt 0.503961 0.345499
vt 0.504026 0.652003
vt 0.496454 0.613016
vt 0.496415 0.773045
vt 0.503999 0.862814
vt 0.495978 0.997559
vt 0.516131 0.144231
vt 0.506892 0.000000
vt 0.533975 0.265626
vt 0.516142 0.000000
vt 0.516146 1.000000
vt 0.533975 0.734378
vt 0.516130 0.855769
vt 0.533632 0.345250
vt 0.516163 0.358113
vt 0.533642 0.647667
vt 0.516164 0.638590
vt 0.533564 0.000000
vt 0.533564 1.000000
vt 0.545123 -0.001100
vt 0.545123 1.001101
vt 0.544817 0.225070
vt 0.544817 0.774930
vt 0.552739 0.130130
vt 0.544576 0.390482
vt 0.552634 0.364853
vt 0.552791 0.824458
vt 0.555432 0.000000
vt 0.550907 0.000000
vt 0.555432 1.000000
vt 0.550907 1.000000
vt 0.564517 0.231379
vt 0.564516 0.000873
vt 0.564516 0.999144
vt 0.564517 0.769647
vt 0.580643 0.140392
vt 0.580642 0.272727
vt 0.580645 0.000000
vt 0.592464 0.000000
vt 0.592464 1.000000
vt 0.580643 0.859250
vt 0.580645 1.000000
vt 0.606655 0.426642
vt 0.580643 0.388265
vt 0.580642 0.727273
vt 0.606737 0.535569
vt 0.580640 0.613112
vt 0.615214 0.222018
vt 0.615214 0.777982
vt 0.616396 -0.006536
vt 0.613815 0.000000
vt 0.606580 0.000000
vt 0.613815 1.000000
vt 0.616396 1.006536
vt 0.606580 1.000000
vt 0.620648 0.134795
vt 0.620856 0.352947
vt 0.615186 0.387720
vt 0.620763 0.654554
vt 0.615062 0.613127
vt 0.620648 0.865205
vt 0.622952 0.000000
vt 0.620968 0.000000
vt 0.622952 1.000000
vt 0.620968 1.000000
vt 0.625838 0.221568
vt 0.625838 0.778433
vt 0.624986 -0.000877
vt 0.624986 1.000877
vt 0.635566 0.143517
vt 0.626667 0.385452
vt 0.634120 0.354450
vt 0.634151 0.643210
vt 0.626517 0.613063
vt 0.635566 0.856483
vt 0.646037 0.134556
vt 0.646505 0.000000
vt 0.645201 0.000000
vt 0.646505 1.000000
vt 0.646037 0.865444
vt 0.645201 1.000000
vt 0.647849 0.000072
vt 0.647849 0.999928
vt 0.650538 0.347522
vt 0.651882 0.310713
vt 0.650538 -0.000123
vt 0.651882 0.689288
vt 0.650538 0.654740
vt 0.650538 1.000123
vt 0.653226 -0.000127
vt 0.651882 0.000113
vt 0.651882 0.999887
vt 0.653226 1.000127
vt 0.657258 0.345297
vt 0.656585 0.135661
vt 0.655914 0.345278
vt 0.656585 0.864339
vt 0.657258 0.651333
vt 0.655914 0.651915
vt 0.659946 0.345368
vt 0.659256 0.135658
vt 0.658602 0.345325
vt 0.659256 0.864342
vt 0.659946 0.649299
vt 0.658602 0.650488
vt 0.661290 0.000068
vt 0.659946 0.000000
vt 0.661290 0.300698
vt 0.661290 0.699307
vt 0.659946 1.000000
vt 0.661290 0.999932
vt 0.663278 0.135658
vt 0.663278 0.864342
vt 0.663979 0.000000
vt 0.662634 0.000000
vt 0.663979 1.000000
vt 0.662634 1.000000
vt 0.665323 0.000111
vt 0.663330 0.350782
vt 0.665323 0.312499
vt 0.665323 0.687498
vt 0.663309 0.654632
vt 0.665323 0.999889
vt 0.667315 0.140377
vt 0.667315 0.859624
vt 0.685359 0.352816
vt 0.682978 0.133765
vt 0.680129 0.345758
vt 0.680155 0.862954
vt 0.684505 0.793787
vt 0.680301 0.637345
vt 0.682193 1.000000
vt 0.684829 0.999770
vt 0.685641 0.619700
vt 0.687534 0.002619
vt 0.684826 0.000000
vt 0.690309 0.227962
vt 0.690309 0.772037
vt 0.692569 0.000000
vt 0.690095 0.000000
vt 0.692569 1.000000
vt 0.687534 0.997381
vt 0.690095 1.000000
vt 0.710586 0.387108
vt 0.691283 0.386309
vt 0.710587 0.227759
vt 0.710587 0.772240
vt 0.710629 0.605687
vt 0.690989 0.614258
vt 0.713289 0.000694
vt 0.710501 0.000000
vt 0.710501 1.000000
vt 0.713289 0.999305
vt 0.714272 0.300823
vt 0.714211 0.699350
vt 0.717152 0.292884
vt 0.715058 0.000439
vt 0.715058 0.999561
vt 0.717103 0.706966
vt 0.719085 0.000240
vt 0.722186 0.000791
vt 0.720430 0.000000
vt 0.722186 0.999209
vt 0.719085 0.999761
vt 0.720430 1.000000
vt 0.727152 0.000182
vt 0.724915 0.000000
vt 0.727808 0.284255
vt 0.722810 0.227940
vt 0.722945 0.387332
vt 0.722810 0.772062
vt 0.727777 0.715410
vt 0.722787 0.612983
vt 0.724915 1.000000
vt 0.727152 0.999818
vt 0.731206 -0.002383
vt 0.731206 1.002383
vt 0.729839 0.388708
vt 0.731805 0.264935
vt 0.731793 0.691645
vt 0.729839 0.652885
vt 0.734482 0.258509
vt 0.738304 0.202483
vt 0.735216 -0.000049
vt 0.738304 0.797520
vt 0.734474 0.691325
vt 0.735216 1.000049
vt 0.737903 0.000000
vt 0.736559 0.000000
vt 0.737903 1.000000
vt 0.736559 1.000000
vt 0.739867 0.000000
vt 0.739867 1.000000
vt 0.739879 0.312164
vt 0.745728 0.227081
vt 0.745728 0.772918
vt 0.739846 0.649038
vt 0.758057 0.390014
vt 0.745417 0.387680
vt 0.758058 0.612456
vt 0.745592 0.601340
vt 0.758094 0.165910
vt 0.758094 0.834091
vt 0.769150 0.000000
vt 0.758064 0.000000
vt 0.769150 1.000000
vt 0.758060 1.000000
vt 0.768378 0.404091
vt 0.776411 0.247378
vt 0.769322 0.775087
vt 0.768304 0.613099
vt 0.776340 0.123873
vt 0.775621 0.000000
vt 0.775621 1.000000
vt 0.776340 0.876128
vt 0.779672 0.775620
vt 0.775351 0.640688
vt 0.781027 0.387232
vt 0.775382 0.386591
vt 0.781024 0.611040
vt 0.785757 0.252055
vt 0.787987 0.155603
vt 0.782721 0.000000
vt 0.782721 1.000000
vt 0.787982 0.844780
vt 0.788214 0.387187
vt 0.797014 1.000000
vt 0.788357 1.000000
vt 0.809829 0.143181
vt 0.797014 0.000000
vt 0.809812 0.857291
vt 0.809970 0.727273
vt 0.787777 0.660796
vt 0.810061 0.344962
vt 0.809931 0.611345
vt 0.822563 0.000952
vt 0.809686 0.000000
vt 0.809686 1.000000
vt 0.822563 0.999048
vt 0.822581 0.319596
vt 0.822581 0.680406
vt 0.824527 0.290466
vt 0.828188 0.159093
vt 0.823925 0.000110
vt 0.828188 0.840908
vt 0.824494 0.709248
vt 0.823925 0.999890
vt 0.827957 0.000000
vt 0.826613 0.000000
vt 0.827957 1.000000
vt 0.826613 1.000000
vt 0.829934 0.000000
vt 0.829934 1.000000
vt 0.834393 0.000000
vt 0.829913 0.342932
vt 0.836101 0.224157
vt 0.836046 0.612610
vt 0.835969 0.385475
vt 0.829910 0.653023
vt 0.836101 0.775839
vt 0.834393 1.000000
vt 0.838710 0.138011
vt 0.837366 0.000000
vt 0.836020 -0.001537
vt 0.838711 0.349690
vt 0.838712 0.649725
vt 0.836020 1.001537
vt 0.838710 0.861989
vt 0.837366 1.000000
vt 0.851691 0.137508
vt 0.851947 0.000000
vt 0.838708 0.000000
vt 0.851947 1.000000
vt 0.851691 0.862494
vt 0.838708 1.000000
vt 0.851891 0.352298
vt 0.856183 0.333417
vt 0.856776 0.660714
vt 0.851932 0.650014
vt 0.857262 0.179561
vt 0.857527 0.000000
vt 0.856183 0.000000
vt 0.857527 1.000000
vt 0.857262 0.820441
vt 0.856183 1.000000
vt 0.858871 0.000106
vt 0.859455 0.652504
vt 0.858286 0.347558
vt 0.858871 0.999894
vt 0.860933 0.174642
vt 0.860932 0.825358
vt 0.862187 0.612494
vt 0.860883 0.386986
vt 0.864871 0.612499
vt 0.863566 0.386981
vt 0.863616 0.825722
vt 0.867556 0.612503
vt 0.866250 0.386978
vt 0.866791 0.828089
vt 0.868941 0.313648
vt 0.866791 0.171914
vt 0.869233 0.705039
vt 0.871802 0.000000
vt 0.869624 0.000000
vt 0.873259 0.182144
vt 0.873259 0.817854
vt 0.871802 1.000000
vt 0.869624 1.000000
vt 0.874401 0.000000
vt 0.874401 1.000000
vt 0.877075 0.000237
vt 0.873327 0.389260
vt 0.877042 0.306457
vt 0.877925 0.663588
vt 0.874110 0.613103
vt 0.877075 0.999763
vt 0.882888 0.112702
vt 0.879032 0.000000
vt 0.879976 0.323630
vt 0.880563 0.687276
vt 0.882888 0.887298
vt 0.879032 1.000000
vt 0.884736 0.233505
vt 0.884780 0.612750
vt 0.884053 0.386708
vt 0.884736 0.766495
vt 0.892210 0.233509
vt 0.892210 0.766491
vt 0.892498 0.000000
vt 0.886054 0.000000
vt 0.892498 1.000000
vt 0.886054 1.000000
vt 0.903225 0.001462
vt 0.903227 0.998528
vt 0.892642 0.384120
vt 0.903229 0.324276
vt 0.917282 0.230599
vt 0.917134 0.614273
vt 0.917178 0.387961
vt 0.903228 0.599457
vt 0.921408 0.345439
vt 0.917282 0.769402
vt 0.921337 0.647253
vt 0.922055 0.002135
vt 0.920699 0.000000
vt 0.917473 0.000980
vt 0.920699 1.000000
vt 0.922055 0.997865
vt 0.918735 0.891252
vt 0.924089 0.345402
vt 0.924018 0.648216
vt 0.923387 1.000000
vt 0.924744 0.997759
vt 0.926086 0.002033
vt 0.924731 0.000000
vt 0.923390 0.000267
vt 0.926698 0.648689
vt 0.928763 0.000068
vt 0.927419 0.000000
vt 0.926779 0.344025
vt 0.928763 0.300533
vt 0.928753 0.997846
vt 0.928763 0.656542
vt 0.931439 0.002325
vt 0.933505 0.352090
vt 0.937182 0.307297
vt 0.934127 0.002309
vt 0.937109 0.692672
vt 0.933435 0.654585
vt 0.934127 0.997692
vt 0.941456 0.135867
vt 0.937876 0.000272
vt 0.937876 0.999727
vt 0.941456 0.864133
vt 0.943594 0.374181
vt 0.940481 0.343498
vt 0.943455 0.627468
vt 0.940426 0.656639
vt 0.943549 0.000092
vt 0.942204 0.000000
vt 0.944108 0.222281
vt 0.944108 0.777719
vt 0.942204 1.000000
vt 0.943549 0.999908
vt 0.947354 0.226248
vt 0.971309 -0.010080
vt 0.947569 0.003092
vt 0.971309 1.010080
vt 0.947353 0.773709
vt 0.947569 0.996908
vt 0.961465 0.000000
vt 0.949418 0.000000
vt 0.961465 1.000000
vt 0.949418 1.000000
vt 0.968686 0.000000
vt 0.968686 1.000000
vt 0.979993 0.220290
vt 0.975808 0.000593
vt 0.975084 0.239064
vt 0.975808 0.999407
vt 0.979993 0.779710
vt 0.975084 0.760936
vt 0.981796 0.000088
vt 0.981796 0.999912
vt 0.980422 0.384366
vt 0.987999 0.345675
vt 0.988183 0.647756
vt 0.980624 0.601086
vt 0.999989 0.188110
vt 0.990943 0.000000
vt 0.988090 0.141027
vt 0.988090 0.858973
vt 0.999989 0.811890
vt 0.990943 1.000000
vt 0.000000 0.348612
vt 0.027778 0.311424
vt 0.000000 0.000217
vt 0.027778 0.688574
vt 0.000000 0.654704
vt 0.000000 0.999783
vt 0.055556 0.000174
vt 0.027778 0.000112
vt 0.027778 0.999889
vt 0.055556 0.999826
vt 0.083333 0.298807
vt 0.055556 0.345289
vt 0.083333 0.701193
vt 0.055556 0.651545
vt 0.138600 0.001411
vt 0.083333 0.000069
vt 0.138600 0.998589
vt 0.083333 0.999931
vt 0.263802 0.352168
vt 0.305556 0.315134
vt 0.277401 0.003055
vt 0.305556 0.684864
vt 0.262364 0.654585
vt 0.277401 0.996945
vt 0.333335 0.231166
vt 0.333340 0.001406
vt 0.333340 0.998593
vt 0.333334 0.768805
vt 0.666664 0.388980
vt 0.333333 0.389963
vt 0.666666 0.230191
vt 0.721763 0.003856
vt 0.666665 0.000987
vt 0.708694 0.348038
vt 0.694444 0.654729
vt 0.666664 0.611046
vt 0.666665 0.769852
vt 0.721763 0.996144
vt 0.666665 0.999013
vt 0.735193 0.654713
vt 0.777400 0.996791
vt 0.790999 0.654693
vt 0.764478 0.348729
vt 0.833019 0.997283
vt 0.846654 0.651224
vt 0.820344 0.349202
vt 0.861111 0.311766
vt 0.833019 0.002717
vt 0.888463 0.995540
vt 0.889225 0.002893
vt 0.861111 0.000112
vt 0.901945 0.650870
vt 0.917037 0.996838
vt 0.944444 0.651232
vt 0.972222 0.000068
vt 0.944444 0.000000
vt 0.916834 0.000816
vt 0.972222 0.298874
vt 0.944444 0.345298
vt 0.972222 0.701126
vt 0.944444 1.000000
vt 0.972222 0.999932
vt 1.000000 0.000217
vt 1.000000 0.999783
vt 0.000000 0.387616
vt 0.047485 0.300627
vt 0.000000 0.190757
vt 0.046705 0.692553
vt 0.000000 0.643262
vt 0.000000 0.869527
vt 0.083843 0.003729
vt 0.055569 -0.000137
vt 0.055569 1.000137
vt 0.083843 0.996271
vt 0.166667 0.000068
vt 0.138889 0.000000
vt 0.111338 0.001110
vt 0.166667 0.299963
vt 0.138889 0.345374
vt 0.111338 0.998890
vt 0.166667 0.700036
vt 0.138889 0.649053
vt 0.138889 1.000000
vt 0.166667 0.999932
vt 0.221996 0.001105
vt 0.221996 0.998895
vt 0.234226 0.355777
vt 0.286619 0.307470
vt 0.249490 0.003732
vt 0.285838 0.699279
vt 0.232762 0.654456
vt 0.249490 0.996268
vt 0.333332 0.000890
vt 0.305556 0.000000
vt 0.277765 -0.000137
vt 0.305556 1.000000
vt 0.333332 0.999110
vt 0.277765 1.000137
vt 0.388991 0.000566
vt 0.361111 0.000000
vt 0.403662 0.386983
vt 0.375916 0.230977
vt 0.333174 0.318071
vt 0.375916 0.769023
vt 0.401984 0.612496
vt 0.333253 0.680797
vt 0.361111 1.000000
vt 0.388991 0.999434
vt 0.434687 0.261437
vt 0.435660 0.725880
vt 0.444552 0.000603
vt 0.416667 0.000000
vt 0.416667 1.000000
vt 0.444552 0.999397
vt 0.486750 0.324690
vt 0.485149 0.668609
vt 0.515849 0.187697
vt 0.515849 0.812303
vt 0.566681 0.185548
vt 0.555495 0.000399
vt 0.555495 0.999601
vt 0.566681 0.814452
vt 0.542397 0.386052
vt 0.583333 0.350004
vt 0.583333 0.654659
vt 0.540813 0.613570
vt 0.624715 0.296751
vt 0.624026 0.697434
vt 0.708363 0.292215
vt 0.778123 -0.001687
vt 0.694484 0.000266
vt 0.778123 1.001687
vt 0.707663 0.707928
vt 0.694484 0.999734
vt 0.763887 0.369352
vt 0.789956 0.226865
vt 0.789956 0.773135
vt 0.762388 0.636064
vt 0.875414 0.387502
vt 0.926639 0.172214
vt 0.829357 0.328068
vt 0.929800 0.338042
vt 0.999906 0.869501
vt 0.928625 0.654407
vt 0.878802 0.653345
vt 0.916716 1.000259
vt 0.333318 0.358337
vt 0.000000 0.156836
vt -0.000000 0.387848
vt 0.333321 1.000000
vt -0.000000 0.843797
vt 0.000000 1.000000
vt 0.333329 0.136271
vt 0.333321 0.000000
vt 0.666669 0.229628
vt 0.666669 0.769865
vt 0.333316 0.641707
vt 0.333327 0.865992
vt 0.666668 0.390644
vt 0.666669 0.609605
vt 0.666667 0.998968
vt 0.709592 0.308064
vt 0.708673 0.691464
vt 0.722233 0.000057
vt 0.694444 0.000000
vt 0.666667 0.001142
vt 0.694444 1.000000
vt 0.722233 0.999943
vt 0.765079 0.302638
vt 0.764330 0.704691
vt 0.777805 0.000154
vt 0.750000 0.000000
vt 0.750000 1.000000
vt 0.777805 0.999846
vt 0.820451 0.177955
vt 0.820451 0.822045
vt 0.875536 0.292978
vt 0.820630 0.364437
vt 0.874791 0.706869
vt 0.819075 0.629450
vt 0.930477 0.295969
vt 0.999854 0.157119
vt 0.944401 0.000246
vt 0.999856 0.843518
vt 0.929744 0.697342
vt 0.944401 0.999754
vt 0.023876 0.000000
vt 0.023876 1.000000
vt 0.032258 0.000980
vt 0.052414 0.000626
vt 0.051666 0.294721
vt 0.051075 0.000000
vt 0.051633 0.697607
vt 0.052414 0.999374
vt 0.054303 0.293148
vt 0.051075 1.000000
vt 0.053763 0.000000
vt 0.054268 0.695998
vt 0.056956 0.292581
vt 0.053763 1.000000
vt 0.067032 0.656700
vt 0.067040 0.342915
vt 0.084003 0.612495
vt 0.084182 0.386984
vt 0.081989 0.000000
vt 0.089387 0.365641
vt 0.081989 1.000000
vt 0.089220 0.633129
vt 0.090675 0.000000
vt 0.088710 0.000000
vt 0.088710 1.000000
vt 0.090675 1.000000
vt 0.094208 0.343760
vt 0.099226 0.000000
vt 0.099226 1.000000
vt 0.102838 0.000000
vt 0.102838 1.000000
vt 0.116935 0.653508
vt 0.116935 0.345238
vt 0.118280 0.345240
vt 0.118280 -0.000420
vt 0.118280 0.653431
vt 0.118280 1.000420
vt 0.119624 0.345241
vt 0.119624 -0.000380
vt 0.119624 0.653296
vt 0.119624 1.000380
vt 0.120968 0.345245
vt 0.120968 -0.000322
vt 0.120968 0.653110
vt 0.120968 1.000322
vt 0.122312 0.345251
vt 0.122312 -0.000254
vt 0.122312 0.652895
vt 0.122312 1.000254
vt 0.123656 0.345256
vt 0.123656 -0.000188
vt 0.123656 0.652689
vt 0.123656 1.000188
vt 0.127688 0.000000
vt 0.129032 0.000000
vt 0.127688 1.000000
vt 0.129032 1.000000
vt 0.130566 0.772708
vt 0.140926 0.772964
vt 0.147071 0.000000
vt 0.147071 1.000000
vt 0.153818 0.220169
vt 0.165319 0.000000
vt 0.160312 0.000000
vt 0.173140 0.000000
vt 0.178167 0.000000
vt 0.160312 1.000000
vt 0.165319 1.000000
vt 0.173140 1.000000
vt 0.179292 0.380271
vt 0.179183 0.614861
vt 0.178167 1.000000
vt 0.210548 0.000000
vt 0.210548 1.000000
vt 0.213354 0.000000
vt 0.218148 0.000000
vt 0.213354 1.000000
vt 0.218157 0.345271
vt 0.218148 1.000000
vt 0.223709 0.000000
vt 0.223932 0.864545
vt 0.223709 1.000000
vt 0.230870 0.000000
vt 0.230870 1.000000
vt 0.258071 0.387570
vt 0.267461 0.397485
vt 0.286122 0.411259
vt 0.293799 0.000000
vt 0.293799 1.000000
vt 0.318214 0.000000
vt 0.318214 1.000000
vt 0.332637 0.000000
vt 0.335289 0.000000
vt 0.331585 0.325499
vt 0.332637 1.000000
vt 0.335289 1.000000
vt 0.358106 0.000000
vt 0.356183 0.000000
vt 0.356183 1.000000
vt 0.358106 1.000000
vt 0.361667 0.350785
vt 0.361571 0.649052
vt 0.416920 0.652552
vt 0.416893 0.344956
vt 0.415905 0.000000
vt 0.415905 1.000000
vt 0.436828 0.000000
vt 0.436828 1.000000
vt 0.438172 0.000000
vt 0.438172 1.000000
vt 0.439516 0.000000
vt 0.439516 1.000000
vt 0.442204 0.000000
vt 0.442204 1.000000
vt 0.448296 0.302754
vt 0.448260 0.704906
vt 0.448925 0.000000
vt 0.450269 0.000000
vt 0.448925 1.000000
vt 0.450269 1.000000
vt 0.453881 0.000000
vt 0.453881 1.000000
vt 0.459037 0.640124
vt 0.459108 0.345706
vt 0.461769 0.345475
vt 0.461704 0.646223
vt 0.462366 0.000000
vt 0.463710 0.000000
vt 0.462366 1.000000
vt 0.463710 1.000000
vt 0.470149 0.634823
vt 0.470145 0.346151
vt 0.468168 0.000000
vt 0.476572 0.345119
vt 0.468168 1.000000
vt 0.474872 0.000000
vt 0.476608 0.625900
vt 0.474872 1.000000
vt 0.484931 0.000000
vt 0.487302 0.000000
vt 0.491929 0.001099
vt 0.489965 0.000000
vt 0.484931 1.000000
vt 0.487302 1.000000
vt 0.491241 0.613027
vt 0.491451 0.386459
vt 0.491929 0.998901
vt 0.489965 1.000000
vt 0.493945 0.000000
vt 0.502448 0.000000
vt 0.497931 0.000000
vt 0.493945 1.000000
vt 0.497931 1.000000
vt 0.502448 1.000000
vt 0.506696 1.000000
vt 0.544503 0.614867
vt 0.541315 0.000000
vt 0.541315 1.000000
vt 0.552351 0.591824
vt 0.547681 0.000000
vt 0.547681 1.000000
vt 0.564517 0.612452
vt 0.564517 0.387857
vt 0.618977 0.000000
vt 0.618977 1.000000
vt 0.632139 0.000000
vt 0.627264 0.000000
vt 0.627264 1.000000
vt 0.632139 1.000000
vt 0.637431 0.000000
vt 0.637431 1.000000
vt 0.645201 0.347693
vt 0.645201 0.655883
vt 0.646505 0.654703
vt 0.646505 0.348745
vt 0.647849 0.348145
vt 0.647849 0.654721
vt 0.649194 -0.000049
vt 0.649194 0.347747
vt 0.649194 0.654733
vt 0.649194 1.000049
vt 0.653226 0.652496
vt 0.653226 0.345261
vt 0.654570 0.345267
vt 0.654570 -0.000063
vt 0.654570 0.652288
vt 0.654570 1.000062
vt 0.655914 0.000000
vt 0.655914 1.000000
vt 0.657258 0.000000
vt 0.658602 0.000000
vt 0.657258 1.000000
vt 0.658602 1.000000
vt 0.667331 0.648250
vt 0.667353 0.348852
vt 0.666667 0.000000
vt 0.668011 0.000000
vt 0.670050 0.135659
vt 0.669355 0.000000
vt 0.666667 1.000000
vt 0.668011 1.000000
vt 0.670020 0.345380
vt 0.670001 0.648978
vt 0.670050 0.864340
vt 0.669355 1.000000
vt 0.670699 0.000000
vt 0.672729 0.135659
vt 0.672043 0.000000
vt 0.670699 1.000000
vt 0.672700 0.345405
vt 0.672682 0.648136
vt 0.672729 0.864343
vt 0.672043 1.000000
vt 0.673387 0.000000
vt 0.675410 0.135657
vt 0.674731 0.000000
vt 0.673387 1.000000
vt 0.675382 0.345456
vt 0.675367 0.646783
vt 0.675410 0.864343
vt 0.674731 1.000000
vt 0.676075 0.000000
vt 0.679404 0.000000
vt 0.676075 1.000000
vt 0.679404 1.000000
vt 0.682193 0.000000
vt 0.698563 0.000000
vt 0.698563 1.000000
vt 0.716398 0.000000
vt 0.717742 0.000000
vt 0.716398 1.000000
vt 0.717742 1.000000
vt 0.719529 0.699760
vt 0.719575 0.300217
vt 0.729839 0.000000
vt 0.728495 0.000000
vt 0.728495 1.000000
vt 0.729839 1.000000
vt 0.732526 0.000144
vt 0.732526 0.999856
vt 0.733871 0.000000
vt 0.737168 0.649886
vt 0.737204 0.319413
vt 0.733871 1.000000
vt 0.745859 0.000000
vt 0.745818 1.000000
vt 0.778790 0.000000
vt 0.778790 1.000000
vt 0.788357 0.000000
vt 0.825269 0.000000
vt 0.827133 0.653816
vt 0.827181 0.333963
vt 0.825269 1.000000
vt 0.861559 0.000000
vt 0.863616 0.174282
vt 0.862903 0.000000
vt 0.860215 0.000000
vt 0.860215 1.000000
vt 0.861559 1.000000
vt 0.862903 1.000000
vt 0.864247 0.000000
vt 0.865591 0.000000
vt 0.864247 1.000000
vt 0.865591 1.000000
vt 0.866935 0.000000
vt 0.866935 1.000000
vt 0.868280 0.000000
vt 0.868280 1.000000
vt 0.881019 0.000000
vt 0.881019 1.000000
vt 0.883671 0.000000
vt 0.883671 1.000000
vt 0.892610 0.611700
vt 0.903228 0.778302
vt 0.917267 1.000000
vt 0.926075 1.000000
vt 0.927419 1.000000
vt 0.930755 0.654611
vt 0.930825 0.351434
vt 0.930108 0.000000
vt 0.931439 0.997675
vt 0.930108 1.000000
vt 0.932796 0.000000
vt 0.932796 1.000000
vt 0.935484 0.000000
vt 0.935484 1.000000
vt 0.939516 0.000000
vt 0.939516 1.000000
vt 0.940860 0.000000
vt 0.940860 1.000000
vt 0.946237 0.000000
vt 0.944892 0.000000
vt 0.947491 0.386984
vt 0.947377 0.612866
vt 0.944892 1.000000
vt 0.946237 1.000000
vt 0.970376 0.227373
vt 0.970373 0.387076
vt 0.970223 0.615517
vt 0.970376 0.772603
vt 0.973856 0.000000
vt 0.975327 0.386983
vt 0.975198 0.613588
vt 0.973856 1.000000
vt 0.979839 0.000000
vt 0.977825 0.000000
vt 0.977825 1.000000
vt 0.979839 1.000000
vt 0.999991 0.619716
vt 0.999991 0.387656
vt 0.986315 0.000000
vt 0.986315 1.000000
vt 0.999991 0.000000
vt 0.999990 1.000000
vt 0.111111 0.654713
vt 0.111111 0.348395
vt 0.111111 0.000000
vt 0.166172 0.004200
vt 0.138889 0.348586
vt 0.111111 1.000000
vt 0.138889 0.654706
vt 0.166172 0.995800
vt 0.166667 0.654695
vt 0.166667 0.348940
vt 0.221757 0.003853
vt 0.208457 0.349901
vt 0.194444 0.000000
vt 0.207089 0.654665
vt 0.221757 0.996147
vt 0.194444 1.000000
vt 0.250000 0.000000
vt 0.250000 1.000000
vt 0.333333 0.610414
vt 0.777400 0.003209
vt 0.805556 0.000000
vt 0.903349 0.345312
vt 0.805556 1.000000
vt 0.861111 1.000000
vt 1.000000 0.654704
vt 1.000000 0.348612
vt 0.027778 0.000000
vt 0.000000 0.000000
vt 0.000000 1.000000
vt 0.027778 1.000000
vt 0.099123 0.644099
vt 0.100588 0.345549
vt 0.194444 0.654626
vt 0.194444 0.350913
vt 0.472222 0.000000
vt 0.500000 0.000000
vt 0.472222 1.000000
vt 0.500000 1.000000
vt 0.527778 0.000000
vt 0.527778 1.000000
vt 0.583333 0.000000
vt 0.611111 0.000000
vt 0.638775 0.000636
vt 0.583333 1.000000
vt 0.611111 1.000000
vt 0.638775 0.999363
vt 0.666667 0.000111
vt 0.666667 0.312577
vt 0.666667 0.687421
vt 0.666667 0.999889
vt 0.722222 0.000000
vt 0.722222 1.000000
vt 0.829181 0.678021
vt 0.805499 0.000308
vt 0.805499 0.999692
vt 0.861093 0.000097
vt 0.833333 0.000000
vt 0.861093 0.999903
vt 0.833333 1.000000
vt 0.916716 -0.000259
vt 0.888889 0.000000
vt 0.888889 1.000000
vt 1.000230 0.643278
vt 1.000086 0.387607
vt 0.956670 0.000000
vt 0.956670 1.000000
vt 1.000121 0.190757
vt 0.000000 0.618501
vt 1.000000 1.000000
vt 0.000000 0.000000
vt 0.888867 0.000141
vt 0.861111 0.000000
vt 0.888868 0.999859
vt 0.916667 0.000000
vt 1.000040 0.618461
vt 1.000017 0.387868
vt 0.916667 1.000000
vt 0.972222 0.000000
vt 0.972222 1.000000
s 1
usemtl 0C_Copper_mqm
f 1223/1280/1101 1224/1282/1101 1225/1281/1101
f 1195/1283/1101 1196/1285/1101 1197/1284/1101
f 1225/1281/1101 1226/1287/1101 1227/1286/1101
f 1223/1280/1101 1225/1281/1101 1227/1286/1101
f 1195/1283/1101 1197/1284/1101 1198/1288/1101
f 1222/1289/1101 1223/1280/1101 1227/1286/1101
f 1195/1283/1101 1198/1288/1101 1199/1290/1101
f 1221/1291/1101 1222/1289/1101 1227/1286/1101
f 1195/1283/1101 1199/1290/1101 1200/1292/1101
f 1220/1293/1101 1221/1291/1101 1227/1286/1101
f 1219/1294/1101 1220/1293/1101 1227/1286/1101
f 1195/1283/1101 1200/1292/1101 1201/1295/1101
f 1195/1283/1101 1201/1295/1101 1202/1296/1101
f 1194/1297/1101 1195/1283/1101 1202/1296/1101
f 1219/1294/1101 1227/1286/1101 1228/1298/1101
f 1218/1299/1101 1219/1294/1101 1228/1298/1101
f 1193/1300/1101 1194/1297/1101 1202/1296/1101
f 1192/1301/1101 1193/1300/1101 1202/1296/1101
f 1218/1299/1101 1228/1298/1101 1229/1302/1101
f 1191/1303/1101 1192/1301/1101 1202/1296/1101
f 1218/1299/1101 1229/1302/1101 1230/1304/1101
f 1217/1305/1101 1218/1299/1101 1230/1304/1101
f 1217/1305/1101 1230/1304/1101 1231/1306/1101
f 1190/1307/1101 1191/1303/1101 1202/1296/1101
f 1190/1307/1101 1202/1296/1101 1203/1308/1101
f 1189/1309/1101 1190/1307/1101 1203/1308/1101
f 1217/1305/1101 1231/1306/1101 1232/1310/1101
f 1216/1311/1101 1217/1305/1101 1232/1310/1101
f 1189/1309/1101 1203/1308/1101 1204/1312/1101
f 1206/1313/1101 1207/1315/1101 1208/1314/1101
f 1205/1316/1101 1206/1313/1101 1208/1314/1101
f 1215/1317/1101 1216/1311/1101 1232/1310/1101
f 1205/1316/1101 1208/1314/1101 1209/1318/1101
f 1205/1316/1101 1209/1318/1101 1210/1319/1101
f 1214/1320/1101 1215/1317/1101 1232/1310/1101
f 1205/1316/1101 1210/1319/1101 1211/1321/1101
f 1213/1322/1101 1214/1320/1101 1232/1310/1101
f 1204/1312/1101 1205/1316/1101 1211/1321/1101
f 1212/1323/1101 1213/1322/1101 1232/1310/1101
f 1204/1312/1101 1211/1321/1101 1212/1323/1101
f 1204/1312/1101 1212/1323/1101 1232/1310/1101
f 1189/1309/1101 1204/1312/1101 1232/1310/1101
f 1189/1309/1101 1232/1310/1101 1233/1324/1101
f 1189/1309/1101 1233/1324/1101 1488/1325/1101
f 1489/1326/1101 1189/1309/1101 1488/1325/1101
f 1487/1327/1101 1488/1325/1101 1233/1324/1101
f 1189/1309/1101 1489/1326/1101 1490/1328/1101
f 1486/1329/1101 1487/1327/1101 1233/1324/1101
f 1189/1309/1101 1490/1328/1101 1491/1330/1101
f 1188/1331/1101 1189/1309/1101 1491/1330/1101
f 1486/1329/1101 1233/1324/1101 1234/1332/1101
f 1485/1333/1101 1486/1329/1101 1234/1332/1101
f 1188/1331/1101 1491/1330/1101 1492/1334/1101
f 1484/1335/1101 1485/1333/1101 1234/1332/1101
f 1188/1331/1101 1492/1334/1101 1493/1336/1101
f 1187/1337/1101 1188/1331/1101 1493/1336/1101
f 1483/1338/1101 1484/1335/1101 1234/1332/1101
f 1187/1337/1101 1493/1336/1101 1480/1339/1101
f 1482/1340/1101 1483/1338/1101 1234/1332/1101
f 1186/1341/1101 1187/1337/1101 1480/1339/1101
f 1185/1342/1101 1186/1341/1101 1480/1339/1101
f 1184/1343/1101 1185/1342/1101 1480/1339/1101
f 1183/1344/1101 1184/1343/1101 1480/1339/1101
f 1182/1345/1101 1183/1344/1101 1480/1339/1101
f 1181/1346/1101 1182/1345/1101 1480/1339/1101
f 1256/1347/1101 1482/1340/1101 1234/1332/1101
f 1482/1340/1101 1256/1347/1101 1257/1348/1101
f 1255/1349/1101 1256/1347/1101 1234/1332/1101
f 1180/1350/1101 1181/1346/1101 1480/1339/1101
f 1254/1351/1101 1255/1349/1101 1234/1332/1101
f 1254/1351/1101 1234/1332/1101 1235/1352/1101
f 1179/1353/1101 1180/1350/1101 1480/1339/1101
f 1178/1354/1101 1179/1353/1101 1457/1355/1101
f 1457/1355/1101 1179/1353/1101 1480/1339/1101
f 1253/1356/1101 1254/1351/1101 1235/1352/1101
f 1253/1356/1101 1235/1352/1101 1236/1357/1101
f 1253/1356/1101 1236/1357/1101 1237/1358/1101
f 1252/1359/1101 1253/1356/1101 1237/1358/1101
f 1252/1359/1101 1237/1358/1101 1238/1360/1101
f 1457/1355/1101 1480/1339/1101 1481/1361/1101
f 1252/1359/1101 1238/1360/1101 1239/1362/1101
f 1178/1354/1101 1457/1355/1101 1458/1363/1101
f 1456/1364/1101 1457/1355/1101 1481/1361/1101
f 1252/1359/1101 1239/1362/1101 1240/1365/1101
f 1251/1366/1101 1252/1359/1101 1240/1365/1101
f 1251/1366/1101 1240/1365/1101 1241/1367/1101
f 1177/1368/1101 1178/1354/1101 1458/1363/1101
f 1250/1369/1101 1251/1366/1101 1241/1367/1101
f 1177/1368/1101 1458/1363/1101 1459/1370/1101
f 1250/1369/1101 1241/1367/1101 1242/1371/1101
f 1482/1340/1101 1257/1348/1101 1258/1372/1101
f 1249/1373/1101 1250/1369/1101 1242/1371/1101
f 1481/1361/1101 1482/1340/1101 1258/1372/1101
f 1177/1368/1101 1459/1370/1101 1460/1374/1101
f 1248/1375/1101 1249/1373/1101 1242/1371/1101
f 1455/1376/1101 1456/1364/1101 1481/1361/1101
f 1176/1377/1101 1177/1368/1101 1460/1374/1101
f 1176/1377/1101 1460/1374/1101 1461/1378/1101
f 1247/1379/1101 1248/1375/1101 1242/1371/1101
f 1481/1361/1101 1258/1372/1101 1259/1380/1101
f 1176/1377/1101 1461/1378/1101 1462/1381/1101
f 1246/1382/1101 1247/1379/1101 1242/1371/1101
f 1246/1382/1101 1242/1371/1101 1243/1383/1101
f 1454/1384/1101 1455/1376/1101 1481/1361/1101
f 1245/1385/1101 1246/1382/1101 1243/1383/1101
f 1175/1386/1101 1176/1377/1101 1462/1381/1101
f 1175/1386/1101 1462/1381/1101 1463/1387/1101
f 1481/1361/1101 1259/1380/1101 1260/1388/1101
f 1244/1389/1101 1245/1385/1101 1243/1383/1101
f 1175/1386/1101 1463/1387/1101 1464/1390/1101
f 1453/1391/1101 1454/1384/1101 1481/1361/1101
f 1175/1386/1101 1464/1390/1101 1465/1392/1101
f 1481/1361/1101 1260/1388/1101 1261/1393/1101
f 1174/1394/1101 1175/1386/1101 1465/1392/1101
f 1174/1394/1101 1465/1392/1101 1466/1395/1101
f 1452/1396/1101 1453/1391/1101 1481/1361/1101
f 1481/1361/1101 1261/1393/1101 1262/1397/1101
f 1174/1394/1101 1466/1395/1101 1467/1398/1101
f 1452/1396/1101 1481/1361/1101 1262/1397/1101
f 1173/1399/1101 1174/1394/1101 1467/1398/1101
f 1451/1400/1101 1452/1396/1101 1262/1397/1101
f 1173/1399/1101 1467/1398/1101 1468/1401/1101
f 1451/1400/1101 1262/1397/1101 1263/1402/1101
f 1173/1399/1101 1468/1401/1101 1469/1403/1101
f 1450/1404/1101 1451/1400/1101 1263/1402/1101
f 1172/1405/1101 1173/1399/1101 1469/1403/1101
f 1172/1405/1101 1469/1403/1101 1470/1406/1101
f 1450/1404/1101 1263/1402/1101 1264/1407/1101
f 1449/1408/1101 1450/1404/1101 1264/1407/1101
f 1172/1405/1101 1470/1406/1101 1471/1409/1101
f 1172/1405/1101 1471/1409/1101 1472/1410/1101
f 1448/1411/1101 1449/1408/1101 1264/1407/1101
f 1171/1412/1101 1172/1405/1101 1472/1410/1101
f 1448/1411/1101 1264/1407/1101 1265/1413/1101
f 1171/1412/1101 1472/1410/1101 1473/1414/1101
f 1171/1412/1101 1473/1414/1101 1474/1415/1101
f 1284/1416/1101 1285/1418/1101 1286/1417/1101
f 1447/1419/1101 1448/1411/1101 1265/1413/1101
f 1284/1416/1101 1286/1417/1101 1287/1420/1101
f 1447/1419/1101 1265/1413/1101 1266/1421/1101
f 1171/1412/1101 1474/1415/1101 1475/1422/1101
f 1170/1423/1101 1171/1412/1101 1475/1422/1101
f 1170/1423/1101 1475/1422/1101 1476/1424/1101
f 1283/1425/1101 1284/1416/1101 1287/1420/1101
f 1446/1426/1101 1447/1419/1101 1266/1421/1101
f 1170/1423/1101 1476/1424/1101 1477/1427/1101
f 1446/1426/1101 1266/1421/1101 1267/1428/1101
f 1282/1429/1101 1283/1425/1101 1287/1420/1101
f 1170/1423/1101 1477/1427/1101 1478/1430/1101
f 1169/1431/1101 1170/1423/1101 1478/1430/1101
f 1281/1432/1101 1282/1429/1101 1287/1420/1101
f 1445/1433/1101 1446/1426/1101 1267/1428/1101
f 1169/1431/1101 1478/1430/1101 1479/1434/1101
f 1280/1435/1101 1281/1432/1101 1287/1420/1101
f 1445/1433/1101 1267/1428/1101 1268/1436/1101
f 1169/1431/1101 1479/1434/1101 1445/1433/1101
f 1168/1437/1101 1169/1431/1101 1445/1433/1101
f 1168/1437/1101 1445/1433/1101 1268/1436/1101
f 1168/1437/1101 1268/1436/1101 1269/1438/1101
f 1280/1435/1101 1287/1420/1101 1288/1439/1101
f 1279/1440/1101 1280/1435/1101 1288/1439/1101
f 1167/1441/1101 1168/1437/1101 1269/1438/1101
f 1167/1441/1101 1269/1438/1101 1270/1442/1101
f 1167/1441/1101 1270/1442/1101 1271/1443/1101
f 1166/1444/1101 1167/1441/1101 1271/1443/1101
f 1166/1444/1101 1271/1443/1101 1272/1445/1101
f 1166/1444/1101 1272/1445/1101 1273/1446/1101
f 1165/1447/1101 1166/1444/1101 1273/1446/1101
f 1165/1447/1101 1273/1446/1101 1274/1448/1101
f 1165/1447/1101 1274/1448/1101 1275/1449/1101
f 1164/1450/1101 1165/1447/1101 1275/1449/1101
f 1164/1450/1101 1275/1449/1101 1276/1451/1101
f 1164/1450/1101 1276/1451/1101 1277/1452/1101
f 1163/1453/1101 1164/1450/1101 1277/1452/1101
f 1162/1454/1101 1163/1453/1101 1277/1452/1101
f 1162/1454/1101 1277/1452/1101 1278/1455/1101
f 1161/1456/1101 1162/1454/1101 1278/1455/1101
f 1161/1456/1101 1278/1455/1101 1279/1440/1101
f 1160/1457/1101 1161/1456/1101 1279/1440/1101
f 1160/1457/1101 1279/1440/1101 1288/1439/1101
f 1159/1458/1101 1160/1457/1101 1288/1439/1101
f 1158/1459/1101 1159/1458/1101 1288/1439/1101
f 1157/1460/1101 1158/1459/1101 1288/1439/1101
f 1156/1461/1101 1157/1460/1101 1288/1439/1101
f 1156/1461/1101 1288/1439/1101 1289/1462/1101
f 1155/1463/1101 1156/1461/1101 1289/1462/1101
f 1154/1464/1101 1155/1463/1101 1124/1465/1101
f 1124/1465/1101 1155/1463/1101 1289/1462/1101
f 1154/1464/1101 1124/1465/1101 1125/1466/1101
f 1154/1464/1101 1125/1466/1101 1126/1467/1101
f 1124/1465/1101 1289/1462/1101 1290/1468/1101
f 1419/1469/1101 1124/1465/1101 1290/1468/1101
f 1153/1470/1101 1154/1464/1101 1126/1467/1101
f 1419/1469/1101 1290/1468/1101 1291/1471/1101
f 1419/1469/1101 1291/1471/1101 1292/1472/1101
f 1419/1469/1101 1292/1472/1101 1293/1473/1101
f 1418/1474/1101 1419/1469/1101 1293/1473/1101
f 1153/1470/1101 1126/1467/1101 1127/1475/1101
f 1418/1474/1101 1293/1473/1101 1294/1476/1101
f 1417/1477/1101 1418/1474/1101 1294/1476/1101
f 1417/1477/1101 1294/1476/1101 1295/1478/1101
f 1416/1479/1101 1417/1477/1101 1295/1478/1101
f 1416/1479/1101 1295/1478/1101 1296/1480/1101
f 1415/1481/1101 1416/1479/1101 1296/1480/1101
f 1414/1482/1101 1415/1481/1101 1296/1480/1101
f 1152/1483/1101 1153/1470/1101 1127/1475/1101
f 1413/1484/1101 1414/1482/1101 1296/1480/1101
f 1412/1485/1101 1413/1484/1101 1296/1480/1101
f 1412/1485/1101 1296/1480/1101 1297/1486/1101
f 1152/1483/1101 1127/1475/1101 1128/1487/1101
f 1412/1485/1101 1297/1486/1101 1298/1488/1101
f 1151/1489/1101 1152/1483/1101 1128/1487/1101
f 1151/1489/1101 1128/1487/1101 1129/1490/1101
f 1412/1485/1101 1298/1488/1101 1299/1491/1101
f 1150/1492/1101 1151/1489/1101 1129/1490/1101
f 1150/1492/1101 1129/1490/1101 1130/1493/1101
f 1412/1485/1101 1299/1491/1101 1432/1494/1101
f 1432/1494/1101 1299/1491/1101 1300/1495/1101
f 1150/1492/1101 1130/1493/1101 1131/1496/1101
f 1149/1497/1101 1150/1492/1101 1131/1496/1101
f 1411/1498/1101 1412/1485/1101 1432/1494/1101
f 1431/1499/1101 1432/1494/1101 1300/1495/1101
f 1149/1497/1101 1131/1496/1101 1132/1500/1101
f 1148/1501/1101 1149/1497/1101 1132/1500/1101
f 1431/1499/1101 1300/1495/1101 1301/1502/1101
f 1430/1503/1101 1431/1499/1101 1301/1502/1101
f 1148/1501/1101 1132/1500/1101 1133/1504/1101
f 1147/1505/1101 1148/1501/1101 1133/1504/1101
f 1429/1506/1101 1430/1503/1101 1301/1502/1101
f 1147/1505/1101 1133/1504/1101 1134/1507/1101
f 1146/1508/1101 1147/1505/1101 1134/1507/1101
f 1429/1506/1101 1301/1502/1101 1302/1509/1101
f 1145/1510/1101 1146/1508/1101 1134/1507/1101
f 1144/1511/1101 1145/1510/1101 1134/1507/1101
f 1143/1512/1101 1144/1511/1101 1134/1507/1101
f 1142/1513/1101 1143/1512/1101 1134/1507/1101
f 1141/1514/1101 1142/1513/1101 1134/1507/1101
f 1140/1515/1101 1141/1514/1101 1134/1507/1101
f 1139/1516/1101 1140/1515/1101 1134/1507/1101
f 1138/1517/1101 1139/1516/1101 1134/1507/1101
f 1137/1518/1101 1138/1517/1101 1134/1507/1101
f 1136/1519/1101 1137/1518/1101 1134/1507/1101
f 1135/1520/1101 1136/1519/1101 1134/1507/1101
f 1428/1521/1101 1429/1506/1101 1302/1509/1101
f 1428/1521/1101 1302/1509/1101 1303/1522/1101
f 1427/1523/1101 1428/1521/1101 1303/1522/1101
f 1427/1523/1101 1303/1522/1101 1304/1524/1101
f 1426/1525/1101 1427/1523/1101 1304/1524/1101
f 1425/1526/1101 1426/1525/1101 1304/1524/1101
f 1425/1526/1101 1304/1524/1101 1305/1527/1101
f 1411/1498/1101 1432/1494/1101 1433/1528/1101
f 1424/1529/1101 1425/1526/1101 1305/1527/1101
f 1424/1529/1101 1305/1527/1101 1306/1530/1101
f 1423/1531/1101 1424/1529/1101 1306/1530/1101
f 1423/1531/1101 1306/1530/1101 1307/1532/1101
f 1422/1533/1101 1423/1531/1101 1307/1532/1101
f 1422/1533/1101 1307/1532/1101 1308/1534/1101
f 1421/1535/1101 1422/1533/1101 1308/1534/1101
f 1420/1536/1101 1421/1535/1101 1308/1534/1101
f 1387/1537/1101 1388/1539/1101 1389/1538/1101
f 1387/1537/1101 1389/1538/1101 1390/1540/1101
f 1420/1536/1101 1308/1534/1101 1309/1541/1101
f 1444/1542/1101 1420/1536/1101 1309/1541/1101
f 1387/1537/1101 1390/1540/1101 1391/1543/1101
f 1444/1542/1101 1309/1541/1101 1310/1544/1101
f 1443/1545/1101 1444/1542/1101 1310/1544/1101
f 1387/1537/1101 1391/1543/1101 1392/1546/1101
f 1386/1547/1101 1387/1537/1101 1392/1546/1101
f 1442/1548/1101 1443/1545/1101 1310/1544/1101
f 1386/1547/1101 1392/1546/1101 1393/1549/1101
f 1442/1548/1101 1310/1544/1101 1311/1550/1101
f 1410/1551/1101 1411/1498/1101 1433/1528/1101
f 1441/1552/1101 1442/1548/1101 1311/1550/1101
f 1386/1547/1101 1393/1549/1101 1394/1553/1101
f 1385/1554/1101 1386/1547/1101 1394/1553/1101
f 1441/1552/1101 1311/1550/1101 1312/1555/1101
f 1384/1556/1101 1385/1554/1101 1394/1553/1101
f 1383/1557/1101 1384/1556/1101 1394/1553/1101
f 1440/1558/1101 1441/1552/1101 1312/1555/1101
f 1383/1557/1101 1394/1553/1101 1395/1559/1101
f 1382/1560/1101 1383/1557/1101 1395/1559/1101
f 1381/1561/1101 1382/1560/1101 1395/1559/1101
f 1440/1558/1101 1312/1555/1101 1313/1562/1101
f 1380/1563/1101 1381/1561/1101 1395/1559/1101
f 1439/1564/1101 1440/1558/1101 1313/1562/1101
f 1380/1563/1101 1395/1559/1101 1396/1565/1101
f 1379/1566/1101 1380/1563/1101 1396/1565/1101
f 1439/1564/1101 1313/1562/1101 1314/1567/1101
f 1438/1568/1101 1439/1564/1101 1314/1567/1101
f 1379/1566/1101 1396/1565/1101 1397/1569/1101
f 1378/1570/1101 1379/1566/1101 1397/1569/1101
f 1437/1571/1101 1438/1568/1101 1314/1567/1101
f 1437/1571/1101 1314/1567/1101 1315/1572/1101
f 1378/1570/1101 1397/1569/1101 1398/1573/1101
f 1377/1574/1101 1378/1570/1101 1398/1573/1101
f 1436/1575/1101 1437/1571/1101 1315/1572/1101
f 1377/1574/1101 1398/1573/1101 1399/1576/1101
f 1436/1575/1101 1315/1572/1101 1316/1577/1101
f 1376/1578/1101 1377/1574/1101 1399/1576/1101
f 1435/1579/1101 1436/1575/1101 1316/1577/1101
f 1376/1578/1101 1399/1576/1101 1400/1580/1101
f 1409/1581/1101 1410/1551/1101 1433/1528/1101
f 1435/1579/1101 1316/1577/1101 1317/1582/1101
f 1434/1583/1101 1435/1579/1101 1317/1582/1101
f 1375/1584/1101 1376/1578/1101 1400/1580/1101
f 1375/1584/1101 1400/1580/1101 1401/1585/1101
f 1408/1586/1101 1409/1581/1101 1433/1528/1101
f 1433/1528/1101 1434/1583/1101 1317/1582/1101
f 1408/1586/1101 1433/1528/1101 1317/1582/1101
f 1407/1587/1101 1408/1586/1101 1317/1582/1101
f 1407/1587/1101 1317/1582/1101 1318/1588/1101
f 1375/1584/1101 1401/1585/1101 1402/1589/1101
f 1374/1590/1101 1375/1584/1101 1402/1589/1101
f 1406/1591/1101 1407/1587/1101 1318/1588/1101
f 1405/1592/1101 1406/1591/1101 1318/1588/1101
f 1374/1590/1101 1402/1589/1101 1403/1593/1101
f 1404/1594/1101 1405/1592/1101 1318/1588/1101
f 1374/1590/1101 1403/1593/1101 1404/1594/1101
f 1374/1590/1101 1404/1594/1101 1318/1588/1101
f 1374/1590/1101 1318/1588/1101 1319/1595/1101
f 1373/1596/1101 1374/1590/1101 1319/1595/1101
f 1372/1597/1101 1373/1596/1101 1319/1595/1101
f 1372/1597/1101 1319/1595/1101 1320/1598/1101
f 1371/1599/1101 1372/1597/1101 1320/1598/1101
f 1371/1599/1101 1320/1598/1101 1321/1600/1101
f 1370/1601/1101 1371/1599/1101 1321/1600/1101
f 1370/1601/1101 1321/1600/1101 1322/1602/1101
f 1369/1603/1101 1370/1601/1101 1322/1602/1101
f 1369/1603/1101 1322/1602/1101 1323/1604/1101
f 1369/1603/1101 1323/1604/1101 1324/1605/1101
f 1368/1606/1101 1369/1603/1101 1324/1605/1101
f 1368/1606/1101 1324/1605/1101 1325/1607/1101
f 1368/1606/1101 1325/1607/1101 1326/1608/1101
f 1367/1609/1101 1368/1606/1101 1326/1608/1101
f 1366/1610/1101 1367/1609/1101 1326/1608/1101
f 1366/1610/1101 1326/1608/1101 1327/1611/1101
f 1365/1612/1101 1366/1610/1101 1327/1611/1101
f 1365/1612/1101 1327/1611/1101 1328/1613/1101
f 1364/1614/1101 1365/1612/1101 1328/1613/1101
f 1363/1615/1101 1364/1614/1101 1328/1613/1101
f 1363/1615/1101 1328/1613/1101 1329/1616/1101
f 1362/1617/1101 1363/1615/1101 1329/1616/1101
f 1349/1618/1101 1350/1620/1101 1351/1619/1101
f 1348/1621/1101 1349/1618/1101 1351/1619/1101
f 1361/1622/1101 1362/1617/1101 1329/1616/1101
f 1347/1623/1101 1348/1621/1101 1351/1619/1101
f 1361/1622/1101 1329/1616/1101 1330/1624/1101
f 1346/1625/1101 1347/1623/1101 1351/1619/1101
f 1360/1626/1101 1361/1622/1101 1330/1624/1101
f 1345/1627/1101 1346/1625/1101 1351/1619/1101
f 1360/1626/1101 1330/1624/1101 1331/1628/1101
f 1344/1629/1101 1345/1627/1101 1351/1619/1101
f 1360/1626/1101 1331/1628/1101 1332/1630/1101
f 1343/1631/1101 1344/1629/1101 1351/1619/1101
f 1360/1626/1101 1332/1630/1101 1333/1632/1101
f 1342/1633/1101 1343/1631/1101 1351/1619/1101
f 1360/1626/1101 1333/1632/1101 1334/1634/1101
f 1359/1635/1101 1360/1626/1101 1334/1634/1101
f 1341/1636/1101 1342/1633/1101 1351/1619/1101
f 1359/1635/1101 1334/1634/1101 1335/1637/1101
f 1359/1635/1101 1335/1637/1101 1336/1638/1101
f 1340/1639/1101 1341/1636/1101 1351/1619/1101
f 1359/1635/1101 1336/1638/1101 1337/1640/1101
f 1339/1641/1101 1340/1639/1101 1351/1619/1101
f 1359/1635/1101 1337/1640/1101 1338/1642/1101
f 1359/1635/1101 1338/1642/1101 1339/1641/1101
f 1359/1635/1101 1339/1641/1101 1351/1619/1101
f 1359/1635/1101 1351/1619/1101 1352/1643/1101
f 1358/1644/1101 1359/1635/1101 1352/1643/1101
f 1358/1644/1101 1352/1643/1101 1353/1645/1101
f 1358/1644/1101 1353/1645/1101 1354/1646/1101
f 1357/1647/1101 1358/1644/1101 1354/1646/1101
f 1357/1647/1101 1354/1646/1101 1355/1648/1101
f 1357/1647/1101 1355/1648/1101 1356/1649/1101
f 1592/1280/1102 1594/1650/1102 1593/1282/1102
f 1564/1651/1102 1566/1284/1102 1565/1285/1102
f 1594/1650/1102 1596/1286/1102 1595/1287/1102
f 1592/1280/1102 1596/1286/1102 1594/1650/1102
f 1564/1651/1102 1567/1288/1102 1566/1284/1102
f 1591/1289/1102 1596/1286/1102 1592/1280/1102
f 1564/1651/1102 1568/1290/1102 1567/1288/1102
f 1590/1291/1102 1596/1286/1102 1591/1289/1102
f 1564/1651/1102 1569/1292/1102 1568/1290/1102
f 1589/1293/1102 1596/1286/1102 1590/1291/1102
f 1588/1294/1102 1596/1286/1102 1589/1293/1102
f 1564/1651/1102 1570/1295/1102 1569/1292/1102
f 1564/1651/1102 1571/1296/1102 1570/1295/1102
f 1563/1297/1102 1571/1296/1102 1564/1651/1102
f 1588/1294/1102 1597/1298/1102 1596/1286/1102
f 1587/1652/1102 1597/1298/1102 1588/1294/1102
f 1562/1653/1102 1571/1296/1102 1563/1297/1102
f 1561/1301/1102 1571/1296/1102 1562/1653/1102
f 1587/1652/1102 1598/1302/1102 1597/1298/1102
f 1560/1303/1102 1571/1296/1102 1561/1301/1102
f 1587/1652/1102 1599/1304/1102 1598/1302/1102
f 1586/1305/1102 1599/1304/1102 1587/1652/1102
f 1586/1305/1102 1600/1306/1102 1599/1304/1102
f 1559/1654/1102 1571/1296/1102 1560/1303/1102
f 1559/1654/1102 1572/1655/1102 1571/1296/1102
f 1558/1309/1102 1572/1655/1102 1559/1654/1102
f 1586/1305/1102 1601/1656/1102 1600/1306/1102
f 1585/1311/1102 1601/1656/1102 1586/1305/1102
f 1558/1309/1102 1573/1657/1102 1572/1655/1102
f 1575/1313/1102 1577/1314/1102 1576/1315/1102
f 1574/1316/1102 1577/1314/1102 1575/1313/1102
f 1584/1317/1102 1601/1656/1102 1585/1311/1102
f 1574/1316/1102 1578/1658/1102 1577/1314/1102
f 1574/1316/1102 1579/1319/1102 1578/1658/1102
f 1583/1320/1102 1601/1656/1102 1584/1317/1102
f 1574/1316/1102 1580/1659/1102 1579/1319/1102
f 1582/1322/1102 1601/1656/1102 1583/1320/1102
f 1573/1657/1102 1580/1659/1102 1574/1316/1102
f 1581/1323/1102 1601/1656/1102 1582/1322/1102
f 1573/1657/1102 1581/1323/1102 1580/1659/1102
f 1573/1657/1102 1601/1656/1102 1581/1323/1102
f 1558/1309/1102 1601/1656/1102 1573/1657/1102
f 1558/1309/1102 1602/1660/1102 1601/1656/1102
f 1558/1309/1102 1858/1325/1102 1602/1660/1102
f 1859/1326/1102 1858/1325/1102 1558/1309/1102
f 1857/1327/1102 1602/1660/1102 1858/1325/1102
f 1558/1309/1102 1860/1328/1102 1859/1326/1102
f 1856/1329/1102 1602/1660/1102 1857/1327/1102
f 1558/1309/1102 1861/1330/1102 1860/1328/1102
f 1557/1331/1102 1861/1330/1102 1558/1309/1102
f 1856/1329/1102 1603/1332/1102 1602/1660/1102
f 1855/1333/1102 1603/1332/1102 1856/1329/1102
f 1557/1331/1102 1862/1334/1102 1861/1330/1102
f 1854/1335/1102 1603/1332/1102 1855/1333/1102
f 1557/1331/1102 1863/1336/1102 1862/1334/1102
f 1556/1661/1102 1863/1336/1102 1557/1331/1102
f 1853/1338/1102 1603/1332/1102 1854/1335/1102
f 1556/1661/1102 1850/1339/1102 1863/1336/1102
f 1852/1662/1102 1603/1332/1102 1853/1338/1102
f 1555/1341/1102 1850/1339/1102 1556/1661/1102
f 1554/1342/1102 1850/1339/1102 1555/1341/1102
f 1553/1343/1102 1850/1339/1102 1554/1342/1102
f 1552/1344/1102 1850/1339/1102 1553/1343/1102
f 1551/1345/1102 1850/1339/1102 1552/1344/1102
f 1550/1663/1102 1850/1339/1102 1551/1345/1102
f 1625/1347/1102 1603/1332/1102 1852/1662/1102
f 1852/1662/1102 1626/1348/1102 1625/1347/1102
f 1624/1349/1102 1603/1332/1102 1625/1347/1102
f 1549/1350/1102 1850/1339/1102 1550/1663/1102
f 1623/1351/1102 1603/1332/1102 1624/1349/1102
f 1623/1351/1102 1604/1664/1102 1603/1332/1102
f 1548/1353/1102 1850/1339/1102 1549/1350/1102
f 1547/1354/1102 1827/1355/1102 1548/1353/1102
f 1827/1355/1102 1850/1339/1102 1548/1353/1102
f 1622/1356/1102 1604/1664/1102 1623/1351/1102
f 1622/1356/1102 1605/1665/1102 1604/1664/1102
f 1622/1356/1102 1606/1358/1102 1605/1665/1102
f 1621/1359/1102 1606/1358/1102 1622/1356/1102
f 1621/1359/1102 1607/1360/1102 1606/1358/1102
f 1827/1355/1102 1851/1666/1102 1850/1339/1102
f 1621/1359/1102 1608/1362/1102 1607/1360/1102
f 1547/1354/1102 1828/1363/1102 1827/1355/1102
f 1826/1364/1102 1851/1666/1102 1827/1355/1102
f 1621/1359/1102 1609/1365/1102 1608/1362/1102
f 1620/1366/1102 1609/1365/1102 1621/1359/1102
f 1620/1366/1102 1610/1367/1102 1609/1365/1102
f 1546/1368/1102 1828/1363/1102 1547/1354/1102
f 1619/1369/1102 1610/1367/1102 1620/1366/1102
f 1546/1368/1102 1829/1370/1102 1828/1363/1102
f 1619/1369/1102 1611/1371/1102 1610/1367/1102
f 1852/1662/1102 1627/1372/1102 1626/1348/1102
f 1618/1373/1102 1611/1371/1102 1619/1369/1102
f 1851/1666/1102 1627/1372/1102 1852/1662/1102
f 1546/1368/1102 1830/1374/1102 1829/1370/1102
f 1617/1375/1102 1611/1371/1102 1618/1373/1102
f 1825/1376/1102 1851/1666/1102 1826/1364/1102
f 1545/1377/1102 1830/1374/1102 1546/1368/1102
f 1545/1377/1102 1831/1378/1102 1830/1374/1102
f 1616/1379/1102 1611/1371/1102 1617/1375/1102
f 1851/1666/1102 1628/1380/1102 1627/1372/1102
f 1545/1377/1102 1832/1381/1102 1831/1378/1102
f 1615/1382/1102 1611/1371/1102 1616/1379/1102
f 1615/1382/1102 1612/1383/1102 1611/1371/1102
f 1824/1384/1102 1851/1666/1102 1825/1376/1102
f 1614/1385/1102 1612/1383/1102 1615/1382/1102
f 1544/1386/1102 1832/1381/1102 1545/1377/1102
f 1544/1386/1102 1833/1387/1102 1832/1381/1102
f 1851/1666/1102 1629/1388/1102 1628/1380/1102
f 1613/1389/1102 1612/1383/1102 1614/1385/1102
f 1544/1386/1102 1834/1390/1102 1833/1387/1102
f 1823/1391/1102 1851/1666/1102 1824/1384/1102
f 1544/1386/1102 1835/1392/1102 1834/1390/1102
f 1851/1666/1102 1630/1393/1102 1629/1388/1102
f 1543/1394/1102 1835/1392/1102 1544/1386/1102
f 1543/1394/1102 1836/1395/1102 1835/1392/1102
f 1822/1396/1102 1851/1666/1102 1823/1391/1102
f 1851/1666/1102 1631/1397/1102 1630/1393/1102
f 1543/1394/1102 1837/1398/1102 1836/1395/1102
f 1822/1396/1102 1631/1397/1102 1851/1666/1102
f 1542/1399/1102 1837/1398/1102 1543/1394/1102
f 1821/1400/1102 1631/1397/1102 1822/1396/1102
f 1542/1399/1102 1838/1401/1102 1837/1398/1102
f 1821/1400/1102 1632/1402/1102 1631/1397/1102
f 1542/1399/1102 1839/1403/1102 1838/1401/1102
f 1820/1404/1102 1632/1402/1102 1821/1400/1102
f 1541/1405/1102 1839/1403/1102 1542/1399/1102
f 1541/1405/1102 1840/1406/1102 1839/1403/1102
f 1820/1404/1102 1633/1407/1102 1632/1402/1102
f 1819/1408/1102 1633/1407/1102 1820/1404/1102
f 1541/1405/1102 1841/1409/1102 1840/1406/1102
f 1541/1405/1102 1842/1410/1102 1841/1409/1102
f 1818/1411/1102 1633/1407/1102 1819/1408/1102
f 1540/1412/1102 1842/1410/1102 1541/1405/1102
f 1818/1411/1102 1634/1413/1102 1633/1407/1102
f 1540/1412/1102 1843/1414/1102 1842/1410/1102
f 1540/1412/1102 1844/1415/1102 1843/1414/1102
f 1653/1416/1102 1655/1417/1102 1654/1418/1102
f 1817/1419/1102 1634/1413/1102 1818/1411/1102
f 1653/1416/1102 1656/1420/1102 1655/1417/1102
f 1817/1419/1102 1635/1421/1102 1634/1413/1102
f 1540/1412/1102 1845/1422/1102 1844/1415/1102
f 1539/1423/1102 1845/1422/1102 1540/1412/1102
f 1539/1423/1102 1846/1424/1102 1845/1422/1102
f 1652/1425/1102 1656/1420/1102 1653/1416/1102
f 1816/1426/1102 1635/1421/1102 1817/1419/1102
f 1539/1423/1102 1847/1427/1102 1846/1424/1102
f 1816/1426/1102 1636/1667/1102 1635/1421/1102
f 1651/1668/1102 1656/1420/1102 1652/1425/1102
f 1539/1423/1102 1848/1430/1102 1847/1427/1102
f 1538/1431/1102 1848/1430/1102 1539/1423/1102
f 1650/1432/1102 1656/1420/1102 1651/1668/1102
f 1815/1433/1102 1636/1667/1102 1816/1426/1102
f 1538/1431/1102 1849/1669/1102 1848/1430/1102
f 1649/1670/1102 1656/1420/1102 1650/1432/1102
f 1815/1433/1102 1637/1671/1102 1636/1667/1102
f 1538/1431/1102 1815/1433/1102 1849/1669/1102
f 1537/1437/1102 1815/1433/1102 1538/1431/1102
f 1537/1437/1102 1637/1671/1102 1815/1433/1102
f 1537/1437/1102 1638/1672/1102 1637/1671/1102
f 1649/1670/1102 1657/1673/1102 1656/1420/1102
f 1648/1674/1102 1657/1673/1102 1649/1670/1102
f 1536/1441/1102 1638/1672/1102 1537/1437/1102
f 1536/1441/1102 1639/1675/1102 1638/1672/1102
f 1536/1441/1102 1640/1443/1102 1639/1675/1102
f 1535/1676/1102 1640/1443/1102 1536/1441/1102
f 1535/1676/1102 1641/1677/1102 1640/1443/1102
f 1535/1676/1102 1642/1678/1102 1641/1677/1102
f 1534/1679/1102 1642/1678/1102 1535/1676/1102
f 1534/1679/1102 1643/1448/1102 1642/1678/1102
f 1534/1679/1102 1644/1449/1102 1643/1448/1102
f 1533/1450/1102 1644/1449/1102 1534/1679/1102
f 1533/1450/1102 1645/1680/1102 1644/1449/1102
f 1533/1450/1102 1646/1681/1102 1645/1680/1102
f 1532/1453/1102 1646/1681/1102 1533/1450/1102
f 1531/1454/1102 1646/1681/1102 1532/1453/1102
f 1531/1454/1102 1647/1455/1102 1646/1681/1102
f 1530/1456/1102 1647/1455/1102 1531/1454/1102
f 1530/1456/1102 1648/1674/1102 1647/1455/1102
f 1529/1457/1102 1648/1674/1102 1530/1456/1102
f 1529/1457/1102 1657/1673/1102 1648/1674/1102
f 1528/1458/1102 1657/1673/1102 1529/1457/1102
f 1527/1459/1102 1657/1673/1102 1528/1458/1102
f 1526/1460/1102 1657/1673/1102 1527/1459/1102
f 1525/1682/1102 1657/1673/1102 1526/1460/1102
f 1525/1682/1102 1658/1683/1102 1657/1673/1102
f 1524/1463/1102 1658/1683/1102 1525/1682/1102
f 1523/1464/1102 1789/1684/1102 1524/1463/1102
f 1789/1684/1102 1658/1683/1102 1524/1463/1102
f 1523/1464/1102 1494/1685/1102 1789/1684/1102
f 1523/1464/1102 1495/1467/1102 1494/1685/1102
f 1789/1684/1102 1659/1468/1102 1658/1683/1102
f 1788/1469/1102 1659/1468/1102 1789/1684/1102
f 1522/1470/1102 1495/1467/1102 1523/1464/1102
f 1788/1469/1102 1660/1471/1102 1659/1468/1102
f 1788/1469/1102 1661/1472/1102 1660/1471/1102
f 1788/1469/1102 1662/1473/1102 1661/1472/1102
f 1787/1474/1102 1662/1473/1102 1788/1469/1102
f 1522/1470/1102 1496/1475/1102 1495/1467/1102
f 1787/1474/1102 1663/1476/1102 1662/1473/1102
f 1786/1686/1102 1663/1476/1102 1787/1474/1102
f 1786/1686/1102 1664/1478/1102 1663/1476/1102
f 1785/1479/1102 1664/1478/1102 1786/1686/1102
f 1785/1479/1102 1665/1687/1102 1664/1478/1102
f 1784/1481/1102 1665/1687/1102 1785/1479/1102
f 1783/1482/1102 1665/1687/1102 1784/1481/1102
f 1521/1688/1102 1496/1475/1102 1522/1470/1102
f 1782/1484/1102 1665/1687/1102 1783/1482/1102
f 1781/1485/1102 1665/1687/1102 1782/1484/1102
f 1781/1485/1102 1666/1486/1102 1665/1687/1102
f 1521/1688/1102 1497/1487/1102 1496/1475/1102
f 1781/1485/1102 1667/1488/1102 1666/1486/1102
f 1520/1489/1102 1497/1487/1102 1521/1688/1102
f 1520/1489/1102 1498/1490/1102 1497/1487/1102
f 1781/1485/1102 1668/1491/1102 1667/1488/1102
f 1519/1492/1102 1498/1490/1102 1520/1489/1102
f 1519/1492/1102 1499/1493/1102 1498/1490/1102
f 1781/1485/1102 1802/1494/1102 1668/1491/1102
f 1802/1494/1102 1669/1495/1102 1668/1491/1102
f 1519/1492/1102 1500/1496/1102 1499/1493/1102
f 1518/1497/1102 1500/1496/1102 1519/1492/1102
f 1780/1689/1102 1802/1494/1102 1781/1485/1102
f 1801/1499/1102 1669/1495/1102 1802/1494/1102
f 1518/1497/1102 1501/1500/1102 1500/1496/1102
f 1517/1501/1102 1501/1500/1102 1518/1497/1102
f 1801/1499/1102 1670/1502/1102 1669/1495/1102
f 1800/1503/1102 1670/1502/1102 1801/1499/1102
f 1517/1501/1102 1502/1504/1102 1501/1500/1102
f 1516/1505/1102 1502/1504/1102 1517/1501/1102
f 1799/1506/1102 1670/1502/1102 1800/1503/1102
f 1516/1505/1102 1503/1507/1102 1502/1504/1102
f 1515/1508/1102 1503/1507/1102 1516/1505/1102
f 1799/1506/1102 1671/1509/1102 1670/1502/1102
f 1514/1510/1101 1503/1507/1103 1515/1508/1101
f 1513/1511/1101 1503/1507/1103 1514/1510/1101
f 1512/1512/1101 1503/1507/1103 1513/1511/1101
f 1511/1513/1101 1503/1507/1103 1512/1512/1101
f 1510/1514/1101 1503/1507/1103 1511/1513/1101
f 1509/1515/1101 1503/1507/1103 1510/1514/1101
f 1508/1516/1102 1503/1507/1102 1509/1515/1102
f 1507/1517/1101 1503/1507/1104 1508/1516/1101
f 1506/1518/1101 1503/1507/1104 1507/1517/1101
f 1505/1519/1101 1503/1507/1104 1506/1518/1101
f 1504/1520/1101 1503/1507/1104 1505/1519/1101
f 1798/1521/1102 1671/1509/1102 1799/1506/1102
f 1798/1521/1102 1672/1522/1102 1671/1509/1102
f 1797/1523/1102 1672/1522/1102 1798/1521/1102
f 1797/1523/1102 1673/1524/1102 1672/1522/1102
f 1796/1525/1102 1673/1524/1102 1797/1523/1102
f 1795/1526/1102 1673/1524/1102 1796/1525/1102
f 1795/1526/1102 1674/1527/1102 1673/1524/1102
f 1780/1689/1102 1803/1690/1102 1802/1494/1102
f 1794/1529/1102 1674/1527/1102 1795/1526/1102
f 1794/1529/1102 1675/1530/1102 1674/1527/1102
f 1793/1531/1102 1675/1530/1102 1794/1529/1102
f 1793/1531/1102 1676/1532/1102 1675/1530/1102
f 1792/1533/1102 1676/1532/1102 1793/1531/1102
f 1792/1533/1102 1677/1534/1102 1676/1532/1102
f 1791/1535/1102 1677/1534/1102 1792/1533/1102
f 1790/1536/1102 1677/1534/1102 1791/1535/1102
f 1756/1537/1102 1758/1692/1102 1757/1691/1102
f 1756/1537/1102 1759/1540/1102 1758/1692/1102
f 1790/1536/1102 1678/1541/1102 1677/1534/1102
f 1814/1542/1102 1678/1541/1102 1790/1536/1102
f 1756/1537/1102 1760/1543/1102 1759/1540/1102
f 1814/1542/1102 1679/1544/1102 1678/1541/1102
f 1813/1545/1102 1679/1544/1102 1814/1542/1102
f 1756/1537/1102 1761/1546/1102 1760/1543/1102
f 1755/1693/1102 1761/1546/1102 1756/1537/1102
f 1812/1548/1102 1679/1544/1102 1813/1545/1102
f 1755/1693/1102 1762/1549/1102 1761/1546/1102
f 1812/1548/1102 1680/1550/1102 1679/1544/1102
f 1779/1551/1102 1803/1690/1102 1780/1689/1102
f 1811/1552/1102 1680/1550/1102 1812/1548/1102
f 1755/1693/1102 1763/1553/1102 1762/1549/1102
f 1754/1554/1102 1763/1553/1102 1755/1693/1102
f 1811/1552/1102 1681/1555/1102 1680/1550/1102
f 1753/1556/1102 1763/1553/1102 1754/1554/1102
f 1752/1557/1102 1763/1553/1102 1753/1556/1102
f 1810/1558/1102 1681/1555/1102 1811/1552/1102
f 1752/1557/1102 1764/1559/1102 1763/1553/1102
f 1751/1560/1102 1764/1559/1102 1752/1557/1102
f 1750/1561/1102 1764/1559/1102 1751/1560/1102
f 1810/1558/1102 1682/1562/1102 1681/1555/1102
f 1749/1563/1102 1764/1559/1102 1750/1561/1102
f 1809/1564/1102 1682/1562/1102 1810/1558/1102
f 1749/1563/1102 1765/1565/1102 1764/1559/1102
f 1748/1566/1102 1765/1565/1102 1749/1563/1102
f 1809/1564/1102 1683/1567/1102 1682/1562/1102
f 1808/1568/1102 1683/1567/1102 1809/1564/1102
f 1748/1566/1102 1766/1569/1102 1765/1565/1102
f 1747/1570/1102 1766/1569/1102 1748/1566/1102
f 1807/1571/1102 1683/1567/1102 1808/1568/1102
f 1807/1571/1102 1684/1572/1102 1683/1567/1102
f 1747/1570/1102 1767/1573/1102 1766/1569/1102
f 1746/1574/1102 1767/1573/1102 1747/1570/1102
f 1806/1575/1102 1684/1572/1102 1807/1571/1102
f 1746/1574/1102 1768/1576/1102 1767/1573/1102
f 1806/1575/1102 1685/1577/1102 1684/1572/1102
f 1745/1578/1102 1768/1576/1102 1746/1574/1102
f 1805/1579/1102 1685/1577/1102 1806/1575/1102
f 1745/1578/1102 1769/1580/1102 1768/1576/1102
f 1778/1581/1102 1803/1690/1102 1779/1551/1102
f 1805/1579/1102 1686/1582/1102 1685/1577/1102
f 1804/1583/1102 1686/1582/1102 1805/1579/1102
f 1744/1584/1102 1769/1580/1102 1745/1578/1102
f 1744/1584/1102 1770/1585/1102 1769/1580/1102
f 1777/1586/1102 1803/1690/1102 1778/1581/1102
f 1803/1690/1102 1686/1582/1102 1804/1583/1102
f 1777/1586/1102 1686/1582/1102 1803/1690/1102
f 1776/1587/1102 1686/1582/1102 1777/1586/1102
f 1776/1587/1102 1687/1588/1102 1686/1582/1102
f 1744/1584/1102 1771/1589/1102 1770/1585/1102
f 1743/1590/1102 1771/1589/1102 1744/1584/1102
f 1775/1591/1102 1687/1588/1102 1776/1587/1102
f 1774/1592/1102 1687/1588/1102 1775/1591/1102
f 1743/1590/1102 1772/1593/1102 1771/1589/1102
f 1773/1594/1102 1687/1588/1102 1774/1592/1102
f 1743/1590/1102 1773/1594/1102 1772/1593/1102
f 1743/1590/1102 1687/1588/1102 1773/1594/1102
f 1743/1590/1102 1688/1595/1102 1687/1588/1102
f 1742/1596/1102 1688/1595/1102 1743/1590/1102
f 1741/1597/1102 1688/1595/1102 1742/1596/1102
f 1741/1597/1102 1689/1598/1102 1688/1595/1102
f 1740/1599/1102 1689/1598/1102 1741/1597/1102
f 1740/1599/1102 1690/1600/1102 1689/1598/1102
f 1739/1601/1102 1690/1600/1102 1740/1599/1102
f 1739/1601/1102 1691/1602/1102 1690/1600/1102
f 1738/1603/1102 1691/1602/1102 1739/1601/1102
f 1738/1603/1102 1692/1694/1102 1691/1602/1102
f 1738/1603/1102 1693/1605/1102 1692/1694/1102
f 1737/1695/1102 1693/1605/1102 1738/1603/1102
f 1737/1695/1102 1694/1607/1102 1693/1605/1102
f 1737/1695/1102 1695/1608/1102 1694/1607/1102
f 1736/1696/1102 1695/1608/1102 1737/1695/1102
f 1735/1610/1102 1695/1608/1102 1736/1696/1102
f 1735/1610/1102 1696/1611/1102 1695/1608/1102
f 1734/1612/1102 1696/1611/1102 1735/1610/1102
f 1734/1612/1102 1697/1613/1102 1696/1611/1102
f 1733/1614/1102 1697/1613/1102 1734/1612/1102
f 1732/1615/1102 1697/1613/1102 1733/1614/1102
f 1732/1615/1102 1698/1697/1102 1697/1613/1102
f 1731/1617/1102 1698/1697/1102 1732/1615/1102
f 1718/1618/1102 1720/1619/1102 1719/1620/1102
f 1717/1621/1102 1720/1619/1102 1718/1618/1102
f 1730/1622/1102 1698/1697/1102 1731/1617/1102
f 1716/1623/1102 1720/1619/1102 1717/1621/1102
f 1730/1622/1102 1699/1624/1102 1698/1697/1102
f 1715/1625/1102 1720/1619/1102 1716/1623/1102
f 1729/1626/1102 1699/1624/1102 1730/1622/1102
f 1714/1627/1102 1720/1619/1102 1715/1625/1102
f 1729/1626/1102 1700/1628/1102 1699/1624/1102
f 1713/1629/1102 1720/1619/1102 1714/1627/1102
f 1729/1626/1102 1701/1630/1102 1700/1628/1102
f 1712/1631/1102 1720/1619/1102 1713/1629/1102
f 1729/1626/1102 1702/1632/1102 1701/1630/1102
f 1711/1633/1102 1720/1619/1102 1712/1631/1102
f 1729/1626/1102 1703/1634/1102 1702/1632/1102
f 1728/1635/1102 1703/1634/1102 1729/1626/1102
f 1710/1636/1102 1720/1619/1102 1711/1633/1102
f 1728/1635/1102 1704/1637/1102 1703/1634/1102
f 1728/1635/1102 1705/1638/1102 1704/1637/1102
f 1709/1639/1102 1720/1619/1102 1710/1636/1102
f 1728/1635/1102 1706/1640/1102 1705/1638/1102
f 1708/1641/1102 1720/1619/1102 1709/1639/1102
f 1728/1635/1102 1707/1698/1102 1706/1640/1102
f 1728/1635/1102 1708/1641/1102 1707/1698/1102
f 1728/1635/1102 1720/1619/1102 1708/1641/1102
f 1728/1635/1102 1721/1699/1102 1720/1619/1102
f 1727/1700/1102 1721/1699/1102 1728/1635/1102
f 1727/1700/1102 1722/1701/1102 1721/1699/1102
f 1727/1700/1102 1723/1646/1102 1722/1701/1102
f 1726/1702/1102 1723/1646/1102 1727/1700/1102
f 1726/1702/1102 1724/1703/1102 1723/1646/1102
f 1726/1702/1102 1725/1649/1102 1724/1703/1102
f 3001/1704/1105 3000/1706/1107 1866/1705/1106
f 1867/1707/1108 2997/1709/1110 1865/1708/1109
f 1866/1705/1106 3000/1706/1107 1868/1710/1111
f 1865/1708/1109 1870/1712/1113 1871/1711/1112
f 2998/1713/1114 1867/1707/1108 1872/1714/1115
f 1873/1715/1116 1868/1710/1111 2999/1716/1117
f 1874/1717/1118 1869/1718/1119 1866/1705/1106
f 1866/1705/1106 1873/1715/1116 1876/1719/1120
f 1879/1720/1121 1865/1708/1109 1878/1721/1122
f 1877/1722/1123 1866/1705/1106 1886/1723/1124
f 1880/1724/1125 1872/1714/1115 1879/1720/1121
f 1880/1724/1125 1875/1725/1126 1872/1714/1115
f 1886/1723/1124 1876/1719/1120 1881/1726/1127
f 1884/1727/1128 1880/1724/1125 1879/1720/1121
f 1886/1723/1124 1881/1726/1127 1885/1728/1129
f 1889/1729/1130 1879/1720/1121 1887/1730/1131
f 1889/1729/1130 1884/1727/1128 1879/1720/1121
f 1886/1723/1124 1885/1728/1129 1892/1731/1132
f 1888/1732/1133 1886/1723/1124 1892/1731/1132
f 1895/1733/1134 1889/1729/1130 1893/1734/1135
f 1896/1735/1136 1890/1736/1137 1889/1729/1130
f 1892/1731/1132 1891/1738/1139 1897/1737/1138
f 1894/1739/1140 1892/1731/1132 1898/1740/1141
f 1905/1741/1142 1901/1743/1144 1900/1742/1143
f 1906/1744/1145 1903/1746/1147 1902/1745/1146
f 1908/1747/1148 1904/1748/1149 1903/1746/1147
f 1908/1747/1148 1903/1746/1147 1906/1744/1145
f 1911/1749/1150 1907/1751/1152 1910/1750/1151
f 1912/1752/1153 1905/1741/1142 1907/1751/1152
f 1908/1747/1148 1906/1744/1145 1913/1753/1154
f 1909/1754/1155 1908/1747/1148 1914/1755/1156
f 1926/1756/1157 1930/1758/1159 1934/1757/1158
f 1932/1759/1160 1928/1761/1162 1931/1760/1161
f 1933/1762/1163 1929/1764/1165 1924/1763/1164
f 1937/1765/1166 1934/1757/1158 1935/1766/1167
f 1937/1765/1166 1931/1760/1161 1934/1757/1158
f 1933/1762/1163 1932/1759/1160 1940/1767/1168
f 1936/1768/1169 1933/1762/1163 1940/1767/1168
f 1943/1769/1170 1942/1771/1172 1948/1770/1171
f 1947/1772/1173 1941/1774/1175 1946/1773/1174
f 1943/1769/1170 1948/1770/1171 1950/1775/1176
f 1949/1776/1177 1947/1772/1173 1946/1773/1174
f 1951/1777/1178 1943/1769/1170 1950/1775/1176
f 1949/1776/1177 1946/1773/1174 1958/1778/1179
f 1953/1779/1180 1943/1769/1170 1951/1777/1178
f 1953/1779/1180 1944/1780/1181 1943/1769/1170
f 1946/1773/1174 1945/1782/1183 1956/1781/1182
f 1958/1778/1179 1946/1773/1174 1956/1781/1182
f 1961/1783/1184 1951/1777/1178 1960/1784/1185
f 1959/1785/1186 1958/1778/1179 1965/1786/1187
f 1968/1787/1188 1953/1779/1180 1961/1783/1184
f 1965/1786/1187 1956/1781/1182 1964/1788/1189
f 1971/1789/1190 1976/1791/1192 1978/1790/1191
f 1977/1792/1193 1975/1794/1195 1974/1793/1194
f 1981/1795/1196 1973/1797/1198 1980/1796/1197
f 1987/1798/1199 1980/1796/1197 1979/1799/1200
f 1982/1800/1201 1981/1795/1196 1989/1801/1202
f 1994/1802/1203 1979/1799/1200 1993/1803/1204
f 1990/1804/1205 1982/1800/1201 1991/1805/1206
f 1988/1806/1207 1980/1796/1197 1987/1798/1199
f 1989/1801/1202 1981/1795/1196 1992/1807/1208
f 1988/1806/1207 1994/1802/1203 1995/1808/1209
f 1998/1809/1210 1991/1805/1206 1992/1807/1208
f 1996/1810/1211 1995/1808/1209 2000/1811/1212
f 2001/1812/1213 1998/1809/1210 1997/1813/1214
f 2003/1814/1215 2000/1811/1212 1999/1815/1216
f 2002/1816/1217 2001/1812/1213 2006/1817/1218
f 2032/1818/1219 2028/1820/1221 2027/1819/1220
f 2030/1821/1222 2029/1823/1224 2033/1822/1223
f 2032/1818/1219 2031/1825/1226 2036/1824/1225
f 2037/1826/1227 2034/1827/1228 2033/1822/1223
f 2048/1828/1229 2047/1830/1231 2052/1829/1230
f 2041/1831/1232 2040/1832/1233 2048/1828/1229
f 2049/1833/1234 2042/1834/1235 2041/1831/1232
f 2051/1835/1236 2046/1837/1238 2044/1836/1237
f 2048/1828/1229 2052/1829/1230 2056/1838/1239
f 2055/1839/1240 2051/1835/1236 2044/1836/1237
f 2060/1840/1241 2049/1833/1234 2054/1841/1242
f 2063/1842/1243 2054/1841/1242 2053/1843/1244
f 2058/1844/1245 2060/1840/1241 2068/1845/1246
f 2066/1846/1247 2057/1848/1249 2065/1847/1248
f 2068/1845/1246 2060/1840/1241 2063/1842/1243
f 2064/1849/1250 2062/1851/1252 2070/1850/1251
f 2069/1852/1253 2068/1845/1246 2063/1842/1243
f 2066/1846/1247 2072/1854/1255 2078/1853/1254
f 2077/1855/1256 2071/1856/1257 2070/1850/1251
f 2081/1857/1258 2074/1859/1260 2073/1858/1259
f 2076/1860/1261 2075/1862/1263 2082/1861/1262
f 2087/1863/1264 2094/1865/1266 2100/1864/1265
f 2099/1866/1267 2091/1868/1269 2090/1867/1268
f 2100/1864/1265 2098/1870/1271 2104/1869/1270
f 2095/1871/1272 2087/1863/1264 2101/1872/1273
f 2102/1873/1274 2090/1867/1268 2096/1874/1275
f 2103/1875/1276 2097/1876/1277 2099/1866/1267
f 2105/1877/1278 2104/1869/1270 2110/1878/1279
f 2109/1879/1280 2103/1875/1276 2108/1880/1281
f 2105/1877/1278 2110/1878/1279 2112/1881/1282
f 2111/1882/1283 2109/1879/1280 2108/1880/1281
f 2106/1883/1284 2105/1877/1278 2113/1884/1285
f 2116/1885/1286 2108/1880/1281 2107/1886/1287
f 2119/1887/1288 2114/1888/1289 2113/1884/1285
f 2123/1889/1290 2119/1887/1288 2113/1884/1285
f 2120/1890/1291 2115/1892/1293 2125/1891/1292
f 2136/1893/1294 2129/1895/1296 2127/1894/1295
f 2137/1896/1297 2127/1894/1295 2123/1889/1290
f 2138/1897/1298 2131/1899/1300 2130/1898/1299
f 2140/1900/1301 2127/1894/1295 2137/1896/1297
f 2141/1901/1302 2130/1898/1299 2136/1893/1294
f 2138/1897/1298 2130/1898/1299 2141/1901/1302
f 2137/1896/1297 2123/1889/1290 2144/1902/1303
f 2137/1896/1297 2144/1902/1303 2147/1903/1304
f 2146/1904/1305 2143/1906/1307 2142/1905/1306
f 2137/1896/1297 2147/1903/1304 2154/1907/1308
f 2148/1908/1309 2146/1904/1305 2142/1905/1306
f 2140/1900/1301 2137/1896/1297 2150/1909/1310
f 2152/1910/1311 2138/1897/1298 2141/1901/1302
f 2149/1911/1312 2154/1907/1308 2158/1912/1313
f 2157/1913/1314 2148/1908/1309 2153/1914/1315
f 2149/1911/1312 2158/1912/1313 2160/1915/1316
f 2159/1916/1317 2157/1913/1314 2153/1914/1315
f 2161/1917/1318 2150/1909/1310 2149/1911/1312
f 2153/1914/1315 2156/1919/1320 2164/1918/1319
f 2162/1920/1321 2156/1919/1320 2155/1921/1322
f 2161/1917/1318 2166/1923/1324 2171/1922/1323
f 2165/1924/1325 2161/1917/1318 2167/1925/1326
f 2169/1926/1327 2163/1927/1328 2164/1918/1319
f 2170/1928/1329 2162/1920/1321 2165/1924/1325
f 2172/1929/1330 2171/1922/1323 2175/1930/1331
f 2174/1931/1332 2169/1926/1327 2164/1918/1319
f 2177/1932/1333 2164/1918/1319 2168/1933/1334
f 2172/1929/1330 2175/1930/1331 2180/1934/1335
f 2176/1935/1336 2167/1925/1326 2172/1929/1330
f 2177/1932/1333 2168/1933/1334 2179/1936/1337
f 2178/1937/1338 2174/1931/1332 2177/1932/1333
f 2186/1938/1339 2172/1929/1330 2185/1939/1340
f 2184/1940/1341 2177/1932/1333 2188/1941/1342
f 2186/1938/1339 2189/1943/1344 2193/1942/1343
f 2192/1944/1345 2190/1945/1346 2188/1941/1342
f 2191/1946/1347 2183/1948/1349 2199/1947/1348
f 2195/1949/1350 2187/1950/1351 2191/1946/1347
f 2194/1951/1352 2198/1953/1354 2201/1952/1353
f 2200/1954/1355 2197/1956/1357 2196/1955/1356
f 2202/1957/1358 2209/1959/1360 2212/1958/1359
f 2210/1960/1361 2204/1962/1363 2203/1961/1362
f 2211/1963/1364 2208/1965/1366 2205/1964/1365
f 2203/1961/1362 2202/1957/1358 2214/1966/1367
f 2215/1967/1368 2204/1962/1363 2210/1960/1361
f 2215/1967/1368 2205/1964/1365 2204/1962/1363
f 2219/1968/1369 2210/1960/1361 2214/1966/1367
f 2213/1969/1370 2218/1971/1372 2220/1970/1371
f 2222/1972/1373 2217/1974/1375 2216/1973/1374
f 2227/1975/1376 2219/1968/1369 2225/1976/1377
f 2215/1967/1368 2219/1968/1369 2227/1975/1376
f 2226/1977/1378 2232/1979/1380 2238/1978/1379
f 2225/1976/1377 2226/1977/1378 2234/1980/1381
f 2236/1981/1382 2228/1982/1383 2227/1975/1376
f 2237/1983/1384 2231/1984/1385 2228/1982/1383
f 2235/1985/1386 2234/1980/1381 2242/1986/1387
f 2239/1987/1388 2236/1981/1382 2233/1988/1389
f 2240/1989/1390 2233/1988/1389 2235/1985/1386
f 2248/1990/1391 2242/1986/1387 2244/1991/1392
f 2241/1992/1393 2239/1987/1388 2246/1993/1394
f 2243/1994/1395 2248/1990/1391 2249/1995/1396
f 2250/1996/1397 2246/1993/1394 2240/1989/1390
f 2253/1997/1398 2258/1999/1400 2260/1998/1399
f 2259/2000/1401 2257/2002/1403 2256/2001/1402
f 2253/1997/1398 2260/1998/1399 2266/2003/1404
f 2262/2004/1405 2259/2000/1401 2256/2001/1402
f 2267/2005/1406 2264/2007/1408 2263/2006/1407
f 2265/2008/1409 2261/2010/1411 2268/2009/1410
f 2263/2006/1407 2270/2012/1413 2273/2011/1412
f 2271/2013/1414 2269/2014/1415 2265/2008/1409
f 2272/2015/1416 2267/2005/1406 2263/2006/1407
f 2265/2008/1409 2268/2009/1410 2277/2016/1417
f 2274/2017/1418 2267/2005/1406 2272/2015/1416
f 2277/2016/1417 2268/2009/1410 2275/2018/1419
f 2276/2019/1420 2280/2021/1422 2282/2020/1421
f 2281/2022/1423 2279/2024/1425 2278/2023/1424
f 2276/2019/1420 2282/2020/1421 2284/2025/1426
f 2283/2026/1427 2281/2022/1423 2278/2023/1424
f 2272/2015/1416 2276/2019/1420 2285/2027/1428
f 2274/2017/1418 2272/2015/1416 2286/2028/1429
f 2287/2029/1430 2277/2016/1417 2275/2018/1419
f 2288/2030/1431 2278/2023/1424 2277/2016/1417
f 2285/2027/1428 2290/2032/1433 2291/2031/1432
f 2286/2028/1429 2285/2027/1428 2293/2033/1434
f 2295/2034/1435 2288/2030/1431 2287/2029/1430
f 2294/2035/1436 2289/2036/1437 2288/2030/1431
f 2297/2037/1438 2293/2033/1434 2292/2038/1439
f 2296/2039/1440 2295/2034/1435 2300/2040/1441
f 2297/2037/1438 2304/2042/1443 2308/2041/1442
f 2307/2043/1444 2303/2044/1445 2300/2040/1441
f 2309/2045/1446 2306/2047/1448 2305/2046/1447
f 2297/2037/1438 2308/2041/1442 2312/2048/1449
f 2305/2046/1447 2297/2037/1438 2311/2049/1450
f 2309/2045/1446 2300/2040/1441 2306/2047/1448
f 2310/2050/1451 2307/2043/1444 2300/2040/1441
f 2314/2051/1452 2311/2049/1450 2312/2048/1449
f 2310/2050/1451 2309/2045/1446 2317/2052/1453
f 2322/2053/1454 2315/2054/1455 2314/2051/1452
f 2317/2052/1453 2316/2056/1457 2323/2055/1456
f 2333/2057/1458 2325/2059/1460 2331/2058/1459
f 2334/2060/1461 2327/2061/1462 2325/2059/1460
f 2329/2062/1463 2328/2064/1465 2335/2063/1464
f 2332/2065/1466 2329/2062/1463 2336/2066/1467
f 2339/2067/1468 2333/2057/1458 2337/2068/1469
f 2338/2069/1470 2336/2066/1467 2342/2070/1471
f 2347/2071/1472 2346/2073/1474 2351/2072/1473
f 2354/2074/1475 2350/2076/1477 2348/2075/1476
f 2357/2077/1478 2352/2078/1479 2351/2072/1473
f 2354/2074/1475 2353/2080/1481 2358/2079/1480
f 2361/2081/1482 2351/2072/1473 2359/2082/1483
f 2361/2081/1482 2357/2077/1478 2351/2072/1473
f 2354/2074/1475 2358/2079/1480 2364/2083/1484
f 2360/2084/1485 2354/2074/1475 2364/2083/1484
f 2367/2085/1486 2361/2081/1482 2365/2086/1487
f 2366/2087/1488 2364/2083/1484 2370/2088/1489
f 1864/2089/1490 1870/1712/1113 1865/1708/1109 2997/1709/1110
f 2380/2090/1491 2375/2092/1493 2374/2091/1492
f 2377/2093/1494 2376/2095/1496 2381/2094/1495
f 2383/2096/1497 2374/2091/1492 2379/2097/1498
f 2384/2098/1499 2380/2090/1491 2374/2091/1492
f 2377/2093/1494 2381/2094/1495 2385/2099/1500
f 2382/2100/1501 2377/2093/1494 2386/2101/1502
f 2384/2098/1499 2383/2096/1497 2387/2102/1503
f 2390/2103/1504 2386/2101/1502 2385/2099/1500
f 2395/2104/1505 2387/2102/1503 2394/2105/1506
f 2393/2106/1507 2390/2103/1504 2398/2107/1508
f 2403/2108/1509 2395/2104/1505 2402/2109/1510
f 2401/2110/1511 2398/2107/1508 2406/2111/1512
f 2412/2112/1513 2404/2113/1514 2403/2108/1509
f 2406/2111/1512 2405/2115/1516 2415/2114/1515
f 2421/2116/1517 2426/2118/1519 2429/2117/1518
f 2422/2119/1520 2421/2116/1517 2430/2120/1521
f 2431/2121/1522 2424/2123/1524 2423/2122/1523
f 2432/2124/1525 2425/2125/1526 2424/2123/1524
f 2437/2126/1527 2429/2117/1518 2436/2127/1528
f 2442/2128/1529 2437/2126/1527 2445/2129/1530
f 2441/2130/1531 2440/2132/1533 2447/2131/1532
f 2443/2133/1534 2438/2134/1535 2437/2126/1527
f 2440/2132/1533 2439/2136/1537 2444/2135/1536
f 2442/2128/1529 2445/2129/1530 2448/2137/1538
f 2444/2135/1536 2439/2136/1537 2443/2133/1534
f 2446/2138/1539 2441/2130/1531 2447/2131/1532
f 2443/2133/1534 2437/2126/1527 2442/2128/1529
f 2447/2131/1532 2440/2132/1533 2444/2135/1536
f 2449/2139/1540 2442/2128/1529 2448/2137/1538
f 2446/2138/1539 2447/2131/1532 2456/2140/1541
f 2451/2141/1542 2442/2128/1529 2449/2139/1540
f 2451/2141/1542 2443/2133/1534 2442/2128/1529
f 2447/2131/1532 2444/2135/1536 2454/2142/1543
f 2456/2140/1541 2447/2131/1532 2454/2142/1543
f 2451/2141/1542 2449/2139/1540 2460/2143/1544
f 2452/2144/1545 2451/2141/1542 2461/2145/1546
f 2462/2146/1547 2456/2140/1541 2454/2142/1543
f 2460/2143/1544 2464/2148/1549 2466/2147/1548
f 2465/2149/1550 2463/2150/1551 2462/2146/1547
f 2461/2145/1546 2460/2143/1544 2468/2151/1552
f 2460/2143/1544 2466/2147/1548 2474/2152/1553
f 2468/2151/1552 2460/2143/1544 2474/2152/1553
f 2471/2153/1554 2462/2146/1547 2467/2154/1555
f 2471/2153/1554 2465/2149/1550 2462/2146/1547
f 2472/2155/1556 2468/2151/1552 2474/2152/1553
f 2475/2156/1557 2468/2151/1552 2472/2155/1556
f 2472/2155/1556 2474/2152/1553 2479/2157/1558
f 2472/2155/1556 2479/2157/1558 2482/2158/1559
f 2481/2159/1560 2478/2161/1562 2473/2160/1561
f 2483/2162/1563 2475/2156/1557 2472/2155/1556
f 2483/2162/1563 2476/2163/1564 2475/2156/1557
f 2477/2164/1565 2480/2166/1567 2484/2165/1566
f 2473/2160/1561 2477/2164/1565 2484/2165/1566
f 2483/2162/1563 2472/2155/1556 2489/2167/1568
f 2484/2165/1566 2480/2166/1567 2483/2162/1563
f 2487/2168/1569 2473/2160/1561 2484/2165/1566
f 2486/2169/1570 2488/2171/1572 2493/2170/1571
f 2492/2172/1573 2485/2174/1575 2494/2173/1574
f 2495/2175/1576 2489/2167/1568 2486/2169/1570
f 2496/2176/1577 2490/2177/1578 2489/2167/1568
f 2487/2168/1569 2491/2179/1580 2501/2178/1579
f 2494/2173/1574 2487/2168/1569 2497/2180/1581
f 2495/2175/1576 2500/2182/1583 2504/2181/1582
f 2503/2183/1584 2502/2184/1585 2497/2180/1581
f 2496/2176/1577 2495/2175/1576 2505/2185/1586
f 2506/2186/1587 2497/2180/1581 2501/2178/1579
f 2495/2175/1576 2504/2181/1582 2507/2187/1588
f 2505/2185/1586 2495/2175/1576 2507/2187/1588
f 2510/2188/1589 2497/2180/1581 2506/2186/1587
f 2510/2188/1589 2503/2183/1584 2497/2180/1581
f 2505/2185/1586 2507/2187/1588 2513/2189/1590
f 2508/2190/1591 2505/2185/1586 2514/2191/1592
f 2515/2192/1593 2506/2186/1587 2509/2193/1594
f 2518/2194/1595 2510/2188/1589 2506/2186/1587
f 2521/2195/1596 2526/2197/1598 2527/2196/1597
f 2530/2198/1599 2525/2200/1601 2524/2199/1600
f 2521/2195/1596 2527/2196/1597 2531/2201/1602
f 2534/2202/1603 2530/2198/1599 2524/2199/1600
f 2540/2203/1604 2539/2205/1606 2544/2204/1605
f 2545/2206/1607 2542/2208/1609 2541/2207/1608
f 2547/2209/1610 2544/2204/1605 2543/2210/1611
f 2546/2211/1612 2545/2206/1607 2550/2212/1613
f 2562/2213/1614 2557/2215/1616 2556/2214/1615
f 2559/2216/1617 2558/2218/1619 2563/2217/1618
f 2572/2219/1620 2567/2221/1622 2566/2220/1621
f 2569/2222/1623 2568/2224/1625 2573/2223/1624
f 2575/2225/1626 2566/2220/1621 2571/2226/1627
f 2576/2227/1628 2572/2219/1620 2566/2220/1621
f 2569/2222/1623 2573/2223/1624 2577/2228/1629
f 2574/2229/1630 2569/2222/1623 2578/2230/1631
f 2576/2227/1628 2575/2225/1626 2580/2231/1632
f 2583/2232/1633 2578/2230/1631 2577/2228/1629
f 2580/2231/1632 2579/2234/1635 2585/2233/1634
f 2586/2235/1636 2584/2236/1637 2583/2232/1633
f 2580/2231/1632 2585/2233/1634 2587/2237/1638
f 2581/2238/1639 2580/2231/1632 2588/2239/1640
f 2589/2240/1641 2583/2232/1633 2582/2241/1642
f 2590/2242/1643 2586/2235/1636 2583/2232/1633
f 2592/2243/1644 2588/2239/1640 2587/2237/1638
f 2590/2242/1643 2589/2240/1641 2595/2244/1645
f 2631/2245/1646 2624/2247/1648 2623/2246/1647
f 2626/2248/1649 2625/2250/1651 2632/2249/1650
f 2629/2251/1652 2626/2248/1649 2633/2252/1653
f 2635/2253/1654 2625/2250/1651 2631/2245/1646
f 2623/2246/1647 2634/2255/1656 2637/2254/1655
f 2631/2245/1646 2623/2246/1647 2638/2256/1657
f 2639/2257/1658 2632/2249/1650 2635/2253/1654
f 2637/2254/1655 2643/2259/1660 2645/2258/1659
f 2644/2260/1661 2642/2262/1663 2636/2261/1662
f 2647/2263/1664 2640/2264/1665 2638/2256/1657
f 2649/2265/1666 2638/2256/1657 2637/2254/1655
f 2636/2261/1662 2639/2257/1658 2650/2266/1667
f 2653/2267/1668 2641/2268/1669 2647/2263/1664
f 2652/2269/1670 2637/2254/1655 2654/2270/1671
f 2650/2266/1667 2641/2268/1669 2653/2267/1668
f 2651/2271/1672 2636/2261/1662 2657/2272/1673
f 2655/2273/1674 2649/2265/1666 2652/2269/1670
f 2655/2273/1674 2647/2263/1664 2649/2265/1666
f 2650/2266/1667 2653/2267/1668 2656/2274/1675
f 2657/2272/1673 2650/2266/1667 2656/2274/1675
f 2661/2275/1676 2655/2273/1674 2658/2276/1677
f 2659/2277/1678 2656/2274/1675 2662/2278/1679
f 2667/2279/1680 2670/2281/1682 2677/2280/1681
f 2676/2282/1683 2671/2284/1685 2665/2283/1684
f 2680/2285/1686 2677/2280/1681 2679/2286/1687
f 2681/2287/1688 2673/2289/1690 2672/2288/1689
f 2675/2290/1691 2674/2292/1693 2682/2291/1692
f 2678/2293/1694 2676/2282/1683 2683/2294/1695
f 2681/2287/1688 2680/2285/1686 2691/2295/1696
f 2689/2296/1697 2683/2294/1695 2682/2291/1692
f 2687/2297/1698 2691/2295/1696 2692/2298/1699
f 2693/2299/1700 2689/2296/1697 2688/2300/1701
f 2697/2301/1702 2701/2303/1704 2703/2302/1703
f 2706/2304/1705 2699/2306/1707 2698/2305/1706
f 2703/2302/1703 2702/2308/1709 2708/2307/1708
f 2709/2309/1710 2707/2310/1711 2706/2304/1705
f 2703/2302/1703 2708/2307/1708 2713/2311/1712
f 2712/2312/1713 2709/2309/1710 2706/2304/1705
f 2710/2313/1714 2703/2302/1703 2714/2314/1715
f 2717/2315/1716 2706/2304/1705 2711/2316/1717
f 2720/2317/1718 2715/2318/1719 2714/2314/1715
f 2717/2315/1716 2716/2320/1721 2723/2319/1720
f 2723/2319/1720 2716/2320/1721 2720/2317/1718
f 2720/2317/1718 2714/2314/1715 2724/2321/1722
f 2718/2322/1723 2717/2315/1716 2723/2319/1720
f 2724/2321/1722 2725/2324/1725 2733/2323/1724
f 2728/2325/1726 2721/2326/1727 2718/2322/1723
f 2726/2327/1728 2724/2321/1722 2730/2328/1729
f 2731/2329/1730 2718/2322/1723 2727/2330/1731
f 2729/2331/1732 2733/2323/1724 2737/2332/1733
f 2736/2333/1734 2728/2325/1726 2732/2334/1735
f 2732/2334/1735 2735/2336/1737 2738/2335/1736
f 2739/2337/1738 2734/2338/1739 2730/2328/1729
f 2738/2335/1736 2735/2336/1737 2740/2339/1740
f 2743/2340/1741 2730/2328/1729 2729/2331/1732
f 2745/2341/1742 2729/2331/1732 2746/2342/1743
f 2744/2343/1744 2732/2334/1735 2749/2344/1745
f 2747/2345/1746 2739/2337/1738 2743/2340/1741
f 2752/2346/1747 2750/2347/1748 2749/2344/1745
f 2753/2348/1749 2745/2341/1742 2755/2349/1750
f 2752/2346/1747 2749/2344/1745 2758/2350/1751
f 2749/2344/1745 2748/2352/1753 2754/2351/1752
f 2756/2353/1754 2747/2345/1746 2743/2340/1741
f 2754/2351/1752 2748/2352/1753 2757/2354/1755
f 2758/2350/1751 2749/2344/1745 2754/2351/1752
f 2762/2355/1756 2753/2348/1749 2760/2356/1757
f 2759/2357/1758 2758/2350/1751 2761/2358/1759
f 2756/2353/1754 2753/2348/1749 2763/2359/1760
f 2764/2360/1761 2754/2351/1752 2757/2354/1755
f 2764/2360/1761 2758/2350/1751 2754/2351/1752
f 2766/2361/1762 2765/2363/1764 2772/2362/1763
f 2775/2364/1765 2768/2366/1767 2767/2365/1766
f 2772/2362/1763 2771/2368/1769 2777/2367/1768
f 2778/2369/1770 2776/2370/1771 2775/2364/1765
f 2772/2362/1763 2777/2367/1768 2782/2371/1772
f 2781/2372/1773 2778/2369/1770 2775/2364/1765
f 2772/2362/1763 2782/2371/1772 2789/2373/1774
f 2779/2374/1775 2772/2362/1763 2783/2375/1776
f 2785/2376/1777 2780/2378/1779 2784/2377/1778
f 2786/2379/1780 2775/2364/1765 2780/2378/1779
f 2788/2380/1781 2781/2372/1773 2775/2364/1765
f 2793/2381/1782 2790/2383/1784 2791/2382/1783
f 2793/2381/1782 2783/2375/1776 2790/2383/1784
f 2794/2384/1785 2784/2377/1778 2783/2375/1776
f 2786/2379/1780 2785/2376/1777 2795/2385/1786
f 2787/2386/1787 2786/2379/1780 2796/2387/1788
f 2792/2388/1789 2787/2386/1787 2796/2387/1788
f 2800/2389/1790 2798/2391/1792 2804/2390/1791
f 2803/2392/1793 2797/2394/1795 2799/2393/1794
f 2801/2395/1796 2800/2389/1790 2806/2396/1797
f 2807/2397/1798 2799/2393/1794 2802/2398/1799
f 2811/2399/1800 2805/2401/1802 2810/2400/1801
f 2813/2402/1803 2809/2404/1805 2808/2403/1804
f 2811/2399/1800 2810/2400/1801 2814/2405/1806
f 2819/2406/1807 2807/2397/1798 2812/2407/1808
f 2819/2406/1807 2808/2403/1804 2807/2397/1798
f 2815/2408/1809 2813/2402/1803 2808/2403/1804
f 2817/2409/1810 2812/2407/1808 2814/2405/1806
f 2815/2408/1809 2819/2406/1807 2820/2410/1811
f 2823/2411/1812 2819/2406/1807 2818/2412/1813
f 2820/2410/1811 2819/2406/1807 2823/2411/1812
f 2831/2413/1814 2823/2411/1812 2827/2414/1815
f 2828/2415/1816 2823/2411/1812 2831/2413/1814
f 2839/2416/1817 2831/2413/1814 2835/2417/1818
f 2836/2418/1819 2831/2413/1814 2839/2416/1817
f 2842/2419/1820 2835/2417/1818 2834/2420/1821
f 2845/2421/1822 2839/2416/1817 2842/2419/1820
f 2834/2420/1821 2844/2423/1824 2852/2422/1823
f 2842/2419/1820 2834/2420/1821 2847/2424/1825
f 2850/2425/1826 2836/2418/1819 2845/2421/1822
f 2851/2426/1827 2846/2427/1828 2836/2418/1819
f 2847/2424/1825 2852/2422/1823 2854/2428/1829
f 2853/2429/1830 2851/2426/1827 2850/2425/1826
f 2847/2424/1825 2854/2428/1829 2858/2430/1831
f 2848/2431/1832 2847/2424/1825 2855/2432/1833
f 2856/2433/1834 2850/2425/1826 2849/2434/1835
f 2857/2435/1836 2853/2429/1830 2850/2425/1826
f 2856/2433/1834 2849/2434/1835 2855/2432/1833
f 2862/2436/1837 2858/2430/1831 2859/2437/1838
f 2862/2436/1837 2860/2438/1839 2858/2430/1831
f 2863/2439/1840 2856/2433/1834 2860/2438/1839
f 2857/2435/1836 2863/2439/1840 2864/2440/1841
f 2861/2441/1842 2857/2435/1836 2864/2440/1841
f 2868/2442/1843 2860/2438/1839 2862/2436/1837
f 2869/2443/1844 2863/2439/1840 2867/2444/1845
f 2864/2440/1841 2863/2439/1840 2870/2445/1846
f 2876/2446/1847 2868/2442/1843 2862/2436/1837
f 2864/2440/1841 2870/2445/1846 2875/2447/1848
f 2862/2436/1837 2874/2449/1850 2880/2448/1849
f 2879/2450/1851 2873/2451/1852 2864/2440/1841
f 2876/2446/1847 2862/2436/1837 2881/2452/1853
f 2882/2453/1854 2864/2440/1841 2875/2447/1848
f 2877/2454/1855 2876/2446/1847 2884/2455/1856
f 2886/2456/1857 2884/2455/1856 2881/2452/1853
f 2888/2457/1858 2885/2459/1860 2887/2458/1859
f 2894/2460/1861 2887/2458/1859 2886/2456/1857
f 2889/2461/1862 2888/2457/1858 2895/2462/1863
f 2897/2463/1864 2892/2465/1866 2893/2464/1865
f 2896/2466/1867 2890/2468/1869 2898/2467/1868
f 2900/2469/1870 2894/2460/1861 2897/2463/1864
f 2898/2467/1868 2895/2462/1863 2901/2470/1871
f 2902/2471/1872 2898/2467/1868 2904/2472/1873
f 2905/2473/1874 2899/2475/1876 2903/2474/1875
f 2904/2472/1873 2901/2470/1871 2907/2476/1877
f 2911/2477/1878 2905/2473/1874 2909/2478/1879
f 2906/2479/1880 2905/2473/1874 2912/2480/1881
f 2914/2481/1882 2907/2476/1877 2913/2482/1883
f 2912/2480/1881 2911/2477/1878 2920/2483/1884
f 2922/2484/1885 2926/2486/1887 2928/2485/1886
f 2929/2487/1888 2924/2489/1890 2923/2488/1889
f 2934/2490/1891 2928/2485/1886 2931/2491/1892
f 2932/2492/1893 2929/2487/1888 2937/2493/1894
f 2942/2494/1895 2935/2495/1896 2934/2490/1891
f 2937/2493/1894 2936/2497/1898 2946/2496/1897
f 2944/2498/1899 2934/2490/1891 2941/2499/1900
f 2945/2500/1901 2942/2494/1895 2934/2490/1891
f 2937/2493/1894 2946/2496/1897 2947/2501/1902
f 2943/2502/1903 2937/2493/1894 2948/2503/1904
f 2952/2504/1905 2958/2506/1907 2961/2505/1906
f 2970/2507/1908 2956/2509/1910 2955/2508/1909
f 2961/2505/1906 2960/2511/1912 2967/2510/1911
f 2966/2512/1913 2959/2513/1914 2970/2507/1908
f 2961/2505/1906 2967/2510/1911 2969/2514/1915
f 2968/2515/1916 2966/2512/1913 2970/2507/1908
f 2979/2516/1917 2972/2518/1919 2971/2517/1918
f 2978/2519/1920 2975/2521/1922 2984/2520/1921
f 2979/2516/1917 2971/2517/1918 2988/2522/1923
f 2986/2523/1924 2978/2519/1920 2984/2520/1921
f 2982/2524/1925 2979/2516/1917 2989/2525/1926
f 2990/2526/1927 2984/2520/1921 2983/2527/1928
f 2990/2526/1927 2983/2527/1928 2989/2525/1926
f 2997/2528/1110 2993/2530/1930 2996/2529/1929
f 2997/2528/1110 2989/2525/1926 2993/2530/1930
f 2991/2531/1931 2990/2526/1927 3000/2532/1107
f 2995/2533/1932 2991/2531/1931 3000/2532/1107
f 3003/2534/1933 3002/2536/1935 3007/2535/1934
f 3008/2537/1936 3005/2539/1938 3004/2538/1937
f 3010/2540/1939 3007/2535/1934 3006/2541/1940
f 3009/2542/1941 3008/2537/1936 3013/2543/1942
f 3015/2544/1943 3011/2545/1944 3010/2540/1939
f 3013/2543/1942 3012/2547/1946 3016/2546/1945
f 3015/2544/1943 3014/2549/1948 3023/2548/1947
f 3021/2550/1949 3017/2551/1950 3016/2546/1945
f 3037/2552/1951 3041/2554/1953 3043/2553/1952
f 3044/2555/1954 3039/2557/1956 3038/2556/1955
f 3046/2558/1957 3043/2553/1952 3053/2559/1958
f 3050/2560/1959 3044/2555/1954 3049/2561/1960
f 3051/2562/1961 3047/2563/1962 3046/2558/1957
f 3056/2564/1963 3055/2566/1965 3063/2565/1964
f 3051/2562/1961 3056/2564/1963 3059/2567/1966
f 3060/2568/1967 3057/2570/1969 3052/2569/1968
f 3061/2571/1970 3054/2572/1971 3057/2570/1969
f 3064/2573/1972 3060/2568/1967 3059/2567/1966
f 3067/2574/1973 3061/2571/1970 3064/2573/1972
f 3070/2575/1974 3064/2573/1972 3066/2576/1975
f 3073/2577/1976 3067/2574/1973 3070/2575/1974
f 3076/2578/1977 3070/2575/1974 3072/2579/1978
f 3072/2579/1978 3075/2581/1980 3078/2580/1979
f 3083/2582/1981 3073/2577/1976 3076/2578/1977
f 3080/2583/1982 3078/2580/1979 3077/2584/1983
f 3083/2582/1981 3076/2578/1977 3082/2585/1984
f 3085/2586/1985 3082/2585/1984 3088/2587/1986
f 3090/2588/1987 3084/2590/1989 3086/2589/1988
f 3091/2591/1990 3087/2592/1991 3084/2590/1989
f 3085/2586/1985 3088/2587/1986 3092/2593/1992
f 3089/2594/1993 3085/2586/1985 3093/2595/1994
f 3091/2591/1990 3090/2588/1987 3002/2596/1935
f 3005/2597/1938 3093/2595/1994 3092/2593/1992
f 3216/2598/1995 3095/2600/1997 3101/2599/1996
f 3102/2601/1998 3097/2603/2000 3096/2602/1999
f 3105/2604/2001 3101/2599/1996 3100/2605/2002
f 3104/2606/2003 3102/2601/1998 3108/2607/2004
f 3115/2608/2005 3109/2610/2007 3110/2609/2006
f 3116/2611/2008 3111/2612/2009 3109/2610/2007
f 3113/2613/2010 3112/2615/2012 3117/2614/2011
f 3114/2616/2013 3113/2613/2010 3118/2617/2014
f 3116/2611/2008 3115/2608/2005 3124/2618/2015
f 3122/2619/2016 3118/2617/2014 3117/2614/2011
f 3125/2620/2017 3128/2622/2019 3130/2621/2018
f 3131/2623/2020 3127/2625/2022 3126/2624/2021
f 3135/2626/2023 3129/2628/2025 3133/2627/2024
f 3134/2629/2026 3132/2631/2028 3138/2630/2027
f 3143/2632/2029 3135/2626/2023 3139/2633/2030
f 3144/2634/2031 3136/2636/2033 3140/2635/2032
f 3141/2637/2034 3137/2639/2036 3145/2638/2035
f 3142/2640/2037 3138/2630/2027 3146/2641/2038
f 3148/2642/2039 3140/2635/2032 3143/2632/2029
f 3146/2641/2038 3141/2637/2034 3151/2643/2040
f 3150/2644/2041 3143/2632/2029 3147/2645/2042
f 3149/2646/2043 3146/2641/2038 3152/2647/2044
f 3154/2648/2045 3148/2642/2039 3150/2644/2041
f 3152/2647/2044 3151/2643/2040 3158/2649/2046
f 3157/2650/2047 3154/2648/2045 3150/2644/2041
f 3152/2647/2044 3158/2649/2046 3164/2651/2048
f 3169/2652/2049 3157/2650/2047 3161/2653/2050
f 3167/2654/2051 3164/2651/2048 3166/2655/2052
f 3162/2656/2053 3169/2652/2049 3170/2657/2054
f 3171/2658/2055 3166/2655/2052 3163/2659/2056
f 3170/2657/2054 3169/2652/2049 3174/2660/2057
f 3175/2661/2058 3166/2655/2052 3171/2658/2055
f 3184/2662/2059 3183/2664/2061 3194/2663/2060
f 3192/2665/2062 3186/2667/2064 3185/2666/2063
f 3190/2668/2065 3194/2663/2060 3195/2669/2066
f 3196/2670/2067 3192/2665/2062 3191/2671/2068
f 3205/2672/2069 3201/2674/2071 3208/2673/2070
f 3205/2672/2069 3208/2673/2070 3212/2675/2072
f 3097/2676/2000 3206/2678/2074 3213/2677/2073
f 3097/2676/2000 3209/2679/2075 3206/2678/2074
f 3220/2680/2076 3267/2682/2078 3266/2681/2077
f 3223/2683/2079 3219/2685/2081 3218/2684/2080
f 3224/2686/2082 3266/2681/2077 3231/2687/2083
f 3227/2688/2084 3220/2680/2076 3224/2686/2082
f 3230/2689/2085 3225/2691/2087 3221/2690/2086
f 3228/2692/2088 3220/2680/2076 3227/2688/2084
f 3230/2689/2085 3221/2690/2086 3229/2693/2089
f 3232/2694/2090 3223/2683/2079 3225/2691/2087
f 3228/2692/2088 3227/2688/2084 3234/2695/2091
f 3235/2696/2092 3230/2689/2085 3229/2693/2089
f 3237/2697/2093 3226/2699/2095 3233/2698/2094
f 3236/2700/2096 3232/2694/2090 3238/2701/2097
f 3240/2702/2098 3234/2695/2091 3237/2697/2093
f 3238/2701/2097 3235/2696/2092 3241/2703/2099
f 3243/2704/2100 3237/2697/2093 3239/2705/2101
f 3242/2706/2102 3238/2701/2097 3244/2707/2103
f 3246/2708/2104 3240/2702/2098 3243/2704/2100
f 3244/2707/2103 3241/2703/2099 3249/2709/2105
f 3255/2710/2106 3247/2711/2107 3246/2708/2104
f 3249/2709/2105 3248/2713/2109 3256/2712/2108
f 3260/2714/2110 3264/2716/2111 3266/2715/2077
f 3218/2717/2080 3262/2719/2113 3261/2718/2112
f 2998/1713/1114 1872/1714/1115 1873/1715/1116 2999/1716/1117
f 2998/1713/1114 2997/1709/1110 1867/1707/1108
f 3000/1706/1107 2999/1716/1117 1868/1710/1111
f 3001/1704/1105 1866/1705/1106 1869/1718/1119
f 1867/1707/1108 1865/1708/1109 1872/1714/1115
f 1872/1714/1115 1875/1725/1126 1876/1719/1120 1873/1715/1116
f 1866/1705/1106 1868/1710/1111 1873/1715/1116
f 1865/1708/1109 1871/1711/1112 1878/1721/1122
f 1875/1725/1126 1880/1724/1125 1881/1726/1127 1876/1719/1120
f 1874/1717/1118 1866/1705/1106 1877/1722/1123
f 1872/1714/1115 1865/1708/1109 1879/1720/1121
f 1866/1705/1106 1876/1719/1120 1886/1723/1124
f 1879/1720/1121 1878/1721/1122 1883/2720/2114
f 1880/1724/1125 1884/1727/1128 1885/1728/1129 1881/1726/1127
f 1877/1722/1123 1886/1723/1124 1882/2721/2115
f 1884/1727/1128 1890/1736/1137 1891/1738/1139 1885/1728/1129
f 1890/1736/1137 1884/1727/1128 1889/1729/1130
f 1890/1736/1137 1896/1735/1136 1897/1737/1138 1891/1738/1139
f 1885/1728/1129 1891/1738/1139 1892/1731/1132
f 1896/1735/1136 1889/1729/1130 1895/1733/1134
f 1899/2722/2116 1900/1742/1143 1896/1735/1136 1895/1733/1134
f 1892/1731/1132 1897/1737/1138 1898/1740/1141
f 1896/1735/1136 1901/1743/1144 1902/1745/1146 1897/1737/1138
f 1896/1735/1136 1900/1742/1143 1901/1743/1144
f 1897/1737/1138 1903/1746/1147 1904/1748/1149 1898/1740/1141
f 1903/1746/1147 1897/1737/1138 1902/1745/1146
f 1901/1743/1144 1905/1741/1142 1906/1744/1145 1902/1745/1146
f 1905/1741/1142 1912/1752/1153 1913/1753/1154 1906/1744/1145
f 1907/1751/1152 1899/2722/2116 1910/1750/1151
f 1900/1742/1143 1899/2722/2116 1907/1751/1152
f 1909/1754/1155 1904/1748/1149 1908/1747/1148
f 1905/1741/1142 1900/1742/1143 1907/1751/1152
f 1912/1752/1153 1907/1751/1152 1911/1749/1150
f 1920/2723/2117 1916/2724/2118 1912/1752/1153 1911/1749/1150
f 1908/1747/1148 1913/1753/1154 1914/1755/1156
f 1911/1749/1150 1915/2725/2119 1920/2723/2117
f 1912/1752/1153 1916/2724/2118 1917/2726/2120 1913/1753/1154
f 1913/1753/1154 1917/2726/2120 1918/2727/2121 1914/1755/1156
f 1926/1756/1157 1922/2728/2122 1916/2724/2118 1920/2723/2117
f 1919/2729/2123 1914/1755/1156 1918/2727/2121
f 1920/2723/2117 1921/2730/2124 1926/1756/1157
f 1916/2724/2118 1922/2728/2122 1923/2731/2125 1917/2726/2120
f 1917/2726/2120 1923/2731/2125 1924/1763/1164 1918/2727/2121
f 1922/2728/2122 1927/2732/2126 1928/1761/1162 1923/2731/2125
f 1925/2733/2127 1918/2727/2121 1924/1763/1164
f 1922/2728/2122 1926/1756/1157 1927/2732/2126
f 1934/1757/1158 1931/1760/1161 1927/2732/2126 1926/1756/1157
f 1924/1763/1164 1923/2731/2125 1928/1761/1162
f 1928/1761/1162 1927/2732/2126 1931/1760/1161
f 1928/1761/1162 1932/1759/1160 1933/1762/1163 1924/1763/1164
f 1931/1760/1161 1938/2735/2129 1939/2734/2128 1932/1759/1160
f 1937/1765/1166 1935/1766/1167 1942/1771/1172
f 1938/2735/2129 1931/1760/1161 1937/1765/1166
f 1943/1769/1170 1944/1780/1181 1938/2735/2129 1937/1765/1166
f 1932/1759/1160 1939/2734/2128 1940/1767/1168
f 1936/1768/1169 1940/1767/1168 1941/1774/1175
f 1937/1765/1166 1942/1771/1172 1943/1769/1170
f 1938/2735/2129 1944/1780/1181 1945/1782/1183 1939/2734/2128
f 1939/2734/2128 1945/1782/1183 1946/1773/1174 1940/1767/1168
f 1944/1780/1181 1954/2737/2131 1955/2736/2130 1945/1782/1183
f 1941/1774/1175 1940/1767/1168 1946/1773/1174
f 1951/1777/1178 1950/1775/1176 1952/2738/2132
f 1954/2737/2131 1944/1780/1181 1953/1779/1180
f 1953/1779/1180 1968/1787/1188 1962/2739/2133 1954/2737/2131
f 1945/1782/1183 1955/2736/2130 1956/1781/1182
f 1949/1776/1177 1958/1778/1179 1957/2740/2134
f 1953/1779/1180 1951/1777/1178 1961/1783/1184
f 1958/1778/1179 1956/1781/1182 1965/1786/1187
f 1954/2737/2131 1962/2739/2133 1963/2741/2135 1955/2736/2130
f 1963/2741/2135 1964/1788/1189 1956/1781/1182 1955/2736/2130
f 1970/2742/2136 1968/1787/1188 1961/1783/1184 1966/2743/2137
f 1965/1786/1187 1964/1788/1189 1969/2745/2139 1967/2744/2138
f 1976/1791/1192 1971/1789/1190 1968/1787/1188 1970/2742/2136
f 1971/1789/1190 1972/2746/2140 1962/2739/2133 1968/1787/1188
f 1962/2739/2133 1972/2746/2140 1973/1797/1198 1963/2741/2135
f 1963/2741/2135 1973/1797/1198 1974/1793/1194 1964/1788/1189
f 1964/1788/1189 1974/1793/1194 1975/1794/1195 1969/2745/2139
f 1984/2747/2141 1979/1799/1200 1971/1789/1190 1978/1790/1191
f 1973/1797/1198 1972/2746/2140 1980/1796/1197
f 1979/1799/1200 1980/1796/1197 1972/2746/2140 1971/1789/1190
f 1973/1797/1198 1981/1795/1196 1982/1800/1201 1974/1793/1194
f 1974/1793/1194 1982/1800/1201 1983/2748/2142 1977/1792/1193
f 1980/1796/1197 1988/1806/1207 1992/1807/1208 1981/1795/1196
f 1979/1799/1200 1984/2747/2141 1986/2749/2143
f 1983/2748/2142 1982/1800/1201 1985/2750/2144
f 1979/1799/1200 1986/2749/2143 1993/1803/1204
f 1988/1806/1207 1996/1810/1211 1997/1813/1214 1992/1807/1208
f 1985/2750/2144 1982/1800/1201 1990/1804/1205
f 1987/1798/1199 1979/1799/1200 1994/1802/1203
f 1982/1800/1201 1989/1801/1202 1991/1805/1206
f 1987/1798/1199 1994/1802/1203 1988/1806/1207
f 1991/1805/1206 1989/1801/1202 1992/1807/1208
f 1988/1806/1207 1995/1808/1209 1996/1810/1211
f 1996/1810/1211 2000/1811/1212 2001/1812/1213 1997/1813/1214
f 1998/1809/1210 1992/1807/1208 1997/1813/1214
f 1995/1808/1209 1999/1815/1216 2000/1811/1212
f 2000/1811/1212 2004/2752/2146 2005/2751/2145 2001/1812/1213
f 2002/1816/1217 1998/1809/1210 2001/1812/1213
f 2004/2752/2146 2000/1811/1212 2003/1814/1215
f 2003/1814/1215 2007/2754/2148 2008/2753/2147 2004/2752/2146
f 2001/1812/1213 2005/2751/2145 2006/1817/1218
f 2004/2752/2146 2008/2753/2147 2009/2755/2149 2005/2751/2145
f 2009/2755/2149 2010/2756/2150 2006/1817/1218 2005/2751/2145
f 2007/2754/2148 2011/2758/2152 2012/2757/2151 2008/2753/2147
f 2008/2753/2147 2012/2757/2151 2013/2759/2153 2009/2755/2149
f 2013/2759/2153 2014/2760/2154 2010/2756/2150 2009/2755/2149
f 2011/2758/2152 2015/2762/2156 2016/2761/2155 2012/2757/2151
f 2012/2757/2151 2016/2761/2155 2017/2763/2157 2013/2759/2153
f 2017/2763/2157 2018/2764/2158 2014/2760/2154 2013/2759/2153
f 2015/2762/2156 2019/2766/2160 2020/2765/2159 2016/2761/2155
f 2016/2761/2155 2020/2765/2159 2021/2767/2161 2017/2763/2157
f 2021/2767/2161 2022/2768/2162 2018/2764/2158 2017/2763/2157
f 2019/2766/2160 2023/2770/2164 2024/2769/2163 2020/2765/2159
f 2020/2765/2159 2024/2769/2163 2025/2771/2165 2021/2767/2161
f 2025/2771/2165 2026/2772/2166 2022/2768/2162 2021/2767/2161
f 2023/2770/2164 2027/1819/1220 2028/1820/1221 2024/2769/2163
f 2024/2769/2163 2028/1820/1221 2029/1823/1224 2025/2771/2165
f 2029/1823/1224 2030/1821/1222 2026/2772/2166 2025/2771/2165
f 2028/1820/1221 2032/1818/1219 2033/1822/1223 2029/1823/1224
f 2032/1818/1219 2027/1819/1220 2031/1825/1226
f 2032/1818/1219 2036/1824/1225 2037/1826/1227 2033/1822/1223
f 2030/1821/1222 2033/1822/1223 2034/1827/1228
f 2031/1825/1226 2035/2773/2167 2036/1824/1225
f 2035/2773/2167 2039/2774/2168 2048/1828/1229 2036/1824/1225
f 2038/2775/2169 2034/1827/1228 2037/1826/1227
f 2036/1824/1225 2041/1831/1232 2042/1834/1235 2037/1826/1227
f 2040/1832/1233 2036/1824/1225 2048/1828/1229
f 2041/1831/1232 2036/1824/1225 2040/1832/1233
f 2044/1836/1237 2045/2776/2170 2038/2775/2169 2037/1826/1227
f 2037/1826/1227 2042/1834/1235 2043/2777/2171
f 2037/1826/1227 2043/2777/2171 2044/1836/1237
f 2042/1834/1235 2049/1833/1234 2050/2778/2172 2043/2777/2171
f 2048/1828/1229 2039/2774/2168 2047/1830/1231
f 2045/2776/2170 2044/1836/1237 2046/1837/1238
f 2053/1843/1244 2054/1841/1242 2041/1831/1232 2048/1828/1229
f 2044/1836/1237 2043/2777/2171 2050/2778/2172
f 2049/1833/1234 2041/1831/1232 2054/1841/1242
f 2056/1838/1239 2061/2779/2173 2057/1848/1249 2048/1828/1229
f 2060/1840/1241 2058/1844/1245 2050/2778/2172 2049/1833/1234
f 2053/1843/1244 2048/1828/1229 2057/1848/1249
f 2058/1844/1245 2062/1851/1252 2044/1836/1237 2050/2778/2172
f 2062/1851/1252 2059/2780/2174 2055/1839/1240 2044/1836/1237
f 2057/1848/1249 2066/1846/1247 2067/2781/2175 2053/1843/1244
f 2060/1840/1241 2054/1841/1242 2063/1842/1243
f 2069/1852/1253 2070/1850/1251 2062/1851/1252 2058/1844/1245
f 2063/1842/1243 2053/1843/1244 2067/2781/2175
f 2058/1844/1245 2068/1845/1246 2069/1852/1253
f 2078/1853/1254 2073/1858/1259 2067/2781/2175 2066/1846/1247
f 2073/1858/1259 2074/1859/1260 2063/1842/1243 2067/2781/2175
f 2063/1842/1243 2074/1859/1260 2075/1862/1263 2069/1852/1253
f 2069/1852/1253 2076/1860/1261 2077/1855/1256 2070/1850/1251
f 2076/1860/1261 2069/1852/1253 2075/1862/1263
f 2074/1859/1260 2081/1857/1258 2082/1861/1262 2075/1862/1263
f 2078/1853/1254 2080/2783/2177 2084/2782/2176
f 2086/2784/2178 2093/2785/2178 2094/1865/1266 2078/1853/1254
f 2079/2786/2179 2077/1855/1256 2083/2787/2180
f 2078/1853/1254 2084/2782/2176 2086/2784/2178
f 2083/2787/2180 2077/1855/1256 2085/2788/2181
f 2078/1853/1254 2094/1865/1266 2087/1863/1264 2073/1858/1259
f 2073/1858/1259 2087/1863/1264 2088/2789/2182 2081/1857/1258
f 2081/1857/1258 2088/2789/2182 2089/2790/2183 2082/1861/1262
f 2089/2790/2183 2090/1867/1268 2076/1860/1261 2082/1861/1262
f 2090/1867/1268 2091/1868/1269 2077/1855/1256 2076/1860/1261
f 2091/1868/1269 2092/2791/2181 2085/2788/2181 2077/1855/1256
f 2088/2789/2182 2095/1871/1272 2096/1874/1275 2089/2790/2183
f 2088/2789/2182 2087/1863/1264 2095/1871/1272
f 2095/1871/1272 2101/1872/1273 2102/1873/1274 2096/1874/1275
f 2090/1867/1268 2089/2790/2183 2096/1874/1275
f 2094/1865/1266 2098/1870/1271 2100/1864/1265
f 2097/1876/1277 2091/1868/1269 2099/1866/1267
f 2087/1863/1264 2100/1864/1265 2101/1872/1273
f 2105/1877/1278 2106/1883/1284 2101/1872/1273 2100/1864/1265
f 2099/1866/1267 2090/1867/1268 2102/1873/1274
f 2100/1864/1265 2104/1869/1270 2105/1877/1278
f 2101/1872/1273 2106/1883/1284 2107/1886/1287 2102/1873/1274
f 2102/1873/1274 2107/1886/1287 2108/1880/1281 2099/1866/1267
f 2118/2792/2184 2113/1884/1285 2105/1877/1278 2112/1881/1282
f 2103/1875/1276 2099/1866/1267 2108/1880/1281
f 2106/1883/1284 2114/1888/1289 2115/1892/1293 2107/1886/1287
f 2106/1883/1284 2113/1884/1285 2114/1888/1289
f 2108/1880/1281 2116/1885/1286 2117/2793/2185 2111/1882/1283
f 2116/1885/1286 2107/1886/1287 2115/1892/1293
f 2122/2794/2186 2128/2795/2187 2123/1889/1290 2113/1884/1285
f 2113/1884/1285 2118/2792/2184 2122/2794/2186
f 2115/1892/1293 2114/1888/1289 2119/1887/1288
f 2116/1885/1286 2115/1892/1293 2120/1890/1291
f 2117/2793/2185 2116/1885/1286 2121/2796/2188
f 2119/1887/1288 2124/2797/2189 2125/1891/1292 2115/1892/1293
f 2124/2797/2189 2119/1887/1288 2123/1889/1290
f 2120/1890/1291 2126/2798/2190 2121/2796/2188 2116/1885/1286
f 2124/2797/2189 2129/1895/1296 2130/1898/1299 2125/1891/1292
f 2124/2797/2189 2123/1889/1290 2127/1894/1295
f 2123/1889/1290 2128/2795/2187 2134/2799/2191
f 2129/1895/1296 2124/2797/2189 2127/1894/1295
f 2131/1899/1300 2132/2800/2192 2120/1890/1291 2125/1891/1292
f 2125/1891/1292 2130/1898/1299 2131/1899/1300
f 2132/2800/2192 2133/2801/2193 2126/2798/2190 2120/1890/1291
f 2138/1897/1298 2142/1905/1306 2132/2800/2192 2131/1899/1300
f 2123/1889/1290 2134/2799/2191 2139/2802/2194
f 2133/2801/2193 2132/2800/2192 2135/2803/2195
f 2130/1898/1299 2129/1895/1296 2136/1893/1294
f 2132/2800/2192 2142/1905/1306 2143/1906/1307 2135/2803/2195
f 2123/1889/1290 2139/2802/2194 2144/1902/1303
f 2136/1893/1294 2127/1894/1295 2140/1900/1301
f 2150/1909/1310 2151/2805/2197 2145/2804/2196 2140/1900/1301
f 2136/1893/1294 2140/1900/1301 2145/2804/2196
f 2141/1901/1302 2136/1893/1294 2145/2804/2196
f 2137/1896/1297 2154/1907/1308 2149/1911/1312
f 2137/1896/1297 2149/1911/1312 2150/1909/1310
f 2145/2804/2196 2151/2805/2197 2152/1910/1311 2141/1901/1302
f 2138/1897/1298 2152/1910/1311 2153/1914/1315 2142/1905/1306
f 2151/2805/2197 2155/1921/1322 2156/1919/1320 2152/1910/1311
f 2148/1908/1309 2142/1905/1306 2153/1914/1315
f 2151/2805/2197 2150/1909/1310 2155/1921/1322
f 2160/1915/1316 2166/1923/1324 2161/1917/1318 2149/1911/1312
f 2153/1914/1315 2152/1910/1311 2156/1919/1320
f 2162/1920/1321 2170/1928/1329 2168/1933/1334 2164/1918/1319
f 2155/1921/1322 2150/1909/1310 2161/1917/1318
f 2156/1919/1320 2162/1920/1321 2164/1918/1319
f 2159/1916/1317 2153/1914/1315 2163/1927/1328
f 2155/1921/1322 2161/1917/1318 2165/1924/1325
f 2163/1927/1328 2153/1914/1315 2164/1918/1319
f 2162/1920/1321 2155/1921/1322 2165/1924/1325
f 2173/2806/2198 2176/1935/1336 2179/1936/1337 2170/1928/1329
f 2165/1924/1325 2167/1925/1326 2173/2806/2198
f 2161/1917/1318 2171/1922/1323 2172/1929/1330
f 2167/1925/1326 2161/1917/1318 2172/1929/1330
f 2170/1928/1329 2165/1924/1325 2173/2806/2198
f 2173/2806/2198 2167/1925/1326 2176/1935/1336
f 2168/1933/1334 2170/1928/1329 2179/1936/1337
f 2174/1931/1332 2164/1918/1319 2177/1932/1333
f 2176/1935/1336 2183/1948/1349 2187/1950/1351 2179/1936/1337
f 2172/1929/1330 2180/1934/1335 2182/2807/2199
f 2178/1937/1338 2177/1932/1333 2181/2808/2200
f 2172/1929/1330 2182/2807/2199 2185/1939/1340
f 2172/1929/1330 2186/1938/1339 2183/1948/1349 2176/1935/1336
f 2181/2808/2200 2177/1932/1333 2184/1940/1341
f 2187/1950/1351 2188/1941/1342 2177/1932/1333 2179/1936/1337
f 2198/1953/1354 2194/1951/1352 2186/1938/1339 2193/1942/1343
f 2186/1938/1339 2185/1939/1340 2189/1943/1344
f 2184/1940/1341 2188/1941/1342 2190/1945/1346
f 2187/1950/1351 2183/1948/1349 2191/1946/1347
f 2194/1951/1352 2199/1947/1348 2183/1948/1349 2186/1938/1339
f 2187/1950/1351 2195/1949/1350 2196/1955/1356 2188/1941/1342
f 2188/1941/1342 2196/1955/1356 2197/1956/1357 2192/1944/1345
f 2201/1952/1353 2207/2809/2201 2202/1957/1358 2194/1951/1352
f 2195/1949/1350 2191/1946/1347 2199/1947/1348
f 2194/1951/1352 2202/1957/1358 2203/1961/1362 2199/1947/1348
f 2199/1947/1348 2203/1961/1362 2204/1962/1363 2195/1949/1350
f 2195/1949/1350 2204/1962/1363 2205/1964/1365 2196/1955/1356
f 2205/1964/1365 2206/2810/2202 2200/1954/1355 2196/1955/1356
f 2218/1971/1372 2213/1969/1370 2202/1957/1358 2212/1958/1359
f 2202/1957/1358 2207/2809/2201 2209/1959/1360
f 2206/2810/2202 2205/1964/1365 2208/1965/1366
f 2205/1964/1365 2216/1973/1374 2217/1974/1375 2211/1963/1364
f 2202/1957/1358 2213/1969/1370 2214/1966/1367
f 2210/1960/1361 2203/1961/1362 2214/1966/1367
f 2216/1973/1374 2205/1964/1365 2215/1967/1368
f 2224/2811/2203 2230/2812/2204 2226/1977/1378 2213/1969/1370
f 2215/1967/1368 2210/1960/1361 2219/1968/1369
f 2214/1966/1367 2213/1969/1370 2221/2813/2205
f 2219/1968/1369 2214/1966/1367 2221/2813/2205
f 2213/1969/1370 2220/1970/1371 2224/2811/2203
f 2222/1972/1373 2216/1973/1374 2223/2814/2206
f 2219/1968/1369 2221/2813/2205 2225/1976/1377
f 2213/1969/1370 2226/1977/1378 2225/1976/1377 2221/2813/2205
f 2227/1975/1376 2228/1982/1383 2216/1973/1374 2215/1967/1368
f 2228/1982/1383 2229/2815/2207 2223/2814/2206 2216/1973/1374
f 2225/1976/1377 2235/1985/1386 2233/1988/1389 2227/1975/1376
f 2226/1977/1378 2230/2812/2204 2232/1979/1380
f 2229/2815/2207 2228/1982/1383 2231/1984/1385
f 2244/1991/1392 2242/1986/1387 2234/1980/1381 2238/1978/1379
f 2226/1977/1378 2238/1978/1379 2234/1980/1381
f 2225/1976/1377 2234/1980/1381 2235/1985/1386
f 2236/1981/1382 2227/1975/1376 2233/1988/1389
f 2237/1983/1384 2228/1982/1383 2236/1981/1382
f 2235/1985/1386 2242/1986/1387 2243/1994/1395
f 2239/1987/1388 2233/1988/1389 2240/1989/1390
f 2236/1981/1382 2239/1987/1388 2241/1992/1393 2237/1983/1384
f 2240/1989/1390 2235/1985/1386 2243/1994/1395
f 2252/2816/2208 2248/1990/1391 2244/1991/1392 2245/2817/2209
f 2243/1994/1395 2242/1986/1387 2248/1990/1391
f 2239/1987/1388 2240/1989/1390 2246/1993/1394
f 2243/1994/1395 2249/1995/1396 2250/1996/1397 2240/1989/1390
f 2241/1992/1393 2246/1993/1394 2251/2819/2211 2247/2818/2210
f 2258/1999/1400 2253/1997/1398 2248/1990/1391 2252/2816/2208
f 2253/1997/1398 2254/2820/2212 2249/1995/1396 2248/1990/1391
f 2249/1995/1396 2254/2820/2212 2255/2821/2213 2250/1996/1397
f 2250/1996/1397 2255/2821/2213 2256/2001/1402 2246/1993/1394
f 2246/1993/1394 2256/2001/1402 2257/2002/1403 2251/2819/2211
f 2254/2820/2212 2264/2007/1408 2261/2010/1411 2255/2821/2213
f 2263/2006/1407 2264/2007/1408 2254/2820/2212 2253/1997/1398
f 2253/1997/1398 2266/2003/1404 2263/2006/1407
f 2255/2821/2213 2261/2010/1411 2265/2008/1409 2256/2001/1402
f 2264/2007/1408 2267/2005/1406 2268/2009/1410 2261/2010/1411
f 2262/2004/1405 2256/2001/1402 2265/2008/1409
f 2263/2006/1407 2266/2003/1404 2270/2012/1413
f 2267/2005/1406 2274/2017/1418 2275/2018/1419 2268/2009/1410
f 2262/2004/1405 2265/2008/1409 2269/2014/1415
f 2273/2011/1412 2280/2021/1422 2276/2019/1420 2263/2006/1407
f 2278/2023/1424 2279/2024/1425 2271/2013/1414 2265/2008/1409
f 2272/2015/1416 2263/2006/1407 2276/2019/1420
f 2265/2008/1409 2277/2016/1417 2278/2023/1424
f 2290/2032/1433 2285/2027/1428 2276/2019/1420 2284/2025/1426
f 2274/2017/1418 2286/2028/1429 2287/2029/1430 2275/2018/1419
f 2272/2015/1416 2285/2027/1428 2286/2028/1429
f 2278/2023/1424 2288/2030/1431 2289/2036/1437 2283/2026/1427
f 2288/2030/1431 2277/2016/1417 2287/2029/1430
f 2286/2028/1429 2293/2033/1434 2295/2034/1435 2287/2029/1430
f 2285/2027/1428 2291/2031/1432 2292/2038/1439
f 2285/2027/1428 2292/2038/1439 2293/2033/1434
f 2296/2039/1440 2288/2030/1431 2295/2034/1435
f 2294/2035/1436 2288/2030/1431 2296/2039/1440
f 2293/2033/1434 2298/2823/2215 2299/2822/2214 2295/2034/1435
f 2297/2037/1438 2292/2038/1439 2302/2824/2216
f 2298/2823/2215 2293/2033/1434 2297/2037/1438
f 2298/2823/2215 2305/2046/1447 2306/2047/1448 2299/2822/2214
f 2295/2034/1435 2299/2822/2214 2300/2040/1441
f 2296/2039/1440 2300/2040/1441 2301/2825/2217
f 2297/2037/1438 2302/2824/2216 2304/2042/1443
f 2301/2825/2217 2300/2040/1441 2303/2044/1445
f 2311/2049/1450 2315/2054/1455 2316/2056/1457 2309/2045/1446
f 2298/2823/2215 2297/2037/1438 2305/2046/1447
f 2300/2040/1441 2299/2822/2214 2306/2047/1448
f 2297/2037/1438 2312/2048/1449 2311/2049/1450
f 2310/2050/1451 2300/2040/1441 2309/2045/1446
f 2309/2045/1446 2305/2046/1447 2311/2049/1450
f 2314/2051/1452 2312/2048/1449 2313/2826/2218
f 2315/2054/1455 2311/2049/1450 2314/2051/1452
f 2315/2054/1455 2322/2053/1454 2323/2055/1456 2316/2056/1457
f 2309/2045/1446 2316/2056/1457 2317/2052/1453
f 2310/2050/1451 2317/2052/1453 2318/2827/2219
f 2314/2051/1452 2313/2826/2218 2319/2828/2220
f 2318/2827/2219 2317/2052/1453 2320/2829/2221
f 2314/2051/1452 2319/2828/2220 2321/2830/2222
f 2314/2051/1452 2325/2059/1460 2327/2061/1462 2322/2053/1454
f 2320/2829/2221 2317/2052/1453 2324/2831/2223
f 2314/2051/1452 2321/2830/2222 2325/2059/1460
f 2324/2831/2223 2317/2052/1453 2329/2062/1463
f 2322/2053/1454 2327/2061/1462 2328/2064/1465 2323/2055/1456
f 2328/2064/1465 2329/2062/1463 2317/2052/1453 2323/2055/1456
f 2327/2061/1462 2334/2060/1461 2335/2063/1464 2328/2064/1465
f 2325/2059/1460 2326/2832/2224 2331/2058/1459
f 2330/2833/2225 2329/2062/1463 2332/2065/1466
f 2334/2060/1461 2325/2059/1460 2333/2057/1458
f 2333/2057/1458 2339/2067/1468 2340/2834/2226 2334/2060/1461
f 2329/2062/1463 2335/2063/1464 2336/2066/1467
f 2334/2060/1461 2340/2834/2226 2341/2835/2227 2335/2063/1464
f 2341/2835/2227 2342/2070/1471 2336/2066/1467 2335/2063/1464
f 2343/2836/2228 2345/2837/2228 2346/2073/1474 2339/2067/1468
f 2339/2067/1468 2346/2073/1474 2347/2071/1472 2340/2834/2226
f 2340/2834/2226 2347/2071/1472 2348/2075/1476 2341/2835/2227
f 2348/2075/1476 2350/2076/1477 2342/2070/1471 2341/2835/2227
f 2350/2076/1477 2349/2839/2229 2344/2838/2229 2342/2070/1471
f 2347/2071/1472 2352/2078/1479 2353/2080/1481 2348/2075/1476
f 2346/2073/1474 2356/2840/2230 2351/2072/1473
f 2347/2071/1472 2351/2072/1473 2352/2078/1479
f 2352/2078/1479 2357/2077/1478 2358/2079/1480 2353/2080/1481
f 2354/2074/1475 2348/2075/1476 2353/2080/1481
f 2355/2841/2231 2350/2076/1477 2354/2074/1475
f 2357/2077/1478 2362/2843/2233 2363/2842/2232 2358/2079/1480
f 2362/2843/2233 2357/2077/1478 2361/2081/1482
f 2361/2081/1482 2367/2085/1486 2368/2844/2234 2362/2843/2233
f 2358/2079/1480 2363/2842/2232 2364/2083/1484
f 2362/2843/2233 2368/2844/2234 2369/2845/2235 2363/2842/2232
f 2369/2845/2235 2370/2088/1489 2364/2083/1484 2363/2842/2232
f 2371/2846/2236 2373/2847/2237 2374/2091/1492 2367/2085/1486
f 2367/2085/1486 2374/2091/1492 2375/2092/1493 2368/2844/2234
f 2368/2844/2234 2375/2092/1493 2376/2095/1496 2369/2845/2235
f 2376/2095/1496 2377/2093/1494 2370/2088/1489 2369/2845/2235
f 2377/2093/1494 2378/2849/2239 2372/2848/2238 2370/2088/1489
f 2375/2092/1493 2380/2090/1491 2381/2094/1495 2376/2095/1496
f 2374/2091/1492 2373/2847/2237 2379/2097/1498
f 2380/2090/1491 2384/2098/1499 2385/2099/1500 2381/2094/1495
f 2378/2849/2239 2377/2093/1494 2382/2100/1501
f 2384/2098/1499 2374/2091/1492 2383/2096/1497
f 2384/2098/1499 2388/2851/2241 2389/2850/2240 2385/2099/1500
f 2377/2093/1494 2385/2099/1500 2386/2101/1502
f 2383/2096/1497 2392/2852/2242 2387/2102/1503
f 2384/2098/1499 2387/2102/1503 2388/2851/2241
f 2387/2102/1503 2395/2104/1505 2396/2853/2243 2388/2851/2241
f 2390/2103/1504 2385/2099/1500 2389/2850/2240
f 2391/2854/2244 2386/2101/1502 2390/2103/1504
f 2387/2102/1503 2392/2852/2242 2394/2105/1506
f 2391/2854/2244 2390/2103/1504 2393/2106/1507
f 2395/2104/1505 2394/2105/1506 2400/2855/2245
f 2388/2851/2241 2396/2853/2243 2397/2856/2246 2389/2850/2240
f 2397/2856/2246 2398/2107/1508 2390/2103/1504 2389/2850/2240
f 2395/2104/1505 2403/2108/1509 2404/2113/1514 2396/2853/2243
f 2393/2106/1507 2398/2107/1508 2399/2857/2247
f 2395/2104/1505 2400/2855/2245 2402/2109/1510
f 2399/2857/2247 2398/2107/1508 2401/2110/1511
f 2403/2108/1509 2402/2109/1510 2408/2858/2248
f 2396/2853/2243 2404/2113/1514 2405/2115/1516 2397/2856/2246
f 2405/2115/1516 2406/2111/1512 2398/2107/1508 2397/2856/2246
f 2410/2859/2249 2417/2861/2251 2411/2860/2250 2403/2108/1509
f 2401/2110/1511 2406/2111/1512 2407/2862/2252
f 2403/2108/1509 2408/2858/2248 2410/2859/2249
f 2407/2862/2252 2406/2111/1512 2409/2863/2253
f 2404/2113/1514 2413/2865/2255 2414/2864/2254 2405/2115/1516
f 2412/2112/1513 2403/2108/1509 2411/2860/2250
f 2413/2865/2255 2404/2113/1514 2412/2112/1513
f 2418/2866/2256 2416/2867/2257 2409/2863/2253 2406/2111/1512
f 2405/2115/1516 2414/2864/2254 2415/2114/1515
f 2406/2111/1512 2415/2114/1515 2418/2866/2256
f 2426/2118/1519 2421/2116/1517 2412/2112/1513 2411/2860/2250
f 2411/2860/2250 2420/2868/2258 2426/2118/1519
f 2421/2116/1517 2422/2119/1520 2413/2865/2255 2412/2112/1513
f 2413/2865/2255 2422/2119/1520 2423/2122/1523 2414/2864/2254
f 2414/2864/2254 2423/2122/1523 2424/2123/1524 2415/2114/1515
f 2415/2114/1515 2424/2123/1524 2425/2125/1526 2418/2866/2256
f 2434/2869/2259 2429/2117/1518 2426/2118/1519 2428/2870/2260
f 2419/2871/2261 2418/2866/2256 2425/2125/1526
f 2422/2119/1520 2430/2120/1521 2431/2121/1522 2423/2122/1523
f 2421/2116/1517 2429/2117/1518 2430/2120/1521
f 2425/2125/1526 2432/2124/1525 2433/2873/2263 2427/2872/2262
f 2432/2124/1525 2424/2123/1524 2431/2121/1522
f 2429/2117/1518 2437/2126/1527 2438/2134/1535 2430/2120/1521
f 2429/2117/1518 2434/2869/2259 2436/2127/1528
f 2433/2873/2263 2432/2124/1525 2435/2874/2264
f 2430/2120/1521 2438/2134/1535 2439/2136/1537 2431/2121/1522
f 2439/2136/1537 2440/2132/1533 2432/2124/1525 2431/2121/1522
f 2440/2132/1533 2441/2130/1531 2435/2874/2264 2432/2124/1525
f 2443/2133/1534 2452/2144/1545 2453/2875/2265 2444/2135/1536
f 2437/2126/1527 2436/2127/1528 2445/2129/1530
f 2439/2136/1537 2438/2134/1535 2443/2133/1534
f 2449/2139/1540 2448/2137/1538 2455/2876/2266
f 2446/2138/1539 2456/2140/1541 2450/2877/2267
f 2452/2144/1545 2443/2133/1534 2451/2141/1542
f 2452/2144/1545 2461/2145/1546 2459/2878/2268 2453/2875/2265
f 2444/2135/1536 2453/2875/2265 2454/2142/1543
f 2464/2148/1549 2460/2143/1544 2449/2139/1540 2458/2879/2269
f 2453/2875/2265 2459/2878/2268 2462/2146/1547 2454/2142/1543
f 2451/2141/1542 2460/2143/1544 2461/2145/1546
f 2456/2140/1541 2462/2146/1547 2463/2150/1551 2457/2880/2270
f 2461/2145/1546 2469/2882/2272 2470/2881/2271 2459/2878/2268
f 2461/2145/1546 2468/2151/1552 2469/2882/2272
f 2459/2878/2268 2470/2881/2271 2467/2154/1555 2462/2146/1547
f 2468/2151/1552 2475/2156/1557 2476/2163/1564 2469/2882/2272
f 2471/2153/1554 2467/2154/1555 2473/2160/1561
f 2469/2882/2272 2476/2163/1564 2480/2166/1567 2470/2881/2271
f 2470/2881/2271 2480/2166/1567 2477/2164/1565 2467/2154/1555
f 2483/2162/1563 2490/2177/1578 2491/2179/1580 2484/2165/1566
f 2473/2160/1561 2467/2154/1555 2477/2164/1565
f 2478/2161/1562 2471/2153/1554 2473/2160/1561
f 2472/2155/1556 2482/2158/1559 2488/2171/1572
f 2480/2166/1567 2476/2163/1564 2483/2162/1563
f 2481/2159/1560 2473/2160/1561 2485/2174/1575
f 2472/2155/1556 2488/2171/1572 2486/2169/1570
f 2472/2155/1556 2486/2169/1570 2489/2167/1568
f 2494/2173/1574 2473/2160/1561 2487/2168/1569
f 2485/2174/1575 2473/2160/1561 2494/2173/1574
f 2483/2162/1563 2489/2167/1568 2490/2177/1578
f 2490/2177/1578 2496/2176/1577 2501/2178/1579 2491/2179/1580
f 2487/2168/1569 2484/2165/1566 2491/2179/1580
f 2495/2175/1576 2486/2169/1570 2499/2883/2273
f 2496/2176/1577 2489/2167/1568 2495/2175/1576
f 2496/2176/1577 2508/2190/1591 2509/2193/1594 2501/2178/1579
f 2487/2168/1569 2501/2178/1579 2497/2180/1581
f 2494/2173/1574 2497/2180/1581 2498/2884/2274
f 2495/2175/1576 2499/2883/2273 2500/2182/1583
f 2498/2884/2274 2497/2180/1581 2502/2184/1585
f 2496/2176/1577 2505/2185/1586 2508/2190/1591
f 2517/2885/2275 2513/2189/1590 2507/2187/1588 2512/2886/2276
f 2506/2186/1587 2501/2178/1579 2509/2193/1594
f 2508/2190/1591 2514/2191/1592 2515/2192/1593 2509/2193/1594
f 2510/2188/1589 2518/2194/1595 2516/2888/2278 2511/2887/2277
f 2520/2889/2279 2526/2197/1598 2521/2195/1596 2513/2189/1590
f 2514/2191/1592 2505/2185/1586 2513/2189/1590
f 2506/2186/1587 2515/2192/1593 2518/2194/1595
f 2513/2189/1590 2517/2885/2275 2520/2889/2279
f 2516/2888/2278 2518/2194/1595 2519/2890/2280
f 2513/2189/1590 2521/2195/1596 2522/2891/2281 2514/2191/1592
f 2514/2191/1592 2522/2891/2281 2523/2892/2282 2515/2192/1593
f 2523/2892/2282 2524/2199/1600 2518/2194/1595 2515/2192/1593
f 2524/2199/1600 2525/2200/1601 2519/2890/2280 2518/2194/1595
f 2522/2891/2281 2528/2894/2284 2529/2893/2283 2523/2892/2282
f 2522/2891/2281 2521/2195/1596 2528/2894/2284
f 2531/2201/1602 2532/2895/2285 2528/2894/2284 2521/2195/1596
f 2524/2199/1600 2523/2892/2282 2529/2893/2283
f 2528/2894/2284 2532/2895/2285 2533/2896/2286 2529/2893/2283
f 2529/2893/2283 2533/2896/2286 2534/2202/1603 2524/2199/1600
f 2535/2897/2287 2536/2898/2288 2532/2895/2285 2531/2201/1602
f 2532/2895/2285 2536/2898/2288 2537/2899/2289 2533/2896/2286
f 2533/2896/2286 2537/2899/2289 2538/2900/2290 2534/2202/1603
f 2539/2205/1606 2540/2203/1604 2536/2898/2288 2535/2897/2287
f 2536/2898/2288 2540/2203/1604 2541/2207/1608 2537/2899/2289
f 2537/2899/2289 2541/2207/1608 2542/2208/1609 2538/2900/2290
f 2540/2203/1604 2544/2204/1605 2545/2206/1607 2541/2207/1608
f 2539/2205/1606 2543/2210/1611 2544/2204/1605
f 2544/2204/1605 2548/2902/2292 2549/2901/2291 2545/2206/1607
f 2546/2211/1612 2542/2208/1609 2545/2206/1607
f 2548/2902/2292 2544/2204/1605 2547/2209/1610
f 2547/2209/1610 2551/2904/2294 2552/2903/2293 2548/2902/2292
f 2545/2206/1607 2549/2901/2291 2550/2212/1613
f 2548/2902/2292 2552/2903/2293 2553/2905/2295 2549/2901/2291
f 2553/2905/2295 2554/2906/2296 2550/2212/1613 2549/2901/2291
f 2551/2904/2294 2556/2214/1615 2557/2215/1616 2552/2903/2293
f 2556/2214/1615 2551/2904/2294 2555/2907/2297
f 2552/2903/2293 2557/2215/1616 2558/2218/1619 2553/2905/2295
f 2558/2218/1619 2559/2216/1617 2554/2906/2296 2553/2905/2295
f 2557/2215/1616 2562/2213/1614 2563/2217/1618 2558/2218/1619
f 2554/2906/2296 2559/2216/1617 2560/2908/2298
f 2556/2214/1615 2555/2907/2297 2561/2909/2299
f 2561/2909/2299 2565/2910/2300 2566/2220/1621 2556/2214/1615
f 2560/2908/2298 2559/2216/1617 2564/2911/2301
f 2556/2214/1615 2566/2220/1621 2567/2221/1622 2562/2213/1614
f 2562/2213/1614 2567/2221/1622 2568/2224/1625 2563/2217/1618
f 2568/2224/1625 2569/2222/1623 2559/2216/1617 2563/2217/1618
f 2569/2222/1623 2570/2912/2302 2564/2911/2301 2559/2216/1617
f 2567/2221/1622 2572/2219/1620 2573/2223/1624 2568/2224/1625
f 2566/2220/1621 2565/2910/2300 2571/2226/1627
f 2572/2219/1620 2576/2227/1628 2577/2228/1629 2573/2223/1624
f 2570/2912/2302 2569/2222/1623 2574/2229/1630
f 2576/2227/1628 2566/2220/1621 2575/2225/1626
f 2576/2227/1628 2581/2238/1639 2582/2241/1642 2577/2228/1629
f 2569/2222/1623 2577/2228/1629 2578/2230/1631
f 2575/2225/1626 2579/2234/1635 2580/2231/1632
f 2576/2227/1628 2580/2231/1632 2581/2238/1639
f 2581/2238/1639 2588/2239/1640 2589/2240/1641 2582/2241/1642
f 2583/2232/1633 2577/2228/1629 2582/2241/1642
f 2584/2236/1637 2578/2230/1631 2583/2232/1633
f 2580/2231/1632 2587/2237/1638 2588/2239/1640
f 2588/2239/1640 2593/2914/2304 2594/2913/2303 2589/2240/1641
f 2590/2242/1643 2583/2232/1633 2589/2240/1641
f 2587/2237/1638 2591/2915/2305 2592/2243/1644
f 2588/2239/1640 2592/2243/1644 2593/2914/2304
f 2597/2916/2306 2599/2918/2308 2600/2917/2307 2592/2243/1644
f 2595/2244/1645 2589/2240/1641 2594/2913/2303
f 2596/2919/2309 2590/2242/1643 2595/2244/1645
f 2592/2243/1644 2591/2915/2305 2597/2916/2306
f 2596/2919/2309 2595/2244/1645 2598/2920/2310
f 2592/2243/1644 2600/2917/2307 2601/2921/2311 2593/2914/2304
f 2593/2914/2304 2601/2921/2311 2602/2922/2312 2594/2913/2303
f 2602/2922/2312 2603/2923/2313 2595/2244/1645 2594/2913/2303
f 2603/2923/2313 2604/2924/2314 2598/2920/2310 2595/2244/1645
f 2605/2925/2315 2607/2927/2317 2608/2926/2316 2600/2917/2307
f 2600/2917/2307 2599/2918/2308 2605/2925/2315
f 2604/2924/2314 2603/2923/2313 2606/2928/2318
f 2600/2917/2307 2608/2926/2316 2609/2929/2319 2601/2921/2311
f 2601/2921/2311 2609/2929/2319 2610/2930/2320 2602/2922/2312
f 2610/2930/2320 2611/2931/2321 2603/2923/2313 2602/2922/2312
f 2611/2931/2321 2612/2932/2322 2606/2928/2318 2603/2923/2313
f 2613/2933/2323 2615/2935/2325 2616/2934/2324 2608/2926/2316
f 2608/2926/2316 2607/2927/2317 2613/2933/2323
f 2612/2932/2322 2611/2931/2321 2614/2936/2326
f 2608/2926/2316 2616/2934/2324 2617/2937/2327 2609/2929/2319
f 2609/2929/2319 2617/2937/2327 2618/2938/2328 2610/2930/2320
f 2618/2938/2328 2619/2939/2329 2611/2931/2321 2610/2930/2320
f 2619/2939/2329 2620/2940/2330 2614/2936/2326 2611/2931/2321
f 2621/2941/2331 2628/2942/2332 2623/2246/1647 2616/2934/2324
f 2616/2934/2324 2615/2935/2325 2621/2941/2331
f 2620/2940/2330 2619/2939/2329 2622/2943/2333
f 2616/2934/2324 2623/2246/1647 2624/2247/1648 2617/2937/2327
f 2617/2937/2327 2624/2247/1648 2625/2250/1651 2618/2938/2328
f 2625/2250/1651 2626/2248/1649 2619/2939/2329 2618/2938/2328
f 2626/2248/1649 2627/2944/2334 2622/2943/2333 2619/2939/2329
f 2632/2249/1650 2639/2257/1658 2636/2261/1662 2633/2252/1653
f 2623/2246/1647 2628/2942/2332 2630/2945/2335
f 2627/2944/2334 2626/2248/1649 2629/2251/1652
f 2625/2250/1651 2624/2247/1648 2631/2245/1646
f 2625/2250/1651 2635/2253/1654 2632/2249/1650
f 2626/2248/1649 2632/2249/1650 2633/2252/1653
f 2623/2246/1647 2630/2945/2335 2634/2255/1656
f 2623/2246/1647 2637/2254/1655 2638/2256/1657
f 2631/2245/1646 2640/2264/1665 2641/2268/1669 2635/2253/1654
f 2631/2245/1646 2638/2256/1657 2640/2264/1665
f 2647/2263/1664 2655/2273/1674 2656/2274/1675 2653/2267/1668
f 2639/2257/1658 2635/2253/1654 2641/2268/1669
f 2637/2254/1655 2645/2258/1659 2648/2946/2336
f 2644/2260/1661 2636/2261/1662 2646/2947/2337
f 2641/2268/1669 2640/2264/1665 2647/2263/1664
f 2637/2254/1655 2648/2946/2336 2654/2270/1671
f 2647/2263/1664 2638/2256/1657 2649/2265/1666
f 2639/2257/1658 2641/2268/1669 2650/2266/1667
f 2646/2947/2337 2636/2261/1662 2651/2271/1672
f 2649/2265/1666 2637/2254/1655 2652/2269/1670
f 2636/2261/1662 2650/2266/1667 2657/2272/1673
f 2655/2273/1674 2661/2275/1676 2662/2278/1679 2656/2274/1675
f 2655/2273/1674 2652/2269/1670 2658/2276/1677
f 2657/2272/1673 2656/2274/1675 2659/2277/1678
f 2660/2948/2338 2664/2949/2338 2667/2279/1680 2658/2276/1677
f 2665/2283/1684 2666/2951/2339 2663/2950/2339 2659/2277/1678
f 2661/2275/1676 2658/2276/1677 2667/2279/1680
f 2659/2277/1678 2662/2278/1679 2665/2283/1684
f 2661/2275/1676 2668/2953/2341 2669/2952/2340 2662/2278/1679
f 2661/2275/1676 2667/2279/1680 2668/2953/2341
f 2677/2280/1681 2672/2288/1689 2668/2953/2341 2667/2279/1680
f 2665/2283/1684 2662/2278/1679 2669/2952/2340
f 2668/2953/2341 2673/2289/1690 2674/2292/1693 2669/2952/2340
f 2668/2953/2341 2672/2288/1689 2673/2289/1690
f 2669/2952/2340 2675/2290/1691 2676/2282/1683 2665/2283/1684
f 2675/2290/1691 2669/2952/2340 2674/2292/1693
f 2677/2280/1681 2680/2285/1686 2681/2287/1688 2672/2288/1689
f 2673/2289/1690 2681/2287/1688 2682/2291/1692 2674/2292/1693
f 2682/2291/1692 2683/2294/1695 2676/2282/1683 2675/2290/1691
f 2686/2954/2342 2691/2295/1696 2680/2285/1686 2684/2955/2342
f 2681/2287/1688 2687/2297/1698 2688/2300/1701 2682/2291/1692
f 2681/2287/1688 2691/2295/1696 2687/2297/1698
f 2683/2294/1695 2689/2296/1697 2690/2957/2343 2685/2956/2343
f 2689/2296/1697 2682/2291/1692 2688/2300/1701
f 2687/2297/1698 2692/2298/1699 2693/2299/1700 2688/2300/1701
f 2691/2295/1696 2695/2958/2344 2692/2298/1699
f 2701/2303/1704 2697/2301/1702 2692/2298/1699 2695/2958/2344
f 2694/2959/2345 2689/2296/1697 2693/2299/1700
f 2695/2958/2344 2696/2960/2346 2701/2303/1704
f 2692/2298/1699 2697/2301/1702 2698/2305/1706 2693/2299/1700
f 2693/2299/1700 2698/2305/1706 2699/2306/1707 2694/2959/2345
f 2697/2301/1702 2704/2962/2348 2705/2961/2347 2698/2305/1706
f 2700/2963/2349 2694/2959/2345 2699/2306/1707
f 2701/2303/1704 2702/2308/1709 2703/2302/1703
f 2697/2301/1702 2703/2302/1703 2704/2962/2348
f 2704/2962/2348 2710/2313/1714 2711/2316/1717 2705/2961/2347
f 2706/2304/1705 2698/2305/1706 2705/2961/2347
f 2707/2310/1711 2699/2306/1707 2706/2304/1705
f 2704/2962/2348 2703/2302/1703 2710/2313/1714
f 2722/2964/2350 2724/2321/1722 2703/2302/1703 2713/2311/1712
f 2706/2304/1705 2705/2961/2347 2711/2316/1717
f 2710/2313/1714 2715/2318/1719 2716/2320/1721 2711/2316/1717
f 2703/2302/1703 2724/2321/1722 2714/2314/1715
f 2710/2313/1714 2714/2314/1715 2715/2318/1719
f 2706/2304/1705 2718/2322/1723 2719/2965/2351 2712/2312/1713
f 2717/2315/1716 2711/2316/1717 2716/2320/1721
f 2718/2322/1723 2706/2304/1705 2717/2315/1716
f 2720/2317/1718 2726/2327/1728 2727/2330/1731 2723/2319/1720
f 2716/2320/1721 2715/2318/1719 2720/2317/1718
f 2719/2965/2351 2718/2322/1723 2721/2326/1727
f 2724/2321/1722 2722/2964/2350 2725/2324/1725
f 2720/2317/1718 2724/2321/1722 2726/2327/1728
f 2726/2327/1728 2734/2338/1739 2735/2336/1737 2727/2330/1731
f 2718/2322/1723 2723/2319/1720 2727/2330/1731
f 2724/2321/1722 2733/2323/1724 2729/2331/1732
f 2724/2321/1722 2729/2331/1732 2730/2328/1729
f 2732/2334/1735 2718/2322/1723 2731/2329/1730
f 2728/2325/1726 2718/2322/1723 2732/2334/1735
f 2726/2327/1728 2730/2328/1729 2734/2338/1739
f 2734/2338/1739 2739/2337/1738 2740/2339/1740 2735/2336/1737
f 2731/2329/1730 2727/2330/1731 2735/2336/1737
f 2732/2334/1735 2731/2329/1730 2735/2336/1737
f 2729/2331/1732 2737/2332/1733 2742/2966/2352
f 2739/2337/1738 2747/2345/1746 2748/2352/1753 2740/2339/1740
f 2736/2333/1734 2732/2334/1735 2741/2967/2353
f 2729/2331/1732 2742/2966/2352 2746/2342/1743
f 2739/2337/1738 2730/2328/1729 2743/2340/1741
f 2741/2967/2353 2732/2334/1735 2744/2343/1744
f 2743/2340/1741 2729/2331/1732 2745/2341/1742
f 2738/2335/1736 2740/2339/1740 2748/2352/1753
f 2732/2334/1735 2738/2335/1736 2749/2344/1745
f 2745/2341/1742 2746/2342/1743 2751/2968/2354
f 2745/2341/1742 2753/2348/1749 2756/2353/1754 2743/2340/1741
f 2738/2335/1736 2748/2352/1753 2749/2344/1745
f 2744/2343/1744 2749/2344/1745 2750/2347/1748
f 2745/2341/1742 2751/2968/2354 2755/2349/1750
f 2753/2348/1749 2755/2349/1750 2760/2356/1757
f 2747/2345/1746 2756/2353/1754 2757/2354/1755 2748/2352/1753
f 2756/2353/1754 2763/2359/1760 2764/2360/1761 2757/2354/1755
f 2752/2346/1747 2758/2350/1751 2759/2357/1758
f 2753/2348/1749 2762/2355/1756 2763/2359/1760
f 2762/2355/1756 2765/2363/1764 2766/2361/1762 2763/2359/1760
f 2761/2358/1759 2758/2350/1751 2764/2360/1761
f 2763/2359/1760 2766/2361/1762 2767/2365/1766 2764/2360/1761
f 2767/2365/1766 2768/2366/1767 2761/2358/1759 2764/2360/1761
f 2771/2368/1769 2772/2362/1763 2765/2363/1764 2769/2969/2355
f 2766/2361/1762 2773/2971/2357 2774/2970/2356 2767/2365/1766
f 2766/2361/1762 2772/2362/1763 2773/2971/2357
f 2768/2366/1767 2775/2364/1765 2776/2370/1771 2770/2972/2358
f 2775/2364/1765 2767/2365/1766 2774/2970/2356
f 2773/2971/2357 2779/2374/1775 2780/2378/1779 2774/2970/2356
f 2773/2971/2357 2772/2362/1763 2779/2374/1775
f 2784/2377/1778 2794/2384/1785 2795/2385/1786 2785/2376/1777
f 2775/2364/1765 2774/2970/2356 2780/2378/1779
f 2780/2378/1779 2779/2374/1775 2784/2377/1778
f 2772/2362/1763 2789/2373/1774 2790/2383/1784
f 2772/2362/1763 2790/2383/1784 2783/2375/1776
f 2779/2374/1775 2783/2375/1776 2784/2377/1778
f 2786/2379/1780 2780/2378/1779 2785/2376/1777
f 2787/2386/1787 2775/2364/1765 2786/2379/1780
f 2788/2380/1781 2775/2364/1765 2787/2386/1787
f 2793/2381/1782 2791/2382/1783 2798/2391/1792
f 2794/2384/1785 2783/2375/1776 2793/2381/1782
f 2800/2389/1790 2801/2395/1796 2794/2384/1785 2793/2381/1782
f 2786/2379/1780 2795/2385/1786 2796/2387/1788
f 2792/2388/1789 2796/2387/1788 2797/2394/1795
f 2793/2381/1782 2798/2391/1792 2800/2389/1790
f 2797/2394/1795 2796/2387/1788 2799/2393/1794
f 2794/2384/1785 2801/2395/1796 2802/2398/1799 2795/2385/1786
f 2795/2385/1786 2802/2398/1799 2799/2393/1794 2796/2387/1788
f 2805/2401/1802 2811/2399/1800 2800/2389/1790 2804/2390/1791
f 2801/2395/1796 2806/2396/1797 2807/2397/1798 2802/2398/1799
f 2800/2389/1790 2811/2399/1800 2806/2396/1797
f 2799/2393/1794 2808/2403/1804 2809/2404/1805 2803/2392/1793
f 2808/2403/1804 2799/2393/1794 2807/2397/1798
f 2822/2973/2359 2825/2975/2361 2826/2974/2360 2817/2409/1810
f 2806/2396/1797 2811/2399/1800 2812/2407/1808
f 2807/2397/1798 2806/2396/1797 2812/2407/1808
f 2811/2399/1800 2814/2405/1806 2812/2407/1808
f 2815/2408/1809 2808/2403/1804 2819/2406/1807
f 2817/2409/1810 2814/2405/1806 2816/2976/2362
f 2818/2412/1813 2812/2407/1808 2817/2409/1810
f 2819/2406/1807 2812/2407/1808 2818/2412/1813
f 2815/2408/1809 2820/2410/1811 2821/2977/2363
f 2817/2409/1810 2816/2976/2362 2822/2973/2359
f 2821/2977/2363 2820/2410/1811 2824/2978/2364
f 2817/2409/1810 2826/2974/2360 2827/2414/1815 2818/2412/1813
f 2828/2415/1816 2829/2979/2365 2824/2978/2364 2820/2410/1811
f 2823/2411/1812 2818/2412/1813 2827/2414/1815
f 2820/2410/1811 2823/2411/1812 2828/2415/1816
f 2830/2980/2366 2833/2981/2367 2834/2420/1821 2826/2974/2360
f 2826/2974/2360 2825/2975/2361 2830/2980/2366
f 2829/2979/2365 2828/2415/1816 2832/2982/2368
f 2826/2974/2360 2834/2420/1821 2835/2417/1818 2827/2414/1815
f 2836/2418/1819 2837/2983/2369 2832/2982/2368 2828/2415/1816
f 2831/2413/1814 2827/2414/1815 2835/2417/1818
f 2828/2415/1816 2831/2413/1814 2836/2418/1819
f 2842/2419/1820 2848/2431/1832 2849/2434/1835 2845/2421/1822
f 2834/2420/1821 2833/2981/2367 2838/2984/2370
f 2837/2983/2369 2836/2418/1819 2840/2985/2371
f 2834/2420/1821 2838/2984/2370 2841/2986/2372
f 2839/2416/1817 2835/2417/1818 2842/2419/1820
f 2836/2418/1819 2839/2416/1817 2845/2421/1822
f 2840/2985/2371 2836/2418/1819 2843/2987/2373
f 2834/2420/1821 2841/2986/2372 2844/2423/1824
f 2843/2987/2373 2836/2418/1819 2846/2427/1828
f 2834/2420/1821 2852/2422/1823 2847/2424/1825
f 2842/2419/1820 2847/2424/1825 2848/2431/1832
f 2876/2446/1847 2877/2454/1855 2867/2444/1845 2868/2442/1843
f 2850/2425/1826 2845/2421/1822 2849/2434/1835
f 2851/2426/1827 2836/2418/1819 2850/2425/1826
f 2847/2424/1825 2858/2430/1831 2855/2432/1833
f 2849/2434/1835 2848/2431/1832 2855/2432/1833
f 2857/2435/1836 2850/2425/1826 2856/2433/1834
f 2855/2432/1833 2858/2430/1831 2860/2438/1839
f 2856/2433/1834 2855/2432/1833 2860/2438/1839
f 2857/2435/1836 2856/2433/1834 2863/2439/1840
f 2862/2436/1837 2859/2437/1838 2866/2988/2374
f 2861/2441/1842 2864/2440/1841 2865/2989/2375
f 2863/2439/1840 2860/2438/1839 2867/2444/1845
f 2862/2436/1837 2866/2988/2374 2872/2990/2376
f 2867/2444/1845 2860/2438/1839 2868/2442/1843
f 2863/2439/1840 2869/2443/1844 2870/2445/1846
f 2865/2989/2375 2864/2440/1841 2871/2991/2377
f 2862/2436/1837 2872/2990/2376 2874/2449/1850
f 2871/2991/2377 2864/2440/1841 2873/2451/1852
f 2867/2444/1845 2877/2454/1855 2878/2992/2378 2869/2443/1844
f 2869/2443/1844 2878/2992/2378 2875/2447/1848 2870/2445/1846
f 2877/2454/1855 2884/2455/1856 2885/2459/1860 2878/2992/2378
f 2862/2436/1837 2880/2448/1849 2881/2452/1853
f 2879/2450/1851 2864/2440/1841 2882/2453/1854
f 2876/2446/1847 2881/2452/1853 2884/2455/1856
f 2882/2453/1854 2875/2447/1848 2883/2993/2379
f 2878/2992/2378 2885/2459/1860 2883/2993/2379 2875/2447/1848
f 2888/2457/1858 2889/2461/1862 2883/2993/2379 2885/2459/1860
f 2887/2458/1859 2884/2455/1856 2886/2456/1857
f 2885/2459/1860 2884/2455/1856 2887/2458/1859
f 2889/2461/1862 2890/2468/1869 2882/2453/1854 2883/2993/2379
f 2887/2458/1859 2894/2460/1861 2895/2462/1863 2888/2457/1858
f 2882/2453/1854 2890/2468/1869 2891/2994/2380
f 2886/2456/1857 2881/2452/1853 2892/2465/1866
f 2894/2460/1861 2886/2456/1857 2892/2465/1866
f 2894/2460/1861 2900/2469/1870 2901/2470/1871 2895/2462/1863
f 2889/2461/1862 2895/2462/1863 2890/2468/1869
f 2891/2994/2380 2890/2468/1869 2896/2466/1867
f 2894/2460/1861 2892/2465/1866 2897/2463/1864
f 2890/2468/1869 2895/2462/1863 2898/2467/1868
f 2899/2475/1876 2905/2473/1874 2906/2479/1880 2900/2469/1870
f 2900/2469/1870 2897/2463/1864 2899/2475/1876
f 2898/2467/1868 2901/2470/1871 2904/2472/1873
f 2900/2469/1870 2906/2479/1880 2907/2476/1877 2901/2470/1871
f 2914/2481/1882 2910/2996/2381 2908/2995/2381 2904/2472/1873
f 2904/2472/1873 2907/2476/1877 2914/2481/1882
f 2906/2479/1880 2912/2480/1881 2913/2482/1883 2907/2476/1877
f 2912/2480/1881 2905/2473/1874 2911/2477/1878
f 2912/2480/1881 2916/2998/2383 2917/2997/2382 2913/2482/1883
f 2911/2477/1878 2915/2999/2384 2920/2483/1884
f 2912/2480/1881 2920/2483/1884 2916/2998/2383
f 2913/2482/1883 2917/2997/2382 2918/3000/2385 2914/2481/1882
f 2926/2486/1887 2922/2484/1885 2916/2998/2383 2920/2483/1884
f 2919/3001/2386 2914/2481/1882 2918/3000/2385
f 2920/2483/1884 2921/3002/2387 2926/2486/1887
f 2916/2998/2383 2922/2484/1885 2923/2488/1889 2917/2997/2382
f 2917/2997/2382 2923/2488/1889 2924/2489/1890 2918/3000/2385
f 2922/2484/1885 2928/2485/1886 2929/2487/1888 2923/2488/1889
f 2925/3003/2388 2918/3000/2385 2924/2489/1890
f 2926/2486/1887 2927/3004/2389 2931/2491/1892
f 2926/2486/1887 2931/2491/1892 2928/2485/1886
f 2928/2485/1886 2935/2495/1896 2936/2497/1898 2929/2487/1888
f 2932/2492/1893 2924/2489/1890 2929/2487/1888
f 2930/3005/2390 2924/2489/1890 2932/2492/1893
f 2934/2490/1891 2931/2491/1892 2933/3006/2391
f 2935/2495/1896 2928/2485/1886 2934/2490/1891
f 2935/2495/1896 2942/2494/1895 2946/2496/1897 2936/2497/1898
f 2929/2487/1888 2936/2497/1898 2937/2493/1894
f 2932/2492/1893 2937/2493/1894 2938/3007/2392
f 2934/2490/1891 2933/3006/2391 2939/3008/2393
f 2938/3007/2392 2937/2493/1894 2940/3009/2394
f 2934/2490/1891 2939/3008/2393 2941/2499/1900
f 2951/3010/2395 2958/2506/1907 2944/2498/1899 2949/3011/2395
f 2940/3009/2394 2937/2493/1894 2943/2502/1903
f 2945/2500/1901 2934/2490/1891 2944/2498/1899
f 2937/2493/1894 2947/2501/1902 2948/2503/1904
f 2958/2506/1907 2952/2504/1905 2945/2500/1901 2944/2498/1899
f 2952/2504/1905 2953/3012/2396 2942/2494/1895 2945/2500/1901
f 2942/2494/1895 2953/3012/2396 2954/3013/2397 2946/2496/1897
f 2946/2496/1897 2954/3013/2397 2955/2508/1909 2947/2501/1902
f 2947/2501/1902 2955/2508/1909 2956/2509/1910 2948/2503/1904
f 2948/2503/1904 2956/2509/1910 2957/3015/2398 2950/3014/2398
f 2962/3016/2399 2963/3017/2400 2953/3012/2396 2952/2504/1905
f 2958/2506/1907 2960/2511/1912 2961/2505/1906
f 2959/2513/1914 2956/2509/1910 2970/2507/1908
f 2952/2504/1905 2961/2505/1906 2962/3016/2399
f 2953/3012/2396 2963/3017/2400 2964/3018/2401 2954/3013/2397
f 2954/3013/2397 2964/3018/2401 2965/3019/2402 2955/2508/1909
f 2961/2505/1906 2971/2517/1918 2972/2518/1919 2962/3016/2399
f 2970/2507/1908 2955/2508/1909 2965/3019/2402
f 2971/2517/1918 2961/2505/1906 2977/3020/2403
f 2962/3016/2399 2972/2518/1919 2973/3021/2404 2963/3017/2400
f 2963/3017/2400 2973/3021/2404 2974/3022/2405 2964/3018/2401
f 2974/3022/2405 2975/2521/1922 2965/3019/2402 2964/3018/2401
f 2975/2521/1922 2978/2519/1920 2970/2507/1908 2965/3019/2402
f 2972/2518/1919 2979/2516/1917 2982/2524/1925 2973/3021/2404
f 2970/2507/1908 2978/2519/1920 2976/3023/2406
f 2973/3021/2404 2982/2524/1925 2983/2527/1928 2974/3022/2405
f 2983/2527/1928 2984/2520/1921 2975/2521/1922 2974/3022/2405
f 2985/3024/2407 2988/2522/1923 2971/2517/1918 2981/3025/2407
f 2978/2519/1920 2986/2523/1924 2987/3027/2408 2980/3026/2408
f 2989/2525/1926 2998/3029/1114 2999/3028/1117 2990/2526/1927
f 2979/2516/1917 2988/2522/1923 2993/2530/1930
f 2979/2516/1917 2993/2530/1930 2989/2525/1926
f 2983/2527/1928 2982/2524/1925 2989/2525/1926
f 2991/2531/1931 2984/2520/1921 2990/2526/1927
f 2986/2523/1924 2984/2520/1921 2991/2531/1931
f 2988/2522/1923 2994/3030/2409 2993/2530/1930
f 2992/3031/2410 2986/2523/1924 2991/2531/1931
f 2993/2530/1930 2994/3030/2409 2996/2529/1929
f 2992/3031/2410 2991/2531/1931 2995/2533/1932
f 2998/3029/1114 2989/2525/1926 2997/2528/1110
f 3003/2534/1933 3007/2535/1934 3008/2537/1936 3004/2538/1937
f 2990/2526/1927 2999/3028/1117 3000/2532/1107
f 2997/2528/1110 2996/2529/1929 1864/3032/1490
f 2995/2533/1932 3000/2532/1107 3001/3033/1105
f 3002/2536/1935 3006/2541/1940 3007/2535/1934
f 3007/2535/1934 3011/2545/1944 3012/2547/1946 3008/2537/1936
f 3009/2542/1941 3005/2539/1938 3008/2537/1936
f 3011/2545/1944 3007/2535/1934 3010/2540/1939
f 3011/2545/1944 3015/2544/1943 3016/2546/1945 3012/2547/1946
f 3008/2537/1936 3012/2547/1946 3013/2543/1942
f 3015/2544/1943 3010/2540/1939 3014/2549/1948
f 3015/2544/1943 3019/3035/2412 3020/3034/2411 3016/2546/1945
f 3013/2543/1942 3016/2546/1945 3017/2551/1950
f 3014/2549/1948 3018/3036/2413 3023/2548/1947
f 3015/2544/1943 3023/2548/1947 3019/3035/2412
f 3027/3037/2414 3024/3038/2415 3019/3035/2412 3023/2548/1947
f 3021/2550/1949 3016/2546/1945 3020/3034/2411
f 3022/3039/2416 3017/2551/1950 3021/2550/1949
f 3019/3035/2412 3024/3038/2415 3025/3040/2417 3020/3034/2411
f 3020/3034/2411 3025/3040/2417 3026/3041/2418 3021/2550/1949
f 3024/3038/2415 3028/3043/2420 3029/3042/2419 3025/3040/2417
f 3024/3038/2415 3027/3037/2414 3028/3043/2420
f 3035/3044/2421 3031/3045/2422 3028/3043/2420 3027/3037/2414
f 3026/3041/2418 3025/3040/2417 3029/3042/2419
f 3027/3037/2414 3030/3046/2423 3035/3044/2421
f 3028/3043/2420 3031/3045/2422 3032/3047/2424 3029/3042/2419
f 3029/3042/2419 3032/3047/2424 3033/3048/2425 3026/3041/2418
f 3041/2554/1953 3037/2552/1951 3031/3045/2422 3035/3044/2421
f 3034/3049/2426 3026/3041/2418 3033/3048/2425
f 3035/3044/2421 3036/3050/2427 3041/2554/1953
f 3031/3045/2422 3037/2552/1951 3038/2556/1955 3032/3047/2424
f 3032/3047/2424 3038/2556/1955 3039/2557/1956 3033/3048/2425
f 3037/2552/1951 3043/2553/1952 3044/2555/1954 3038/2556/1955
f 3040/3051/2428 3033/3048/2425 3039/2557/1956
f 3041/2554/1953 3042/2627/2429 3053/2559/1958
f 3041/2554/1953 3053/2559/1958 3043/2553/1952
f 3043/2553/1952 3047/2563/1962 3048/3052/2430 3044/2555/1954
f 3050/2560/1959 3039/2557/1956 3044/2555/1954
f 3045/2629/2431 3039/2557/1956 3050/2560/1959
f 3047/2563/1962 3043/2553/1952 3046/2558/1957
f 3047/2563/1962 3051/2562/1961 3052/2569/1968 3048/3052/2430
f 3044/2555/1954 3048/3052/2430 3049/2561/1960
f 3055/2566/1965 3056/2564/1963 3046/2558/1957 3053/2559/1958
f 3049/2561/1960 3048/3052/2430 3052/2569/1968
f 3049/2561/1960 3057/2570/1969 3054/2572/1971 3050/2560/1959
f 3051/2562/1961 3046/2558/1957 3056/2564/1963
f 3049/2561/1960 3052/2569/1968 3057/2570/1969
f 3051/2562/1961 3059/2567/1966 3060/2568/1967 3052/2569/1968
f 3055/2566/1965 3058/2698/2432 3063/2565/1964
f 3056/2564/1963 3063/2565/1964 3059/2567/1966
f 3069/3053/2433 3066/2576/1975 3059/2567/1966 3063/2565/1964
f 3061/2571/1970 3057/2570/1969 3060/2568/1967
f 3062/2700/2434 3054/2572/1971 3061/2571/1970
f 3061/2571/1970 3060/2568/1967 3064/2573/1972
f 3063/2565/1964 3065/2705/2435 3069/3053/2433
f 3075/2581/1980 3072/2579/1978 3066/2576/1975 3069/3053/2433
f 3064/2573/1972 3059/2567/1966 3066/2576/1975
f 3068/2706/2436 3061/2571/1970 3067/2574/1973
f 3067/2574/1973 3064/2573/1972 3070/2575/1974
f 3069/3053/2433 3071/3054/2437 3075/2581/1980
f 3078/2580/1979 3081/3055/2438 3082/2585/1984 3076/2578/1977
f 3070/2575/1974 3066/2576/1975 3072/2579/1978
f 3074/3056/2439 3067/2574/1973 3073/2577/1976
f 3073/2577/1976 3070/2575/1974 3076/2578/1977
f 3075/2581/1980 3077/2584/1983 3078/2580/1979
f 3076/2578/1977 3072/2579/1978 3078/2580/1979
f 3079/3057/2440 3073/2577/1976 3083/2582/1981
f 3081/3055/2438 3078/2580/1979 3080/2583/1982
f 3080/2583/1982 3084/2590/1989 3087/2592/1991 3081/3055/2438
f 3083/2582/1981 3082/2585/1984 3085/2586/1985
f 3081/3055/2438 3087/2592/1991 3088/2587/1986 3082/2585/1984
f 3087/2592/1991 3091/2591/1990 3092/2593/1992 3088/2587/1986
f 3091/2591/1990 3084/2590/1989 3090/2588/1987
f 3091/2591/1990 3003/3059/1933 3004/3058/1937 3092/2593/1992
f 3085/2586/1985 3092/2593/1992 3093/2595/1994
f 3091/2591/1990 3002/2596/1935 3003/3059/1933
f 3099/3060/2441 3100/2605/2002 3095/2600/1997 3094/3061/2442
f 3005/2597/1938 3092/2593/1992 3004/3058/1937
f 3216/2598/1995 3101/2599/1996 3102/2601/1998 3096/2602/1999
f 3095/2600/1997 3100/2605/2002 3101/2599/1996
f 3097/2603/2000 3104/2606/2003 3103/3063/2444 3098/3062/2443
f 3104/2606/2003 3097/2603/2000 3102/2601/1998
f 3101/2599/1996 3106/3065/2446 3107/3064/2445 3102/2601/1998
f 3106/3065/2446 3101/2599/1996 3105/2604/2001
f 3105/2604/2001 3109/2610/2007 3111/2612/2009 3106/3065/2446
f 3102/2601/1998 3107/3064/2445 3108/2607/2004
f 3106/3065/2446 3111/2612/2009 3112/2615/2012 3107/3064/2445
f 3112/2615/2012 3113/2613/2010 3108/2607/2004 3107/3064/2445
f 3111/2612/2009 3116/2611/2008 3117/2614/2011 3112/2615/2012
f 3116/2611/2008 3109/2610/2007 3115/2608/2005
f 3116/2611/2008 3120/3067/2448 3121/3066/2447 3117/2614/2011
f 3113/2613/2010 3117/2614/2011 3118/2617/2014
f 3115/2608/2005 3119/3046/2449 3124/2618/2015
f 3116/2611/2008 3124/2618/2015 3120/3067/2448
f 3128/2622/2019 3125/2620/2017 3120/3067/2448 3124/2618/2015
f 3122/2619/2016 3117/2614/2011 3121/3066/2447
f 3123/3049/2450 3118/2617/2014 3122/2619/2016
f 3120/3067/2448 3125/2620/2017 3126/2624/2021 3121/3066/2447
f 3121/3066/2447 3126/2624/2021 3127/2625/2022 3122/2619/2016
f 3125/2620/2017 3130/2621/2018 3131/2623/2020 3126/2624/2021
f 3128/2622/2019 3129/2628/2025 3130/2621/2018
f 3129/2628/2025 3135/2626/2023 3136/2636/2033 3130/2621/2018
f 3132/2631/2028 3127/2625/2022 3131/2623/2020
f 3130/2621/2018 3136/2636/2033 3137/2639/2036 3131/2623/2020
f 3137/2639/2036 3138/2630/2027 3132/2631/2028 3131/2623/2020
f 3136/2636/2033 3144/2634/2031 3145/2638/2035 3137/2639/2036
f 3136/2636/2033 3135/2626/2023 3140/2635/2032
f 3138/2630/2027 3137/2639/2036 3141/2637/2034
f 3140/2635/2032 3135/2626/2023 3143/2632/2029
f 3144/2634/2031 3148/2642/2039 3151/2643/2040 3145/2638/2035
f 3138/2630/2027 3141/2637/2034 3146/2641/2038
f 3144/2634/2031 3140/2635/2032 3148/2642/2039
f 3141/2637/2034 3145/2638/2035 3151/2643/2040
f 3148/2642/2039 3143/2632/2029 3150/2644/2041
f 3148/2642/2039 3154/2648/2045 3158/2649/2046 3151/2643/2040
f 3146/2641/2038 3151/2643/2040 3152/2647/2044
f 3153/3068/2451 3156/3069/2452 3157/2650/2047 3150/2644/2041
f 3164/2651/2048 3159/3071/2454 3155/3070/2453 3152/2647/2044
f 3156/3069/2452 3160/3072/2455 3161/2653/2050 3157/2650/2047
f 3154/2648/2045 3162/2656/2053 3163/2659/2056 3158/2649/2046
f 3162/2656/2053 3154/2648/2045 3157/2650/2047
f 3167/2654/2051 3165/3073/2456 3159/3071/2454 3164/2651/2048
f 3158/2649/2046 3163/2659/2056 3164/2651/2048
f 3162/2656/2053 3170/2657/2054 3171/2658/2055 3163/2659/2056
f 3162/2656/2053 3157/2650/2047 3169/2652/2049
f 3164/2651/2048 3163/2659/2056 3166/2655/2052
f 3161/2653/2050 3168/3074/2457 3169/2652/2049
f 3173/3075/2458 3178/3076/2459 3169/2652/2049 3168/3074/2457
f 3172/3077/2460 3167/2654/2051 3166/2655/2052
f 3170/2657/2054 3174/2660/2057 3175/2661/2058 3171/2658/2055
f 3169/2652/2049 3178/3076/2459 3174/2660/2057
f 3166/2655/2052 3176/3079/2462 3177/3078/2461 3172/3077/2460
f 3176/3079/2462 3166/2655/2052 3175/2661/2058
f 3179/3080/2463 3180/3081/2464 3174/2660/2057 3178/3076/2459
f 3174/2660/2057 3180/3081/2464 3181/3082/2465 3175/2661/2058
f 3175/2661/2058 3181/3082/2465 3182/3083/2466 3176/3079/2462
f 3179/3080/2463 3183/2664/2061 3184/2662/2059 3180/3081/2464
f 3180/3081/2464 3184/2662/2059 3185/2666/2063 3181/3082/2465
f 3185/2666/2063 3186/2667/2064 3182/3083/2466 3181/3082/2465
f 3189/2705/2467 3194/2663/2060 3183/2664/2061 3187/3084/2467
f 3184/2662/2059 3190/2668/2065 3191/2671/2068 3185/2666/2063
f 3184/2662/2059 3194/2663/2060 3190/2668/2065
f 3186/2667/2064 3192/2665/2062 3193/2706/2468 3188/3085/2468
f 3192/2665/2062 3185/2666/2063 3191/2671/2068
f 3190/2668/2065 3201/2674/2071 3199/3086/2469 3191/2671/2068
f 3194/2663/2060 3198/3087/2470 3195/2669/2066
f 3197/3088/2471 3192/2665/2062 3196/2670/2067
f 3190/2668/2065 3195/2669/2066 3201/2674/2071
f 3204/3089/2472 3201/2674/2071 3195/2669/2066 3198/3087/2470
f 3196/2670/2067 3191/2671/2068 3199/3086/2469
f 3198/3087/2470 3200/3090/2473 3204/3089/2472
f 3196/2670/2067 3199/3086/2469 3202/3091/2474 3197/3088/2471
f 3201/2674/2071 3205/2672/2069 3206/2678/2074 3199/3086/2469
f 3203/3092/2475 3197/3088/2471 3202/3091/2474
f 3211/3093/2476 3208/2673/2070 3201/2674/2071 3204/3089/2472
f 3204/3089/2472 3207/3094/2477 3211/3093/2476
f 3199/3086/2469 3206/2678/2074 3209/2679/2075 3202/3091/2474
f 3205/2672/2069 3212/2675/2072 3213/2677/2073 3206/2678/2074
f 3210/3095/2478 3202/3091/2474 3209/2679/2075
f 3212/2675/2072 3216/3097/1995 3096/3096/1999 3213/2677/2073
f 3211/3093/2476 3215/3098/2479 3208/2673/2070
f 3214/3099/2480 3209/2679/2075 3097/2676/2000
f 3212/2675/2072 3208/2673/2070 3095/3100/1997
f 3212/2675/2072 3095/3100/1997 3216/3097/1995
f 3215/3098/2479 3094/1336/2442 3095/3100/1997 3208/2673/2070
f 3097/2676/2000 3213/2677/2073 3096/3096/1999
f 3267/2682/2078 3220/2680/2076 3221/2690/2086 3217/3101/2481
f 3214/3099/2480 3097/2676/2000 3098/3102/2443
f 3220/2680/2076 3228/2692/2088 3229/2693/2089 3221/2690/2086
f 3218/2684/2080 3217/3101/2481 3221/2690/2086
f 3266/2681/2077 3222/3103/2482 3231/2687/2083
f 3223/2683/2079 3218/2684/2080 3225/2691/2087
f 3220/2680/2076 3266/2681/2077 3224/2686/2082
f 3218/2684/2080 3221/2690/2086 3225/2691/2087
f 3224/2686/2082 3231/2687/2083 3226/2699/2095
f 3224/2686/2082 3226/2699/2095 3227/2688/2084
f 3228/2692/2088 3234/2695/2091 3235/2696/2092 3229/2693/2089
f 3225/2691/2087 3230/2689/2085 3232/2694/2090
f 3227/2688/2084 3226/2699/2095 3234/2695/2091
f 3234/2695/2091 3240/2702/2098 3241/2703/2099 3235/2696/2092
f 3232/2694/2090 3230/2689/2085 3235/2696/2092
f 3234/2695/2091 3226/2699/2095 3237/2697/2093
f 3232/2694/2090 3235/2696/2092 3238/2701/2097
f 3240/2702/2098 3247/2711/2107 3248/2713/2109 3241/2703/2099
f 3240/2702/2098 3237/2697/2093 3243/2704/2100
f 3238/2701/2097 3241/2703/2099 3244/2707/2103
f 3247/2711/2107 3240/2702/2098 3246/2708/2104
f 3245/3054/2483 3251/3090/2484 3246/2708/2104 3243/2704/2100
f 3241/2703/2099 3248/2713/2109 3249/2709/2105
f 3249/2709/2105 3252/3092/2486 3250/3056/2485 3244/2707/2103
f 3251/3090/2484 3253/3105/2488 3254/3104/2487 3246/2708/2104
f 3247/2711/2107 3255/2710/2106 3256/2712/2108 3248/2713/2109
f 3255/2710/2106 3246/2708/2104 3254/3104/2487
f 3258/3106/2489 3257/3057/2490 3252/3092/2486 3249/2709/2105
f 3249/2709/2105 3256/2712/2108 3258/3106/2489
f 3264/2716/2111 3260/2714/2110 3255/2710/2106 3254/3104/2487
f 3254/3104/2487 3259/3107/2491 3264/2716/2111
f 3255/2710/2106 3260/2714/2110 3261/2718/2112 3256/2712/2108
f 3256/2712/2108 3261/2718/2112 3262/2719/2113 3258/3106/2489
f 3260/2714/2110 3267/3109/2078 3217/3108/2481 3261/2718/2112
f 3263/3110/2492 3258/3106/2489 3262/2719/2113
f 3264/2716/2111 3265/3111/2493 3266/2715/2077
f 3260/2714/2110 3266/2715/2077 3267/3109/2078
f 3218/2717/2080 3261/2718/2112 3217/3108/2481
f 3268/3112/2494 3262/2719/2113 3218/2717/2080
f 3266/2715/2077 3265/3111/2493 3222/1336/2482
f 3268/3112/2494 3218/2717/2080 3219/3102/2081
o Plane.004
v 0.026148 -0.328355 0.467430
v 0.025238 -0.339950 0.474624
v 0.026148 -0.327298 0.478200
v 0.026148 -0.334352 0.472203
v 0.024062 -0.277668 0.441662
v 0.026148 -0.281609 0.457756
v 0.022324 -0.330809 0.481302
v 0.022324 -0.334710 0.468742
v 0.023715 -0.318388 0.466535
v 0.022324 -0.331010 0.476787
v 0.022324 -0.327545 0.470712
v 0.026993 -0.333903 0.470428
v 0.026955 -0.327315 0.470192
v 0.022324 -0.286844 0.460792
v 0.027133 -0.330263 0.477242
v -0.003317 -0.329695 0.476427
v -0.003317 -0.329154 0.478370
v -0.003317 -0.332589 0.475551
v -0.003317 -0.333764 0.477174
v -0.003317 -0.333616 0.472779
v -0.003317 -0.335547 0.472766
v -0.003317 -0.332281 0.470310
v -0.003317 -0.333412 0.468787
v -0.003317 -0.329348 0.469747
v -0.003317 -0.328992 0.467890
v -0.003317 -0.327139 0.471615
v -0.003317 -0.325430 0.470694
v -0.003317 -0.327279 0.474637
v -0.003317 -0.325518 0.474972
v -0.003317 -0.325410 0.475002
v -0.003317 -0.323772 0.472329
v -0.003317 -0.313040 0.467831
v -0.003317 -0.312615 0.469374
v -0.003317 -0.322526 0.473672
v -0.003317 -0.324779 0.476772
v -0.003317 -0.327753 0.475494
v -0.003317 -0.327056 0.475722
v -0.003317 -0.320431 0.470129
v -0.003317 -0.319969 0.471902
v 0.000132 -0.333960 0.476415
v 0.000193 -0.331083 0.468636
v 0.000238 -0.326144 0.474543
v 0.000237 -0.322564 0.472340
v -0.003318 -0.285147 0.461800
v -0.003318 -0.285573 0.460257
v 0.000082 -0.283689 0.460517
v -0.003318 -0.283745 0.461413
v -0.003318 -0.284170 0.459870
v -0.032783 -0.328965 0.467402
v -0.032783 -0.281905 0.458055
v -0.030871 -0.333182 0.481201
v -0.032783 -0.339096 0.470104
v -0.032783 -0.327409 0.478283
v -0.031018 -0.334456 0.472184
v -0.030697 -0.277276 0.442238
v -0.028959 -0.323338 0.476811
v -0.028959 -0.332215 0.464983
v -0.030871 -0.300016 0.457096
v -0.028959 -0.336910 0.475225
v -0.028959 -0.326709 0.472402
v -0.034111 -0.329220 0.476383
v -0.033737 -0.332424 0.468859
v -0.028959 -0.286844 0.460792
v -0.003068 -0.285848 0.458699
v -0.006879 -0.328828 0.476390
v -0.006836 -0.334289 0.470815
v -0.006901 -0.326113 0.473064
v -0.006728 -0.283724 0.460522
v 0.029556 -0.331996 0.466002
v 0.029556 -0.327359 0.482668
v -0.035124 -0.335913 0.469920
v -0.035124 -0.324385 0.481448
vn -0.0232 -0.9993 0.0289
vn 0.7501 -0.4628 -0.4725
vn -0.5586 -0.2638 -0.7864
vn -0.2429 -0.4987 -0.8320
vn -0.9850 -0.1696 0.0327
vn -0.3725 -0.1820 0.9100
vn -0.9565 -0.2619 0.1288
vn 0.7328 -0.4111 -0.5422
vn 0.0561 0.1225 -0.9909
vn 0.1157 0.9929 0.0289
vn 0.5693 0.1877 0.8004
vn 0.5578 0.6837 -0.4705
vn 0.5557 0.0315 0.8308
vn -0.8415 0.1987 0.5024
vn 0.5541 -0.7264 -0.4066
vn -0.8220 -0.2367 -0.5181
vn 0.9905 -0.0675 -0.1199
vn 0.2455 -0.7161 -0.6534
vn -0.2436 -0.4720 -0.8473
vn 0.2856 -0.9177 -0.2761
vn 0.9092 0.1498 0.3886
vn -0.0901 -0.8641 0.4952
vn 0.6242 0.1418 0.7683
vn 0.8873 -0.3603 0.2880
vn 0.1360 -0.6152 0.7765
vn -0.0228 -0.4625 0.8864
vn 0.9388 -0.0701 -0.3372
vn -0.0012 0.7483 0.6634
vn 0.4776 -0.8656 -0.1505
vn 0.1781 0.3962 0.9008
vn 0.1110 0.2838 0.9524
vn 0.3311 -0.3548 -0.8744
vn 0.6235 0.3800 0.6833
vn 0.2593 0.6933 0.6724
vn 0.3120 0.0115 0.9500
vn 0.2087 0.8228 0.5286
vn 0.3372 -0.2653 -0.9033
vn -0.0025 0.7360 0.6770
vn 0.8187 0.5652 -0.1019
vn 0.1570 0.2722 0.9493
vn 0.3741 0.3645 -0.8527
vn -0.0045 -0.7966 0.6045
vn -0.5584 0.1465 0.8166
vn -0.4182 -0.8919 -0.1720
vn -0.9375 -0.1958 -0.2878
vn -0.9592 0.0745 0.2727
vn 0.5614 0.7294 -0.3909
vn 0.8318 0.5297 0.1657
vn 0.9972 -0.0205 0.0714
vn 0.9944 -0.0477 0.0941
vn 0.9994 -0.0296 0.0163
vn 0.9199 -0.2365 0.3129
vn 0.5034 -0.7979 0.3316
vn -0.4568 -0.3639 -0.8117
vn -0.8432 -0.3184 -0.4332
vn -0.5800 -0.8125 0.0586
vn -0.9175 -0.3460 -0.1960
vn -0.5719 -0.3151 -0.7574
vn -0.6722 0.1961 -0.7139
vn -0.9579 0.2076 0.1985
vn -0.4075 0.5263 -0.7463
vn 0.6893 0.6002 0.4057
vn -0.6748 0.5865 0.4479
vn -0.0427 -0.6072 -0.7934
vn -0.9999 -0.0132 0.0008
vn 0.4008 -0.6710 -0.6238
vn -0.4156 0.7198 0.5560
vn -0.4523 0.7614 -0.4644
vn -0.5542 -0.8204 0.1405
vn -0.0367 -0.8563 0.5151
vn -0.1555 -0.9295 -0.3346
vn 0.1399 0.9588 -0.2473
vn 0.1834 0.2800 0.9423
vn 0.3847 -0.2670 0.8836
vn -0.4839 0.0271 0.8747
vn -0.6505 -0.5015 0.5704
vn 0.2827 0.3407 0.8967
vn 0.1465 0.3050 0.9410
vn -0.6541 -0.2539 -0.7125
vn 0.0182 0.0323 -0.9993
vn 0.3306 0.6329 -0.7001
vn -0.6459 0.5149 0.5637
vn -0.4368 0.5529 0.7096
vn -0.5279 -0.2595 -0.8087
vn -0.7859 0.6181 -0.0169
vn -0.0022 0.2927 0.9562
vn -0.0016 0.2734 -0.9619
vn 0.9550 -0.2341 -0.1821
vn -0.1220 0.7730 0.6226
vn -1.0000 -0.0000 -0.0000
vn 0.5133 0.7427 -0.4300
vn 0.4753 0.3445 -0.8096
vn 0.4657 -0.6334 -0.6180
vn 0.4620 -0.8163 0.3468
vn 0.4104 0.6002 -0.6866
vn -0.0480 0.9781 0.2026
vn -0.2425 -0.1824 -0.9528
vn 0.2911 -0.2629 -0.9198
vn -0.4470 0.3680 0.8153
vn -0.9575 0.1060 0.2684
vn -0.2215 -0.2912 -0.9307
vn 0.5752 0.1615 0.8019
vn -0.0805 0.4047 0.9109
vn -0.5883 -0.7086 0.3896
vn -0.4098 -0.2652 -0.8728
vn -0.5930 0.0152 0.8050
vn 0.2263 -0.3662 -0.9026
vn 0.2285 -0.4149 -0.8807
vn -0.2305 0.5938 0.7709
vn -0.2309 0.5483 0.8038
vt 0.663165 0.742159
vt 0.684576 0.917942
vt 0.639526 0.919373
vt 0.639395 0.810345
vt 0.284893 0.003713
vt 0.327375 0.080310
vt 0.241384 0.084944
vt 0.192308 0.060065
vt 0.274835 0.138811
vt 0.314051 0.266386
vt 0.114547 0.940690
vt 0.130484 0.895632
vt 0.151207 0.940664
vt 0.542920 0.703938
vt 0.588090 0.649309
vt 0.564821 0.762601
vt 0.963591 0.627228
vt 1.000000 0.627183
vt 0.983173 0.627204
vt 0.963591 0.978023
vt 0.912558 0.977901
vt 0.950508 0.977898
vt 0.527003 0.812027
vt 0.459049 0.814825
vt 0.485297 0.754611
vt 0.583962 0.886083
vt 0.547708 0.879053
vt 0.547719 0.842135
vt 0.267379 0.911303
vt 0.304040 0.910810
vt 0.267248 0.941885
vt 0.934604 0.390612
vt 0.968638 0.445815
vt 0.934586 0.446041
vt 0.350970 0.873727
vt 0.314945 0.860095
vt 0.351017 0.844670
vt 0.934715 0.486004
vt 0.413110 0.655809
vt 0.447115 0.649309
vt 0.447097 0.716931
vt 0.547862 0.922423
vt 0.080513 0.883752
vt 0.114547 0.845518
vt 0.114457 0.883491
vt 0.158928 0.930369
vt 0.161332 0.893569
vt 0.174444 0.893616
vt 0.114547 0.906021
vt 0.677496 0.349927
vt 0.641617 0.418907
vt 0.642276 0.347457
vt 0.447115 0.991592
vt 0.413112 0.991679
vt 0.447114 0.978251
vt 0.593884 0.347195
vt 0.357004 0.599905
vt 0.353691 0.347180
vt 0.139707 0.804437
vt 0.123993 0.703783
vt 0.092719 0.782490
vt 0.272281 0.025062
vt 0.303516 0.086155
vt 0.338025 0.118099
vt 0.258016 0.132281
vt 0.190202 0.160083
vt 0.565435 0.719143
vt 0.543019 0.800231
vt 0.588090 0.800208
vt 0.684487 0.764970
vt 0.639424 0.851789
vt 0.684627 0.923932
vt 0.137418 0.895626
vt 0.481647 0.888636
vt 0.526748 0.855863
vt 0.481730 0.842797
vt 0.954564 0.350596
vt 0.995278 0.350820
vt 0.951976 0.350597
vt 0.897532 0.978071
vt 0.481597 0.842797
vt 0.447602 0.842896
vt 0.447115 0.887656
vt 0.481404 0.918330
vt 0.884262 0.951221
vt 0.707826 0.974412
vt 0.707819 0.974604
vt 0.584866 0.844223
vt 0.114547 0.895616
vt 0.150854 0.874489
vt 0.114548 0.845234
vt 0.447602 0.938726
vt 0.593884 0.902177
vt 0.627886 0.929013
vt 0.627886 0.876040
vt 0.303667 0.918215
vt 0.080319 0.877146
vt 0.045138 0.892479
vt 0.080457 0.907082
vt 0.314130 0.893934
vt 0.351017 0.906363
vt 0.968631 0.403685
vt 0.413111 0.655773
vt 0.040473 0.900139
vt 0.002269 0.912522
vt 0.040415 0.935670
vt 0.547446 0.800231
vt 0.080540 0.852853
vt 0.677495 0.349933
vt 0.413112 0.991679
vt 0.674335 0.703582
vt 0.639318 0.702333
vt 0.675216 0.704022
vt 0.096596 0.944168
vt 0.087184 0.909090
vt 0.087041 0.909186
vt 0.083210 0.808089
vt 0.108581 0.770904
vt 0.125034 0.685885
vt 0.036283 0.724007
vt 0.016554 0.150348
vt 0.149283 0.009097
vt 0.117881 0.339355
vt 0.176881 0.890072
vt 0.176912 0.844671
vt 0.222057 0.856276
vt 0.221964 0.898282
vt 0.222063 0.910257
vt 0.267146 0.877771
vt 0.481664 0.892643
vt 0.526799 0.842812
vt 0.526733 0.892659
vt 0.187679 0.631588
vt 0.333116 0.835675
vt 0.693243 0.045057
vt 0.385133 0.045070
vt 0.684643 0.000003
vt 0.355349 0.000011
vt 0.381317 0.297697
vt 0.844634 0.110637
vt 0.852636 0.091088
vt 0.887220 0.099788
vt 0.893839 0.121684
vt 0.882091 0.950791
vt 0.913965 0.078656
vt 0.934586 0.087122
vt 0.914345 0.043473
vt 0.934586 0.033977
vt 0.888958 0.022268
vt 0.893630 0.000000
vt 0.854532 0.027628
vt 0.838532 0.010262
vt 0.837628 0.058998
vt 0.813913 0.060685
vt 0.481597 0.938627
vt 0.481336 0.866819
vt 0.150907 0.883312
vt 0.593884 0.929039
vt 0.593884 0.876067
vt 0.934715 0.350826
vt 0.968718 0.350820
vt 0.839582 0.091115
vt 0.843851 0.083610
vt 0.267379 0.899806
vt 0.080457 0.845223
vt 0.045158 0.856188
vt 0.045205 0.907081
vt 0.314211 0.907379
vt 0.003785 0.924622
vt 0.588090 0.807182
vt 0.152733 0.893566
vt 0.822117 0.114955
vt 0.844036 0.111808
vt 0.852643 0.148234
vt 0.871074 0.136990
vt 0.879043 0.272752
vt 0.867091 0.181906
vt 0.888651 0.180728
vt 0.897868 0.271456
vt 0.902123 0.607683
vt 0.920949 0.606386
vt 0.639430 0.688567
vt 0.903301 0.624781
vt 0.922127 0.623484
vt 0.037045 0.721630
vt 0.020346 0.812153
vt 0.593884 0.347254
vt 0.118911 0.326162
vt 0.141801 0.008305
vt 0.016554 0.150348
vt 0.192759 0.038635
vt 0.639441 0.716777
vt 0.594249 0.875841
vt 0.639318 0.876040
vt 0.616467 0.619845
vt 0.526799 0.908834
vt 0.176893 0.872476
vt 0.245459 0.877499
vt 0.385133 0.045070
vt 0.543019 0.649332
vt 0.384603 0.297670
vt 0.187679 0.631588
vt 0.327545 0.837279
vt 0.293700 0.492474
vt 0.694783 0.673913
vt 0.045205 0.845222
vt 0.315763 0.844688
vt 0.968718 0.485998
vt 0.158793 0.930290
vt 0.125000 0.750000
vt 0.125000 0.505573
vt 0.377496 0.505710
vt 0.537500 0.675000
vt 0.353691 0.347180
vt 0.425644 0.245500
vt 0.875000 0.500000
vt 0.875000 0.750000
s 1
usemtl 0C_Copper_mqm
f 3270/3113/2495 3276/3116/2498 3277/3115/2497 3269/3114/2496
f 3270/3117/2495 3278/3119/2499 3276/3118/2498
f 3275/3120/2500 3279/3121/2501 3278/3119/2499
f 3279/3121/2501 3275/3120/2500 3277/3122/2497
f 3271/3123/2502 3272/3125/2504 3278/3124/2503
f 3275/3126/2500 3270/3128/2495 3271/3127/2505
f 3281/3129/2506 3329/3131/2508 3283/3130/2507
f 3280/3132/2509 3330/3134/2510 3281/3133/2506
f 3283/3135/2507 3280/3137/2509 3281/3136/2506
f 3311/3138/2511 3298/3140/2513 3299/3139/2512
f 3296/3141/2514 3294/3143/2516 3310/3142/2515
f 3285/3144/2517 3287/3146/2519 3308/3145/2518
f 3292/3147/2520 3290/3149/2522 3309/3148/2521
f 3287/3146/2519 3289/3150/2523 3308/3145/2518
f 3311/3151/2511 3301/3153/2525 3307/3152/2524
f 3311/3138/2511 3299/3139/2512 3306/3154/2526
f 3311/3155/2511 3302/3157/2528 3303/3156/2527
f 3310/3158/2515 3297/3160/2530 3305/3159/2529
f 3311/3155/2511 3307/3161/2524 3302/3157/2528
f 3311/3162/2511 3306/3164/2526 3300/3163/2531
f 3315/3165/2532 3312/3167/2534 3314/3166/2533
f 3273/3168/2535 3282/3170/2537 3332/3169/2536
f 3320/3171/2538 3322/3173/2540 3317/3172/2539
f 3327/3174/2541 3325/3176/2543 3322/3175/2542
f 3328/3177/2544 3325/3176/2543 3324/3178/2545
f 3319/3179/2546 3320/3181/2538 3327/3180/2547
f 3320/3182/2538 3317/3184/2539 3325/3183/2548
f 3322/3125/2542 3321/3123/2549 3327/3185/2541
f 3321/3186/2549 3317/3188/2539 3328/3187/2550
f 3330/3189/2510 3280/3191/2509 3329/3190/2508
f 3329/3192/2508 3281/3133/2506 3330/3134/2510
f 3334/3193/2551 3335/3196/2554 3293/3195/2553 3291/3194/2552
f 3323/3197/2555 3318/3199/2557 3274/3198/2556
f 3299/3139/2558 3298/3140/2560 3333/3200/2559
f 3297/3201/2561 3295/3203/2562 3335/3202/2554
f 3335/3196/2554 3295/3204/2562 3293/3195/2553
f 3334/3205/2551 3291/3207/2552 3289/3206/2563
f 3294/3143/2564 3296/3141/2565 3335/3208/2554
f 3288/3209/2566 3290/3211/2567 3334/3210/2551
f 3335/3212/2554 3292/3147/2568 3294/3213/2564
f 3333/3214/2559 3287/3146/2570 3285/3144/2569
f 3307/3152/2571 3301/3153/2572 3333/3215/2559
f 3306/3154/2573 3299/3139/2558 3333/3200/2559
f 3284/3216/2574 3286/3218/2575 3333/3217/2559
f 3298/3140/2560 3284/3219/2574 3333/3200/2559
f 3303/3156/2576 3302/3157/2577 3333/3220/2559
f 3302/3157/2577 3307/3161/2571 3333/3220/2559
f 3300/3163/2578 3306/3164/2573 3333/3221/2559
f 3336/3222/2579 3312/3167/2580 3315/3165/2532
f 3336/3223/2579 3314/3225/2533 3316/3224/2581
f 3315/3226/2532 3314/3228/2533 3336/3227/2579
f 3270/3229/2495 3269/3231/2496 3272/3230/2582
f 3270/3229/2495 3272/3230/2582 3271/3232/2505
f 3271/3232/2502 3269/3231/2496 3277/3235/2497 3273/3234/2535 3274/3233/2556
f 3276/3118/2583 3279/3121/2501 3277/3122/2497
f 3275/3120/2500 3278/3119/2499 3270/3117/2495
f 3269/3236/2496 3279/3239/2501 3276/3238/2583 3272/3237/2504
f 3278/3240/2503 3272/3241/2504 3276/3238/2583
f 3271/3242/2502 3278/3244/2503 3279/3243/2501 3269/3188/2496
f 3282/3245/2537 3273/3246/2535 3277/3122/2497 3275/3120/2500
f 3275/3247/2500 3271/3249/2505 3282/3248/2537
f 3329/3190/2508 3280/3191/2509 3283/3190/2507
f 3274/3250/2556 3332/3251/2536 3282/3248/2537
f 3274/3250/2556 3282/3248/2537 3271/3249/2505
f 3297/3252/2584 3295/3255/2584 3294/3254/2584 3296/3253/2584
f 3274/3198/2556 3273/3256/2535 3323/3197/2555
f 3295/3255/2584 3293/3258/2584 3292/3257/2584 3294/3254/2584
f 3293/3258/2584 3291/3260/2584 3290/3259/2584 3292/3257/2584
f 3291/3260/2584 3289/3262/2584 3288/3261/2584 3290/3259/2584
f 3286/3263/2584 3288/3261/2584 3289/3262/2584 3287/3264/2584
f 3287/3264/2584 3285/3266/2584 3284/3265/2584 3286/3263/2584
f 3310/3267/2515 3309/3268/2521 3293/3195/2586 3295/3204/2585
f 3297/3201/2530 3310/3269/2515 3295/3203/2585
f 3308/3270/2518 3289/3206/2523 3291/3207/2587 3309/3271/2521
f 3293/3195/2586 3309/3268/2521 3291/3194/2587
f 3308/3145/2518 3311/3273/2511 3303/3272/2527 3285/3144/2517
f 3305/3274/2584 3297/3252/2584 3296/3253/2584 3304/3275/2584
f 3296/3141/2514 3310/3142/2515 3304/3276/2588
f 3286/3277/2589 3308/3278/2518 3288/3209/2590
f 3308/3278/2518 3309/3279/2521 3290/3211/2522 3288/3209/2590
f 3309/3148/2521 3310/3280/2515 3294/3213/2516 3292/3147/2520
f 3311/3151/2511 3314/3166/2533 3312/3167/2534 3301/3153/2525
f 3284/3216/2591 3308/3281/2518 3286/3218/2589
f 3298/3140/2513 3311/3138/2511 3308/3282/2518 3284/3219/2591
f 3304/3283/2588 3310/3158/2515 3305/3159/2529
f 3303/3284/2584 3298/3285/2584 3284/3265/2584 3285/3266/2584
f 3302/3286/2584 3299/3287/2584 3298/3285/2584 3303/3284/2584
f 3301/3288/2584 3300/3291/2584 3306/3290/2584 3307/3289/2584
f 3307/3289/2584 3306/3290/2584 3299/3287/2584 3302/3286/2584
f 3312/3292/2584 3313/3293/2584 3300/3291/2584 3301/3288/2584
f 3300/3163/2531 3313/3294/2592 3314/3225/2533 3311/3162/2511
f 3315/3295/2584 3316/3296/2584 3313/3293/2584 3312/3292/2584
f 3314/3225/2533 3313/3294/2592 3316/3224/2581
f 3322/3173/2540 3320/3171/2538 3319/3298/2594 3321/3297/2593
f 3332/3169/2536 3323/3299/2555 3273/3168/2535
f 3326/3300/2595 3317/3172/2539 3321/3297/2549 3318/3302/2557 3323/3301/2555
f 3327/3174/2547 3328/3177/2544 3324/3178/2545 3319/3303/2546
f 3325/3176/2543 3328/3177/2544 3322/3175/2542
f 3320/3182/2538 3325/3183/2548 3327/3304/2547
f 3317/3305/2539 3326/3307/2595 3325/3306/2548
f 3321/3186/2549 3328/3187/2550 3327/3308/2541
f 3317/3309/2539 3322/3310/2540 3328/3239/2550
f 3321/3249/2593 3324/3247/2597 3331/3311/2596
f 3321/3127/2593 3319/3179/2594 3324/3312/2597
f 3331/3311/2596 3332/3313/2536 3318/3250/2557
f 3321/3249/2593 3331/3311/2596 3318/3250/2557
f 3324/3178/2545 3325/3176/2543 3326/3316/2595 3323/3315/2555 3331/3314/2596
f 3332/3317/2536 3274/3198/2556 3318/3199/2557
f 3334/3210/2551 3333/3318/2559 3286/3277/2575 3288/3209/2566
f 3303/3272/2576 3333/3214/2559 3285/3144/2569
f 3335/3208/2554 3296/3141/2565 3304/3276/2598
f 3292/3147/2568 3335/3212/2554 3334/3319/2551 3290/3149/2567
f 3287/3146/2570 3333/3214/2559 3334/3320/2551 3289/3150/2563
f 3312/3167/2580 3336/3222/2579 3333/3215/2559 3301/3153/2572
f 3336/3223/2579 3313/3294/2599 3300/3163/2578 3333/3221/2559
f 3305/3159/2600 3335/3321/2554 3304/3283/2598
f 3297/3160/2561 3335/3321/2554 3305/3159/2600
f 3337/3322/2601 3339/3325/2604 3340/3324/2603 3338/3323/2602
f 3313/3294/2599 3336/3223/2579 3316/3224/2581
f 3323/3299/2555 3332/3169/2536 3331/3326/2596
f 3338/3327/2602 3340/3324/2603 3339/3325/2604
f 3339/3325/2604 3337/3329/2601 3338/3328/2602
o Plane.003
v -0.001597 -0.526804 0.566157
v -0.040114 -0.459407 0.537413
v 0.019758 -0.291947 0.462008
v 0.011722 -0.520716 0.563815
v 0.036854 -0.476430 0.543938
v 0.035781 -0.488317 0.549274
v -0.014925 -0.520836 0.563904
v -0.040425 -0.476430 0.545108
v -0.039030 -0.488387 0.550262
v -0.020361 -0.287977 0.460984
v -0.038074 -0.427302 0.522870
v -0.031237 -0.338115 0.482003
v 0.035723 -0.453772 0.533727
v 0.018555 -0.288554 0.460219
v 0.021565 -0.318633 0.472590
v -0.029358 -0.307520 0.466595
v -0.028527 -0.286592 0.456569
vn -0.0109 0.4023 0.9154
vn 0.0184 0.4116 0.9112
vn -0.3932 0.3158 0.8635
vn 0.0231 0.4068 0.9132
vn -0.0119 0.4104 0.9118
vn -0.0122 0.4107 0.9117
vn 0.0269 0.4046 0.9141
vn 0.1011 0.4062 0.9082
vn 0.0670 0.4073 0.9108
vn -0.0490 0.4118 0.9099
vn 0.1368 0.4036 0.9046
vn -0.2143 0.4194 0.8821
vn -0.0188 0.4103 0.9118
vn 0.0640 0.3944 0.9167
vn 0.0862 0.4013 0.9119
vn -0.4178 0.4232 0.8039
vn -0.3782 0.4121 0.8289
vt 0.432524 0.186107
vt 0.424146 0.165680
vt 0.432524 0.175397
vt 0.432524 0.442801
vt 0.392508 0.463104
vt 0.432523 0.357123
vt 0.432524 0.271527
vt 0.366089 0.220741
vt 0.364424 0.449233
vt 0.432524 0.314349
vt 0.388834 0.165681
vt 0.403564 0.165680
vt 0.366128 0.463088
vt 0.432524 0.165681
vt 0.431429 0.463089
vt 0.432524 0.453372
vt 0.365786 0.167222
s 1
usemtl 4D_Leather_White_mqm
f 3349/3330/2613 3351/3331/2615 3348/3332/2612
f 3346/3333/2610 3355/3334/2619 3344/3335/2608
f 3347/3336/2611 3350/3337/2614 3349/3330/2613
f 3344/3335/2608 3355/3334/2619 3354/3338/2618
f 3341/3339/2605 3344/3335/2608 3350/3337/2614
f 3350/3337/2614 3356/3340/2620 3352/3341/2616
f 3343/3342/2607 3354/3338/2618 3355/3334/2619
f 3349/3330/2613 3352/3341/2616 3351/3331/2615
f 3342/3343/2606 3348/3332/2612 3351/3331/2615
f 3346/3333/2610 3353/3344/2617 3355/3334/2619
f 3346/3333/2610 3345/3345/2609 3353/3344/2617
f 3347/3336/2611 3341/3339/2605 3350/3337/2614
f 3349/3330/2613 3350/3337/2614 3352/3341/2616
f 3350/3337/2614 3344/3335/2608 3354/3338/2618
f 3350/3337/2614 3357/3346/2621 3356/3340/2620
