# Blender 4.5.3 LTS
# www.blender.org
mtllib robber2.mtl
o Robber
v 1.043376 0.274679 0.561932
v 1.106867 0.294750 0.764995
v 1.034844 0.238819 0.761160
v 1.115370 0.374600 0.433133
v 1.027683 0.242402 0.472575
v 0.950008 0.226580 0.584620
v 1.060506 0.239487 0.388105
v 0.944240 0.247490 0.644577
v 1.088634 0.324815 0.209156
v 0.599673 0.321089 0.820594
v 0.748566 0.018095 0.759865
v 0.856602 0.232267 0.677111
v 0.533269 0.020564 0.868666
v 0.796174 0.300820 0.724628
v 0.814127 0.967036 0.429589
v 0.716259 1.025600 0.462394
v 0.870018 0.989962 0.256984
v 0.743641 1.131790 0.091456
v 0.999176 0.899267 0.194813
v 0.549395 1.410436 0.313014
v 0.330342 1.705475 0.408207
v 0.190420 1.713442 0.497153
v 0.407673 1.782484 0.269215
v 0.461713 1.390754 0.459217
v 0.529388 1.528845 0.085241
v 0.334541 1.290627 0.608737
v 0.054998 1.623729 0.558141
v 0.558844 0.952771 0.654630
v -0.909033 0.801725 0.370429
v -0.989336 0.666919 0.276056
v -1.024772 0.508312 0.324959
v -0.946314 0.533591 0.487305
v -0.806279 0.524280 0.648748
v -0.759504 0.744866 0.595962
v -0.613722 1.060012 0.547975
v -0.891793 1.019378 0.116874
v -0.939169 0.921812 0.258145
v -0.969404 0.832978 0.303639
v -0.873474 1.067985 -0.031291
v -0.794059 1.116136 -0.170725
v -0.751076 1.142272 0.135163
v -0.803573 0.998301 0.330608
v -0.757754 0.998285 0.416231
v -0.572846 1.051656 -0.402348
v -0.707187 1.071949 -0.374274
v -0.758578 1.001705 -0.417756
v -0.730493 1.108778 -0.309334
v -0.676642 0.908446 -0.392983
v -0.599693 0.924340 -0.419219
v 0.012363 1.212691 -0.586359
v -0.077351 1.624220 -0.353525
v -0.222353 1.572249 -0.333108
v 0.063290 1.562403 -0.391548
v -0.520983 1.151858 -0.376706
v -0.324435 1.204614 -0.494259
v -0.160165 1.201542 -0.566340
v -0.113309 0.436339 -0.835905
v -0.252200 0.391807 -0.816425
v -0.398081 0.563160 -0.708587
v -0.086482 0.189046 -0.879698
v -0.262456 0.057434 0.939756
v -0.011605 -0.157285 0.956299
v -0.450922 -0.115566 0.889463
v -0.645383 0.152155 0.814152
v -0.073269 0.327824 0.932135
v -0.162434 3.048100 0.197495
v -0.191532 3.072145 0.244835
v -0.170711 3.141021 0.217118
v -0.155878 3.004966 0.219718
v -0.092873 2.977125 0.251771
v -0.084059 3.010988 0.197601
v -0.119588 3.099505 0.174417
v -0.104478 3.155174 0.199165
v -0.042750 3.063190 0.210527
v -0.045719 3.139971 0.260368
v -0.062246 3.136326 0.207775
v 0.146371 3.128089 0.190145
v 0.087427 3.036500 0.183140
v 0.177567 3.015574 0.246814
v 0.122738 3.170769 0.212528
v 0.085684 3.120924 0.183245
v 0.075306 3.167380 0.231730
v 0.038886 3.062686 0.221071
v -0.530172 -1.974569 0.308438
v -0.290984 -2.014537 0.320639
v -0.262651 -2.029903 0.132849
v -0.243454 -2.071914 0.003998
v -0.350455 -1.956325 0.189458
v -0.246836 -2.040305 0.550642
v -0.416083 -1.901089 0.159978
v -0.697808 -1.994871 0.211082
v -0.672309 -2.014794 0.591961
v -0.453513 -2.056259 0.606692
v -0.665763 -2.321880 -0.174035
v -0.689807 -2.186754 -0.153419
v -1.052923 -2.313854 0.150274
v -0.998165 -2.363999 0.113285
v -0.750193 -2.126050 -0.065317
v -0.536945 -2.265943 -0.231437
v -0.407183 -2.231898 -0.218105
v -0.312727 -2.288726 -0.152118
v -0.626142 -2.385121 -0.162020
v -0.419294 -2.389586 -0.172459
v 0.619623 -1.977835 0.254275
v 0.360808 -1.995082 0.333185
v 0.506953 -2.005960 0.447692
v 0.260521 -2.045633 0.593558
v 0.686554 -2.023486 0.636253
v 0.277357 -2.023992 0.261904
v 0.235216 -2.076942 0.114856
v 0.199381 -2.070822 0.577411
v 0.147692 -2.156079 0.530974
v 0.340895 -1.932620 0.141312
v 0.501754 -1.929002 0.199699
v 0.792847 -2.026128 0.152173
v 0.700169 -1.988886 0.054591
v 0.613131 -1.901458 0.077845
v 0.979820 -2.041872 0.349471
v 0.287262 -1.881462 0.018779
v 0.286807 -1.935681 -0.119583
v 0.284067 -2.275934 -0.120556
v 0.157312 -2.271810 0.295357
v 0.213778 -2.316280 0.040529
v 0.616569 -2.330565 -0.197525
v 0.540146 -2.111712 -0.224515
v 0.462155 -2.226772 -0.232312
v 0.449136 -1.863981 -0.220173
v 0.695247 -2.190709 -0.150798
v 0.701234 -2.061499 -0.086399
v 0.833506 -2.100601 0.035246
v -1.622622 0.821201 1.237143
v -1.532589 0.903047 1.236358
v -1.435454 1.188355 1.192785
v -1.554302 1.034940 1.138872
v -1.735287 0.941766 1.138883
v -1.748412 0.660715 1.138130
v -1.681637 0.715240 1.205561
v -1.747226 0.758563 1.167908
v -1.697823 1.068307 1.066077
v -1.573894 1.116848 1.024350
v -1.860986 0.595476 0.861600
v -1.835028 0.533969 1.014804
v -1.832529 0.624869 0.940529
v -1.796086 0.561081 1.063735
v -1.836627 0.488105 0.922469
v -1.725944 0.380987 0.871773
v -1.786800 0.492901 0.784219
v -1.750866 0.448309 0.944437
v -1.738651 0.519204 1.006085
v -1.632320 0.606794 1.114823
v -1.718299 0.583821 1.111018
v -1.712365 0.505995 0.964439
v -1.652809 0.534165 0.896830
v -1.396386 0.798389 1.246828
v -1.410826 0.822160 1.314484
v -1.499576 0.806466 1.212456
v -1.532999 0.835203 1.239700
v -1.534059 0.805529 1.152878
v -1.532082 0.930286 0.958217
v -1.582111 0.757246 1.122090
v -1.601867 0.693648 1.037129
v -1.596623 0.832003 0.886197
v -1.359602 0.946948 1.043118
v -1.576435 0.687814 0.903660
v -1.649029 0.438308 0.886001
v -1.575022 0.706996 0.759245
v -1.566358 0.660608 0.724133
v -1.115793 0.509324 1.079494
v -1.012238 0.550066 1.081282
v -1.024380 0.527996 0.970828
v -1.116086 0.473881 1.020881
v -1.039746 0.536213 1.000526
v -1.081235 0.609601 0.926447
v -1.184778 0.516078 1.048081
v -1.139405 0.679156 1.084722
v -1.071236 0.627798 1.083218
v -1.150962 0.606525 1.104124
v -0.946328 0.575995 1.106802
v -0.977853 0.527376 1.084897
v -0.837950 0.627689 1.068011
v -0.971607 0.631552 1.097127
v -0.837507 0.692771 1.005888
v -0.856918 0.542678 1.092585
v -0.762995 0.679304 0.926910
v -1.131639 0.710205 0.901447
v -1.166561 0.842498 0.884096
v -1.123796 0.494365 0.981943
v -1.136436 0.813999 0.739051
v -1.119468 0.729502 0.751702
v -1.215962 0.988650 0.601485
v -1.276460 0.971495 0.815476
v -1.280624 0.909511 1.022219
v -1.053267 0.669750 0.841893
v -1.115454 0.601119 0.832951
v -0.862073 0.805019 0.837778
v -0.875547 0.931344 0.690075
v -0.941814 0.791706 0.903880
v -1.074559 0.739408 0.971098
v -1.085780 0.956890 0.933461
v -1.023905 1.075468 0.675077
v -1.034876 0.934816 0.851137
v -1.071751 1.144945 0.754435
v -1.066371 1.256448 0.462053
v -0.990036 0.403565 0.808768
v -1.154001 0.219204 0.803776
v -1.058416 0.207280 0.894649
v -1.120742 0.454970 0.689134
v -1.119653 0.573046 0.573380
v -1.294374 0.562991 0.548718
v -1.006756 0.646566 0.580312
v -1.192378 0.699117 0.365049
v -0.991250 0.269137 0.944970
v -0.764286 0.601772 0.939657
v -0.783699 0.626490 0.831830
v -0.912033 0.743673 0.593586
v -0.837524 0.808448 0.715784
v -0.856663 0.872694 0.598249
v -1.701548 0.388789 0.789634
v -1.635885 0.504683 0.715651
v -1.709890 0.773793 0.607008
v -1.631205 0.274145 0.709110
v -1.494041 0.458558 0.617470
v -1.639177 0.222884 0.753710
v -1.471091 0.326506 0.637020
v -1.425253 0.513809 0.575797
v -1.322191 0.288461 0.693014
v -1.575350 0.209866 0.733258
v -1.416960 0.244272 0.745066
v -1.492772 0.235515 0.787622
v -1.191075 0.169877 0.870648
v -1.422269 0.665356 0.674103
v -1.425629 0.551933 0.757292
v -1.484818 0.591732 0.721384
v -1.497986 0.394947 0.733907
v -1.446598 0.401317 0.793397
v -1.526487 0.550436 0.728334
v -1.378287 0.402941 0.794404
v -1.514244 0.665707 0.667639
v -1.278671 0.378685 0.772227
v -1.307974 0.589157 0.667332
v -1.208146 0.566136 0.733828
v -1.390734 0.314807 0.874794
v -1.204185 0.228957 0.923862
v -1.322179 0.739704 0.541894
v -1.187983 0.724890 0.625977
v -1.499707 0.761308 0.531462
v -1.604972 1.114663 0.504153
v -1.624143 1.041555 0.670984
v -1.621930 1.317926 0.415145
v -1.675917 1.285060 0.120065
v -1.578661 1.412726 0.214940
v -1.630075 1.341245 -0.157845
v -1.664293 1.090885 0.377750
v -1.690112 1.210910 0.164632
v -1.671009 1.011019 0.338611
v -1.713405 0.890374 0.577923
v -1.673319 1.093060 0.238987
v -0.851251 1.180583 0.202743
v -1.006564 1.179270 0.419541
v -0.870834 1.078448 0.358030
v -0.986368 1.362390 0.258982
v -0.936597 1.365270 0.095410
v -0.770983 1.366030 -0.226990
v -0.809791 1.127520 0.049654
v -1.750340 0.521692 -0.736051
v -1.644068 0.350462 -0.939748
v -1.694106 0.712165 -0.831303
v -1.785655 0.762541 -0.531910
v -1.712019 0.305547 -0.659051
v -1.716598 0.444610 -0.494636
v -1.505769 0.086773 -1.008185
v -1.557271 -0.017041 -0.670127
v 0.569349 0.782381 1.692945
v 0.583126 0.776495 1.687382
v 0.571295 0.762269 1.670855
v 0.764225 1.412293 1.684543
v 0.748084 1.425233 1.681212
v 0.765784 1.489948 1.709868
v 0.762526 1.464635 1.560740
v 0.759475 0.828332 1.741567
v 0.763680 0.697071 1.766689
v 0.753931 0.777184 1.696790
v 0.570035 1.409127 2.380620
v 0.579350 1.401538 2.324802
v 0.568418 1.485994 2.429230
v 0.595367 1.373075 2.372534
v 0.755589 1.361334 2.376386
v 0.752999 1.250427 1.624159
v 0.765847 1.280008 1.676501
v 0.742527 1.294566 1.644726
v 0.739640 0.887637 2.276238
v 0.764790 0.917785 2.268470
v 0.753172 0.911105 2.309371
v 0.765744 0.925391 2.224385
v 0.760310 0.797688 2.256100
v 0.754159 0.898286 2.195091
v 0.748266 0.857347 2.203040
v 0.764881 1.001413 1.836410
v 0.766308 0.932734 1.815826
v 0.764265 0.915082 1.966794
v 0.728593 0.894371 1.962681
v 0.749193 0.914470 2.004622
v 0.759376 0.839813 1.948470
v 0.763734 0.900293 1.845005
v 0.765036 0.782446 1.888633
v 0.755660 1.401249 2.338395
v 0.765897 1.414712 2.388660
v 0.570749 1.252878 1.631496
v 0.581566 1.296986 1.645463
v 0.574219 1.113408 1.470785
v 0.572252 1.375265 1.611912
v 0.585610 0.278629 1.166644
v 0.569638 0.290408 1.141119
v 0.586214 0.355872 1.129130
v 0.569229 1.407893 1.810439
v 0.569250 1.398916 1.684659
v 0.581144 1.416169 1.677027
v 0.587575 1.353195 1.819883
v 0.578499 1.401755 1.875513
v 0.592560 1.391643 1.835985
v 0.571146 0.903397 1.742485
v 0.571258 0.900628 1.842723
v 0.585077 0.910579 1.823586
v 0.569320 1.006413 1.815167
v 0.586040 1.010728 1.857010
v 0.764019 1.406217 1.807368
v 0.743479 1.376125 1.821481
v 0.591086 0.886295 2.202636
v 0.585813 0.917327 2.160990
v 0.569289 0.923682 2.205130
v 0.572410 0.797462 2.189437
v 0.765796 0.889595 1.721606
v 0.568964 0.997207 2.387629
v 0.579290 1.010518 2.336664
v 0.578585 0.975561 2.444487
v 0.578821 1.044302 2.376371
v 0.764768 1.004338 2.378900
v 0.746864 1.010635 2.339221
v 0.765720 0.936608 2.434256
v 0.573188 0.879522 1.952291
v 0.571721 0.914107 1.986237
v 0.529743 1.345702 2.027181
v 0.605192 1.390611 2.001711
v 0.726443 1.015605 2.000713
v 0.756114 1.047938 2.031727
v 0.803320 1.060013 2.024445
v 0.661317 1.005411 2.126370
v 0.559519 1.037613 1.979038
v 0.610062 1.016349 2.021212
v 0.475434 1.251146 2.019861
v 0.491221 1.209757 2.032145
v 0.858373 1.156634 2.020244
v 0.843856 1.200381 2.029260
v 0.857655 1.249897 2.037091
v 0.863543 1.215198 1.983172
v 0.864107 1.197830 1.843961
v 0.810407 1.248498 2.356650
v 0.856955 1.257441 2.356225
v 0.808920 1.301816 2.358013
v 0.776906 1.229394 2.357681
v 0.784157 1.182661 2.358575
v 0.755595 1.298750 2.358568
v 0.810479 1.286848 2.299422
v 0.756621 1.356360 2.358824
v 0.808442 1.344126 2.354630
v 0.723277 1.390382 2.352910
v 0.682676 1.399259 2.356945
v 0.801999 1.348916 1.998755
v 0.759330 1.356778 2.026755
v 0.477113 1.152713 2.356592
v 0.526380 1.064052 2.355391
v 0.556681 1.101377 2.293789
v 0.533613 1.096735 2.356266
v 0.756169 1.050697 2.359417
v 0.806167 1.061951 2.344033
v 0.838267 1.102776 2.358341
v 0.817542 1.124927 2.355566
v 0.795827 1.099973 2.344930
v 0.798953 1.167621 1.838033
v 0.816109 1.152652 1.839598
v 0.830302 1.092293 1.843707
v 0.822948 1.265113 1.838517
v 0.839921 1.300237 1.844685
v 0.806717 1.299842 1.838794
v 0.767093 1.302757 1.837941
v 0.740987 1.270229 1.838956
v 0.746456 1.151123 1.837893
v 0.589820 1.111480 1.838408
v 0.682530 1.129963 1.840828
v 0.474971 1.161035 2.006393
v 0.478318 1.148983 1.862762
v 0.523211 1.067892 1.856351
v 0.587526 1.132186 2.349797
v 0.623637 1.081729 2.358889
v 0.637218 1.080982 2.326534
v 0.656337 1.099875 2.348898
v 0.577459 1.107315 2.354126
v 0.576919 1.157935 2.352555
v 0.590409 1.290135 2.357312
v 0.633380 1.332721 2.350174
v 0.626232 1.262190 2.360466
v 0.512429 1.294177 2.358830
v 0.578498 1.355522 2.359060
v 0.613631 1.013583 1.843068
v 0.634271 1.072735 1.849513
v 0.498850 1.100330 1.844961
v 0.531583 1.101369 1.839507
v 0.554524 1.101206 1.891596
v 0.642247 1.361443 2.352652
v 0.613744 1.391847 2.356441
v 0.692263 1.360847 2.353476
v 0.501334 1.310436 1.840231
v 0.523140 1.266029 1.874938
v 0.506714 1.263298 1.842293
v 0.524380 1.148067 1.840093
v 0.528184 1.115850 1.863743
v 0.787150 1.171900 2.335377
v 0.760389 1.165452 2.345275
v 0.536065 1.228886 2.357434
v 0.532708 1.169649 2.359487
v 0.577662 1.238329 2.356248
v 0.564703 1.219185 1.837605
v 0.582834 1.287962 1.846950
v 0.578029 1.248723 1.853914
v 0.539619 1.240008 1.863464
v 0.631637 1.336121 1.840741
v 0.640806 1.356652 1.848634
v 0.636752 1.397707 1.846088
v 0.551904 1.363153 1.841181
v 0.663862 1.299832 1.846155
v 0.712384 1.345965 1.839303
v 0.751550 1.255664 1.895026
v 0.742443 1.136403 2.355543
v 0.709979 1.083974 2.355579
v 0.788607 1.049125 1.840976
v 0.705013 1.011052 1.841241
v 0.783828 1.097440 1.841067
v 0.699791 1.056067 1.844989
v 0.711571 1.010691 2.358709
v 0.612835 1.015144 2.354898
v 0.813933 1.154002 2.352987
v 0.856727 1.157200 2.354580
v 0.535806 1.060061 2.035075
v 0.578001 1.050050 2.034565
v 0.721699 1.392958 2.029689
v 0.701456 1.331788 1.868255
v 0.692486 1.355951 1.874879
v 0.672549 1.376205 1.840503
v 0.658652 1.368061 1.923763
v 0.777616 1.235838 1.842157
v 0.553179 1.069816 1.684655
v 0.592606 1.163794 1.656829
v 0.621536 1.167416 1.625670
v 0.558532 0.799664 1.319862
v 0.594110 0.464275 1.187199
v 0.546052 0.375222 1.234285
v 0.597503 0.374197 1.204510
v 0.635108 0.390472 1.261717
v 0.611949 0.644933 1.242745
v 0.594473 1.098413 1.719123
v 0.635169 1.142183 1.685170
v 0.624093 0.884608 1.348384
v 0.605093 1.006601 1.423233
v 0.589457 0.845347 1.320528
v 0.567113 0.973068 1.701110
v 0.549852 0.952564 1.667010
v 0.604689 0.976828 1.706679
v 0.599305 1.069262 1.724358
v 0.627927 1.012938 1.695964
v 0.570671 0.988534 1.443205
v 0.613628 0.331913 1.344269
v 0.594957 0.330793 1.468701
v 0.545308 0.852768 1.406912
v 0.604393 1.156600 1.700590
v 0.634023 0.798959 1.352732
v 0.584153 0.751093 1.276495
v 0.611447 0.746272 1.286669
v 0.572239 0.428329 1.545175
v 0.607834 0.442497 1.548532
v 0.634324 0.388692 1.485342
v 0.589861 0.361740 1.521353
v 0.560421 0.341271 1.454534
v 0.585897 0.659577 1.235725
v 0.546704 0.715081 1.312070
v 0.599729 0.621640 1.575842
v 0.566200 0.632960 1.563562
v 0.559466 0.768721 1.594071
v 0.596025 0.781594 1.617286
v 0.580197 0.334260 1.259561
v 0.591084 0.914810 1.358096
v 0.596107 0.870462 1.333433
v 0.595604 0.867361 1.332027
v 0.595497 0.870633 1.334154
v 0.597873 0.864526 1.328414
v 0.597116 0.864778 1.329186
v 0.596424 0.863920 1.329284
v 0.784899 1.019848 1.682459
v 0.750339 1.016110 1.711254
v 0.733761 1.114569 1.535357
v 0.708708 1.098704 1.529227
v 0.778731 1.084611 1.611681
v 0.775849 0.607762 1.559818
v 0.741533 0.497218 1.572380
v 0.713880 0.353246 1.472882
v 0.711827 0.452838 1.548179
v 0.746117 0.367928 1.522266
v 0.782459 0.399509 1.509052
v 0.769402 0.336607 1.400677
v 0.771005 0.925066 1.387450
v 0.730811 0.897945 1.348564
v 0.709397 0.960686 1.401981
v 0.738693 1.166068 1.678151
v 0.734097 1.135475 1.716356
v 0.740811 0.771509 1.614136
v 0.722926 0.832505 1.632073
v 0.754311 0.911421 1.679169
v 0.753208 1.122958 1.657162
v 0.707188 0.410188 1.222862
v 0.698765 0.409099 1.263434
v 0.743631 0.458767 1.191986
v 0.748372 0.351038 1.229919
v 0.762086 0.382188 1.196145
v 0.737784 0.802192 1.295360
v 0.789648 0.387342 1.236013
v 0.762584 0.582670 1.212812
v 0.731871 0.982740 1.405525
v 0.746967 1.094585 1.549253
v 0.699814 1.138600 1.679283
v 0.779979 0.811208 1.604404
v 0.752451 0.705924 1.595974
v 0.768448 0.742337 1.277873
v 0.788900 0.648794 1.280075
v 1.152861 0.413712 0.941158
v 1.170361 0.610237 0.513103
v 1.146030 0.758300 0.556319
v 0.874961 0.256567 0.704992
v 0.834165 0.280972 0.741116
v 0.759665 0.357265 0.730968
v 0.778027 0.431118 0.729276
v 0.947163 -0.048258 0.586673
v 0.746249 -0.258029 0.733843
v 0.290806 -0.057093 0.934232
v 0.823768 0.913541 0.519780
v 1.045448 0.777757 0.098673
v 0.900734 0.876955 -0.083687
v 0.748990 0.898099 0.542379
v 0.554418 1.464824 0.199211
v 0.772514 1.074420 0.260845
v -0.070986 1.043050 0.770517
v -0.310023 1.486051 0.528218
v -0.119494 1.772390 0.501777
v -0.090596 1.596032 0.564448
v -0.030310 2.026801 0.459278
v -0.537082 0.721473 0.751364
v -0.380524 0.705947 0.813077
v -0.840704 0.240702 0.683786
v -0.956141 0.281210 0.561304
v -1.024865 0.333238 0.436527
v -0.588701 1.253161 -0.202588
v -0.691199 1.206196 -0.015867
v -0.518690 1.214256 -0.335972
v -0.247206 0.963906 -0.638030
v -0.530584 0.633490 -0.599423
v -0.795913 0.433756 -0.422541
v -0.245720 1.858353 -0.188407
v -0.358864 1.655714 -0.176394
v -0.435635 0.278520 -0.761407
v -0.498970 0.299094 0.863916
v -0.714240 0.321848 0.760409
v -0.048153 3.013406 0.253910
v -0.179237 3.138457 0.280484
v 0.036874 3.102423 0.281875
v 0.048068 3.147731 0.256972
v 0.066245 3.091484 0.328451
v 0.048114 3.032601 0.294968
v -0.655902 -1.966421 0.124278
v -0.731474 -2.022164 0.026519
v -0.831975 -2.048977 0.114494
v -0.558793 -1.906022 0.141095
v -0.648462 -1.922682 0.013116
v -0.229859 -2.276980 -0.019175
v -0.288885 -1.864822 0.022409
v -0.463846 -1.855176 -0.219975
v -0.262770 -2.361777 -0.035967
v -0.179565 -2.347098 0.250538
v -0.137847 -2.250065 0.467799
v -0.263652 -2.394138 0.056117
v -0.167318 -2.107150 0.531798
v -0.173585 -2.153773 0.651772
v -0.244745 -2.144028 0.716794
v -0.238264 -2.081269 0.657795
v -0.481998 -2.419356 -0.084992
v -0.230232 -2.398324 0.311682
v -0.560708 -1.821714 -0.172805
v -0.610588 -1.749143 -0.016099
v -0.600798 -1.795904 -0.110166
v -1.031913 -2.050537 0.320269
v -1.044111 -2.141774 0.188375
v -1.120433 -2.122850 0.337465
v 0.301230 -2.386220 -0.078349
v 0.369490 -2.407767 -0.090251
v 0.191416 -2.363292 0.244474
v 0.413468 -2.344524 -0.197408
v 0.548725 -2.370596 -0.196574
v 0.748822 -2.382019 -0.082462
v 0.557683 -2.410948 -0.150277
v 0.856825 -2.326852 -0.027229
v 1.095913 -2.349711 0.215765
v -1.640081 0.694138 1.188236
v -1.330570 0.876094 1.177686
v -1.277509 0.862997 1.214353
v -1.297299 0.867732 1.133783
v -1.306026 0.869158 1.290234
v -1.346255 0.864022 1.333489
v -1.549953 0.912307 0.599685
v -1.133517 0.346402 0.865455
v -1.035173 0.503967 0.950964
v -1.267242 0.711886 1.115767
v -1.223813 0.767509 1.165038
v -1.053943 0.266028 1.034562
v -1.107766 0.187741 0.973302
v -1.119817 0.223426 0.981861
v -0.978694 0.358276 1.076557
v -1.200227 0.330107 0.824439
v -0.855329 0.992310 0.424515
v -0.860222 0.946981 0.376148
v -0.930657 0.857578 0.375618
v -1.127536 1.346641 0.664008
v -1.154370 1.322172 0.475873
v -1.164683 1.246125 1.054274
v -1.153401 1.327182 0.901889
v -1.082510 1.212475 0.902575
v -1.211133 1.384671 0.819939
v -1.804693 0.762300 0.771628
v -1.693617 0.867617 0.501692
v -1.569858 0.360900 0.763997
v -1.560271 0.262871 0.821351
v -1.479852 0.315069 0.850413
v -1.715806 0.867003 0.787366
v -1.516039 0.229542 -1.115348
v -1.384503 0.002655 -1.112293
v -1.552741 0.868004 -1.166518
v -1.405802 0.548176 -1.404549
v -1.224341 0.533991 -1.578438
v 0.572006 0.751084 1.785402
v 0.570273 0.672351 1.790028
v 0.578399 1.500519 2.391445
v 0.578201 1.449163 2.444689
v 0.760779 1.045920 1.406740
v 0.755968 1.055343 1.819791
v 0.739238 1.019110 1.843978
v 0.747791 1.010106 1.896424
v 0.748852 1.436127 2.445097
v 0.756324 1.500676 2.390824
v 0.578286 0.519704 1.147884
v 0.575084 0.851439 1.731079
v 0.574558 1.456863 1.586514
v 0.568709 1.480413 1.700973
v 0.748325 1.501270 1.755906
v 0.753903 0.918099 2.153972
v 0.747488 0.886822 1.734346
v 0.759561 0.747424 1.787776
v 0.572979 0.910927 2.299511
v 0.572431 0.888944 2.271505
v 0.748208 0.990071 2.445404
v 0.472535 1.221474 1.841558
v 0.841904 1.202539 2.354037
v 0.815222 1.121832 1.843528
v 0.813431 1.265570 1.899170
v 0.807728 1.288043 1.925990
v 0.530370 1.151282 2.291605
v 0.645341 1.308860 2.349337
v 0.662503 1.032032 1.842247
v 0.654211 1.042963 1.875120
v 0.641120 1.037276 2.357399
v 0.662252 1.038898 2.273173
v 0.641266 1.051664 2.294307
v 0.690475 1.037001 2.357526
v 0.584529 1.159547 1.840032
v 0.671814 1.300852 2.357729
v 0.694373 1.318356 2.347993
v 0.502240 1.313377 2.357872
v 0.532118 1.346095 2.358086
v 0.477216 1.249752 2.353261
v 0.681092 1.397661 1.839643
v 0.635974 1.311456 1.838714
v 0.683927 1.303003 1.837969
v 0.699862 1.341789 2.297189
v 0.670510 1.369770 2.350833
v 0.754129 1.283844 2.302752
v 0.744255 1.258850 2.357359
v 0.750334 1.113909 2.349216
v 0.763621 1.101664 2.346054
v 0.760051 1.293185 2.018728
v 0.772370 1.372656 1.844361
v 0.592601 1.138755 1.568535
v 0.550839 1.006831 1.499480
v 0.544955 1.068439 1.660101
v 0.551961 0.564488 1.228178
v 0.634135 0.600997 1.276524
v 0.633484 1.085721 1.522672
v 0.545983 0.380226 1.487981
v 0.633780 0.722901 1.547537
v 0.789481 1.052284 1.642138
v 0.728996 0.332196 1.384609
v 0.698983 1.148929 1.643722
v 0.733798 1.175255 1.641032
v 0.705104 0.753601 1.318595
v 0.699600 0.382902 1.480088
v 0.760947 0.334096 1.300735
v 0.716335 0.350493 1.279052
v 0.725207 1.086250 1.719482
v 0.707276 0.756530 1.582229
v 0.714787 0.980321 1.689299
v 0.879955 0.203207 1.068512
v 0.930109 0.197153 1.093934
v 1.166727 0.551326 0.968917
v 1.149760 0.676913 1.357210
v 0.992900 -0.287793 0.449842
v 1.058429 0.025762 0.396428
v 1.081813 0.254643 1.146045
v 1.087055 0.282145 1.442140
v 1.136842 0.484354 1.389500
v 1.099174 0.851936 0.509498
v 1.019497 0.940069 0.642374
v 1.083889 0.882780 1.039277
v 1.029508 0.934770 1.033243
v 0.963004 0.967138 0.743577
v 0.945848 0.944295 0.434676
v 0.890023 0.941473 0.500446
v 1.120799 0.669355 0.225347
v 1.110548 0.574280 0.133396
v 1.051074 0.354004 -0.004326
v 1.057590 0.121519 -0.052528
v 1.090066 0.104786 0.100794
v 1.073261 -0.111782 0.048727
v 1.004739 -0.110389 -0.178618
v 0.955949 0.125348 -0.285647
v 0.793436 0.177186 -0.489916
v 1.159828 0.508250 0.430874
v 1.031378 -0.361445 0.278732
v 1.091023 0.013268 0.235938
v 1.044986 -0.330075 0.140650
v 0.995933 -0.348475 -0.081608
v 0.922981 -0.538961 0.415149
v 0.908966 -0.635740 0.289352
v 0.889210 -0.369823 0.578348
v 0.283960 0.287970 0.919122
v 0.575405 0.651496 0.758194
v 0.750367 0.658000 0.653463
v 0.783852 0.550797 0.715497
v 0.060799 0.038926 0.958752
v 0.800302 0.754228 0.646984
v 0.789494 0.776487 0.607221
v 0.797059 0.348826 0.752158
v 0.377463 0.670366 0.824333
v 0.321610 0.982367 0.746243
v 0.817806 0.732092 -0.302991
v 0.959232 0.645209 -0.166552
v 1.027295 0.566207 -0.071377
v 0.963136 0.377587 -0.195448
v 0.833654 0.456693 -0.361941
v 0.693153 1.027638 -0.235029
v 0.460428 1.221160 -0.379701
v 0.507405 1.496375 -0.073038
v 0.743066 1.032962 -0.133977
v 0.770665 1.057055 -0.014882
v 0.486727 1.022693 -0.465123
v 0.532882 0.727296 -0.559962
v 0.324628 0.938714 -0.611771
v 0.115082 0.600560 0.883462
v 0.886575 0.949478 0.648953
v 0.885866 0.958341 1.057929
v 0.804666 0.882490 1.030637
v 0.834542 0.876494 0.602517
v 0.976181 0.960641 1.041220
v 0.157561 0.955817 0.787661
v -0.311749 1.034026 0.730829
v -0.193029 0.622856 0.871072
v -0.535503 0.929863 0.675995
v 0.391604 1.553491 -0.211285
v 0.421094 1.845806 0.109481
v 0.409935 1.740244 -0.062813
v 0.235707 1.255239 -0.514857
v 0.222485 2.062693 0.390415
v 0.076167 2.053849 0.450557
v -1.017246 0.764740 0.293625
v -1.038257 0.683231 0.249779
v -1.230676 0.785388 0.313191
v -1.188347 0.933339 0.149947
v -1.053378 0.588852 0.146233
v -1.177111 0.555375 0.155374
v -1.292298 0.632018 0.283857
v -1.058602 0.439500 0.182774
v -1.070799 0.210016 0.358352
v -0.976105 0.079018 0.554814
v -0.460290 1.431958 0.439293
v -0.776668 0.039173 0.741082
v -1.135788 0.992847 -0.259556
v -1.251137 0.863242 0.273494
v -0.037251 0.785935 -0.745290
v -0.449431 1.749546 0.147019
v -0.558612 1.482117 0.181279
v -0.493618 1.534163 0.298064
v -0.472109 1.616469 -0.028306
v 0.153354 0.426208 -0.834767
v 0.381979 0.224762 -0.793574
v 0.395151 0.552104 -0.714742
v 0.139657 0.226230 -0.870587
v 0.502753 0.150965 -0.740757
v 0.215860 0.772564 -0.721107
v -0.577659 -0.216957 0.832287
v -0.625062 -0.423636 0.766534
v -0.004121 -0.414800 0.917888
v 0.245693 -0.442486 0.891843
v 0.420322 -0.453269 0.844721
v -0.181147 -0.557577 0.872149
v -0.799332 -0.439177 0.642221
v -0.957372 -0.354672 0.488351
v -0.835814 -0.201763 0.675523
v -0.132654 2.980850 0.277040
v -0.174251 3.026460 0.288932
v -0.035469 3.060256 0.280563
v -0.128380 3.044650 0.336858
v -0.077445 3.015114 0.315543
v -0.175848 3.069473 0.311284
v -0.136438 3.155755 0.314106
v -0.138613 3.182050 0.244112
v -0.070524 3.146336 0.305708
v -0.102123 3.186195 0.254084
v -0.067528 3.090049 0.329936
v 0.161603 3.062971 0.193967
v 0.189688 3.121965 0.239793
v 0.187932 3.090896 0.285064
v 0.142909 3.095681 0.335432
v 0.106432 3.184327 0.264343
v 0.109723 3.026215 0.330153
v 0.109479 2.980493 0.288254
v 0.113961 2.989643 0.210501
v 0.060279 2.994324 0.250765
v -0.444745 -2.162515 0.706198
v -0.444703 -2.285882 0.716243
v -0.637530 -2.062777 0.688452
v -0.652577 -2.188594 0.761809
v -0.722821 -2.038372 0.640824
v -0.931013 -2.146044 0.574021
v -0.866832 -2.049103 0.495629
v -0.944629 -2.289537 0.581738
v -1.098427 -2.204926 0.489615
v -1.053188 -2.088007 0.436112
v -0.288189 -2.272809 0.746289
v -0.280477 -2.349181 0.726990
v -0.203549 -2.282206 0.705371
v -0.775849 -2.146613 0.723954
v -0.795436 -2.298158 0.731112
v -0.688128 -2.353899 0.750325
v -0.812036 -2.359154 0.687969
v -0.596764 -2.306069 0.758949
v -0.263439 -2.381106 0.682743
v -0.202949 -2.364483 0.666810
v -0.156805 -2.321031 0.614693
v -0.597642 -2.416655 -0.112752
v -0.569208 -1.789292 0.067359
v -0.467054 -1.714322 0.117107
v -0.518000 -1.770613 0.105833
v -1.120747 -2.370983 0.283076
v -1.053561 -2.407173 0.263164
v -1.146241 -2.272006 0.290231
v -1.153955 -2.207334 0.394572
v -1.158810 -2.339133 0.371520
v 0.887846 -2.075071 0.532338
v 1.075340 -2.121760 0.456727
v 0.936101 -2.166173 0.579051
v 0.748639 -2.057987 0.659448
v 0.765792 -2.230354 0.743583
v 0.639940 -2.285896 0.770085
v 0.625510 -2.125581 0.735929
v 0.452570 -2.075491 0.638707
v 0.780271 -2.131531 0.710898
v 0.946589 -2.281014 0.581677
v 1.056247 -2.073685 0.286314
v 1.070235 -2.207113 0.185654
v 1.137277 -2.164852 0.320025
v 1.145529 -2.170006 0.393767
v 1.092297 -2.333075 0.496665
v 1.146234 -2.326954 0.439828
v 1.104225 -2.210913 0.484630
v 0.735602 -2.353789 0.740454
v 0.634020 -2.360025 0.745419
v 0.821589 -2.317742 0.707657
v 0.438165 -2.183644 0.711740
v 0.448480 -2.295897 0.714251
v 0.263041 -2.097800 0.681878
v 0.256961 -2.175184 0.730332
v 0.182784 -2.138321 0.659274
v 0.152175 -2.299419 0.609309
v 0.165263 -2.353850 0.502782
v 0.192981 -2.340895 0.670539
v 0.346762 -1.790920 0.092127
v 0.433525 -1.822174 0.123854
v 0.596440 -1.757206 0.023372
v 0.611255 -1.757596 -0.044065
v 0.540410 -1.830949 0.105877
v 0.543445 -1.233824 0.075436
v 0.640682 -1.914890 -0.067346
v 1.016567 -2.396092 0.180220
v 1.156623 -2.338979 0.315886
v 0.249519 -2.400827 0.275401
v -1.742289 0.615041 1.066672
v -1.735913 0.648876 0.983713
v -1.758273 0.797743 1.050854
v -1.755768 0.966951 0.904721
v -1.776859 0.996306 0.979037
v -1.772355 1.021342 1.030662
v -1.656835 0.277518 0.859814
v -1.630439 0.238479 0.843274
v -1.672190 0.239607 0.813629
v -1.609937 0.198289 0.814237
v -1.708554 1.150252 0.823277
v -1.688090 1.105750 0.741354
v -1.646455 1.208995 0.873079
v -1.496412 1.313809 0.733106
v -1.478339 0.954739 0.927975
v -1.463834 0.997406 0.713586
v -1.195739 0.877456 1.241074
v -1.290591 0.924780 1.324314
v -1.226437 0.895756 1.286933
v -1.224468 0.185262 0.920751
v -0.993802 0.257181 1.007365
v -1.427420 0.259134 0.843810
v -1.175799 0.513285 0.986801
v -1.255038 0.645038 1.036636
v -1.195369 0.941716 0.507249
v -1.272095 1.051264 0.489873
v -1.306870 1.040947 0.434697
v -1.402606 1.059876 0.556717
v -1.291644 0.884004 0.413440
v -1.346459 0.890584 0.388454
v -1.109006 1.078798 1.057753
v -1.300158 1.378267 0.463153
v -1.343907 1.423311 0.687110
v -1.430331 1.399211 0.468926
v -1.367168 1.352390 0.986071
v -1.417931 1.272491 1.112982
v -1.441746 1.390697 0.692012
v -1.201889 1.413115 0.358798
v -1.113074 1.446714 0.125968
v -1.395483 1.472279 0.304405
v -1.064150 0.809134 0.165159
v -0.957320 0.898299 0.083008
v -0.855442 1.016412 0.068545
v -0.786820 0.591255 1.018986
v -1.135499 0.799001 1.020966
v -1.189205 0.771984 1.145383
v -1.691388 0.926014 0.818634
v -1.630136 1.222129 0.478775
v -1.703131 0.785577 0.911379
v -1.456601 0.642886 0.483882
v -1.549857 0.805377 0.539212
v -1.501319 0.922752 0.472832
v -1.423488 0.924243 0.398761
v -1.367018 0.975212 0.393398
v -1.245867 0.940155 0.415733
v -1.413094 1.041472 0.449228
v -1.640503 1.420646 -0.524122
v -1.697376 1.110856 -0.207123
v -1.620426 0.910848 0.321209
v -1.638078 0.969467 0.196629
v -1.506910 0.794990 0.318344
v -0.903500 1.432703 -0.094058
v -1.156603 1.490806 0.034547
v -1.074321 1.651293 -0.261116
v -1.073432 1.715644 -0.489933
v -0.879562 1.614347 -0.534961
v -1.172662 1.688603 -0.318650
v -1.410530 -0.177834 -0.776309
v -1.173645 -0.401087 -0.876224
v -1.523694 -0.037517 -0.585835
v -1.454391 -0.157088 -0.657406
v -1.382867 0.154947 -1.255621
v -1.234055 -0.233501 -1.008887
v -1.086342 0.017144 -1.401663
v -1.343371 0.414748 -1.439184
v -1.148814 0.238569 -1.509239
v -1.483335 1.007517 -1.241319
v -1.316686 0.735509 -1.502780
v -1.285299 1.028267 -1.442784
v -1.272063 1.233635 -1.341997
v -1.156777 1.013640 -1.536930
v -1.549418 1.364215 -0.917092
v -1.132304 0.795035 -1.620276
v 0.772433 0.761568 0.940657
v 0.757862 0.644315 1.064486
v 0.764339 0.474824 1.298834
v 0.802242 0.311940 1.332479
v 0.804221 0.300621 0.965391
v 0.783638 0.926483 1.348473
v 0.713249 0.662740 1.527523
v -0.352788 1.721973 0.381723
v -0.245428 1.778754 0.447222
v -0.722006 0.792538 -0.354563
v -0.806519 0.770748 -0.318150
v -0.854787 0.667023 -0.241521
v -0.938128 0.626135 -0.179770
v -0.732254 0.916876 -0.404521
v -1.031289 0.791909 -0.458326
v -0.995928 0.696381 -0.354077
v -1.008305 0.317610 -0.128918
v -0.961268 0.570636 -0.099018
v -1.022649 0.553025 0.004201
v -1.009824 0.541244 0.008970
v -1.026521 0.569787 0.143331
v -1.137938 0.524763 0.011962
v -0.669099 0.315538 -0.584538
v -0.712647 0.006038 -0.587628
v -1.050027 0.950157 -0.459004
v -0.994022 0.901732 -0.480826
v -0.803254 -0.569312 0.573571
v -0.985613 -0.462549 0.332642
v -0.911309 -0.649144 0.177998
v -1.012315 -0.446265 0.172660
v -0.909716 -0.609188 -0.028197
v -0.856199 -0.666619 0.398129
v -0.688628 -0.766447 0.538231
v -0.449111 -0.641079 0.779028
v -0.636042 -0.625215 0.683784
v -0.299103 -0.357743 0.898563
v -0.526038 -0.935274 0.476802
v -0.725288 -0.858284 0.295383
v -0.606998 -0.943539 0.038055
v -0.701852 -0.834362 -0.086030
v -0.802273 -0.790854 0.129809
v -1.054637 -0.136365 0.358957
v 0.073091 -0.718873 0.825218
v -0.281176 -0.684861 0.808405
v -0.082580 -0.796833 0.781684
v -0.308099 -0.818088 0.728321
v -0.147094 -0.942610 0.658983
v -0.475782 -2.391040 0.625227
v -0.452152 -2.351144 0.686694
v 0.589314 -1.815749 -0.139026
v 0.530664 -1.869112 -0.198156
v 0.607946 -1.112114 -0.011347
v 0.455001 -1.437395 -0.228063
v 0.369992 -2.034284 -0.205371
v 0.307967 -1.091806 0.036251
v 0.445644 -0.710857 0.109122
v 0.279064 -1.177605 -0.043067
v 0.285400 -1.150737 -0.102397
v 0.355883 -1.280932 -0.198470
v 0.269977 -1.972250 -0.053223
v 0.316425 -1.486622 -0.170193
v 0.497672 -1.140510 0.099557
v 0.275293 -0.815667 -0.061401
v -1.260966 1.101717 1.264698
v -1.404465 1.055979 1.305453
v -1.365829 1.198713 1.225654
v -1.092591 0.760534 0.326294
v -1.410854 0.720704 0.363878
v -1.454892 0.770958 0.230124
v -1.339351 1.497183 0.055054
v -1.460292 1.390070 0.592846
v -1.559441 1.391170 0.568786
v -1.615654 1.366169 0.549345
v 0.520400 -0.276865 0.848121
v 1.063376 -2.407465 0.315963
v 1.100373 -2.390424 0.428968
v 0.924769 -2.370014 0.538201
v 0.734419 -2.390130 0.699091
v 0.550497 -2.419604 -0.083279
v 0.889159 -0.591191 -0.110991
v 0.894899 -0.372341 -0.287307
v -1.092085 0.554690 -0.137383
v -1.093475 0.171902 0.218820
v 0.455429 -2.356744 0.683858
v 0.458921 -2.387580 0.624066
v 0.609786 -0.844372 -0.107103
v 0.501816 -0.816760 -0.210721
v 0.624985 -0.736239 -0.018788
v 0.554224 -0.668571 0.065173
v 0.566080 -0.779416 0.085195
v 0.363568 -0.770485 0.087278
v 0.073847 -0.888711 0.716473
v 0.306106 -0.681699 0.805635
v 0.532019 -0.642391 0.740379
v 0.334405 -0.821012 0.719823
v -0.493919 -0.841992 0.633927
v -0.258627 -0.985877 0.573554
v 0.023762 -1.064492 0.496443
v -0.227186 -1.061024 0.443346
v 0.180230 -0.955729 0.637537
v -0.443902 -1.023859 0.331341
v -0.497012 -0.889971 -0.287715
v -0.626410 -0.793553 -0.277037
v -0.779950 -0.670570 -0.217322
v -0.374764 -1.022597 -0.141833
v -0.520508 -1.006280 0.156556
v -0.693426 -0.622913 -0.383653
v -0.338239 -1.083374 0.110785
v -0.180076 -1.111001 0.292213
v -1.037850 -0.319500 0.057688
v -1.071508 -0.065104 0.019257
v -1.006026 -0.221580 -0.141028
v -0.926067 -0.433275 -0.190164
v -1.257011 0.658033 -0.394869
v -1.353886 0.724431 -0.464277
v -1.125313 0.813462 -0.490504
v -1.234211 0.564923 -0.227798
v -0.123648 -1.132423 0.138769
v 0.075084 -1.128193 0.031044
v 0.109982 -1.123772 0.273144
v -0.153530 -1.103917 -0.060451
v 0.292886 -1.097039 0.118077
v 0.273924 -1.080289 0.350629
v -0.136078 -1.052641 -0.240470
v 0.312072 -0.988370 0.546560
v 0.435350 -0.987630 0.459341
v 0.450408 -0.858928 0.641065
v -0.333061 -0.822060 -0.494140
v -0.267680 -0.940378 -0.391327
v -0.073798 -0.825154 -0.571182
v -0.539242 -0.727249 -0.444705
v 1.132460 0.777798 1.406066
v 0.889549 1.030523 1.620486
v 0.725924 0.805397 1.469484
v 0.694911 0.758782 1.605444
v 0.726176 0.872316 1.600709
v 0.616241 0.815070 1.722651
v -0.822404 -2.404645 0.472784
v -0.753445 -2.392382 0.657615
v -0.624201 -2.381999 0.715552
v 0.784176 0.986100 1.655800
v 0.629691 0.611802 1.732498
v 0.642694 0.954704 1.778581
v 0.686784 1.028133 1.864906
v 0.834851 1.067232 1.875018
v 0.838616 0.232856 1.031691
v 0.843966 0.213912 1.377024
v 0.865964 0.195197 1.676303
v 0.378899 2.003458 0.045579
v 0.344233 2.009213 -0.041724
v 0.235828 1.594518 -0.312879
v 0.294283 1.774899 -0.185075
v 0.209864 1.915824 -0.194805
v 0.261598 2.057378 -0.125253
v 0.318242 2.071070 0.296074
v 0.361479 2.079592 0.206458
v 0.365685 2.210010 0.126897
v 0.295700 2.353415 -0.066174
v -1.077443 0.194812 0.038412
v -0.942564 0.342059 -0.249071
v -1.191572 0.960826 -0.396524
v -1.335524 0.914332 0.155615
v -1.415833 0.922417 0.181248
v -1.279437 0.976405 -0.270309
v -1.376910 0.996185 -0.243195
v -1.464340 1.048572 -0.177162
v -1.391200 0.989562 -0.355749
v -1.475576 0.937994 -0.447358
v -1.492179 1.056954 -0.326265
v -1.382957 0.822994 -0.500630
v -1.586414 0.930391 -0.439427
v -0.344355 1.897654 -0.079494
v -0.101077 -0.093667 -0.876200
v -0.557275 0.117355 -0.706951
v -0.302424 0.065465 -0.839091
v -0.348407 -0.111540 -0.814080
v -0.569535 -0.171034 -0.683865
v -0.651321 -0.452021 -0.535843
v -0.707683 -0.271537 -0.549408
v -0.504236 -0.305130 -0.693777
v -0.127325 -0.348535 -0.816122
v -0.351941 -0.388970 -0.744482
v 0.060857 -0.263074 -0.845635
v 0.086706 0.001924 -0.883485
v 0.292660 0.003975 -0.840500
v 0.377065 -0.157830 -0.793580
v 0.687953 0.055364 -0.608585
v 0.630194 0.382643 -0.602375
v 0.715243 -0.320210 -0.528875
v 0.154090 3.018242 0.311058
v 0.099301 3.154078 0.315295
v 0.153375 3.146276 0.309161
v 0.145538 3.179615 0.264464
v -0.334917 -1.839285 0.081602
v -0.393010 -1.795437 0.113534
v -0.282173 -1.120510 -0.026045
v -0.272491 -1.998910 -0.089268
v -0.332351 -1.487417 -0.185082
v -0.386931 -1.507680 -0.216391
v -0.529900 -1.431610 -0.200887
v -0.454564 -1.373047 -0.224363
v -0.445713 -0.710817 0.109133
v -0.308111 -1.098600 0.036831
v 0.298714 -2.306264 0.742474
v 0.291573 -2.368584 0.706063
v 0.237320 -2.380451 0.661980
v 0.215852 -2.318566 0.717157
v -1.516750 1.159706 1.042324
v -1.278520 1.317173 1.078708
v -1.251435 1.241532 1.156441
v -1.544531 1.440732 -0.093897
v -1.568059 1.507902 -0.390803
v -1.562058 1.496506 -0.681473
v -1.299489 1.670611 -0.463909
v -1.427715 1.500216 -0.047300
v -1.681398 1.170965 -0.452527
v -1.701846 0.917165 -0.219546
v -1.765859 0.897902 -0.385578
v -1.682907 1.048985 -0.654950
v -1.597574 1.115176 -0.955139
v -1.620988 0.675093 -0.270260
v -1.557846 0.575935 -0.267671
v -1.567656 1.388983 0.393044
v -1.488898 0.729535 0.039746
v -1.571465 0.830380 0.112762
v -1.293388 0.735523 0.254952
v -1.156423 0.761541 0.139970
v -1.332637 0.692306 0.033221
v -0.963048 0.823577 -0.071092
v -1.313590 0.737906 0.172811
v -0.603412 1.182437 -0.421028
v -0.743992 1.223318 -0.169188
v -0.622056 1.325607 -0.524471
v -0.786327 1.097320 -0.097794
v -0.729559 1.007582 -0.249199
v -0.837603 1.604644 -0.766794
v -0.667352 1.442636 -0.712699
v -1.047996 1.681392 -0.751181
v -1.160909 1.559769 -1.045350
v -1.276109 1.631392 -0.822219
v -0.978883 1.547121 -1.040218
v -0.908178 0.776906 -0.169399
v -1.138206 0.715382 -0.019762
v -0.622909 0.839141 -0.417561
v -1.529062 0.204194 -0.479556
v -1.229917 -0.383127 -0.757373
v -1.210367 -0.393414 -0.640110
v -1.272166 -0.284937 -0.560138
v -1.100495 0.368405 -1.588033
v -1.032736 -0.143140 -1.272625
v -0.894288 0.007866 -1.390696
v -1.093304 0.612747 -1.636733
v -0.940079 0.608098 -1.640267
v -0.930751 0.816275 -1.609437
v -1.035587 1.145105 -1.471305
v -1.015701 1.325603 -1.333419
v -0.798577 0.904260 -1.532960
v -0.790741 0.722097 -1.595547
v -1.268367 1.487867 -1.096686
v -1.141057 1.303796 -1.348333
v -1.625111 1.395877 -0.696208
v -1.560334 0.419549 -0.387967
v -1.249410 0.187447 -0.386411
v -1.068756 0.249080 -0.345535
v -1.168575 0.444996 -0.230866
v -1.264701 0.600954 -0.108238
v -1.283258 0.379653 -0.295825
v -1.431040 0.489786 -0.259815
v -1.501329 0.617898 -0.120683
v -1.394121 0.607872 -0.091475
v 0.773857 -0.615284 0.577204
v 0.702057 -0.483784 0.704413
v 0.767142 -0.775960 0.412625
v 0.623707 -0.940822 0.271061
v 0.623447 -0.779450 0.592545
v 0.576586 -0.886589 0.505263
v 0.905494 -0.657779 0.108684
v 0.967779 -0.531017 0.066242
v 0.800078 -0.792290 0.166655
v 0.794031 -0.761390 -0.032868
v -0.381536 1.879267 0.265378
v -0.396952 1.914512 0.052145
v -0.316753 2.151081 0.287954
v -0.248044 2.052336 0.372817
v -1.404896 0.805061 0.331362
v -1.376886 0.704418 0.331415
v -1.449873 0.883599 0.287597
v -1.573102 1.069592 0.262507
v -1.519125 1.133618 -0.198747
v -1.542017 1.186263 -0.080594
v -0.846845 0.201835 -0.426322
v -1.018599 0.080104 -0.168018
v -0.872216 -0.072017 -0.409538
v 0.059143 1.756747 -0.303912
v 0.021537 2.034034 -0.223016
v -0.133223 1.818595 -0.262845
v 0.123728 1.988354 -0.215549
v -0.135134 2.125500 -0.186739
v 0.158722 2.251348 -0.166091
v -0.254452 2.212771 -0.109143
v -1.081330 -0.114733 0.198243
v -1.110021 -2.359454 0.470037
v -1.124246 -2.278747 0.481895
v -0.913580 -2.377318 0.530202
v -1.098258 -2.394312 0.414880
v -0.284151 -1.395755 -0.116226
v -0.298071 -1.077906 -0.129312
v -0.362754 -0.770651 0.087797
v -0.359131 -0.812149 -0.189259
v -0.282982 -0.775876 -0.004789
v -0.534101 -1.097328 0.087276
v -0.595505 -1.084705 0.015436
v -0.293371 -0.756216 -0.110086
v -0.472680 -0.828247 -0.217690
v -0.325348 -0.669507 0.012973
v -0.559044 -0.763963 0.088450
v -0.616004 -0.749678 0.017047
v -0.618833 -0.813425 -0.103634
v -0.612142 -1.105072 -0.061709
v 0.808145 -2.404617 0.485193
v 0.402899 -0.811492 -0.207549
v 0.329676 -0.823801 -0.169538
v 0.582377 -0.740115 -0.153304
v 0.426930 -0.676091 -0.186177
v 0.322251 -0.707049 -0.134317
v 0.300298 -0.721179 0.018529
v 0.390988 -0.653314 0.069412
v 0.357862 -0.611184 -0.034850
v 0.467269 -0.599865 0.042906
v 0.443326 -0.575964 -0.034016
v 0.397198 -0.601830 -0.108852
v 0.517706 -0.651135 -0.166805
v 0.503205 -0.601671 -0.122875
v 0.595628 -0.663395 -0.082643
v -0.139158 2.100186 0.429564
v -0.038517 2.511276 0.412391
v 0.099487 2.561721 0.398055
v -0.366836 2.124308 0.177477
v 0.222101 -0.274208 -0.818640
v 0.548804 -0.139158 -0.703067
v 0.497204 -0.414787 -0.663028
v 0.100549 -0.475858 -0.772706
v -0.172213 -0.521174 -0.747449
v 0.269323 -0.546501 -0.708235
v 0.374342 -0.686271 -0.587615
v 0.587734 -0.655792 -0.467427
v 0.870779 -0.130609 -0.405960
v -0.578859 -0.825481 -0.160797
v -0.765414 1.478519 -0.974663
v -0.902170 1.292072 -1.315926
v -0.683382 1.225292 -1.187516
v -0.610320 1.359434 -0.925383
v -0.588631 0.953215 -1.331639
v -0.937091 0.380238 -0.332148
v -0.954093 0.058253 -0.400180
v -1.041631 0.621157 -0.171472
v -0.862735 0.590463 -0.306790
v 0.789785 -0.613080 -0.270043
v 0.724656 -0.544536 -0.406735
v 0.460135 -1.037645 0.115522
v 0.346312 2.353431 0.028960
v 0.346219 2.870845 0.115931
v 0.318031 2.717521 0.219701
v 0.292006 2.641567 -0.076977
v 0.194440 2.755665 -0.168932
v 0.175830 2.508644 -0.153747
v 0.025420 2.410218 -0.187013
v -0.116077 2.466331 -0.173832
v -1.342362 0.561404 0.196261
v -1.316471 0.518652 0.082041
v -1.517955 0.585157 0.127265
v -1.267984 0.514997 -0.067579
v -1.418050 0.535761 -0.029384
v -1.420815 0.571878 -0.194805
v -1.617436 0.655295 -0.095426
v -1.711221 0.722225 0.115740
v -1.535189 0.665254 0.301971
v -1.678034 0.740885 0.262200
v -1.663833 0.849528 0.386292
v -1.613908 0.987117 0.381802
v -1.512724 0.970955 0.231777
v -1.600187 1.130877 0.337984
v -1.543781 0.864284 0.366817
v -1.768954 1.052307 0.409757
v -1.773278 1.290856 0.423717
v -1.728093 1.088359 0.429336
v -1.811643 0.983768 0.321493
v -1.657604 1.168102 0.422972
v -1.859624 0.998634 0.192318
v -1.860015 1.191477 0.287388
v -1.682931 1.327768 0.470130
v -1.525574 1.276862 0.051200
v -1.565416 1.203694 0.234369
v -1.600567 1.228046 0.396525
v -1.521025 1.291573 0.290105
v -1.566306 1.311498 0.441383
v -0.905054 -0.215895 -0.334732
v -0.796492 -0.434471 -0.392738
v -1.528223 1.064994 -0.359418
v -1.607777 1.159875 -0.349469
v -1.594855 1.275093 -0.294150
v -1.539954 0.820979 -0.440317
v -1.486271 0.670695 -0.340347
v -1.661723 0.803146 -0.309344
v -1.761094 0.837783 -0.184816
v -1.844649 1.010609 -0.170851
v -1.816603 0.871803 -0.003479
v -1.729849 1.044452 -0.352119
v -1.703395 0.931369 -0.355014
v -1.812767 1.171429 -0.250420
v -1.735503 1.289715 -0.307660
v -1.678457 1.222149 -0.341673
v -1.819611 1.383825 -0.147670
v -1.567462 1.385537 -0.258608
v -1.547773 1.197765 -0.237653
v -1.522377 1.322471 -0.108859
v -1.433691 1.453387 -0.142464
v -1.596204 1.520109 -0.264111
v -1.544837 1.637017 -0.174625
v -1.687723 1.455881 -0.271037
v -1.729232 1.508101 -0.157777
v -1.434071 1.571289 -0.204633
v -0.490877 -0.606020 -0.573706
v -0.309069 -0.652360 -0.636890
v -0.202754 2.632042 -0.144128
v 0.058534 2.717055 -0.205941
v -0.095144 2.712905 -0.199212
v -0.359877 2.311737 0.070317
v -0.322687 2.399971 -0.014215
v -0.273687 2.650370 -0.096751
v -0.336892 3.018064 -0.038512
v -0.353153 2.774825 0.107954
v -0.204393 2.790665 0.319092
v -0.102705 2.820944 0.356678
v -0.182488 3.056777 0.272550
v -0.260225 2.759085 0.287322
v -0.327460 2.748126 0.196880
v -0.321442 3.025677 0.132014
v 0.543772 -0.594651 -0.021630
v 0.695386 -0.789772 -0.185248
v 0.671631 -0.889311 0.005583
v 0.552056 -0.838200 -0.304126
v 0.493896 -0.972496 -0.119567
v 0.100447 -0.697727 -0.663199
v 0.144208 -0.901991 -0.482682
v 0.006158 -0.967565 -0.414398
v -0.177928 -0.708518 -0.642570
v 0.346793 -0.900988 -0.402462
v 0.315576 -1.033137 -0.174434
v 0.112962 -1.038301 -0.283154
v 0.103101 -1.103077 -0.107417
v -1.436841 1.344106 0.314299
v -1.480879 1.360600 0.437522
v -1.327907 1.372314 0.168504
v -1.449681 1.361886 0.048629
v -1.516677 1.417360 0.503281
v -1.346372 1.418434 0.508374
v -1.339050 1.365435 0.424673
v -1.092793 1.316820 0.459367
v -1.149188 1.408001 0.526086
v -1.305974 1.347398 0.272968
v -1.305562 1.423411 0.019476
v -1.894343 1.061235 0.010615
v -1.884622 1.189455 -0.105230
v -1.882030 1.268430 0.206123
v -1.891200 1.300766 0.034102
v -1.781483 1.437059 0.274459
v -1.692600 1.569651 0.024954
v -1.791659 1.478321 0.014438
v -1.715506 1.405939 0.439232
v -1.612745 1.537733 0.364832
v -1.473526 1.561926 0.434238
v -1.549067 1.490595 0.494125
v -1.308481 1.532105 0.505850
v -1.351602 1.484448 0.529876
v -1.105301 1.452909 0.508460
v -1.521760 1.665303 0.013299
v -1.378092 1.677307 0.139967
v -1.015966 1.351957 0.483046
v -1.336516 1.703638 0.000685
v -1.356281 1.659988 -0.177892
v -1.207043 1.673943 0.067404
v -1.342613 1.707294 -0.096896
v -0.999630 1.602393 0.031736
v -1.069270 1.643789 -0.061518
v -1.167269 1.677359 -0.108076
v -1.098843 1.499582 0.440895
v -0.887254 1.480605 0.118312
v -0.880690 1.401212 0.332774
v -0.932719 1.491452 0.242854
v -0.984335 1.409430 0.473151
v -1.056921 1.281933 0.328226
v -0.951527 1.303951 0.395681
v -0.973448 1.295241 0.253294
v -0.887815 1.337456 0.298810
v -1.278617 1.517240 -0.129216
v -1.045544 1.471367 -0.075820
v -1.117033 1.309567 0.215579
v -1.053889 1.359457 0.066502
v -1.089426 1.582386 -0.136862
v -0.967217 1.541181 -0.043188
v 0.020459 2.865820 0.363378
v -0.049043 3.251094 0.259170
v -0.146410 3.355333 0.188794
v -0.238135 3.345715 0.127488
v 0.092554 3.107374 0.296086
v 0.213228 3.071355 0.250325
v -0.320578 3.289182 -0.036339
v -0.275910 3.385753 -0.163845
v 0.261084 2.990167 0.228599
v -0.026021 3.484588 0.150678
v 0.111309 3.379407 0.192276
v -0.213135 3.522882 -0.008631
v -0.278739 3.350521 0.062888
v -0.278066 3.434858 -0.039355
v 0.228977 2.627027 0.327838
v 0.353941 2.791756 0.044467
v 0.292491 3.263537 0.093427
v 0.326209 3.238897 -0.046067
v 1.065761 0.308617 1.636356
v 1.025975 0.213777 1.342135
v 1.082867 0.911251 1.527168
v 0.746588 0.331419 1.585278
v 0.793192 0.234384 1.618413
v 0.711349 0.487585 1.582046
v 1.103516 0.670112 1.695746
v 0.956430 1.040675 1.846765
v 1.037509 0.982156 1.840958
v 1.075029 0.881697 1.891837
v 1.063396 0.776962 1.912115
v 0.989741 0.902916 2.033098
v 0.999207 0.752487 2.030642
v 0.958383 0.361235 1.963830
v 0.910679 0.750751 2.105573
v 0.752909 0.637834 2.153260
v 0.890036 0.392411 2.078891
v 0.865062 0.901031 2.094256
v 0.885928 0.238093 1.942461
v 0.934876 0.216429 1.825845
v 0.815776 0.182722 1.839760
v 0.738160 0.228403 1.982287
v -0.380043 -0.670509 -0.167844
v -0.478190 -0.686056 -0.193477
v -0.588815 -0.677364 -0.121858
v -0.352722 -0.619089 -0.075625
v -0.417143 -0.580324 -0.025007
v -0.384901 -0.656083 0.068408
v -0.472496 -0.586556 -0.113275
v -0.534434 -0.659103 0.071164
v -0.571982 -0.613353 -0.035938
v 0.179294 3.401175 0.143947
v 0.268599 3.444855 -0.004460
v 0.267709 3.416970 -0.157983
v 0.201382 3.552851 -0.084934
v 0.286399 3.217853 -0.161575
v 0.159985 3.310039 -0.286720
v 0.178980 3.516784 0.051686
v 0.085782 3.511023 0.113294
v 0.083660 3.592757 0.013547
v -0.071966 3.591772 0.022762
v -0.019782 3.627541 -0.063504
v -0.475212 -0.587931 0.026245
v 0.964418 1.008032 1.972065
v 0.729032 1.019619 2.006104
v 0.589534 0.894677 1.965074
v 0.678941 0.930904 2.065198
v 0.701357 0.222344 1.776343
v 0.643767 0.316058 1.715778
v 0.624640 0.403936 1.699558
v 0.590591 0.421277 1.923616
v 0.635050 0.290918 1.908896
v 0.597117 0.633658 1.881192
v 0.633904 0.417585 2.058466
v 0.674496 0.495356 2.121519
v 0.714599 0.312718 2.068558
v 0.571804 0.800653 1.986876
v 0.809784 0.310533 2.076550
v 0.783013 0.434823 2.135079
v 0.715854 0.791627 2.135221
v 0.629383 0.783539 2.093818
v -0.878278 1.407968 0.151363
v -0.930871 1.394421 0.063525
v -0.235799 3.288648 -0.228922
v 0.205237 3.392833 -0.249018
v 0.081296 3.442455 -0.312440
v 0.148094 3.535316 -0.239571
v 0.093596 3.613650 -0.116593
v 0.064664 3.595390 -0.213803
v 0.027532 3.319197 -0.325008
v -0.017266 3.529449 -0.296701
v -0.057682 3.358395 -0.327557
v -0.133309 3.312210 -0.296440
v -0.224891 3.450476 -0.209492
v -0.207574 3.534093 -0.145890
v -0.136176 3.465735 -0.283879
v -0.127412 3.552692 -0.237746
v -0.164567 3.527174 0.054338
v -0.123557 3.604586 -0.081236
v -0.048013 3.614333 -0.191554
v -0.516835 1.245669 -0.732881
v -0.460978 1.092464 -0.910217
v -0.484971 1.124925 -0.699802
v -0.468975 0.880706 -0.706480
v -0.687484 0.635878 -0.438730
v -0.572832 0.606752 -0.595815
v -0.414408 0.785608 -1.110783
v -0.487966 0.635036 -1.348824
v -0.469925 0.904114 -1.194474
v -0.429028 0.532515 -1.085986
v -0.412370 0.775978 -0.923677
v -0.633977 0.701812 -1.497906
v -0.481197 0.405147 -0.916926
v -0.671039 0.368137 -0.516168
v -0.756867 0.185500 -0.477617
v -0.495472 0.267791 -1.189112
v -0.533345 0.191123 -0.981316
v -0.463018 0.429639 -1.263584
v -0.533211 0.419572 -1.394678
v -0.694791 0.097455 -0.594372
v -1.183866 -0.126747 -0.450824
v -1.231954 -0.195676 -0.490159
v -0.905005 -0.224899 -0.561398
v -1.171817 -0.361292 -0.578715
v -0.610944 0.136490 -0.723807
v -1.098579 -0.430663 -0.682597
v -1.033653 -0.307040 -0.552784
v -0.969927 -0.355705 -0.653350
v -1.160399 -0.437484 -0.755425
v -1.062965 -0.429644 -0.840074
v -0.971629 -0.322210 -1.059582
v -1.107734 -0.337914 -1.032072
v -0.910355 -0.361966 -0.798296
v -0.790067 -0.229606 -0.824041
v -0.815260 -0.204962 -0.672048
v -0.863846 -0.230722 -1.132861
v -0.721433 0.024750 -1.327376
v -0.774222 -0.192472 -1.053998
v -0.650674 0.427736 -1.510726
v -0.707409 0.284626 -1.491624
v -0.584090 0.086072 -1.136246
v -0.590972 0.167340 -1.324673
v 0.761369 1.379818 1.592614
v 0.757775 0.917204 2.404328
v 0.756576 0.915403 1.775682
v 0.761714 0.724983 1.976317
v 0.578627 1.501026 1.756636
v 0.578943 0.793141 1.953526
v 0.569399 0.725270 1.976413
v 0.573967 0.780160 1.888119
v 0.589942 1.056091 1.820572
v 0.754049 1.040066 2.374492
v 0.588635 1.378709 1.591381
v 0.578284 1.466923 1.522326
v 0.765258 1.434048 1.499316
v 0.572775 1.433448 1.500625
v 0.577442 0.957868 1.336824
v 0.568434 0.729022 1.213365
v 0.568404 0.866115 1.279244
v 0.747591 1.401251 1.869170
v 0.764641 0.769688 1.674767
v 0.755248 0.634920 1.633434
v 0.756923 0.635055 1.846427
v 0.570974 0.614935 1.891987
v 0.763812 0.596851 1.963145
v 0.760993 0.609139 2.077817
v 0.586506 0.601404 2.054277
v 0.569902 0.596566 1.975369
v 0.571727 0.693720 1.840848
v 0.572542 0.658762 2.014340
v 0.577147 0.784220 2.254437
v 0.582918 0.916454 2.403455
v 0.568504 0.927820 2.427506
v 0.765968 1.478816 2.434362
v 0.750736 0.733053 2.146131
v 0.759608 0.782084 2.181171
v 0.757397 0.677140 2.065951
v 0.749277 0.655924 2.165669
v 0.574101 0.638826 2.141851
v 0.575102 0.729746 2.143427
v 0.756314 0.349309 1.128343
v 0.765838 0.290996 1.149274
v 0.748785 0.277896 1.192675
v 0.575383 0.657702 1.919871
v 0.760572 0.679159 1.863038
v 0.759418 0.652698 1.952926
v 0.582349 0.682920 2.075230
v 0.568566 0.917359 1.784955
v 0.765885 0.709932 1.968594
v 0.757010 0.723162 1.928481
v 0.576445 0.725279 1.928375
v 0.568702 0.710674 1.962818
v 0.533916 1.291433 1.892011
v 0.577890 1.355506 2.041188
v 0.692604 1.092640 1.862218
v 0.766350 1.170414 1.840455
v 0.539394 1.240428 2.321117
v 0.579557 1.280863 2.056607
v 0.780245 1.300918 2.310760
v 0.787540 1.300185 2.021392
v 0.689043 1.093740 2.323874
v 0.682461 1.045548 1.981582
v 0.579176 1.052017 2.359054
v 0.494370 1.204587 2.356722
v 0.693797 1.057780 2.073039
v 0.640455 1.088586 1.863724
v 0.666525 1.103219 1.863578
v 0.692311 1.088695 2.095690
v 0.695504 1.054894 2.327381
v 0.552610 1.299152 1.855589
v 0.562805 1.239602 2.189842
v 0.575654 1.250085 2.312960
v 0.547686 1.298162 2.311919
v 0.580213 1.280223 2.315419
v 0.647143 1.309507 2.060878
v 0.634484 1.329154 2.019989
v 0.687466 1.308848 2.118285
v 0.681592 1.367428 2.078380
v 0.522954 1.280165 2.324556
v 0.525394 1.253395 2.307516
v 0.529436 1.118132 2.291236
v 0.585925 1.146341 1.970229
v 0.799195 1.243623 1.870752
v 0.761191 1.246074 2.297981
v 0.784785 1.238444 2.289563
v 0.749909 1.264780 2.120284
v 0.745162 1.119228 1.840125
v 0.559301 0.410327 1.196298
v 0.594390 1.091532 1.498072
v 0.623417 0.787186 1.599596
v 0.546293 0.732694 1.531389
v 0.590794 0.902611 1.353610
v 0.593351 0.899260 1.354605
v 0.699950 0.858138 1.569737
v 0.700417 0.979147 1.451074
v 0.788486 0.694658 1.528235
v 0.788693 0.989434 1.484537
v 0.723964 0.670859 1.252324
v 0.788712 0.387426 1.450973
v 0.579200 0.678358 1.644549
v 0.568822 0.567359 1.604385
v 0.568814 1.452515 1.496925
v 0.764075 1.456969 1.501707
v 0.766181 0.856178 1.273649
v 0.578819 0.542747 1.621086
v 0.577987 0.330922 1.626059
v 0.568647 0.292488 1.597447
v 0.578176 0.278466 1.553397
v 0.746151 0.506886 1.622527
v 0.766148 0.609144 1.611541
v 0.749034 0.346718 1.627984
v 0.766233 0.307139 1.614026
v 0.760725 0.279420 1.550036
v 0.757265 0.714690 1.207595
v 0.568780 0.719219 2.221232
v 0.763252 0.725225 2.225128
v 0.765684 0.547137 1.155555
v 0.549652 1.166360 1.844425
v 0.559448 1.161798 2.302406
v 0.578794 1.112342 1.954311
v 0.527582 1.116435 2.109363
v 0.818634 1.137863 1.966664
v -0.287744 -0.076941 0.971624
v -0.276379 -0.316116 0.955229
v -0.547702 -0.114002 0.900858
v -0.251566 -0.507463 0.920245
v -0.524746 -0.406009 0.873550
v 0.281233 -0.351745 0.948576
v 0.457554 -0.074032 0.931320
v 0.522883 -0.399463 0.877955
v -0.001178 -0.394173 0.967947
v 0.364513 -0.642602 0.845692
v 0.190851 -0.616213 0.895539
v -0.068734 0.411404 0.844433
v -0.009498 0.857863 0.743277
v 0.107956 0.523293 0.819065
v -0.182118 1.004038 0.789274
v -0.194220 0.675476 0.875970
v 0.008962 0.888986 0.833202
v 0.240613 0.888940 0.813341
v -0.526468 -0.494609 0.744334
v -0.279212 -0.307273 0.860085
v -0.504519 -0.175828 0.812171
v 0.493703 -0.105453 0.819597
v 0.299756 -0.301293 0.855786
v 0.021800 -0.382757 0.869947
v 0.478346 -0.373928 0.794605
v 0.242180 -0.566994 0.803103
v 0.033264 2.479479 0.766914
v 0.070349 2.429163 0.694384
v 0.013556 2.406520 0.705782
v 0.041396 2.568971 0.760411
v -0.061513 2.402836 0.650555
v -0.024446 2.478408 0.760913
v -0.062959 2.532078 0.725593
v 0.069165 2.495024 0.738764
v 0.596013 0.976429 1.403594
v 0.596053 0.976152 1.403424
v 0.596044 0.976450 1.403599
v 0.596011 0.976733 1.403769
v 0.595975 0.976403 1.403588
v 0.596017 0.975933 1.403307
v 0.595948 0.976883 1.403870
v 0.630443 1.531091 3.671438
v 0.630993 1.434705 3.671002
v 0.704172 1.531099 3.671453
v 0.629553 1.531777 3.758880
v 0.705030 1.436142 3.758680
v 0.704006 1.530930 3.760839
v 0.704403 1.437223 3.671314
v 0.631236 1.436130 3.760949
v -0.068684 -0.651200 0.891995
v 0.028922 -0.801118 0.814589
v -0.299945 0.092725 0.865565
v -0.215533 0.789619 0.743934
v -0.137876 1.041645 0.679509
v 0.275290 0.718746 0.754477
v 0.311808 0.981521 0.674294
v 0.416984 0.438095 0.791257
v 0.087897 0.531119 0.918276
v -0.042756 -0.577335 0.823047
v 0.003170 -0.130015 0.897237
v -0.167296 2.685053 0.459327
v -0.017971 2.576236 0.755531
v 0.005557 2.776276 0.540618
v -0.103279 2.776213 0.477488
v 0.163008 2.566173 0.550506
v 0.099259 2.731580 0.544416
v 0.134694 2.465455 0.600658
v 0.621877 -0.147118 0.869447
v 0.703844 -0.294236 0.799923
v 0.582341 -0.516965 0.803085
v 0.283637 -0.749646 0.804209
v 0.290303 -0.761619 0.750038
v 0.229468 -0.741339 0.730690
v 0.452408 -0.633521 0.725312
v 0.485690 -0.645597 0.768904
v 0.017556 -0.827347 0.774156
v -0.177872 -0.800717 0.761723
v -0.371761 -0.723366 0.762359
v -0.175729 -0.760794 0.826482
v 0.622926 -0.506417 0.754316
v 0.656034 -0.436267 0.726530
v 0.732210 -0.306547 0.753452
v -0.687831 0.141708 0.832551
v -0.423968 0.280826 0.917277
v -0.653198 0.421017 0.805638
v -0.645758 -0.408544 0.809550
v -0.712570 -0.171451 0.816780
v -0.731098 -0.308196 0.760412
v -0.755699 0.174894 0.779574
v -0.763244 0.256440 0.722919
v -0.669279 0.551093 0.753587
v -0.483718 0.625584 0.828147
v -0.169530 0.283797 0.955478
v 0.027265 0.018545 0.993364
v 0.216887 -0.093435 0.980865
v 0.327984 0.238287 0.944014
v 0.681535 0.124594 0.837743
v -0.413022 0.402743 0.800691
v -0.419299 0.866005 0.678388
v 0.102909 1.046264 0.682067
v -0.031848 1.118630 0.677770
v -0.306941 1.019299 0.687650
v -0.520164 0.796726 0.682733
v 0.261668 0.117396 0.870532
v -0.008762 0.048023 0.896423
v 0.082160 1.104916 0.763133
v -0.308908 1.015182 0.748792
v -0.491254 0.802000 0.768362
v -0.476289 0.873603 0.725873
v -0.076906 1.130885 0.735244
v 0.124252 1.119382 0.715297
v 0.317603 1.005289 0.750301
v 0.438120 0.678151 0.829620
v 0.615057 0.587391 0.781972
v 0.642488 -0.363941 0.731110
v 0.701253 -0.082384 0.733687
v 0.711785 0.202245 0.722222
v 0.520635 0.134675 0.803688
v -0.013538 -0.798970 0.728295
v -0.294401 -0.665578 0.751449
v -0.358453 -0.707660 0.730420
v -0.661435 -0.287719 0.735482
v -0.539822 0.097660 0.798456
v -0.188663 2.550346 0.478694
v -0.225891 2.468171 0.334490
v -0.114785 2.442415 0.616561
v -0.186550 2.352876 0.340433
v -0.216485 2.673062 0.329415
v 0.082275 2.267652 0.355303
v -0.033575 2.248476 0.351622
v -0.119539 2.279080 0.346776
v 0.057200 2.907383 0.335434
v 0.124460 2.854370 0.340184
v 0.200724 2.710395 0.347601
v -0.131276 2.848356 0.328039
v -0.043042 2.915318 0.330047
v 0.225538 2.523506 0.350779
v 0.766874 -0.056049 0.724373
v 0.766072 0.230499 0.745113
v 0.727382 0.380929 0.712328
v 0.740315 0.275165 0.777511
v 0.681084 0.550756 0.721970
v 0.771897 -0.077222 0.767290
v -0.511767 -0.594509 0.804822
v -0.379735 -0.663701 0.829637
v -0.602675 -0.538520 0.744709
v -0.694953 -0.368756 0.725650
v 0.627730 0.513989 0.703783
v 0.509324 0.809713 0.681731
v 0.313599 1.021648 0.702433
v 0.473423 0.867712 0.743834
v 0.560905 0.767985 0.721249
v 0.598575 0.322166 0.851114
v -0.726975 0.113731 0.723906
v 0.172143 2.351841 0.355196
v -0.640410 0.637758 0.714349
v -0.643967 0.476459 0.706615
v -0.775418 -0.093559 0.733245
v 0.525383 1.330138 3.837601
v 0.521996 1.329121 3.570519
v 0.549722 1.387600 3.831383
v 0.524867 1.265796 3.831447
v 0.608523 1.435031 3.569864
v 0.557670 1.396407 3.568041
v 0.697085 1.445461 3.568309
v 0.561118 1.200633 3.836735
v 0.773921 1.401860 3.569985
v 0.813026 1.311125 3.836167
v 0.805934 1.347068 3.569282
v 0.813762 1.286963 3.569460
v 0.791738 1.224214 3.567649
v 0.784015 1.311266 3.557708
v 0.691407 1.157399 3.569489
v 0.705425 1.411074 3.557085
v 0.654604 1.417547 3.557862
v 0.627130 1.160220 3.569167
v 0.571409 1.191034 3.567699
v 0.532808 1.242321 3.568563
v 0.569677 1.235867 3.553823
v 0.550175 1.292050 3.557988
v 0.667738 1.182687 3.557938
v 0.593185 1.392385 3.558439
v 0.759386 1.376277 3.557978
v 0.784323 1.306427 2.454911
v 0.740171 1.209042 2.451925
v 0.720792 1.197002 3.558119
v 0.774745 1.256952 2.447127
v 0.675352 1.184259 2.452154
v 0.770859 1.243963 3.556937
v 0.596517 1.207698 3.553339
v 0.550880 1.294737 2.452238
v 0.578145 1.375286 2.449650
v 0.558654 1.342589 2.454948
v 0.619516 1.407249 2.450575
v 0.708941 1.409074 2.455976
v 0.619830 1.194014 2.451967
v 0.759811 1.372990 2.449339
v 0.568567 1.238469 2.456612
v 0.598555 1.360077 2.457760
v 0.669424 1.416352 2.447917
v 0.744685 1.255043 2.456928
v 0.647410 1.212640 2.460830
v 0.583568 1.268261 2.454239
v 0.578371 1.309129 2.460744
v 0.629429 1.381126 2.464848
v 0.600322 1.358492 3.823549
v 0.676756 1.389154 2.457499
v 0.756230 1.307670 2.460861
v 0.741080 1.350811 2.458054
v 0.753590 1.321303 3.816829
v 0.702899 1.218945 2.456721
v 0.605842 1.236711 2.467168
v 0.590077 1.258086 3.811255
v 0.579341 1.288433 3.826020
v 0.581772 1.325786 3.830305
v 0.668720 1.390168 3.817697
v 0.715619 1.375139 2.462145
v 0.727528 1.368199 3.828522
v 0.633350 1.383012 3.810968
v 0.754632 1.281937 3.814757
v 0.693994 1.215504 3.817343
v 0.611883 1.229478 3.831966
v 0.729635 1.237058 3.824626
v 0.653548 1.213303 3.808806
v 0.682459 1.202968 3.834370
v 0.770793 1.300941 3.836483
v 0.612240 1.167346 3.836903
v 0.768433 1.195271 3.835345
v 0.691368 1.154960 3.833336
v 0.665132 1.401139 3.835905
v 0.754666 1.417948 3.836363
v 0.620010 1.440020 3.836329
v 0.695784 1.443522 3.831892
v 0.752223 1.181001 3.569422
v 0.559183 1.344012 3.553328
v 0.794883 1.371515 3.831403
v 0.803426 1.248970 3.828897
vn 0.6131 -0.7817 -0.1144
vn 0.7003 -0.6979 -0.1500
vn 0.8390 -0.5420 0.0484
vn 0.4884 -0.8446 0.2193
vn 0.4944 -0.8049 0.3283
vn 0.2821 -0.8971 0.3400
vn 0.8278 -0.4485 0.3371
vn 0.4777 0.0591 0.8765
vn 0.6513 0.7455 0.1415
vn 0.5778 0.3599 0.7325
vn 0.6968 0.3886 0.6029
vn 0.7790 0.3574 0.5153
vn -0.4956 0.5236 0.6930
vn 0.5738 -0.4978 0.6503
vn -0.8739 0.3106 0.3740
vn -0.7360 0.3539 0.5772
vn -0.5321 0.3021 0.7910
vn -0.6611 0.7333 0.1588
vn -0.1480 0.3164 -0.9370
vn -0.2708 0.9467 -0.1744
vn 0.0317 0.5092 -0.8601
vn -0.3524 0.1956 -0.9152
vn -0.2874 0.4751 -0.8317
vn -0.1316 0.4662 -0.8748
vn -0.0209 0.4889 -0.8721
vn 0.1913 0.4563 -0.8690
vn -0.5475 0.4588 -0.6998
vn -0.5423 0.4732 -0.6943
vn -0.1384 -0.0857 0.9867
vn -0.3931 -0.0270 0.9191
vn -0.3385 0.0187 0.9408
vn -0.1581 0.1382 0.9777
vn -0.8425 0.0384 -0.5374
vn -0.8706 -0.3234 -0.3709
vn -0.0957 -0.8370 -0.5388
vn -0.3223 0.4562 -0.8294
vn 0.4577 0.0887 -0.8847
vn 0.9110 -0.1296 -0.3915
vn 0.1522 -0.0224 -0.9881
vn -0.6196 -0.0118 -0.7848
vn -0.7988 0.3051 -0.5185
vn -0.9764 0.1644 -0.1398
vn 0.7990 0.5965 -0.0754
vn 0.6558 0.7540 0.0373
vn 0.1371 0.9270 0.3492
vn 0.3312 0.7194 0.6106
vn 0.5980 0.7348 0.3201
vn -0.2044 0.9768 0.0648
vn -0.1276 0.9855 0.1120
vn -0.1554 0.9859 0.0620
vn -0.6421 0.0027 -0.7666
vn -0.6377 -0.1373 -0.7579
vn -0.5417 -0.4716 -0.6958
vn -0.4284 0.0613 -0.9015
vn -0.4119 0.0975 -0.9060
vn -0.2587 -0.3343 -0.9063
vn -0.0546 -0.4717 -0.8800
vn 0.1719 -0.2861 -0.9427
vn 0.2529 0.9255 0.2819
vn -0.0339 0.9916 0.1245
vn 0.1509 0.9843 0.0912
vn -0.3593 0.9322 0.0426
vn -0.8351 0.5454 -0.0719
vn -0.9585 0.2385 -0.1563
vn -0.3897 0.9201 0.0403
vn -0.5372 0.7840 0.3110
vn -0.1615 0.9416 0.2956
vn -0.1370 0.9376 0.3195
vn 0.1781 0.6427 0.7451
vn 0.3065 0.9492 0.0711
vn 0.6074 0.3412 0.7174
vn 0.6345 0.3889 0.6679
vn -0.8936 0.4398 0.0891
vn -0.9714 0.2304 -0.0574
vn -0.8084 0.5883 0.0198
vn 0.4480 0.0463 -0.8929
vn 0.4730 0.1134 -0.8737
vn 0.0957 -0.1854 -0.9780
vn -0.4378 -0.0843 -0.8951
vn 0.6925 0.2958 -0.6579
vn -0.2784 0.5408 0.7937
vn -0.7191 0.3451 0.6032
vn -0.2777 0.5395 0.7948
vn -0.3401 0.3824 0.8591
vn -0.5414 0.1659 0.8243
vn -0.5936 -0.2277 0.7719
vn -0.4910 0.0138 0.8711
vn -0.9394 0.2320 0.2523
vn -0.9000 0.3987 0.1760
vn -0.9811 -0.1662 0.0995
vn -0.8656 -0.3807 -0.3252
vn -0.7698 -0.1763 -0.6135
vn 0.2059 -0.8506 0.4839
vn 0.7035 -0.1474 0.6952
vn -0.0315 -0.6528 0.7569
vn 0.4719 -0.8125 0.3424
vn -0.3553 -0.8267 0.4362
vn 0.9813 -0.1575 -0.1103
vn 0.3073 -0.8026 -0.5113
vn 0.3962 -0.7744 -0.4932
vn 0.8924 -0.4465 0.0649
vn 0.7586 -0.0435 0.6501
vn 0.9670 -0.1677 0.1916
vn -0.1190 -0.9711 0.2071
vn -0.1803 -0.3024 0.9360
vn -0.0518 -0.2629 0.9634
vn 0.1905 0.2249 0.9556
vn 0.5010 -0.0986 0.8598
vn -0.2627 -0.2496 0.9320
vn 0.2127 0.2608 0.9417
vn 0.0911 0.7598 0.6437
vn -0.1161 0.7735 0.6231
vn 0.2332 0.2217 0.9468
vn 0.7663 0.3536 0.5364
vn 0.7081 0.0457 0.7046
vn 0.8027 0.2700 -0.5318
vn -0.6624 -0.5735 -0.4821
vn -0.7448 -0.6333 -0.2102
vn -0.5107 -0.2430 -0.8247
vn -0.7260 -0.1862 -0.6621
vn -0.2426 -0.3467 -0.9060
vn -0.6235 -0.7453 -0.2360
vn 0.5581 0.7254 0.4028
vn 0.9565 0.1108 -0.2698
vn 0.7154 0.6794 0.1631
vn 0.0768 0.7078 0.7023
vn 0.4856 0.6267 0.6095
vn 0.2438 0.4710 0.8478
vn 0.9103 0.2939 0.2915
vn 0.8373 0.3429 0.4258
vn 0.8928 0.4152 0.1748
vn 0.8273 0.4986 0.2587
vn 0.4329 -0.6015 -0.6714
vn 0.5098 -0.4333 -0.7432
vn 0.7938 -0.5459 -0.2681
vn 0.6211 -0.5137 -0.5919
vn 0.8661 -0.0602 -0.4962
vn -0.3485 -0.1963 -0.9165
vn 0.0973 -0.6837 -0.7232
vn -0.2138 -0.5009 -0.8387
vn 0.2236 -0.9052 -0.3614
vn 0.0504 -0.8169 -0.5746
vn -0.0892 0.5908 0.8019
vn -0.7456 0.2517 0.6171
vn 0.1102 0.0558 0.9923
vn -0.0553 0.5724 0.8181
vn 0.6938 0.2764 0.6650
vn 0.2980 0.4587 0.8371
vn 0.4945 0.3548 0.7935
vn 0.3125 0.7482 0.5853
vn -0.0255 0.5581 0.8294
vn 0.1404 0.6416 0.7541
vn 0.0462 0.7159 0.6967
vn -0.9685 0.1477 0.2005
vn -0.9078 0.1024 0.4068
vn -0.7610 -0.3125 -0.5686
vn -0.7927 0.6095 -0.0075
vn -0.7507 0.6603 -0.0231
vn -0.9851 0.1350 -0.1065
vn -0.8199 0.4924 0.2921
vn -0.9965 0.0516 0.0656
vn -0.9625 -0.2200 -0.1589
vn 0.6535 0.5919 0.4717
vn 0.7975 0.3456 0.4945
vn 0.5547 0.6278 0.5461
vn 0.6764 0.6486 0.3490
vn 0.9096 0.2918 0.2958
vn 0.8461 0.3297 0.4188
vn 0.8470 0.3794 0.3725
vn -0.9283 -0.2594 -0.2662
vn -0.9279 0.1967 -0.3168
vn -0.9429 0.1238 -0.3092
vn 0.0025 0.9121 0.4099
vn 0.9983 0.0400 0.0421
vn -0.8231 -0.5647 -0.0606
vn -0.0310 0.4161 -0.9088
vn 0.7773 -0.6176 0.1199
vn -0.0313 -0.8096 0.5862
vn 0.0071 -0.2169 0.9762
vn 0.9552 -0.2642 -0.1333
vn 0.9690 0.0892 -0.2303
vn 0.5766 0.8158 0.0460
vn 0.0263 -0.2381 0.9709
vn 0.9736 -0.1117 0.1992
vn -0.0331 -0.6890 -0.7240
vn 0.9757 -0.1521 -0.1580
vn -0.0162 0.7550 -0.6555
vn -0.9846 0.1209 -0.1261
vn -1.0000 0.0064 -0.0003
vn -0.5750 -0.8181 0.0047
vn -1.0000 -0.0067 0.0003
vn -0.8907 -0.1609 0.4252
vn -0.9990 -0.0067 0.0446
vn -0.0318 -0.1861 -0.9820
vn 0.0285 0.1410 -0.9896
vn -0.9991 -0.0212 0.0362
vn -0.9739 0.1671 -0.1537
vn 0.9955 -0.0948 0.0052
vn 0.9371 -0.3482 -0.0231
vn 0.9011 0.2246 -0.3710
vn -0.5062 0.8622 0.0206
vn -0.7213 0.6923 -0.0210
vn -0.3105 0.8068 0.5027
vn 0.2857 -0.7869 0.5470
vn 0.9084 -0.2993 0.2918
vn 0.8761 0.2003 0.4386
vn 0.9516 -0.3047 -0.0403
vn 0.0182 0.0220 0.9996
vn 0.0177 -0.0447 0.9988
vn 0.0572 -0.9982 -0.0158
vn 0.1112 0.0805 0.9905
vn -0.0900 -0.1118 0.9896
vn 0.4921 0.8697 0.0393
vn -0.0384 -0.0446 0.9983
vn -0.2226 -0.9749 0.0056
vn 0.4914 0.8362 0.2436
vn 0.7001 0.7072 -0.0982
vn 0.3562 -0.5459 0.7584
vn -0.0110 0.4001 -0.9164
vn 0.3828 0.1815 0.9058
vn -0.0327 0.0187 0.9993
vn -0.2833 0.2818 0.9167
vn 0.2276 0.0606 -0.9719
vn 0.1177 -0.4766 -0.8712
vn -0.7058 0.1534 0.6916
vn 0.1905 0.0930 0.9773
vn -0.1258 -0.0494 0.9908
vn -0.4465 -0.5758 -0.6849
vn -0.8691 -0.2015 -0.4518
vn -0.0640 -0.0630 -0.9960
vn -0.1691 0.9825 0.0776
vn -0.1725 -0.1312 0.9762
vn 0.1367 -0.2548 0.9573
vn -0.0977 -0.0491 -0.9940
vn -0.0431 -0.0105 -0.9990
vn 0.0657 -0.0361 -0.9972
vn 0.6865 0.6095 -0.3964
vn 0.9873 0.1517 0.0478
vn 0.0319 0.0463 0.9984
vn -0.2941 -0.1206 -0.9481
vn -0.6465 -0.7205 0.2508
vn 0.0662 -0.2040 -0.9767
vn 0.0071 -0.0058 -1.0000
vn -0.0031 -0.0008 -1.0000
vn 0.9395 0.3408 -0.0335
vn -0.0870 0.0009 0.9962
vn 0.1195 -0.1312 0.9841
vn 0.0075 -0.0088 0.9999
vn 0.0351 -0.0921 0.9951
vn -0.8966 0.1815 0.4040
vn 0.4888 -0.4946 0.7186
vn 0.0547 -0.0618 -0.9966
vn 0.0237 0.0860 -0.9960
vn -0.1012 -0.1174 -0.9879
vn 0.1428 0.7534 0.6418
vn -0.2688 -0.9561 -0.1169
vn -0.8438 -0.0926 0.5287
vn -0.0570 0.0360 0.9977
vn 0.0269 0.0045 -0.9996
vn -0.0149 -0.0213 -0.9997
vn 0.0184 0.0851 -0.9962
vn -0.9724 -0.2233 0.0684
vn -0.0450 -0.1523 0.9873
vn 0.5369 0.5036 0.6769
vn 0.0567 -0.1887 0.9804
vn -0.7348 0.4567 0.5014
vn 0.0397 0.9876 0.1517
vn 0.3722 0.2235 0.9008
vn 0.5116 0.1977 0.8362
vn -0.9239 0.2499 0.2899
vn -0.6137 0.4590 -0.6424
vn -0.1249 -0.1934 0.9731
vn 0.5666 -0.1228 0.8148
vn 0.8056 -0.5810 0.1157
vn -0.9468 0.1901 -0.2598
vn 0.5066 0.8294 0.2357
vn 0.9194 0.0871 -0.3836
vn -0.6204 -0.6305 0.4665
vn 0.0411 -0.3269 0.9442
vn -0.4190 -0.7999 0.4296
vn 0.4266 0.3615 -0.8291
vn -0.5450 0.3799 -0.7474
vn -0.4682 -0.2158 0.8569
vn 0.5599 -0.1956 0.8051
vn -0.9238 0.1612 -0.3472
vn -0.6416 0.2941 -0.7084
vn 0.6507 -0.3988 0.6462
vn 0.5886 -0.3945 0.7056
vn 0.6358 0.0536 0.7700
vn 0.3181 0.0028 0.9481
vn 0.9147 0.3362 0.2242
vn -0.2622 0.6790 -0.6857
vn -0.6599 -0.4618 0.5928
vn -0.2037 -0.3601 0.9104
vn -0.6801 -0.4510 0.5780
vn 0.8360 -0.5122 0.1966
vn 0.5742 -0.3900 0.7199
vn -0.7516 0.2597 -0.6064
vn 0.8927 0.4285 0.1397
vn 0.8523 0.3560 0.3832
vn 0.9418 0.3078 -0.1354
vn 0.9408 0.3366 -0.0408
vn 0.4903 0.0710 -0.8686
vn -0.9225 -0.3300 -0.2004
vn 0.1914 0.3643 -0.9114
vn 0.5382 -0.2879 0.7921
vn 0.4027 -0.1772 0.8980
vn 0.4493 0.4548 -0.7689
vn 0.9861 0.0301 -0.1637
vn 0.0853 -0.7783 0.6221
vn 0.3231 -0.8085 0.4919
vn -0.9498 -0.1422 0.2785
vn -0.5354 -0.4127 0.7369
vn -0.6333 0.1747 0.7539
vn 0.6502 -0.0348 0.7589
vn 0.8221 -0.0043 0.5693
vn 0.7036 -0.0020 0.7106
vn -0.2007 0.8330 0.5155
vn 0.1605 0.9703 0.1809
vn 0.7139 0.6313 -0.3029
vn 0.5402 0.5423 0.6435
vn -0.0227 0.8588 0.5118
vn 0.7113 0.5001 0.4939
vn -0.0257 0.3483 0.9370
vn 0.0562 0.3322 0.9415
vn -0.1654 0.3392 0.9261
vn -0.1003 0.3185 0.9426
vn 0.2081 0.3153 0.9259
vn 0.2753 0.2205 0.9357
vn 0.0180 0.2418 0.9702
vn -0.4072 0.2007 0.8910
vn -0.4930 0.2375 0.8370
vn -0.5208 0.2938 0.8015
vn -0.7310 0.2181 0.6466
vn -0.7664 0.4943 0.4102
vn -0.6409 0.7501 -0.1632
vn -0.8739 0.4621 -0.1509
vn -0.6873 0.7255 0.0346
vn -0.5187 0.8550 -0.0002
vn -0.4253 0.7133 -0.5571
vn 0.3729 0.0442 -0.9268
vn -0.3321 0.2834 -0.8996
vn -0.7590 0.2687 -0.5931
vn -0.6662 0.2690 -0.6956
vn -0.7888 0.3376 -0.5137
vn -0.3518 0.1186 -0.9285
vn 0.5999 -0.7187 -0.3517
vn -0.5778 0.1190 -0.8075
vn -0.9712 0.0556 0.2315
vn -0.6917 0.4715 0.5470
vn -0.4269 0.8999 0.0889
vn -0.4076 0.8924 -0.1937
vn -0.7380 0.6433 0.2037
vn 0.0411 0.0012 -0.9992
vn 0.8488 -0.0032 -0.5288
vn 0.8357 -0.2251 -0.5010
vn 0.9181 -0.3067 -0.2509
vn 0.4300 -0.2814 -0.8579
vn 0.9827 -0.0077 -0.1852
vn 0.9820 0.1529 0.1107
vn 0.8864 -0.0137 0.4628
vn 0.7276 0.6257 0.2812
vn 0.7860 -0.5856 -0.1983
vn 0.6473 -0.7560 -0.0970
vn -0.8530 0.4234 -0.3051
vn -0.7687 0.6394 -0.0156
vn -0.4858 0.7392 -0.4664
vn -0.6143 0.3870 -0.6877
vn -0.6244 0.6682 -0.4045
vn -0.7958 0.1695 -0.5813
vn -0.8440 -0.3012 -0.4437
vn -0.7747 -0.5923 -0.2215
vn -0.3356 -0.7445 -0.5771
vn -0.1910 -0.8090 -0.5559
vn -0.1425 -0.7597 -0.6345
vn -0.6107 -0.3642 -0.7032
vn -0.6753 -0.0187 -0.7373
vn 0.3349 -0.6773 -0.6551
vn 0.5842 -0.5193 -0.6237
vn -0.0455 -0.2666 -0.9627
vn -0.2411 -0.9705 0.0022
vn -0.2338 -0.9722 -0.0089
vn -0.9209 0.1027 0.3762
vn -0.9283 0.1284 0.3491
vn -0.9524 -0.2093 0.2216
vn -0.2226 -0.5433 0.8095
vn -0.4276 -0.0617 0.9018
vn -0.4387 -0.3470 0.8289
vn 0.2123 -0.6886 0.6934
vn -0.7170 0.4354 0.5443
vn 0.9970 -0.0667 -0.0383
vn 0.9113 -0.3859 -0.1437
vn 0.7329 -0.5753 -0.3632
vn 0.5692 0.8011 -0.1854
vn 0.8963 0.4367 0.0764
vn 0.8037 0.4986 0.3247
vn 0.6010 0.7886 0.1299
vn 0.9844 0.0086 0.1755
vn 0.3166 -0.8387 -0.4431
vn -0.9703 -0.0857 -0.2263
vn -0.5781 -0.5629 -0.5908
vn 0.2566 -0.3317 -0.9078
vn 0.3450 0.0967 0.9336
vn 0.1257 0.4947 0.8599
vn 0.8254 -0.1296 0.5494
vn -0.5896 0.6204 0.5172
vn -0.6471 0.5781 0.4971
vn -0.8720 0.4875 0.0444
vn -0.8825 0.4595 0.1000
vn -0.7403 -0.4565 -0.4935
vn -0.7943 -0.5362 -0.2857
vn -0.7584 -0.4253 -0.4939
vn -0.8795 -0.0521 -0.4730
vn -0.8475 -0.1647 -0.5045
vn -0.9996 0.0231 0.0189
vn -0.0030 -0.6616 -0.7498
vn -0.2990 0.0039 -0.9542
vn 0.7056 0.5286 -0.4719
vn 0.0064 0.5531 0.8331
vn 0.0322 0.6242 0.7806
vn 1.0000 -0.0005 -0.0009
vn -0.0457 -0.8822 0.4687
vn 0.0481 -0.3911 0.9191
vn -0.9654 -0.2593 0.0266
vn -0.7030 -0.3492 -0.6195
vn -0.9991 0.0054 -0.0430
vn -0.9998 -0.0028 -0.0204
vn 0.0220 0.3997 -0.9164
vn 0.0045 0.3500 -0.9367
vn 0.0543 0.2861 -0.9566
vn -0.0140 -0.9008 -0.4340
vn 0.3416 0.9398 -0.0050
vn 0.0128 0.4959 0.8683
vn -0.9911 -0.0080 -0.1328
vn -0.8890 -0.1124 0.4440
vn -0.9999 0.0028 0.0158
vn -0.3753 0.9263 -0.0339
vn 0.1400 -0.9901 -0.0078
vn -0.2352 0.9718 -0.0146
vn 0.7860 -0.6182 0.0004
vn 0.0713 0.0089 -0.9974
vn -0.0988 0.0293 -0.9947
vn -0.7596 -0.6456 -0.0786
vn -0.0732 -0.9973 -0.0058
vn 0.2479 -0.9373 0.2451
vn -0.0570 0.0165 0.9982
vn -0.9564 0.2317 0.1780
vn -0.9647 0.2461 -0.0936
vn -0.9940 -0.1094 -0.0004
vn 0.4895 -0.8720 0.0043
vn 0.8231 0.5676 0.0189
vn 0.6334 0.7541 0.1734
vn 0.8727 0.3312 0.3587
vn 0.9938 0.1077 0.0269
vn 0.0055 0.9998 0.0206
vn 0.1103 -0.1192 0.9867
vn -0.9198 0.3850 0.0751
vn -0.5359 0.8144 0.2225
vn -0.6168 0.7870 -0.0140
vn -0.1893 0.0033 0.9819
vn 0.8756 0.4814 -0.0398
vn -0.9919 -0.0334 -0.1226
vn -0.0101 -0.0043 0.9999
vn 0.9604 -0.2744 0.0481
vn 0.3559 0.9201 0.1634
vn 0.6694 0.7423 0.0312
vn 0.8526 0.1590 0.4978
vn 0.6971 0.4507 -0.5576
vn 0.8927 -0.0810 0.4432
vn 0.7478 -0.0669 0.6605
vn 0.7268 -0.2819 0.6263
vn 0.9909 -0.0449 0.1269
vn 0.8659 0.2026 -0.4574
vn 0.7950 0.5139 -0.3224
vn -0.6642 -0.0931 0.7418
vn 0.9593 -0.0378 0.2799
vn 0.1021 -0.9946 0.0164
vn -0.5735 0.7830 0.2408
vn -0.5787 0.7276 -0.3683
vn 1.0000 0.0021 0.0044
vn -0.9782 0.0503 -0.2017
vn 0.9682 0.2307 -0.0968
vn 0.6457 -0.6738 -0.3593
vn 0.8474 -0.5278 -0.0584
vn 0.6566 -0.6989 -0.2838
vn -0.9015 -0.4328 -0.0053
vn -0.9550 -0.2948 -0.0320
vn -0.2608 -0.9484 -0.1806
vn -0.9368 0.2347 -0.2596
vn -0.3930 0.7975 -0.4578
vn -0.9728 0.1703 -0.1573
vn -0.3935 -0.3507 0.8498
vn -0.6855 -0.2954 0.6655
vn 0.9354 -0.1430 0.3233
vn 0.7148 -0.1441 0.6843
vn 0.6142 -0.7880 -0.0426
vn 0.9223 -0.3859 0.0198
vn 0.9950 -0.0993 -0.0049
vn 0.8755 -0.1025 0.4722
vn 0.9965 -0.0565 0.0618
vn 0.9865 0.1633 0.0120
vn 0.6915 0.7224 -0.0079
vn 0.4337 0.9010 0.0011
vn -0.1478 0.9869 -0.0648
vn 0.6604 0.7445 -0.0979
vn 0.9126 0.3719 -0.1695
vn 0.9722 0.1968 -0.1270
vn 0.9712 -0.1432 -0.1904
vn 0.9775 0.0688 -0.1995
vn 0.9966 -0.0650 -0.0511
vn 0.9120 0.1076 -0.3959
vn 0.8624 -0.0502 -0.5037
vn 0.9556 -0.0610 -0.2884
vn 0.9774 -0.0254 -0.2098
vn 0.9871 0.0426 -0.1541
vn 0.9707 -0.1438 -0.1927
vn 0.9867 -0.1498 0.0632
vn 0.9590 -0.2062 -0.1946
vn 0.9461 -0.1516 -0.2861
vn 0.9128 -0.4054 0.0503
vn 0.2466 0.0473 0.9680
vn 0.3276 0.1985 0.9237
vn 0.2778 0.1666 0.9461
vn 0.1164 0.3275 0.9377
vn -0.9891 0.0316 -0.1436
vn 0.1248 0.0459 0.9911
vn 0.0874 -0.0447 0.9952
vn -0.9943 0.0482 -0.0956
vn 0.3758 0.3197 0.8698
vn 0.4801 0.3087 0.8211
vn 0.6700 0.4229 -0.6102
vn 0.7088 0.5934 -0.3814
vn 0.6109 0.4316 0.6637
vn 0.8761 0.3109 -0.3685
vn 0.8912 0.2172 -0.3982
vn 0.9265 -0.0150 -0.3761
vn 0.9065 -0.0314 -0.4210
vn 0.8382 0.0706 -0.5408
vn 0.7885 0.4553 -0.4135
vn 0.5184 0.3802 -0.7660
vn 0.6304 0.3249 -0.7050
vn 0.5460 0.3072 -0.7794
vn -0.7976 0.6010 -0.0509
vn 0.8157 0.1740 -0.5517
vn 0.1942 0.2708 0.9429
vn -0.6795 0.7335 -0.0171
vn 0.4365 0.8997 0.0003
vn -0.0212 0.9995 0.0228
vn -0.3829 0.3791 0.8424
vn -0.5694 0.4381 0.6956
vn -0.5293 0.4117 0.7419
vn 0.8498 0.4806 -0.2166
vn 0.5665 0.4628 -0.6818
vn 0.5336 0.2020 0.8213
vn 0.6711 0.2376 0.7023
vn 0.3562 0.2430 0.9023
vn -0.0443 0.4673 0.8830
vn -0.4932 -0.0846 0.8658
vn -0.0481 0.4437 0.8949
vn -0.9743 0.1672 0.1509
vn -0.8614 0.0689 0.5032
vn -0.6836 -0.0097 0.7298
vn -0.5467 0.0637 0.8349
vn -0.6999 0.4506 0.5541
vn -0.0218 0.2387 0.9709
vn -0.3399 0.2134 0.9159
vn -0.3168 0.9441 -0.0917
vn 0.1835 0.9431 0.2774
vn -0.5482 0.3387 -0.7647
vn -0.1795 0.3438 -0.9217
vn -0.5611 0.3355 -0.7567
vn -0.3641 0.3887 -0.8464
vn -0.5689 0.2106 -0.7950
vn -0.5471 0.2220 -0.8071
vn -0.7132 0.1677 -0.6807
vn 0.3024 0.0796 -0.9499
vn 0.4039 0.3035 -0.8630
vn -0.4590 -0.0406 0.8875
vn -0.3321 -0.2160 0.9182
vn 0.0868 -0.1445 0.9857
vn 0.2480 -0.1591 0.9556
vn 0.2336 -0.1333 0.9631
vn -0.5573 -0.1987 0.8062
vn -0.7369 -0.6758 0.0142
vn -0.9635 -0.1508 0.2213
vn -0.8940 -0.4364 -0.1018
vn -0.5865 -0.3905 0.7096
vn -0.4044 0.1552 0.9013
vn -0.3234 0.6835 -0.6543
vn 0.6031 0.7661 0.2224
vn 0.6303 0.7353 -0.2490
vn 0.8738 0.2308 0.4281
vn -0.1996 0.9152 0.3500
vn 0.1857 0.8295 0.5268
vn 0.9924 -0.1158 -0.0410
vn 0.8934 -0.2950 0.3387
vn -0.1898 0.9336 -0.3040
vn -0.9871 -0.1470 0.0634
vn -0.5003 -0.6301 -0.5938
vn -0.6874 -0.4594 -0.5625
vn 0.1604 0.9839 0.0794
vn -0.0913 0.6871 0.7208
vn -0.0026 0.9643 0.2648
vn 0.1698 0.4811 0.8600
vn -0.4809 0.0768 0.8734
vn -0.6909 0.1040 0.7154
vn -0.6985 0.1236 0.7048
vn -0.4798 0.7214 0.4993
vn -0.6099 0.7800 0.1403
vn -0.2738 0.9287 0.2501
vn 0.2822 0.6681 0.6885
vn 0.5277 -0.3573 0.7706
vn 0.4112 -0.1841 0.8928
vn 0.4397 0.0570 0.8964
vn -0.2676 0.0799 0.9602
vn -0.1899 -0.0273 0.9814
vn 0.2813 -0.9571 0.0696
vn -0.0447 -0.8529 -0.5201
vn 0.3746 0.3033 0.8762
vn -0.1354 0.2877 0.9481
vn 0.5895 0.2137 0.7790
vn 0.2150 0.6462 0.7322
vn -0.9228 -0.2146 -0.3199
vn -0.8424 -0.1803 -0.5078
vn -0.8359 0.2919 -0.4649
vn -0.9926 0.0554 -0.1077
vn 0.3774 0.8777 0.2953
vn 0.0163 0.5778 0.8160
vn 0.6802 0.1384 0.7198
vn 0.6140 0.4277 -0.6634
vn 0.6126 0.5160 -0.5988
vn 0.7285 0.4596 -0.5080
vn 0.5273 0.4047 0.7471
vn 0.2404 -0.0833 0.9671
vn 0.3974 -0.1203 0.9097
vn -0.1832 0.1891 0.9647
vn 0.0144 0.8611 0.5082
vn -0.4395 0.7679 0.4661
vn -0.8816 0.4360 0.1808
vn -0.9989 -0.0422 -0.0201
vn -0.8657 0.1957 0.4607
vn 0.8164 0.0253 0.5770
vn 0.8968 0.3960 -0.1972
vn 0.5721 -0.7767 -0.2636
vn 0.7489 0.4064 0.5234
vn 0.9884 0.1123 -0.1028
vn -0.4131 -0.9100 0.0349
vn -0.5338 -0.8453 -0.0231
vn -0.4981 -0.8603 -0.1083
vn -0.0652 -0.9979 -0.0024
vn -0.3133 -0.9458 -0.0849
vn -0.8899 -0.4152 0.1891
vn -0.6962 0.6818 0.2246
vn -0.9980 -0.0614 0.0164
vn -0.9956 -0.0895 -0.0281
vn -0.9274 -0.1120 -0.3569
vn -0.9640 -0.1655 -0.2082
vn -0.6116 0.5228 0.5939
vn -0.9923 -0.0524 0.1120
vn -0.4756 -0.5958 0.6472
vn -0.6255 -0.4881 0.6086
vn -0.4455 -0.6624 0.6023
vn -0.9388 0.3350 -0.0806
vn 0.3314 -0.9294 -0.1625
vn 0.7024 -0.7118 0.0007
vn 0.3181 -0.9278 0.1949
vn -0.2366 0.0407 0.9708
vn -0.0871 -0.9671 0.2390
vn 0.4965 -0.8626 0.0973
vn -0.3577 -0.9326 0.0480
vn 0.2051 -0.9644 0.1669
vn -0.8594 0.2227 0.4602
vn -0.8543 0.2269 0.4675
vn -0.5524 0.5153 0.6552
vn -0.7437 0.3408 0.5752
vn -0.8129 0.3944 0.4285
vn -0.9771 -0.1046 -0.1852
vn -0.8603 -0.4470 0.2449
vn -0.8224 -0.5602 0.0993
vn -0.7693 -0.4702 0.4325
vn -0.1839 -0.9541 -0.2362
vn -0.5103 -0.8337 -0.2111
vn 0.3668 0.9144 -0.1712
vn 0.1494 0.9746 -0.1668
vn -0.3010 0.9329 0.1979
vn 0.3329 0.9070 0.2579
vn 0.5547 -0.8157 -0.1641
vn 0.7418 -0.6566 -0.1367
vn 0.7570 -0.6534 -0.0032
vn 0.9180 -0.3897 -0.0737
vn 0.9605 0.0295 0.2767
vn 0.9811 -0.0471 -0.1875
vn 0.6636 -0.4875 0.5674
vn 0.7588 0.2865 0.5850
vn -0.9263 0.1199 -0.3573
vn -0.9350 -0.2725 -0.2269
vn -0.9333 0.2490 0.2589
vn -0.9689 0.2460 0.0259
vn -0.4157 0.7516 0.5121
vn 0.0455 -0.5721 -0.8189
vn 0.3290 -0.4370 0.8371
vn 0.3610 -0.2251 0.9050
vn 0.3629 -0.7972 0.4824
vn 0.2811 -0.9577 -0.0615
vn 0.3404 0.5442 0.7668
vn 0.9218 -0.1902 0.3378
vn 0.9872 -0.0777 0.1390
vn 0.4286 -0.3890 0.8154
vn -0.2626 -0.3295 0.9069
vn -0.2103 -0.1079 0.9717
vn 0.6827 0.1248 0.7199
vn 0.7068 -0.7074 -0.0059
vn 0.1059 -0.5966 0.7955
vn 0.0187 -0.9849 0.1724
vn -0.3728 0.2677 0.8884
vn -0.9602 0.2792 0.0059
vn -0.9847 0.1722 -0.0271
vn -0.8953 -0.4383 -0.0794
vn -0.6545 -0.6310 -0.4166
vn -0.9271 -0.3271 0.1832
vn 0.4332 0.7361 0.5201
vn 0.6036 0.7251 0.3315
vn -0.7838 -0.5926 -0.1857
vn -0.6237 -0.6109 -0.4877
vn -0.6064 -0.3953 -0.6899
vn -0.7663 -0.2890 -0.5738
vn -0.7076 0.2139 -0.6735
vn -0.6844 0.3563 -0.6361
vn -0.7986 0.0773 -0.5969
vn -0.6930 -0.0475 -0.7193
vn -0.0395 0.7012 0.7118
vn -0.7581 0.1259 0.6399
vn -0.9495 0.3056 -0.0705
vn -0.9370 0.3315 -0.1099
vn -0.9955 0.0287 -0.0899
vn -0.0487 0.9907 -0.1268
vn -0.9522 -0.2560 -0.1666
vn -0.7944 0.3873 0.4678
vn -0.3626 0.3220 0.8746
vn -0.5870 0.2072 0.7826
vn 0.3809 -0.6137 -0.6916
vn 0.3712 -0.6050 -0.7044
vn -0.8485 0.2401 -0.4716
vn -0.0194 -0.8214 -0.5701
vn -0.5170 -0.7382 -0.4334
vn 0.3692 -0.9094 -0.1918
vn 0.2769 -0.8559 -0.4368
vn -0.5709 -0.8168 0.0825
vn 0.2699 -0.9182 0.2900
vn 0.2464 -0.9319 0.2662
vn 0.0457 0.4539 -0.8899
vn -0.5373 -0.2951 0.7901
vn -0.5944 -0.3611 0.7186
vn -0.7428 -0.2947 0.6011
vn -0.9213 -0.2208 0.3201
vn -0.8220 -0.3873 0.4174
vn -0.8914 -0.4411 0.1039
vn -0.7712 -0.6283 0.1027
vn -0.6770 -0.6487 0.3475
vn -0.4334 -0.4621 0.7737
vn -0.5177 -0.6851 0.5125
vn -0.5305 -0.5045 0.6812
vn -0.8903 -0.4457 -0.0932
vn -0.9180 -0.3516 -0.1837
vn -0.8060 -0.5799 -0.1186
vn -0.7810 -0.1274 0.6113
vn -0.9840 -0.0456 0.1724
vn -0.9106 -0.0418 0.4111
vn -0.0100 -0.2938 0.9558
vn 0.1283 -0.3074 0.9429
vn -0.2338 -0.2702 0.9340
vn 0.9734 -0.2012 -0.1096
vn -0.6604 0.2788 0.6972
vn 0.9760 -0.0134 -0.2173
vn 0.8588 -0.0013 -0.5123
vn 0.9767 -0.0059 0.2146
vn 0.2594 -0.0214 -0.9655
vn -0.9454 0.0176 0.3255
vn -0.9747 0.0083 0.2235
vn 0.2598 0.0100 0.9656
vn -0.3382 0.0162 0.9409
vn -0.9698 0.0036 -0.2440
vn -0.9934 -0.0161 -0.1134
vn -0.2632 0.0089 0.9647
vn -0.8275 -0.1924 -0.5274
vn -0.9690 -0.0737 -0.2359
vn 0.5549 0.1807 0.8121
vn 0.1757 0.2878 0.9414
vn 0.0040 0.1457 0.9893
vn -0.4257 0.5266 0.7358
vn 0.2621 -0.7824 -0.5650
vn -0.0739 -0.7811 -0.6200
vn -0.1617 -0.7987 -0.5796
vn -0.5610 -0.4080 -0.7203
vn 0.1620 0.8887 0.4290
vn 0.0847 0.8710 0.4839
vn -0.0064 0.9974 0.0720
vn -0.0692 0.9976 -0.0092
vn -0.2583 0.9020 0.3459
vn 0.4554 -0.0809 0.8866
vn 0.4555 -0.2022 0.8670
vn 0.0722 -0.9895 0.1256
vn 0.5711 -0.7779 -0.2621
vn 0.6341 -0.5510 0.5424
vn 0.5137 -0.6804 0.5227
vn 0.4929 -0.6606 0.5663
vn 0.2218 -0.9647 0.1418
vn 0.3132 -0.7059 0.6353
vn 0.2460 -0.9217 -0.3001
vn 0.1149 -0.9867 -0.1152
vn 0.9385 -0.2929 -0.1829
vn 0.1624 -0.9759 -0.1457
vn 0.0501 -0.9979 0.0406
vn -0.9686 0.1898 -0.1607
vn 0.0781 -0.7501 0.6567
vn 0.8358 -0.0534 0.5464
vn 0.8200 0.1855 0.5415
vn -0.7294 0.0176 0.6839
vn 0.1510 -0.4960 0.8551
vn 0.1373 -0.8523 0.5047
vn -0.3303 -0.8774 0.3479
vn -0.5724 -0.7260 -0.3812
vn -0.5137 -0.8037 -0.3002
vn -0.5133 -0.7998 -0.3112
vn -0.5862 -0.8101 -0.0011
vn -0.7369 -0.6004 -0.3107
vn -0.6512 -0.5693 -0.5019
vn -0.7990 -0.4458 -0.4035
vn -0.2963 -0.9483 0.1139
vn -0.9588 -0.1621 -0.2334
vn -0.7670 -0.4164 -0.4882
vn 0.0244 -0.3396 -0.9403
vn 0.1418 -0.6090 -0.7804
vn 0.2096 -0.6844 -0.6983
vn 0.0289 -0.9995 0.0141
vn -0.0354 -0.9915 0.1254
vn -0.2081 -0.9721 -0.1079
vn 0.1121 -0.9488 0.2952
vn 0.1708 -0.9044 0.3910
vn -0.2778 -0.9424 -0.1866
vn -0.1276 -0.8458 -0.5181
vn 0.2543 -0.7327 0.6313
vn 0.2649 -0.8918 0.3668
vn 0.1281 -0.5344 0.8355
vn -0.4118 -0.7167 -0.5629
vn -0.6446 0.7507 -0.1445
vn -0.9573 0.2582 -0.1298
vn -0.7717 0.1872 -0.6078
vn -0.9746 -0.0045 -0.2238
vn -0.9833 -0.0444 -0.1767
vn 0.0214 -0.9990 0.0394
vn 0.0333 -0.9982 0.0493
vn -0.1356 -0.8776 0.4598
vn -0.8452 -0.0815 -0.5282
vn -0.9766 0.1479 -0.1562
vn -0.5097 0.7662 -0.3914
vn -0.2387 0.9526 -0.1887
vn -0.4643 0.8013 -0.3773
vn -0.4956 -0.8581 -0.1345
vn 0.1403 -0.9900 0.0121
vn 0.6338 -0.2207 0.7414
vn 0.9320 0.3032 0.1985
vn 0.8683 0.2281 0.4406
vn 0.9663 0.1869 -0.1771
vn 0.6112 0.3160 -0.7256
vn 0.2770 0.3511 -0.8944
vn 0.7224 0.3855 -0.5741
vn 0.7538 0.2185 -0.6197
vn 0.9287 0.0692 -0.3642
vn 0.9570 0.1573 -0.2439
vn -0.9958 -0.0161 -0.0905
vn -0.0977 0.9772 -0.1886
vn -0.1222 0.9843 0.1273
vn 0.5433 0.8378 -0.0543
vn 0.6071 0.6069 -0.5129
vn -0.0338 0.3976 -0.9170
vn -0.0361 0.3756 -0.9261
vn -0.6430 0.3177 -0.6969
vn -0.0333 -0.0106 -0.9994
vn -0.5785 0.1668 -0.7985
vn -0.4533 0.0413 -0.8904
vn -0.4612 -0.0056 -0.8873
vn -0.4972 -0.0482 -0.8663
vn -0.4676 -0.1635 -0.8687
vn -0.5944 -0.2325 -0.7698
vn -0.2249 -0.2016 -0.9533
vn 0.1528 -0.1543 -0.9761
vn 0.4445 -0.0278 -0.8953
vn 0.7158 0.2030 -0.6682
vn 0.7858 0.0289 -0.6178
vn -0.0879 -0.6782 0.7296
vn 0.1919 -0.6636 0.7230
vn 0.4163 -0.9055 -0.0826
vn 0.3482 -0.2353 0.9074
vn 0.8613 0.4027 0.3098
vn 0.6359 0.6040 -0.4803
vn 0.9973 0.0161 -0.0710
vn 0.8250 -0.0093 -0.5651
vn -0.4458 -0.0292 -0.8947
vn -0.6024 0.0076 0.7981
vn -0.9951 -0.0094 -0.0989
vn -0.2382 0.0211 0.9710
vn 0.1071 0.1255 0.9863
vn 0.0111 -0.9689 0.2472
vn 0.1259 -0.8787 0.4605
vn -0.4887 -0.6689 0.5601
vn -0.3616 -0.6872 0.6301
vn -0.2916 -0.0043 0.9565
vn -0.0196 -0.9971 0.0731
vn -0.8637 -0.1313 0.4866
vn -0.9628 0.1058 0.2487
vn -0.4585 0.4972 0.7366
vn -0.0595 -0.9892 -0.1342
vn -0.7962 0.5693 0.2049
vn -0.1313 0.8174 0.5609
vn -0.0752 0.8352 0.5448
vn -0.7242 0.6451 0.2436
vn -0.1154 0.8057 0.5810
vn 0.2503 0.5820 0.7737
vn 0.1019 0.4643 0.8798
vn 0.8658 0.2965 0.4032
vn 0.8458 0.1109 0.5219
vn 0.8007 0.1954 0.5663
vn -0.0284 -0.9800 -0.1970
vn -0.8693 -0.4830 -0.1053
vn -0.4645 0.8606 0.2090
vn -0.9330 -0.0016 0.3599
vn -0.9497 0.2833 -0.1336
vn -0.9544 0.2587 -0.1488
vn -0.9872 0.1397 -0.0768
vn -0.9608 0.1310 -0.2442
vn -0.9428 -0.1713 0.2860
vn -0.8544 -0.3632 0.3716
vn -0.7365 0.6752 -0.0417
vn -0.8079 0.5656 -0.1655
vn -0.3288 0.8920 0.3103
vn -0.9138 -0.4017 -0.0596
vn -0.5791 -0.7970 0.1717
vn -0.6394 -0.7196 0.2708
vn 0.1909 -0.9370 0.2925
vn 0.4268 -0.8952 0.1279
vn 0.1357 -0.9888 -0.0621
vn 0.1423 -0.9883 -0.0541
vn -0.7610 -0.5609 0.3258
vn -0.8059 -0.5051 0.3090
vn -0.6099 -0.6687 0.4254
vn 0.9229 0.0500 0.3818
vn 0.9155 -0.0847 0.3934
vn 0.2021 0.9426 0.2659
vn -0.1902 0.9807 0.0446
vn -0.1688 0.9750 -0.1443
vn -0.2072 0.9709 -0.1198
vn -0.0958 0.9323 -0.3487
vn 0.7290 -0.3640 0.5797
vn 0.7363 -0.4239 0.5273
vn -0.5640 -0.3657 0.7404
vn -0.3102 -0.4099 0.8578
vn -0.1064 -0.4022 0.9093
vn -0.8582 -0.4034 0.3173
vn -0.4629 -0.3654 0.8076
vn -0.3191 -0.2612 0.9110
vn -0.7345 -0.6605 -0.1557
vn -0.6966 -0.7154 0.0534
vn -0.6042 -0.7788 -0.1684
vn -0.5789 -0.5710 -0.5821
vn -0.5653 -0.3224 -0.7593
vn -0.6908 -0.1390 -0.7095
vn -0.5593 0.2236 -0.7983
vn 0.0379 0.1447 -0.9887
vn -0.0113 0.6078 -0.7940
vn -0.1436 0.5448 -0.8262
vn 0.0279 -0.4676 -0.8835
vn 0.5260 0.5180 -0.6745
vn 0.2155 0.4358 -0.8739
vn 0.5323 0.2955 -0.7933
vn -0.3779 0.6457 -0.6635
vn 0.0721 0.7914 -0.6070
vn -0.6072 0.5562 -0.5673
vn -0.5510 -0.4535 0.7006
vn -0.1406 -0.2269 0.9637
vn -0.3614 -0.2590 0.8957
vn -0.4182 -0.5496 0.7232
vn -0.1478 -0.5546 0.8189
vn -0.3395 -0.4493 0.8264
vn -0.7933 -0.2225 0.5667
vn -0.6981 -0.4296 0.5729
vn -0.5288 -0.7405 0.4147
vn 0.5407 -0.4135 0.7326
vn 0.7977 -0.6002 0.0579
vn 0.6848 -0.7153 0.1392
vn 0.6561 -0.5532 0.5133
vn 0.6028 -0.6456 0.4689
vn 0.8476 -0.4870 -0.2106
vn 0.6965 -0.7056 -0.1304
vn -0.9639 0.2241 -0.1435
vn -0.7498 0.2994 0.5901
vn -0.5248 0.2187 0.8226
vn -0.3837 0.1767 0.9064
vn 0.1071 0.0303 0.9938
vn -0.0151 -0.5612 0.8275
vn 0.1141 0.5326 0.8386
vn 0.4308 0.6148 0.6606
vn 0.5179 0.8335 0.1924
vn 0.8467 0.5274 -0.0710
vn -0.7965 0.1843 -0.5759
vn -0.8415 0.0450 -0.5384
vn 0.0410 0.0484 -0.9980
vn -0.2521 0.3487 -0.9027
vn -0.4878 0.2072 -0.8480
vn -0.1712 0.0956 -0.9806
vn 0.3349 0.1309 -0.9331
vn 0.1447 0.1642 -0.9757
vn -0.9920 0.0885 0.0903
vn -0.9683 -0.2118 0.1323
vn -0.9791 -0.2033 -0.0067
vn -0.8402 0.2432 0.4847
vn -0.3371 -0.8858 0.3190
vn -0.6861 -0.2863 0.6688
vn -0.0979 -0.9499 0.2967
vn -0.7418 -0.6270 0.2380
vn -0.2889 -0.5586 0.7775
vn -0.0259 -0.9996 0.0106
vn -0.0057 -0.9998 0.0183
vn 0.4861 0.0076 0.8739
vn 0.4936 0.0142 -0.8696
vn 0.2602 0.0166 0.9654
vn 0.2390 0.0283 -0.9706
vn 0.6894 0.2484 0.6804
vn 0.7488 0.1923 0.6343
vn -0.1721 -0.0163 0.9849
vn -0.9753 0.2038 -0.0848
vn 0.1364 -0.9901 -0.0341
vn -0.0201 -0.9992 0.0354
vn 0.0049 -0.9997 0.0242
vn 0.3616 -0.0012 -0.9323
vn 0.9996 0.0036 0.0294
vn -0.4644 0.0294 -0.8851
vn -0.0304 0.0302 -0.9991
vn -0.2733 0.0088 -0.9619
vn 0.1386 0.2414 -0.9605
vn -0.0231 0.1599 -0.9869
vn -0.9364 0.3354 -0.1035
vn -0.3561 0.8552 0.3766
vn -0.4023 0.7973 0.4500
vn -0.4025 0.2293 0.8862
vn -0.4785 0.2256 -0.8486
vn -0.7353 0.6000 -0.3150
vn -0.8997 0.4273 -0.0897
vn -0.4976 0.5221 -0.6927
vn -0.4845 0.2196 -0.8468
vn 0.6164 0.7291 -0.2975
vn 0.6963 0.4175 -0.5839
vn -0.0947 0.6996 -0.7083
vn -0.0416 0.9520 -0.3034
vn 0.2344 -0.2767 0.9319
vn -0.2048 0.0908 0.9746
vn -0.8046 0.0754 0.5890
vn -0.2904 0.1108 0.9505
vn 0.3750 0.0783 0.9237
vn 0.1376 -0.2981 -0.9446
vn 0.2102 -0.3358 -0.9182
vn -0.2392 -0.3045 -0.9220
vn -0.0508 -0.2242 -0.9732
vn 0.1553 -0.4373 -0.8858
vn 0.3990 -0.4086 -0.8209
vn 0.4887 -0.4318 -0.7581
vn 0.5970 -0.3583 -0.7178
vn 0.5791 -0.2223 -0.7844
vn 0.6590 -0.1100 -0.7440
vn -0.8252 -0.0989 -0.5562
vn 0.6374 0.7367 -0.2257
vn 0.3863 0.8420 -0.3767
vn 0.5245 0.6410 -0.5604
vn 0.6240 0.6113 -0.4867
vn 0.7930 0.6086 -0.0254
vn 0.5434 0.5329 -0.6487
vn 0.2819 -0.2126 0.9356
vn 0.2791 -0.4813 0.8309
vn 0.2435 -0.4628 0.8524
vn -0.2287 -0.7907 0.5679
vn 0.0268 -0.8338 0.5514
vn 0.3699 -0.7723 0.5163
vn 0.9938 0.0894 -0.0656
vn 0.9942 0.0310 0.1034
vn 0.9390 0.0569 0.3392
vn 0.7745 -0.0845 -0.6268
vn 0.5080 -0.0909 -0.8565
vn 0.2576 0.0894 -0.9621
vn -0.2688 -0.8853 0.3794
vn -0.2400 -0.9258 0.2921
vn 0.1272 -0.9624 0.2402
vn -0.1425 -0.9895 -0.0220
vn -0.2877 -0.9506 0.1163
vn -0.7485 -0.6510 -0.1261
vn -0.4606 -0.8688 -0.1820
vn -0.0554 -0.4472 0.8927
vn 0.7982 0.3320 0.5026
vn 0.6362 0.6848 0.3553
vn 0.1742 -0.1291 0.9762
vn 0.2776 0.0778 0.9575
vn -0.8208 -0.5129 0.2513
vn -0.3872 -0.0609 0.9200
vn 0.3304 -0.2188 0.9181
vn 0.8897 -0.4565 0.0112
vn -0.9620 -0.0018 -0.2732
vn -0.6928 -0.2667 -0.6700
vn 0.8482 0.5135 -0.1295
vn 0.8498 0.1477 -0.5061
vn 0.6515 0.5955 -0.4700
vn -0.0881 0.2913 -0.9525
vn 0.4178 0.5634 -0.7128
vn -0.3225 -0.4098 -0.8532
vn -0.5700 -0.2356 -0.7871
vn -0.3534 -0.1425 -0.9246
vn -0.4014 -0.6024 -0.6900
vn -0.5498 -0.5898 -0.5915
vn -0.1662 -0.8490 -0.5017
vn -0.1744 -0.8217 -0.5426
vn -0.8892 -0.4142 -0.1945
vn -0.6010 -0.7103 -0.3665
vn -0.2334 0.2728 -0.9333
vn -0.8699 0.1918 -0.4543
vn -0.7910 0.2456 -0.5603
vn 0.5224 0.0768 -0.8492
vn 0.9139 0.4059 -0.0038
vn 0.9872 -0.1522 -0.0473
vn 0.9344 -0.1244 -0.3337
vn 0.6823 -0.5773 -0.4486
vn 0.3350 0.0330 -0.9416
vn -0.6668 0.7364 -0.1144
vn -0.5755 0.8029 -0.1551
vn -0.5244 0.6838 -0.5074
vn -0.6685 -0.3960 -0.6296
vn -0.6072 -0.5787 -0.5445
vn -0.5324 -0.6552 -0.5359
vn -0.5556 -0.0009 -0.8315
vn -0.1119 -0.0491 -0.9925
vn -0.9993 0.0173 -0.0346
vn -0.9455 0.1024 -0.3091
vn -0.9139 0.0451 0.4034
vn -0.8308 -0.0208 -0.5562
vn -0.9969 0.0207 -0.0763
vn -0.8995 -0.0378 -0.4352
vn 0.2313 -0.8543 0.4656
vn 0.8533 0.4929 0.1700
vn 0.8226 0.4780 0.3080
vn 0.6263 -0.5830 -0.5176
vn 0.6270 -0.5841 -0.5154
vn 0.3344 -0.9376 0.0948
vn 0.1426 -0.9898 -0.0025
vn 0.3697 -0.9077 -0.1984
vn 0.2532 -0.9490 -0.1877
vn 0.2474 -0.5198 -0.8177
vn -0.2098 -0.7048 -0.6777
vn -0.2244 -0.6466 -0.7291
vn -0.7438 -0.4314 -0.5105
vn 0.4518 -0.6151 -0.6461
vn 0.2662 -0.8494 -0.4558
vn 0.2000 -0.9229 -0.3290
vn 0.7822 -0.5849 -0.2146
vn 0.7322 -0.6588 -0.1731
vn 0.1567 -0.9849 -0.0735
vn 0.7441 -0.5265 0.4113
vn 0.3728 -0.5924 0.7142
vn -0.0146 -0.7608 0.6488
vn 0.1283 -0.5447 0.8287
vn 0.0774 -0.8393 0.5382
vn -0.1025 -0.6279 0.7715
vn -0.0458 -0.9738 -0.2226
vn 0.2927 -0.8718 -0.3929
vn -0.9186 -0.3659 -0.1495
vn -0.9648 -0.1322 -0.2273
vn -0.9985 0.0077 0.0547
vn -0.5815 0.7858 0.2104
vn -0.8712 0.4744 -0.1263
vn -0.8483 0.3420 0.4043
vn -0.2105 0.0291 0.9772
vn -0.3938 0.1913 0.8991
vn -0.4953 0.1329 0.8585
vn -0.8266 -0.0478 0.5608
vn 0.1450 0.3377 0.9300
vn -0.3018 0.9186 0.2552
vn 0.0969 0.2801 0.9551
vn 0.3043 0.0754 0.9496
vn 0.3058 -0.0044 0.9521
vn -0.1014 -0.3154 0.9435
vn -0.1992 0.9787 0.0491
vn -0.1139 0.8661 -0.4866
vn 0.2120 0.9770 0.0233
vn 0.2485 0.9033 0.3497
vn 0.6578 0.7323 0.1763
vn 0.0167 -0.5837 0.8118
vn 0.0317 -0.9637 0.2650
vn 0.1868 -0.7963 0.5754
vn 0.5792 0.7182 0.3856
vn 0.7846 -0.1896 0.5904
vn 0.1734 -0.5956 -0.7843
vn 0.2583 -0.4499 -0.8549
vn 0.1873 0.1293 -0.9738
vn 0.1165 -0.4428 -0.8890
vn -0.0101 -0.9470 -0.3212
vn -0.2655 -0.9624 0.0565
vn -0.2285 -0.9667 -0.1152
vn -0.0401 -0.9752 -0.2178
vn 0.5419 -0.2302 -0.8083
vn 0.2667 0.4731 -0.8397
vn 0.5016 0.6000 -0.6232
vn -0.1381 0.2353 0.9621
vn 0.2781 0.1799 0.9436
vn -0.3351 0.2918 0.8959
vn -0.5530 0.2863 0.7824
vn -0.6897 0.2144 0.6916
vn -0.9805 0.1082 0.1643
vn -0.8580 -0.0399 -0.5121
vn -0.1804 0.4290 0.8851
vn 0.0447 0.4173 0.9077
vn -0.5188 0.4921 0.6990
vn -0.7054 0.4918 0.5105
vn 0.4015 0.1712 0.8997
vn 0.7114 0.1260 0.6914
vn 0.3941 0.1737 0.9025
vn 0.9971 0.0683 0.0321
vn -0.0053 -0.9382 -0.3461
vn 0.5819 0.8115 -0.0534
vn 0.2056 -0.9776 0.0441
vn 0.2734 -0.9618 0.0106
vn 0.6420 -0.7565 0.1251
vn -0.9562 -0.2198 -0.1936
vn 0.1901 0.9767 -0.1000
vn 0.9398 -0.2032 0.2746
vn 0.6443 -0.0936 0.7590
vn 0.8242 -0.1778 0.5377
vn 0.1981 0.1333 0.9711
vn 0.8195 -0.4594 0.3425
vn 0.7205 -0.6722 0.1706
vn -0.3717 -0.9236 0.0936
vn 0.1622 -0.9106 0.3802
vn 0.9162 0.4005 -0.0156
vn 0.3738 0.7586 -0.5337
vn 0.6759 0.2067 -0.7074
vn -0.7794 0.4291 0.4565
vn -0.1235 0.9923 0.0074
vn 0.4310 0.5636 0.7047
vn 0.6620 0.2909 0.6908
vn 0.4151 0.2992 0.8591
vn 0.7122 0.2437 0.6583
vn 0.9547 0.2286 0.1904
vn 0.9585 0.2795 -0.0563
vn 0.9358 0.0940 -0.3397
vn 0.7304 0.3965 0.5562
vn 0.3452 0.7295 0.5904
vn 0.5198 0.8011 0.2967
vn 0.9470 -0.0051 -0.3211
vn 0.0174 0.9198 0.3919
vn 0.0327 0.7718 0.6350
vn -0.7243 0.2743 0.6326
vn -0.0337 0.5533 0.8323
vn 0.3509 0.7829 0.5138
vn -0.3789 0.9215 -0.0849
vn 0.1370 0.6873 0.7133
vn 0.4294 0.1967 0.8814
vn 0.1042 0.9048 0.4128
vn -0.8262 0.5607 -0.0550
vn -0.0708 0.4330 0.8986
vn -0.2616 0.9556 0.1359
vn -0.9460 -0.3132 -0.0835
vn -0.9886 0.0004 -0.1503
vn -0.9849 -0.0430 -0.1680
vn -0.5401 -0.3416 0.7691
vn -0.9768 -0.0127 -0.2139
vn -0.9483 -0.0973 0.3019
vn -0.7623 -0.5545 0.3337
vn -0.6778 -0.5636 0.4721
vn 0.5533 -0.5599 0.6167
vn -0.2937 -0.3252 0.8989
vn -0.1861 -0.1150 0.9758
vn -0.8828 -0.0560 0.4664
vn -0.8291 0.2699 0.4896
vn -0.7989 -0.0676 0.5977
vn -0.4340 0.3102 0.8458
vn 0.1564 0.1521 0.9759
vn -0.2164 -0.9566 0.1953
vn -0.2444 -0.9535 -0.1761
vn 0.1850 -0.9822 0.0316
vn 0.9932 -0.1157 0.0089
vn 0.9913 0.1307 0.0180
vn 0.5428 -0.7882 -0.2901
vn 0.7792 0.6064 -0.1583
vn 0.8672 -0.1340 -0.4796
vn -0.0377 -0.1928 -0.9805
vn -0.0612 -0.1967 -0.9786
vn -0.5740 -0.1332 -0.8079
vn 0.7337 0.3335 -0.5919
vn 0.4910 0.1243 -0.8623
vn 0.5208 0.2627 -0.8122
vn 0.8106 0.0865 -0.5792
vn 0.2762 -0.0225 -0.9608
vn -0.0004 0.1776 -0.9841
vn -0.4141 0.0665 -0.9078
vn -0.7469 0.1287 -0.6524
vn -0.9531 0.2755 -0.1252
vn -0.8839 0.4296 -0.1848
vn -0.2222 0.2237 -0.9490
vn -0.6257 0.4139 -0.6613
vn -0.6921 0.5223 -0.4982
vn -0.4926 0.8292 -0.2640
vn -0.4923 0.8302 -0.2616
vn 0.0072 0.7791 -0.6269
vn -0.1927 0.7352 -0.6499
vn 0.2315 0.6369 -0.7354
vn 0.0667 0.9909 -0.1169
vn -0.2485 0.9387 0.2389
vn -0.2066 0.9769 -0.0552
vn 0.7025 0.6512 0.2871
vn -0.2547 0.6942 0.6732
vn 0.9600 0.2718 0.0675
vn 0.9725 0.0575 0.2257
vn 0.8336 0.4480 -0.3231
vn 0.6589 -0.3355 0.6733
vn 0.8811 -0.1533 0.4474
vn 0.8843 -0.0455 0.4646
vn 0.9339 0.2839 -0.2175
vn 0.9563 -0.0051 -0.2923
vn 0.6760 -0.1661 0.7179
vn 0.6200 -0.1618 0.7678
vn 0.4949 -0.4341 0.7528
vn 0.8470 -0.3132 -0.4295
vn 0.4811 -0.2310 0.8457
vn 0.9865 -0.0714 -0.1474
vn 0.8126 -0.4259 0.3979
vn 0.7381 -0.4280 0.5215
vn -0.0297 -0.4797 0.8769
vn -0.4743 -0.4008 0.7838
vn 0.1784 -0.7556 0.6303
vn 0.3144 -0.7610 0.5675
vn -0.4050 -0.6807 0.6104
vn -0.1573 -0.9502 -0.2690
vn -0.1001 -0.9067 -0.4098
vn 0.0162 -0.9007 -0.4341
vn 0.3854 -0.9192 0.0812
vn 0.5505 -0.8004 -0.2374
vn 0.7330 -0.6776 -0.0589
vn 0.3100 -0.6793 -0.6652
vn 0.6350 -0.6598 -0.4017
vn 0.3387 -0.5157 -0.7870
vn 0.7024 -0.0095 -0.7117
vn 0.4569 -0.6521 0.6050
vn 0.6827 -0.6621 0.3092
vn 0.6908 -0.6251 -0.3633
vn 0.6387 -0.3450 -0.6878
vn 0.0162 -0.7635 0.6456
vn 0.4019 0.2766 -0.8729
vn 0.9675 -0.2072 -0.1451
vn 0.9972 -0.0748 0.0047
vn 0.0287 0.7286 -0.6843
vn 0.0045 0.6950 0.7190
vn -0.9994 0.0279 0.0213
vn -0.9980 0.0300 0.0559
vn -0.9968 0.0141 -0.0791
vn 0.0093 0.7669 -0.6417
vn -0.9668 -0.2245 -0.1219
vn -0.3685 -0.8231 -0.4321
vn -0.8589 0.5112 0.0303
vn -0.0078 0.8711 -0.4911
vn 0.0091 -0.8647 -0.5022
vn 0.9979 0.0631 0.0130
vn 0.9970 -0.0776 -0.0036
vn 0.9986 0.0495 0.0198
vn -0.0242 0.6521 -0.7577
vn -0.0106 0.0022 0.9999
vn 0.0047 -0.0051 1.0000
vn 0.9999 -0.0164 0.0021
vn -0.0502 -0.8163 0.5754
vn 0.0055 -0.9499 0.3126
vn 0.0251 -0.2125 0.9768
vn -0.0259 -0.8711 -0.4904
vn 0.9865 0.1612 0.0279
vn -0.9980 -0.0574 -0.0255
vn -0.0292 -0.1621 0.9863
vn -0.0023 0.0007 1.0000
vn -1.0000 -0.0077 -0.0003
vn -0.0009 1.0000 0.0008
vn -0.6287 -0.7777 0.0008
vn -0.5646 -0.8254 0.0026
vn -0.0016 -1.0000 -0.0000
vn -0.8971 0.4418 -0.0037
vn -0.0030 -1.0000 -0.0005
vn 0.0119 -0.2004 0.9796
vn 0.9925 -0.1219 -0.0008
vn -0.0005 -0.9997 0.0243
vn 0.9974 0.0082 -0.0720
vn 0.9706 -0.0602 0.2331
vn 0.9969 0.0786 0.0008
vn 0.0218 -0.8812 0.4722
vn 0.8071 -0.4697 0.3578
vn -0.0120 -0.9201 0.3915
vn 0.5018 -0.8650 0.0052
vn -0.0447 -0.8922 0.4495
vn 0.7655 0.0001 -0.6434
vn -0.0106 0.0059 -0.9999
vn -0.8587 -0.0009 0.5124
vn -0.9999 -0.0001 -0.0117
vn -0.9993 0.0020 -0.0364
vn 0.9103 0.4138 0.0061
vn 0.5331 0.8461 -0.0059
vn 0.0402 -0.3317 -0.9425
vn 0.0206 -0.9028 -0.4295
vn -0.0246 0.9591 0.2820
vn -0.0379 0.9766 -0.2119
vn 0.0110 0.9288 -0.3703
vn 0.9953 0.0862 0.0433
vn 0.9823 0.1758 0.0644
vn -0.0068 0.8240 -0.5665
vn 1.0000 0.0006 -0.0009
vn 0.9779 -0.2092 0.0064
vn -0.0997 -0.9045 0.4147
vn -0.0007 1.0000 0.0004
vn -0.2429 0.9701 -0.0030
vn -1.0000 0.0063 -0.0005
vn -0.2658 -0.9632 0.0392
vn -0.0311 -0.9773 -0.2098
vn 0.0056 -0.9493 -0.3143
vn 0.5863 -0.7993 0.1315
vn 0.9494 0.3142 0.0041
vn -0.5201 -0.8522 -0.0564
vn 0.0006 1.0000 -0.0031
vn 0.9993 -0.0279 -0.0269
vn -0.8323 0.5526 -0.0435
vn -0.3933 -0.8857 0.2468
vn -0.2868 -0.9572 0.0386
vn 0.9847 0.1739 -0.0089
vn 0.5055 0.8488 -0.1547
vn -0.1923 -0.9813 -0.0108
vn -0.0463 -0.9984 0.0327
vn -0.8740 -0.4858 0.0126
vn -0.7997 -0.6004 0.0005
vn -0.2308 -0.9730 0.0067
vn -0.9488 0.3156 0.0133
vn -0.9646 -0.2635 -0.0004
vn -0.9212 -0.3890 0.0007
vn -0.7171 0.6968 0.0149
vn -0.1992 0.9800 0.0003
vn -0.1996 0.9799 0.0003
vn -0.9816 -0.1908 -0.0045
vn -0.1393 0.9902 0.0129
vn -0.5596 -0.8287 0.0103
vn -0.4221 0.9065 -0.0086
vn -0.9928 0.1195 -0.0115
vn 0.4880 -0.8464 0.2132
vn 0.1829 0.9831 0.0027
vn 0.9643 -0.2647 0.0084
vn 0.9505 0.3108 0.0036
vn -0.9371 -0.3491 0.0047
vn 0.0722 0.9966 -0.0393
vn -0.1634 0.9864 -0.0185
vn -0.0670 -0.9977 0.0059
vn 0.5186 -0.8550 0.0066
vn -0.7114 -0.7024 -0.0229
vn 0.8940 0.4479 0.0066
vn 0.2884 0.9575 0.0040
vn -0.2114 0.9774 0.0017
vn 0.7136 0.7005 0.0067
vn 0.9174 -0.3978 0.0129
vn 0.3852 -0.9228 0.0022
vn -0.9250 -0.3799 -0.0103
vn -0.2772 -0.9605 0.0226
vn -0.5119 -0.8591 0.0010
vn 0.8995 0.4368 -0.0111
vn -0.4823 -0.8760 -0.0071
vn 0.6932 0.7208 0.0024
vn -0.7384 0.6743 0.0045
vn -0.0301 -0.2804 0.9594
vn -0.0849 -0.9964 0.0066
vn 0.8522 0.5231 -0.0129
vn 0.0522 0.9986 -0.0063
vn -0.9495 0.0195 -0.3131
vn 0.4844 0.6120 -0.6252
vn -0.7748 0.4678 -0.4252
vn -0.0326 -0.1521 0.9878
vn -0.9109 -0.0497 0.4097
vn 1.0000 0.0015 0.0006
vn -0.9417 -0.1655 0.2930
vn 0.2555 0.8061 -0.5338
vn 0.9999 0.0001 -0.0104
vn 0.8863 -0.1967 0.4193
vn -1.0000 -0.0051 0.0030
vn -0.3772 -0.4186 0.8261
vn -0.7883 -0.2621 0.5566
vn -0.3355 -0.2275 0.9141
vn 0.8473 0.1734 -0.5020
vn -1.0000 0.0012 -0.0027
vn -1.0000 0.0008 -0.0032
vn -0.9995 -0.0263 0.0157
vn -0.4803 0.5932 -0.6461
vn -0.9729 -0.0422 0.2274
vn -0.9155 0.1029 -0.3890
vn 1.0000 0.0073 0.0054
vn -0.9999 0.0093 0.0099
vn 0.9997 -0.0244 -0.0029
vn -1.0000 0.0006 0.0012
vn -0.9476 -0.0075 0.3194
vn -0.0235 -0.5933 0.8046
vn -0.8259 -0.5638 0.0008
vn -0.0037 0.4331 -0.9013
vn -0.0046 0.2984 -0.9544
vn -0.9912 -0.1205 0.0556
vn 0.6854 0.6322 -0.3612
vn -0.9875 0.1457 -0.0605
vn -0.8441 0.4044 -0.3521
vn 0.0049 -0.6517 0.7584
vn 0.0207 0.1353 -0.9906
vn 0.0053 -1.0000 0.0041
vn 1.0000 -0.0010 -0.0017
vn 0.9978 -0.0585 0.0308
vn 0.0205 -0.3922 0.9196
vn 0.8352 -0.1053 0.5398
vn -0.0240 -0.6808 0.7321
vn -0.0106 -0.9198 -0.3924
vn -0.4878 -0.8729 0.0017
vn -0.9797 0.2000 0.0116
vn -0.4210 0.9070 0.0019
vn -0.9268 0.3755 0.0016
vn 0.4866 0.8736 -0.0009
vn -0.8556 -0.5175 0.0112
vn -0.9830 0.1835 0.0033
vn 1.0000 0.0009 0.0009
vn 1.0000 0.0044 0.0035
vn -0.6239 -0.2567 0.7382
vn -0.2515 -0.0781 0.9647
vn -0.2740 -0.1109 0.9553
vn -0.2702 -0.3075 0.9124
vn 0.3733 -0.3568 0.8564
vn 0.2271 -0.2720 0.9351
vn 0.2117 -0.2468 -0.9457
vn -0.0001 -0.2210 -0.9753
vn -0.0889 -0.2594 -0.9617
vn -0.0311 0.2247 0.9739
vn 0.0820 0.2824 0.9558
vn -0.0272 0.3169 0.9481
vn 0.2218 0.0249 -0.9748
vn -0.2475 -0.0364 -0.9682
vn -0.2274 0.2366 -0.9446
vn -0.2838 0.1050 -0.9531
vn 0.6662 -0.4085 0.6240
vn -0.1046 0.0815 0.9912
vn -0.6077 0.0837 0.7898
vn 0.1968 -0.4899 0.8493
vn -0.2001 0.4896 -0.8486
vn 0.0002 0.0045 -1.0000
vn -0.9999 -0.0057 -0.0101
vn -0.0001 1.0000 -0.0078
vn 1.0000 0.0025 -0.0071
vn 0.9999 0.0108 0.0019
vn -0.0994 -0.1914 0.9765
vn 0.0260 -0.2896 0.9568
vn 0.0463 -0.4343 0.8996
vn -0.0438 -0.4807 0.8758
vn 0.1008 -0.2286 0.9683
vn -0.2527 -0.2501 -0.9347
vn 0.1552 0.2121 0.9649
vn 0.0605 0.1116 -0.9919
vn -0.7484 0.4079 0.5230
vn -0.7406 0.4148 0.5285
vn 0.3160 0.7154 0.6232
vn -0.9998 -0.0175 0.0030
vn 0.5808 -0.0601 0.8118
vn 0.5077 -0.2653 0.8196
vn 0.1771 -0.4691 0.8652
vn 0.1205 -0.4718 -0.8734
vn 0.2474 -0.9392 0.2380
vn 0.8651 -0.4737 -0.1652
vn -0.4517 -0.0092 0.8921
vn -0.6127 0.0086 0.7903
vn -0.3664 0.1341 0.9207
vn -0.3396 0.1798 0.9232
vn -0.2682 0.0440 0.9623
vn -0.3366 0.0664 0.9393
vn -0.7838 -0.4651 0.4115
vn -0.6602 -0.2080 0.7217
vn -0.4185 -0.1171 0.9006
vn -0.6695 0.2032 0.7145
vn -0.8159 -0.0396 0.5769
vn -0.4531 0.2823 0.8456
vn -0.1950 0.2137 0.9572
vn 0.1089 0.0737 0.9913
vn 0.1982 0.0424 0.9792
vn 0.3635 0.0289 0.9312
vn 0.2996 -0.2397 -0.9234
vn 0.0162 -0.3177 -0.9481
vn -0.1652 0.1797 -0.9698
vn -0.3201 0.8437 -0.4309
vn -0.0559 -0.1504 -0.9870
vn -0.1360 -0.1752 -0.9751
vn -0.2004 0.2569 0.9454
vn -0.0466 0.1959 0.9795
vn -0.5264 0.5126 0.6783
vn -0.4502 0.2693 0.8514
vn -0.0829 0.4480 0.8902
vn 0.2646 0.3182 0.9104
vn 0.1709 0.2792 -0.9449
vn 0.1808 0.2054 -0.9618
vn 0.3422 0.3274 -0.8807
vn -0.1572 -0.5751 -0.8028
vn 0.3701 0.0012 -0.9290
vn 0.2691 -0.0136 -0.9630
vn 0.2660 -0.1035 -0.9584
vn 0.3559 -0.1411 -0.9238
vn -0.9195 -0.1888 0.3449
vn -0.6956 -0.6091 0.3810
vn -0.8992 -0.2899 0.3277
vn -0.8664 0.2030 0.4562
vn 0.4076 -0.8188 0.4043
vn 0.1385 -0.9111 0.3882
vn 0.0370 0.8378 0.5447
vn 0.5194 0.7025 0.4865
vn 0.3362 0.7529 0.5657
vn 0.8179 0.3325 0.4695
vn 0.8497 0.3422 0.4012
vn 0.9537 0.1312 0.2706
vn -0.0467 0.0544 -0.9974
vn 0.9642 0.2598 0.0541
vn -0.3354 -0.7242 0.6025
vn -0.4654 -0.6888 0.5557
vn -0.6704 -0.4970 0.5509
vn -0.2082 -0.2202 -0.9530
vn -0.0415 -0.0908 -0.9950
vn 0.7090 0.6710 -0.2168
vn 0.7057 0.6733 -0.2208
vn 0.2304 0.5518 -0.8015
vn 0.1978 0.5168 -0.8330
vn 0.4593 0.4962 -0.7368
vn 0.3526 0.7635 0.5411
vn 0.4573 0.8526 0.2531
vn 0.4697 0.1772 -0.8649
vn 0.6659 0.0381 0.7450
vn 0.5012 0.1890 0.8445
vn 0.4943 0.1496 0.8563
vn 0.2695 0.1786 0.9463
vn 0.5721 -0.0300 0.8196
vn -0.1545 -0.0412 -0.9871
vn 0.2519 0.0132 -0.9677
vn 0.1519 0.0569 -0.9868
vn -0.6479 0.7611 0.0304
vn -0.7098 0.4728 0.5222
vn -0.3745 0.0999 -0.9218
vn -0.8005 0.5666 -0.1956
vn -0.7056 0.4649 0.5349
vn 0.0030 -0.0755 -0.9971
vn -0.1621 -0.3848 0.9086
vn 0.8192 -0.1747 0.5463
vn -0.7013 -0.6043 0.3782
vn -0.8395 -0.1059 0.5329
vn -0.8743 -0.4850 0.0169
vn -0.9204 0.3909 0.0102
vn -0.8836 0.4681 -0.0110
vn -0.1538 -0.9879 0.0177
vn -0.5457 -0.8380 0.0090
vn -0.1172 0.9930 -0.0135
vn 0.3978 0.9174 0.0087
vn 0.7566 0.6537 0.0152
vn 0.8633 0.5045 -0.0107
vn 0.9878 -0.1545 0.0167
vn 0.9573 0.2887 0.0134
vn 0.0257 0.3158 -0.9485
vn 0.3591 0.2215 -0.9066
vn 0.4018 0.0496 -0.9144
vn 0.2431 0.3538 -0.9032
vn 0.2281 -0.2668 -0.9364
vn -0.0142 -0.4264 -0.9044
vn 0.0946 -0.3390 -0.9360
vn -0.3316 -0.9434 0.0047
vn -0.1730 -0.9849 -0.0026
vn -0.3791 0.9254 0.0034
vn 0.5419 0.8404 0.0002
vn 0.1809 0.9835 0.0014
vn 0.1263 0.9920 -0.0014
vn -0.8590 0.5120 -0.0002
vn 0.3571 -0.9341 -0.0039
vn -0.6554 -0.7553 -0.0045
vn -0.9871 0.1604 -0.0002
vn -0.9539 -0.3000 -0.0013
vn 0.5784 0.8158 -0.0022
vn 0.2027 -0.2349 -0.9507
vn 0.0099 -0.3299 -0.9440
vn 0.0627 -0.1775 -0.9821
vn -0.3896 -0.0326 -0.9204
vn -0.3149 0.1393 -0.9388
vn -0.1173 -0.2758 -0.9540
vn 0.4444 0.5900 0.6741
vn 0.1402 0.0986 -0.9852
vn 0.0645 0.3493 -0.9348
vn 0.9920 0.1260 0.0012
vn 0.8697 -0.4936 -0.0017
vn 0.5636 -0.8261 -0.0017
vn 0.1675 -0.9859 0.0017
vn -0.3497 -0.9369 -0.0017
vn -0.8739 0.4861 -0.0032
vn -0.4802 0.4492 -0.7534
vn -0.8417 0.5086 0.1812
vn 0.3522 0.9357 -0.0200
vn 0.8506 0.4406 -0.2870
vn 0.8512 -0.1142 0.5122
vn 0.1305 0.0294 0.9910
vn 0.4221 -0.4068 -0.8101
vn -0.0025 -0.0138 0.9999
vn 0.1110 -0.1952 0.9745
vn 0.5616 -0.8185 -0.1208
vn 0.0439 0.2692 0.9621
vn -0.2116 0.1933 0.9581
vn 0.8385 -0.5447 0.0141
vn 0.3618 -0.9322 -0.0086
vn -0.4839 -0.8751 -0.0036
vn -0.4444 -0.0352 -0.8952
vn -0.7604 -0.2186 -0.6115
vn -0.2477 0.1105 -0.9625
vn -0.2772 0.1118 -0.9543
vn -0.2020 -0.1357 -0.9699
vn -0.1547 0.2487 -0.9561
vn 0.0276 -0.0414 -0.9988
vn -0.9768 0.2141 0.0029
vn 0.5014 0.8652 0.0024
vn 0.3609 0.9326 -0.0021
vn -0.3844 -0.8223 0.4197
vn 0.0717 -0.8480 0.5251
vn 0.0070 0.0020 1.0000
vn -0.2540 -0.2732 -0.9278
vn -0.0052 0.0003 1.0000
vn -0.0078 -0.3341 -0.9425
vn 0.9979 -0.0648 -0.0017
vn -0.3391 -0.9408 -0.0013
vn 0.7954 0.6061 -0.0003
vn 0.0101 -0.0110 0.9999
vn 0.9477 -0.3160 -0.0456
vn 0.9533 -0.2984 -0.0474
vn 0.9295 -0.3677 -0.0292
vn 0.9478 -0.3160 -0.0429
vn 0.9321 0.0050 0.3620
vn 0.4510 0.0429 0.8915
vn 0.5374 0.0541 0.8416
vn 0.0108 0.1755 -0.9844
vn 0.8064 0.4824 0.3419
vn 0.8255 0.5386 -0.1688
vn 0.5724 0.8199 -0.0069
vn 0.5119 0.3781 0.7714
vn 0.9036 0.3697 0.2166
vn 0.2930 0.3792 0.8777
vn -0.8907 0.2799 0.3581
vn -0.7465 -0.0209 0.6650
vn -0.7070 0.4143 0.5732
vn -0.6058 0.4569 0.6513
vn -0.5887 0.7439 0.3163
vn -0.6443 0.6881 0.3338
vn -0.0851 0.5687 -0.8181
vn 0.1886 -0.0940 -0.9776
vn 0.1225 -0.1529 -0.9806
vn -0.2783 -0.2023 -0.9389
vn -0.5393 0.4521 -0.7105
vn 0.2844 0.4903 -0.8238
vn -0.3505 0.4559 -0.8181
vn -0.2235 0.2898 -0.9306
vn -0.2274 0.2917 -0.9291
vn 0.0136 0.2481 -0.9686
vn -0.3235 -0.8708 -0.3703
vn -0.0547 0.0664 0.9963
vn -0.0581 0.0090 0.9983
vn -0.1873 -0.0806 0.9790
vn -0.2805 0.0266 0.9595
vn -0.1703 0.1394 0.9755
vn -0.1427 -0.3040 -0.9419
vn -0.2648 -0.9225 -0.2809
vn -0.2228 -0.4730 -0.8524
vn 0.3210 0.3106 -0.8947
vn 0.3915 -0.0829 -0.9164
vn 0.9227 0.2344 -0.3062
vn 0.9899 0.1023 -0.0986
vn 0.2625 -0.3714 -0.8906
vn 0.1126 0.0036 -0.9936
vn 0.5736 -0.5161 -0.6361
vn 0.0425 0.4824 -0.8749
vn -0.3254 0.6470 -0.6896
vn -0.7612 0.3791 -0.5262
vn 0.5769 0.8165 0.0202
vn -0.0833 0.9171 0.3899
vn 0.1673 0.9610 0.2202
vn -0.9698 0.0975 -0.2237
vn -0.6684 0.1933 -0.7183
vn -0.0587 0.9840 0.1684
vn -0.6884 0.7226 -0.0629
vn 0.1963 0.9025 0.3834
vn 0.7184 0.6476 0.2539
vn 0.7163 0.6941 0.0717
vn 0.2573 0.9516 -0.1679
vn 0.2033 0.9723 -0.1150
vn 0.3597 0.8386 -0.4090
vn -0.7365 0.4460 0.5086
vn -0.9482 -0.3063 -0.0848
vn -0.9507 -0.2627 -0.1648
vn -0.0170 0.3801 0.9248
vn 0.0480 0.0351 -0.9982
vn 0.2657 0.1144 -0.9572
vn -0.2337 0.0241 -0.9720
vn 0.1826 -0.0573 -0.9815
vn -0.5460 -0.0979 -0.8320
vn 0.5780 -0.0531 -0.8143
vn 0.7264 0.2793 -0.6279
vn -0.7221 0.3304 0.6078
vn -0.5155 0.0453 0.8557
vn -0.5178 0.0471 0.8542
vn -0.9078 0.1227 0.4011
vn -0.1139 0.7987 0.5908
vn -0.4431 0.6220 0.6456
vn -0.8148 0.3801 0.4378
vn -0.7362 -0.6173 -0.2773
vn -0.7308 -0.6203 -0.2849
vn -0.4661 -0.7230 0.5100
vn -0.4681 -0.7882 0.3996
vn -0.8051 -0.1493 -0.5740
vn 0.2611 -0.8604 0.4377
vn 0.5884 -0.5859 0.5572
vn 0.5970 -0.7762 0.2025
vn -0.0783 -0.8420 0.5337
vn -0.0811 -0.8431 0.5317
vn -0.4297 -0.4453 0.7856
vn 0.1116 -0.3912 0.9135
vn 0.4221 -0.8233 0.3794
vn -0.1715 -0.9404 0.2938
vn -0.4774 -0.8296 0.2894
vn 0.1374 -0.9378 0.3188
vn -0.1026 -0.9919 0.0750
vn 0.7660 -0.5447 -0.3413
vn 0.2424 -0.9186 -0.3121
vn 0.3305 -0.7900 -0.5164
vn 0.8983 -0.0142 0.4393
vn 0.8952 -0.4428 -0.0501
vn 0.9192 -0.1136 0.3770
vn 0.6604 0.2658 0.7023
vn 0.9625 -0.1194 0.2438
vn 0.8194 -0.5337 0.2090
vn 0.6183 -0.7822 -0.0764
vn 0.3661 -0.9306 -0.0001
vn 0.4736 -0.7373 -0.4817
vn 0.3117 -0.8138 0.4905
vn -0.4066 -0.4467 0.7969
vn 0.7974 0.0341 0.6025
vn -0.9804 -0.1801 0.0795
vn 0.1749 0.6792 0.7128
vn 0.0999 -0.1515 0.9834
vn 0.6666 0.5123 0.5415
vn -0.2120 -0.3482 -0.9131
vn 0.4215 -0.5151 -0.7463
vn -0.8778 -0.4705 -0.0899
vn -0.9117 -0.4109 0.0054
vn -0.6879 -0.6867 -0.2349
vn -0.4691 -0.8433 -0.2623
vn -0.5712 0.4261 0.7016
vn -0.8290 -0.0837 0.5530
vn -0.8419 -0.5351 -0.0697
vn -0.6667 -0.2672 -0.6958
vn 0.2815 0.8165 0.5040
vn 0.7426 0.2344 0.6274
vn 0.8528 0.0206 0.5218
vn 0.4722 0.5584 0.6821
vn 0.5388 0.6639 0.5187
vn 0.5584 0.6308 0.5388
vn 0.6543 0.6841 0.3223
vn 0.3552 -0.4488 -0.8200
vn 0.5687 -0.4879 -0.6622
vn 0.1396 -0.6938 -0.7065
vn 0.1221 -0.7080 -0.6956
vn 0.3519 -0.6569 -0.6668
vn 0.6481 -0.5449 -0.5320
vn 0.8168 -0.5548 0.1585
vn 0.8690 -0.3607 -0.3387
vn 0.6172 -0.5216 -0.5890
vn -0.2438 -0.4200 -0.8742
vn -0.4302 -0.3945 -0.8120
vn -0.5968 -0.1633 -0.7856
vn -0.3849 -0.2003 -0.9009
vn -0.6038 -0.4356 -0.6676
vn -0.2693 -0.9306 -0.2481
vn -0.3534 -0.5822 -0.7323
vn 0.0541 -0.8077 -0.5872
vn -0.4731 0.0874 0.8767
vn -0.0199 0.2357 0.9716
vn 0.4003 0.5342 0.7446
vn -0.3261 0.4673 0.8218
vn -0.0370 0.8197 0.5715
vn -0.4798 0.3004 0.8243
vn -0.3362 0.3822 0.8607
vn 0.1092 0.6614 0.7420
vn -0.6051 0.4670 0.6448
vn -0.2382 0.6734 0.6999
vn 0.4391 0.5992 0.6694
vn 0.0717 0.8452 0.5296
vn 0.5337 0.6421 0.5503
vn 0.6152 0.6129 0.4959
vn -0.9523 0.2690 0.1443
vn -0.7813 0.6198 0.0739
vn -0.8315 0.5416 0.1236
vn -0.9497 0.2980 -0.0964
vn -0.9928 -0.1017 0.0630
vn -0.9699 -0.0996 -0.2220
vn 0.7477 0.3893 0.5380
vn 0.7360 0.5606 0.3794
vn 0.8121 0.5242 0.2563
vn 0.4354 0.8879 0.1481
vn 0.9613 -0.0366 0.2730
vn 0.9839 -0.1688 0.0586
vn 0.9156 -0.3396 0.2153
vn 0.9577 -0.2110 0.1956
vn -0.9335 0.1197 -0.3380
vn -0.8976 -0.0342 -0.4395
vn -0.9327 0.1025 -0.3457
vn 0.0478 0.0310 0.9984
vn -0.8742 -0.4105 -0.2592
vn -0.8789 -0.3896 -0.2751
vn -0.0348 -0.7283 0.6844
vn -0.9966 -0.0809 -0.0141
vn -0.0458 -0.7407 0.6703
vn 0.0153 0.9210 0.3892
vn 0.9992 0.0145 -0.0361
vn 0.9999 -0.0103 0.0016
vn -0.8788 -0.3699 -0.3014
vn 0.9898 -0.0600 0.1292
vn -0.0136 -0.9486 0.3163
vn 0.0388 -0.8525 -0.5214
vn 1.0000 0.0006 -0.0018
vn 0.8183 0.3906 -0.4216
vn 0.0002 0.3018 -0.9534
vn 0.4099 -0.1086 0.9056
vn 0.4694 0.3300 0.8190
vn -0.0383 -0.2721 0.9615
vn 0.9999 0.0090 -0.0055
vn 0.4788 -0.8599 0.1769
vn 0.9975 0.0350 0.0608
vn 0.0067 -0.3471 -0.9378
vn 0.0395 -0.9608 -0.2745
vn -0.7016 0.0474 -0.7110
vn -0.0114 -0.1773 -0.9841
vn -1.0000 0.0014 -0.0003
vn -0.7766 -0.1550 0.6106
vn -0.9973 0.0564 0.0478
vn -0.9999 0.0128 0.0049
vn 0.2757 -0.9198 -0.2792
vn -0.9993 -0.0367 -0.0058
vn -0.9875 -0.0746 -0.1390
vn -0.9956 -0.0404 -0.0851
vn -0.8868 0.3333 0.3200
vn 0.8500 -0.4928 0.1863
vn 0.1019 0.1252 -0.9869
vn -0.8441 -0.4756 -0.2475
vn 0.4302 -0.7840 0.4475
vn 0.5366 0.2109 0.8170
vn 0.0115 0.7616 -0.6479
vn 0.0239 0.0159 0.9996
vn -0.9990 -0.0431 -0.0092
vn -0.2293 -0.9733 0.0105
vn -0.3923 -0.9198 0.0064
vn 0.1657 -0.9862 0.0059
vn -0.7525 -0.0936 0.6519
vn 0.9968 -0.0792 0.0139
vn 0.0140 -0.0252 0.9996
vn -0.3408 -0.9130 0.2242
vn 0.0515 0.0035 0.9987
vn 0.1631 0.3219 0.9326
vn 0.7309 0.6816 -0.0355
vn 0.7800 0.6257 -0.0057
vn 0.9981 0.0150 -0.0592
vn -0.0826 -0.0594 0.9948
vn -0.0415 0.0859 0.9954
vn -0.9426 -0.3267 0.0686
vn -0.0193 -0.1259 -0.9919
vn 0.0907 -0.0002 -0.9959
vn 0.1258 -0.0379 -0.9913
vn 0.0996 -0.0196 -0.9948
vn 0.1730 0.0886 -0.9809
vn 0.1708 0.1550 -0.9730
vn 0.0280 0.0893 -0.9956
vn -0.0230 -0.0689 -0.9974
vn -0.9508 0.3096 0.0142
vn 0.0097 -0.0089 0.9999
vn 0.5260 -0.8160 0.2396
vn 0.3922 -0.8705 -0.2973
vn -0.1043 0.0652 0.9924
vn 0.0270 0.0896 0.9956
vn 0.2859 0.1099 0.9519
vn 0.2073 0.1207 0.9708
vn -0.4844 -0.8176 0.3113
vn -0.0538 -0.9908 -0.1246
vn -0.0150 -0.0294 0.9995
vn -0.1640 -0.0129 -0.9864
vn 0.1370 -0.7146 0.6860
vn 0.1025 -0.0278 0.9943
vn 0.0055 -0.1186 0.9929
vn 0.3096 -0.2080 -0.9278
vn 0.8930 -0.0814 -0.4425
vn -0.0415 0.0515 -0.9978
vn 0.6858 0.6630 -0.3000
vn 0.0298 0.0355 0.9989
vn 0.0151 0.0215 0.9997
vn 0.6751 -0.5788 -0.4575
vn 0.3588 -0.8282 0.4305
vn -0.2578 -0.5319 -0.8066
vn 0.7471 -0.5810 0.3229
vn 0.4015 -0.7209 -0.5650
vn -0.0118 0.0211 -0.9997
vn 0.1326 0.0268 0.9908
vn 0.4695 0.8281 0.3062
vn -0.0788 -0.0076 0.9969
vn -0.1582 0.1496 0.9760
vn 0.0209 0.0334 0.9992
vn -0.2062 0.9418 0.2653
vn -0.2540 -0.9671 0.0140
vn -0.2322 0.1908 -0.9538
vn -0.3175 0.5641 -0.7622
vn 0.6014 0.7968 -0.0582
vn -0.0091 -0.0105 -0.9999
vn -0.1286 0.4419 -0.8878
vn -0.2764 -0.9309 0.2388
vn 0.0689 -0.0481 -0.9965
vn 0.0332 0.0278 -0.9991
vn -0.0004 -0.0309 -0.9995
vn -0.0002 0.0312 -0.9995
vn 0.0980 -0.1529 0.9834
vn -0.0503 -0.0679 -0.9964
vn -0.0389 0.0784 -0.9962
vn 0.0986 0.3077 0.9464
vn 0.0207 -0.0254 0.9995
vn -0.0439 0.0837 0.9955
vn 0.0542 0.0670 -0.9963
vn 0.0830 -0.0039 0.9965
vn -0.6690 -0.7431 0.0146
vn -0.4908 -0.8713 -0.0036
vn -0.2183 -0.9343 0.2819
vn -0.6006 -0.7140 0.3598
vn 0.1310 0.9914 -0.0035
vn -0.9116 -0.0357 0.4094
vn -0.8775 -0.2071 -0.4326
vn -0.6028 -0.7895 -0.1156
vn -0.5415 -0.8231 -0.1709
vn 0.0022 0.0014 -1.0000
vn 0.6803 0.7303 0.0615
vn 0.1985 0.1209 -0.9726
vn -0.3827 0.8888 -0.2520
vn -0.4121 -0.5930 -0.6917
vn 0.0338 -0.1874 -0.9817
vn 0.8427 -0.0708 -0.5338
vn 0.0780 0.5302 -0.8443
vn -0.6530 0.4509 -0.6085
vn -0.6517 0.0350 0.7576
vn 0.0316 -0.9684 0.2474
vn -0.6519 0.0280 0.7578
vn -0.0343 -0.9993 -0.0141
vn 0.9391 -0.3437 0.0006
vn -0.8561 0.3200 -0.4058
vn 0.9568 0.2713 -0.1042
vn 0.3808 0.3475 -0.8569
vn 0.2584 0.3969 -0.8807
vn -0.6556 -0.4021 0.6392
vn 0.7093 -0.3615 0.6052
vn 0.6930 -0.5902 0.4140
vn 0.9055 0.1529 -0.3958
vn 0.3813 0.3823 -0.8417
vn -0.4039 -0.2382 0.8832
vn 0.8937 -0.1864 0.4081
vn -0.9589 -0.1066 0.2628
vn 0.6946 -0.6683 -0.2665
vn 0.6900 -0.6629 -0.2907
vn -0.6672 0.2925 -0.6851
vn -0.6507 0.3988 -0.6462
vn -0.5886 0.3945 -0.7056
vn 0.8782 0.4146 -0.2384
vn 0.6663 0.7108 -0.2254
vn 0.6552 -0.1186 0.7461
vn 0.6855 -0.6625 0.3019
vn 0.4183 0.4831 -0.7692
vn 0.7514 0.4214 0.5078
vn 0.9454 0.1892 0.2652
vn -0.3743 -0.3609 0.8542
vn -0.7839 0.2570 -0.5652
vn -0.7006 -0.5430 -0.4629
vn -0.4988 -0.1664 -0.8506
vn -0.5691 -0.4762 -0.6703
vn -0.7885 0.2649 -0.5551
vn 0.9017 0.0744 -0.4259
vn -0.3874 0.5174 -0.7630
vn 0.6397 -0.2029 0.7414
vn 0.7765 -0.2368 0.5839
vn 0.9259 0.1948 -0.3236
vn 0.9951 -0.0989 -0.0047
vn -0.5518 -0.7455 0.3739
vn 0.1259 -0.9773 -0.1705
vn -0.8098 -0.4870 -0.3272
vn 0.1493 -0.0145 0.9887
vn 0.6405 -0.0774 0.7641
vn 0.4485 -0.0876 0.8895
vn 0.2835 -0.0783 0.9558
vn 0.8703 -0.0487 0.4901
vn 0.1607 0.9708 0.1781
vn 0.3375 0.9359 -0.1006
vn 0.7749 0.5464 -0.3177
vn 0.8961 0.4013 -0.1896
vn 0.8533 0.4821 -0.1986
vn 0.5650 0.8246 -0.0292
vn 0.1528 0.5041 0.8500
vn -0.1920 0.4112 0.8911
vn 0.5372 0.5429 0.6455
vn 0.8717 0.4897 0.0173
vn 0.8199 0.5016 0.2759
vn 0.5154 0.4419 0.7343
vn -0.4404 0.3686 0.8186
vn -0.0031 0.2376 0.9714
vn -0.3313 0.2673 0.9049
vn -0.7113 0.3026 0.6344
vn -0.7188 0.0487 0.6935
vn -0.6883 0.1707 0.7051
vn -0.8249 0.1884 0.5329
vn -0.5878 0.1691 0.7911
vn -0.7053 0.4076 0.5800
vn -0.3632 0.3193 0.8753
vn -0.5708 0.3753 0.7303
vn -0.4419 0.7719 -0.4571
vn -0.4138 0.8791 -0.2364
vn -0.2409 0.5367 -0.8086
vn -0.4914 0.3271 -0.8072
vn -0.6633 0.2739 -0.6964
vn -0.7299 0.4502 -0.5144
vn -0.7590 0.4631 -0.4577
vn -0.8315 0.4335 -0.3474
vn -0.0663 0.4090 -0.9101
vn -0.4110 0.3845 -0.8266
vn -0.6294 0.3092 -0.7129
vn -0.4015 0.2180 -0.8895
vn -0.2157 0.1827 0.9592
vn -0.4206 0.1143 0.9000
vn 0.7491 -0.4796 -0.4570
vn -0.9627 0.2428 -0.1197
vn -0.6852 0.4775 0.5500
vn -0.3384 0.8491 0.4057
vn -0.5307 0.8473 0.0215
vn -0.5416 0.7940 0.2761
vn 0.9752 0.2070 0.0778
vn 0.5436 -0.0174 -0.8392
vn 0.9666 0.2233 -0.1262
vn 0.8449 -0.0013 -0.5349
vn -0.1611 -0.9788 -0.1267
vn 0.0996 0.0100 -0.9950
vn 0.4131 -0.8604 -0.2984
vn 0.6103 -0.5253 -0.5929
vn 0.9688 0.0903 -0.2309
vn 0.9781 0.0863 -0.1896
vn 0.9446 -0.3262 -0.0357
vn 0.9854 0.0638 0.1580
vn 0.6782 0.1426 0.7209
vn 0.6577 0.7197 0.2225
vn 0.6196 0.5027 0.6028
vn 0.9599 0.2524 -0.1216
vn 0.2202 -0.9607 -0.1691
vn -0.6187 0.5800 -0.5300
vn -0.7260 0.2222 -0.6507
vn -0.8597 -0.1512 -0.4879
vn -0.9655 0.1788 -0.1894
vn -0.4879 0.6998 -0.5218
vn -0.2284 0.9496 -0.2147
vn -0.8940 0.0085 -0.4480
vn -0.9173 0.0085 -0.3981
vn 0.3593 -0.6254 -0.6927
vn 0.5533 -0.3084 -0.7738
vn 0.5836 -0.5211 -0.6228
vn 0.7117 -0.0201 -0.7022
vn 0.1879 -0.3752 0.9077
vn -0.0362 0.0494 0.9981
vn 0.0364 -0.5903 0.8064
vn 0.1346 -0.6305 0.7644
vn 0.6601 -0.7271 -0.1888
vn -0.6369 -0.6859 -0.3520
vn -0.4741 -0.8171 -0.3279
vn 0.9713 0.1576 0.1782
vn 0.8790 -0.4363 -0.1923
vn 0.9810 0.1520 0.1206
vn 0.3911 -0.7390 0.5485
vn 0.8399 -0.2916 0.4578
vn -0.8282 0.2428 0.5051
vn 0.8571 -0.4239 -0.2927
vn -0.5532 -0.8031 0.2213
vn -0.3047 -0.8144 0.4940
vn -0.5344 -0.8443 -0.0398
vn -0.4990 -0.6024 0.6230
vn -0.3373 -0.4628 0.8198
vn -0.3809 -0.3353 0.8617
vn 0.2670 -0.5712 0.7762
vn -0.8879 0.2133 0.4076
vn -0.5178 0.6099 0.5999
vn -0.4282 0.5956 0.6796
vn 0.9515 0.2761 0.1358
vn 0.9832 0.1467 0.1085
vn 0.9549 0.2968 0.0068
vn 0.9247 0.3269 0.1953
vn 0.6440 0.6960 0.3175
vn 0.9970 0.0646 0.0430
vn 0.8426 0.5215 0.1343
vn 0.9972 -0.0038 0.0742
vn 0.7146 -0.6919 -0.1033
vn 0.7636 -0.4629 -0.4501
vn 0.2643 -0.3575 -0.8957
vn 0.7619 -0.0529 0.6456
vn 0.0835 0.5224 0.8486
vn -0.1926 0.6760 0.7113
vn -0.4145 -0.2186 0.8834
vn -0.2491 -0.3405 0.9067
vn -0.7655 0.6404 0.0627
vn 0.7996 0.4504 0.3971
vn 0.9606 0.2028 0.1899
vn -0.8552 -0.3491 -0.3831
vn -0.7985 -0.2291 -0.5568
vn -0.9990 0.0242 0.0369
vn 0.0358 -0.2071 -0.9777
vn 0.9925 0.0195 -0.1210
vn 0.5581 -0.5191 -0.6474
vn -0.7319 -0.0097 -0.6813
vn 0.9999 0.0142 0.0001
vn 0.5339 0.0177 0.8454
vn -0.0389 0.9838 0.1752
vn -0.4327 0.0105 0.9015
vn 0.8955 -0.0810 -0.4377
vn -1.0000 -0.0024 -0.0022
vn -0.9571 0.0445 -0.2864
vn 0.0065 -0.9682 0.2500
vn 0.0039 -0.8884 -0.4591
vn -0.7002 0.6307 0.3345
vn -0.9973 -0.0712 -0.0180
vn -0.9819 0.1816 0.0541
vn -0.6715 0.1412 -0.7274
vn 0.9603 -0.1797 -0.2135
vn 0.9988 -0.0468 0.0135
vn 0.0310 -0.7996 -0.5997
vn -0.0422 0.1139 0.9926
vn -0.9637 -0.2672 0.0016
vn -0.0236 -0.7862 0.6176
vn -0.9987 0.0065 0.0507
vn -0.9509 0.3073 -0.0357
vn 0.4142 -0.9097 -0.0297
vn -0.4308 0.1263 0.8936
vn 0.7197 -0.6941 -0.0165
vn 0.1086 -0.0421 -0.9932
vn -0.9858 -0.0662 -0.1542
vn -0.5251 0.8341 0.1691
vn -0.7523 0.6472 -0.1229
vn -0.9051 -0.4226 -0.0467
vn -0.9963 -0.0842 -0.0161
vn -0.0282 -0.9993 -0.0241
vn 0.9799 0.1986 -0.0208
vn 0.9728 0.2299 -0.0295
vn -0.9862 0.1423 0.0844
vn -0.3325 0.9423 -0.0386
vn 0.2556 0.0162 -0.9667
vn -0.0660 0.1308 -0.9892
vn -0.0198 0.0079 -0.9998
vn -0.1412 -0.0871 -0.9861
vn -0.3169 -0.0668 0.9461
vn -0.0409 0.0583 0.9975
vn -0.7262 0.6376 0.2573
vn -0.0023 0.0430 0.9991
vn -0.2027 0.3049 0.9305
vn -0.0998 -0.0033 0.9950
vn -0.0390 0.0291 0.9988
vn -0.9308 0.3656 0.0065
vn -0.0465 -0.0216 -0.9987
vn 0.3873 0.9219 -0.0114
vn -0.0107 -0.0272 0.9996
vn 0.9589 0.1488 0.2415
vn -0.0912 -0.1319 0.9871
vn 0.2850 -0.0094 -0.9585
vn -0.7232 -0.6906 0.0068
vn 0.7798 -0.6260 -0.0028
vn 0.2503 -0.9673 -0.0415
vn 0.9700 0.2061 -0.1292
vn 0.7594 -0.6506 -0.0028
vn 0.4907 0.8713 0.0123
vn -0.9070 0.3810 -0.1794
vn -0.9046 0.3430 -0.2529
vn -0.8892 0.4401 -0.1248
vn -0.8593 0.4385 0.2632
vn -0.3818 0.2077 -0.9006
vn 0.3753 0.2383 -0.8957
vn 0.7212 0.0174 0.6925
vn 0.8902 0.0361 -0.4541
vn -0.2921 -0.9564 0.0048
vn -0.9358 -0.3526 0.0067
vn 0.9792 0.1047 -0.1736
vn 0.8704 0.0642 -0.4882
vn -0.6148 0.4764 -0.6286
vn -0.7509 -0.6583 -0.0525
vn 0.6239 0.2567 -0.7382
vn 0.8747 0.3336 -0.3515
vn 0.6435 0.5699 -0.5111
vn -0.5005 -0.1316 0.8557
vn 0.5763 -0.1215 0.8081
vn -0.9758 -0.0387 0.2150
vn -0.4865 0.7096 0.5097
vn -0.5506 0.7905 0.2683
vn -0.9700 0.1079 -0.2180
vn 0.8190 0.0455 -0.5721
vn -0.4184 0.2124 -0.8831
vn -0.7318 0.1229 -0.6704
vn -0.8165 -0.5773 -0.0021
vn -0.2856 -0.9494 -0.1303
vn 0.6326 0.5874 -0.5047
vn -0.7159 0.1723 0.6766
vn -0.8735 -0.0520 0.4840
vn 0.4899 -0.1961 0.8494
vn -0.5431 -0.3795 0.7490
vn -0.2729 -0.2914 0.9169
vn 0.9956 -0.0309 0.0883
vn 0.9503 0.1503 -0.2728
vn -0.5804 -0.8068 -0.1104
vn 0.4695 0.2148 0.8564
vn 0.9214 -0.3881 0.0197
vn 0.8159 -0.1614 0.5553
vn 0.2642 -0.9637 -0.0375
vn 0.5226 -0.8521 -0.0287
vn 0.0462 -0.9929 -0.1098
vn 0.9924 -0.1107 0.0529
vn 0.9727 -0.2214 0.0696
vn 0.9967 0.0787 0.0181
vn 0.9872 0.1589 0.0115
vn 0.8943 0.4474 -0.0002
vn 0.9015 0.4327 0.0045
vn 0.7273 0.6861 -0.0190
vn 0.2996 0.9501 -0.0869
vn -0.1163 0.9916 -0.0561
vn 0.9832 0.0858 -0.1612
vn 0.9860 0.0218 0.1654
vn 0.9800 -0.0018 0.1992
vn 1.0000 0.0075 -0.0020
vn 0.9075 0.1182 -0.4030
vn 0.9167 0.0083 -0.3995
vn 0.9913 -0.1311 -0.0065
vn 0.9486 -0.1508 0.2782
vn 0.9696 -0.1307 0.2071
vn 0.8971 -0.2951 0.3288
vn 0.8972 -0.3926 0.2021
vn 0.8269 -0.2962 0.4781
vn 0.9016 -0.4312 0.0353
vn 0.9322 -0.3618 0.0097
vn 0.2882 0.0888 0.9534
vn -0.8503 0.3991 0.3430
vn 0.0517 0.1407 0.9887
vn 0.0489 0.1141 0.9923
vn -0.9297 0.1498 0.3365
vn -0.4814 -0.6257 0.6138
vn -0.4992 0.1230 0.8577
vn 0.1647 0.1992 0.9660
vn 0.5488 0.3536 0.7575
vn 0.7180 0.6309 -0.2940
vn 0.7524 0.3818 -0.5367
vn 0.3747 0.3645 0.8525
vn 0.7144 0.4285 -0.5532
vn 0.9103 0.2328 -0.3422
vn 0.8156 0.3661 -0.4481
vn 0.7215 0.1844 -0.6674
vn 0.7383 0.1815 -0.6496
vn 0.6424 0.2697 -0.7173
vn 0.8378 0.4639 -0.2880
vn 0.6902 0.3613 -0.6270
vn 0.4828 0.3352 -0.8090
vn -0.2446 0.8727 0.4226
vn 0.8042 0.0754 -0.5896
vn 0.3281 0.2842 0.9009
vn 0.1521 0.2403 0.9587
vn -0.7930 0.6059 -0.0638
vn -0.1996 0.9796 -0.0216
vn 0.1771 0.3441 0.9221
vn 0.0258 0.2574 0.9660
vn -0.1717 0.2733 0.9465
vn -0.1664 0.2749 0.9470
vn 0.8772 0.4745 0.0739
vn 0.7652 0.4592 -0.4513
vn 0.8756 0.4708 -0.1084
vn 0.7858 0.3358 -0.5194
vn 0.9072 0.3299 -0.2609
vn 0.9065 0.3708 -0.2020
vn 0.7069 0.4307 -0.5610
vn 0.5110 0.4396 -0.7387
vn 0.8059 0.1978 0.5580
vn 0.0710 -0.1934 0.9786
vn 0.0960 0.0504 0.9941
vn -0.1852 0.8366 0.5156
vn -0.3467 0.9335 0.0912
vn -0.2393 0.9309 0.2758
vn -0.1460 0.8905 0.4310
vn 0.2454 -0.7340 0.6332
vn 0.2521 0.0872 0.9638
vn 0.2333 -0.7287 0.6438
vn 0.1961 -0.3679 0.9089
vn 0.1731 -0.5008 0.8481
vn -0.8867 0.2488 0.3898
vn -0.8888 0.0418 0.4563
vn -0.9446 0.1767 0.2765
vn -0.5227 0.0573 0.8506
vn -0.3252 0.2935 0.8989
vn -0.8671 0.4965 -0.0396
vn -0.8334 0.4968 0.2424
vn -0.8709 0.4772 0.1176
vn -0.7762 0.4742 0.4155
vn -0.7221 0.4682 0.5093
vn -0.0255 0.1927 0.9809
vn -0.5207 -0.1028 0.8475
vn -0.6854 -0.0297 0.7275
vn -0.3630 0.9250 0.1127
vn 0.1207 0.9194 0.3742
vn -0.0970 0.8860 0.4534
vn 0.1444 0.4793 0.8657
vn -0.4900 0.3257 -0.8086
vn -0.8667 0.3932 0.3071
vn -0.9297 0.3193 0.1834
vn -0.9218 0.3569 -0.1517
vn 0.2168 0.3760 -0.9009
vn -0.1304 0.3593 -0.9241
vn -0.6620 0.2554 -0.7046
vn 0.3004 0.1482 -0.9422
vn 0.3467 0.2064 -0.9150
vn 0.4869 0.1859 -0.8535
vn 0.5347 0.1967 -0.8218
vn 0.3282 0.2405 -0.9135
vn 0.1063 0.2927 -0.9503
vn 0.5606 0.2552 -0.7878
vn 0.1072 0.3360 -0.9357
vn 0.3285 0.3597 -0.8733
vn -0.3016 -0.1537 0.9410
vn -0.3275 -0.2148 0.9201
vn -0.5197 -0.1485 0.8414
vn 0.1123 -0.1216 0.9862
vn -0.0934 -0.1495 0.9843
vn -0.1005 -0.1884 0.9769
vn -0.4587 -0.5912 0.6634
vn 0.2126 -0.8612 0.4616
vn 0.5919 -0.7473 0.3020
vn 0.8051 -0.4426 0.3949
vn 0.7528 -0.2189 0.6208
vn 0.2678 -0.2158 0.9390
vn -0.0363 0.1980 0.9795
vn -0.7604 0.6450 -0.0762
vn -0.5543 0.7733 0.3077
vn 0.0359 0.8695 -0.4927
vn 0.4386 0.7743 -0.4562
vn 0.8679 0.2239 0.4434
vn 0.7546 0.1389 -0.6413
vn 0.7366 -0.1040 0.6683
vn -0.5365 0.8405 0.0753
vn -0.5255 0.7618 0.3787
vn 0.1174 0.9692 -0.2166
vn -0.9540 -0.2998 -0.0029
vn -0.8493 -0.0380 0.5266
vn -0.4956 -0.3090 0.8117
vn -0.5459 -0.7019 0.4575
vn -0.4412 -0.6050 0.6628
vn 0.0242 0.9344 0.3553
vn -0.1011 0.6756 0.7303
vn 0.6380 0.7692 -0.0363
vn -0.1844 -0.3208 0.9290
vn -0.0740 0.2463 0.9664
vn 0.1448 0.9058 0.3982
vn 0.0095 0.8967 0.4425
vn -0.2142 0.6588 0.7212
vn -0.5572 0.6600 0.5039
vn -0.2602 0.9471 0.1880
vn -0.4739 0.0921 0.8757
vn -0.5234 0.5136 0.6799
vn -0.3434 0.7175 0.6061
vn 0.7051 -0.7090 0.0100
vn -0.1943 0.0795 0.9777
vn -0.3831 -0.4617 0.8001
vn 0.2060 -0.5406 0.8156
vn -0.0651 -0.0552 0.9963
vn -0.0892 0.5096 0.8558
vn 0.1325 0.2475 0.9598
vn 0.3557 -0.6876 0.6331
vn 0.8174 -0.2396 0.5239
vn 0.0476 -0.9555 -0.2911
vn -0.6406 0.3684 0.6737
vn -0.3403 0.1212 0.9325
vn -0.8071 0.2650 0.5276
vn -0.8059 0.2631 0.5304
vn -0.7355 -0.3993 -0.5474
vn -0.5237 -0.7474 -0.4089
vn -0.9489 0.2319 -0.2139
vn 0.4247 0.5810 0.6943
vn 0.3530 0.8732 0.3360
vn 0.3996 0.8454 0.3545
vn 0.5822 0.6058 0.5423
vn 0.1461 0.6450 0.7501
vn -0.1568 0.7363 0.6582
vn -0.2053 0.9370 0.2826
vn 0.6714 0.1140 0.7322
vn 0.5073 0.0501 0.8603
vn 0.6658 0.1221 -0.7361
vn 0.7539 0.6558 -0.0385
vn 0.5024 0.8452 0.1822
vn 0.6432 0.7527 0.1403
vn 0.7255 -0.0030 0.6882
vn 0.3092 -0.4775 0.8224
vn 0.9690 0.1670 0.1822
vn 0.0658 -0.3198 0.9452
vn -0.2798 -0.0042 0.9601
vn 0.0611 0.9322 0.3567
vn -0.4990 0.7156 0.4889
vn -0.9841 -0.1750 -0.0315
vn -0.8198 -0.5445 0.1775
vn -0.2179 0.3281 0.9192
vn -0.3201 0.4039 0.8569
vn 0.5292 0.0405 0.8475
vn 0.1674 0.0194 0.9857
vn 0.9115 0.2218 -0.3464
vn -0.5876 0.3473 0.7309
vn 0.5627 0.7366 -0.3751
vn 0.5936 0.7562 -0.2752
vn 0.6423 0.1308 -0.7552
vn 0.9132 0.3918 -0.1125
vn 0.8522 0.0434 -0.5214
vn 0.9963 0.0282 0.0808
vn 0.8755 0.1085 -0.4709
vn 0.8764 0.1392 0.4611
vn -0.5504 0.5129 0.6588
vn -0.9912 -0.0273 0.1292
vn -0.9023 -0.2741 -0.3328
vn -0.7929 -0.5579 0.2450
vn -0.9659 0.1825 -0.1837
vn -0.9468 0.1167 -0.2999
vn -0.6824 0.6810 0.2657
vn -0.6130 0.7072 0.3523
vn 0.8407 -0.5413 -0.0148
vn 0.9483 -0.3156 -0.0326
vn -0.3089 0.0451 0.9500
vn 0.3184 -0.9296 0.1857
vn 0.6028 -0.5153 0.6092
vn 0.4060 -0.2387 0.8821
vn -0.5468 0.1959 0.8140
vn 0.7694 -0.4909 0.4088
vn -0.1679 -0.2693 0.9483
vn -0.3473 -0.8565 -0.3818
vn -0.7918 -0.1094 -0.6009
vn -0.3265 0.6271 0.7072
vn -0.5587 0.4124 0.7196
vn -0.9817 -0.1904 0.0095
vn -0.9731 -0.1726 0.1523
vn -0.6810 -0.5109 0.5247
vn 0.0604 -0.9352 -0.3489
vn 0.9438 -0.1299 0.3038
vn 0.9379 -0.1994 0.2838
vn 0.3193 0.9392 -0.1265
vn 0.3284 0.9430 -0.0539
vn -0.5879 0.7696 0.2493
vn 0.3986 0.7956 0.4563
vn 0.2664 0.8106 0.5215
vn 0.2269 0.9479 0.2234
vn 0.5572 -0.7155 -0.4215
vn 0.5419 -0.8263 -0.1536
vn 0.7764 -0.6107 -0.1557
vn 0.8493 -0.5239 -0.0657
vn 0.8839 0.1969 0.4243
vn 0.9214 -0.0792 0.3805
vn -0.7401 0.5762 0.3468
vn -0.8287 -0.4206 -0.3693
vn -0.8285 -0.2587 -0.4966
vn -0.9042 0.4187 -0.0841
vn -0.8571 0.3860 0.3411
vn -0.6574 0.1192 -0.7440
vn -0.0230 -0.5836 -0.8117
vn -0.9267 -0.2301 -0.2971
vn -0.8742 -0.2399 -0.4221
vn -0.8782 -0.2289 -0.4200
vn -0.5511 -0.8314 -0.0716
vn 0.2154 -0.9754 -0.0474
vn -0.1069 -0.8660 0.4884
vn -0.3615 -0.9269 0.1012
vn 0.9865 0.0739 0.1459
vn 0.4492 0.3680 0.8141
vn 0.6497 -0.3485 0.6756
vn 0.1202 -0.0288 0.9923
vn 0.7989 -0.5416 0.2617
vn 0.7140 -0.6984 0.0499
vn -0.9922 -0.0825 0.0934
vn -0.9997 0.0222 0.0136
vn -0.8364 -0.3489 -0.4228
vn 0.3818 0.8477 0.3684
vn 0.4395 0.8729 0.2117
vn 0.4926 0.8373 0.2374
vn 0.6602 0.6812 0.3165
vn -0.7148 -0.5915 -0.3731
vn -0.8005 -0.5717 0.1800
vn -0.7226 -0.5841 -0.3697
vn -0.5607 -0.5643 -0.6060
vn -0.5409 -0.6019 -0.5875
vn -0.5573 -0.4847 -0.6741
vn -0.7064 0.4000 -0.5840
vn -0.8829 0.2156 -0.4171
vn -0.8045 0.0736 -0.5894
vn -0.5502 0.0605 -0.8328
vn -0.5516 0.2828 0.7847
vn -0.7486 0.1622 0.6428
vn -0.9957 -0.0749 -0.0541
vn -0.9959 0.0354 -0.0837
vn -0.9951 -0.0913 -0.0385
vn -0.9741 -0.2263 0.0017
vn -0.9796 -0.2005 -0.0124
vn -0.9670 0.2353 -0.0976
vn -0.9940 0.0486 -0.0977
vn -0.9823 -0.0459 -0.1817
vn -0.2907 0.9566 0.0216
vn -0.1259 0.2062 0.9704
vn -0.3536 -0.1667 -0.9204
vn -0.2270 -0.5082 -0.8308
vn -0.4003 -0.4167 -0.8162
vn 0.0915 -0.5408 -0.8362
vn -0.7997 0.2289 -0.5551
vn -0.7371 -0.4396 -0.5133
vn 0.3989 -0.7970 -0.4535
vn -0.8746 0.2140 -0.4350
vn -0.6885 -0.7220 0.0678
vn -0.6497 0.0989 -0.7537
vn -0.6979 0.1053 -0.7084
vn 0.2834 -0.2839 -0.9160
vn 0.2540 -0.2761 -0.9270
vn 0.2826 -0.0617 -0.9573
vn 0.4933 0.3982 -0.7733
vn -0.7367 -0.2037 0.6448
vn -0.8559 -0.4864 0.1757
vn -0.7785 -0.6103 0.1465
vn -0.7982 -0.3913 0.4579
vn -0.7109 -0.5017 0.4928
vn -0.4517 -0.3176 0.8337
vn -0.6030 -0.7118 0.3602
vn -0.5906 -0.4620 0.6617
vn -0.6239 -0.7810 -0.0280
vn -0.6525 -0.7420 -0.1540
vn -0.8748 -0.1101 0.4718
vn -0.2491 -0.2700 0.9301
vn 0.0696 -0.2746 0.9590
vn -0.0940 -0.3858 0.9178
vn -0.0691 -0.3776 0.9234
vn -0.1578 -0.4851 0.8601
vn -0.1169 -0.8119 0.5719
vn -0.1197 -0.8264 0.5502
vn 0.7896 0.0189 0.6134
vn -0.1500 -0.0162 -0.9886
vn -0.2810 0.0035 -0.9597
vn -0.7223 0.0152 0.6914
vn -0.7806 0.0066 0.6250
vn -0.9949 0.0127 -0.1005
vn -0.8932 0.0082 -0.4496
vn -0.5715 -0.0032 -0.8206
vn -0.9420 0.0072 0.3355
vn -0.8125 -0.0097 -0.5829
vn -0.9733 -0.0287 -0.2275
vn -0.9463 0.0992 -0.3077
vn -0.8152 -0.2288 -0.5321
vn 0.2871 -0.7994 -0.5277
vn -0.0944 -0.9678 -0.2334
vn -0.1601 -0.9402 -0.3006
vn 0.4968 -0.7167 -0.4894
vn 0.1247 -0.8290 -0.5452
vn 0.6681 0.1423 0.7303
vn -0.2946 -0.7466 -0.5965
vn -0.6985 -0.6787 -0.2270
vn -0.5725 -0.8116 -0.1165
vn -0.6461 -0.6497 -0.4006
vn 0.1746 0.9751 0.1367
vn 0.0771 0.9119 0.4031
vn 0.1486 0.8874 0.4363
vn 0.0464 0.8725 0.4865
vn -0.7701 0.6224 0.1401
vn -0.3693 0.9179 0.1452
vn -0.1304 -0.9095 0.3947
vn 0.4049 -0.2467 0.8805
vn 0.4141 -0.2452 0.8766
vn 0.5904 -0.8039 -0.0721
vn 0.7940 -0.5950 0.1243
vn 0.1135 -0.9276 0.3558
vn 0.6971 -0.4454 0.5619
vn 0.1197 -0.9851 -0.1238
vn 0.8612 -0.3323 -0.3845
vn 0.8922 -0.3593 -0.2738
vn 0.1064 -0.9555 -0.2753
vn 0.2284 -0.9657 -0.1234
vn -0.9483 0.1619 -0.2730
vn -0.9698 0.1749 -0.1698
vn -0.9902 0.1192 -0.0728
vn -0.9117 0.2111 -0.3525
vn -0.0253 -0.9979 0.0589
vn -0.2755 -0.3649 0.8894
vn -0.8696 -0.4883 -0.0733
vn 0.9925 -0.0472 -0.1130
vn 0.8750 -0.0301 0.4832
vn 0.9458 0.1150 -0.3036
vn 0.9463 0.1149 -0.3022
vn 0.4014 -0.0396 0.9151
vn 0.1959 0.0019 0.9806
vn 0.0344 -0.5388 0.8417
vn 0.3132 -0.3102 0.8976
vn -0.2674 -0.4562 0.8488
vn -0.2509 -0.6980 0.6707
vn -0.2498 -0.6925 0.6768
vn -0.3404 -0.4994 0.7967
vn -0.1290 -0.6045 0.7861
vn -0.0476 -0.6308 0.7745
vn -0.3390 -0.7769 0.5305
vn -0.3124 -0.8535 0.4171
vn -0.1128 -0.8721 0.4761
vn -0.0749 -0.9535 0.2919
vn -0.0264 -0.9687 0.2470
vn 0.0077 -0.7961 0.6051
vn 0.0129 -0.7536 0.6572
vn -0.0866 -0.8386 0.5378
vn -0.5156 -0.8297 0.2141
vn -0.5154 -0.8453 0.1409
vn -0.7443 -0.6308 -0.2191
vn -0.6628 -0.6346 -0.3974
vn -0.3752 -0.8204 -0.4314
vn -0.4268 -0.8901 -0.1598
vn -0.2289 -0.9721 0.0515
vn -0.4176 -0.8953 -0.1550
vn -0.2757 -0.9350 0.2232
vn -0.3735 -0.9249 0.0707
vn -0.9167 -0.2801 -0.2849
vn -0.8624 -0.2199 -0.4560
vn -0.9091 -0.3247 -0.2609
vn -0.8127 -0.2661 -0.5183
vn 0.1378 -0.5884 -0.7967
vn -0.0907 -0.9452 -0.3136
vn -0.1159 -0.8743 -0.4714
vn 0.2017 -0.8436 -0.4977
vn 0.2302 -0.8581 -0.4590
vn -0.0477 -0.9594 -0.2779
vn -0.0305 -0.9824 -0.1844
vn -0.2356 -0.9284 -0.2873
vn -0.2774 -0.8708 -0.4060
vn 0.1563 -0.6390 0.7532
vn 0.2383 -0.6901 0.6833
vn 0.3192 -0.4492 0.8345
vn 0.3693 -0.4988 0.7841
vn -0.1291 -0.7659 -0.6299
vn -0.4509 -0.6776 -0.5810
vn 0.9900 -0.0439 0.1343
vn 0.9314 0.3636 -0.0193
vn 0.6928 0.7200 -0.0406
vn -0.9351 0.3372 -0.1085
vn -0.9832 -0.1598 -0.0884
vn -0.9424 0.2987 -0.1505
vn -0.8681 0.4876 -0.0931
vn -0.4179 0.9015 -0.1129
vn -0.6486 0.7470 -0.1463
vn -0.7709 0.3573 -0.5273
vn -0.8833 -0.0131 -0.4686
vn 0.0216 -0.9990 0.0401
vn 0.0202 -0.9910 0.1324
vn 0.0120 -0.9980 0.0617
vn -0.9764 -0.0744 -0.2029
vn -0.9484 0.2551 -0.1882
vn -0.6053 0.5750 -0.5504
vn -0.9625 0.2541 0.0953
vn -0.4551 -0.8901 -0.0222
vn -0.1120 -0.9936 -0.0157
vn 0.6538 -0.3105 0.6900
vn 0.6764 -0.1406 0.7230
vn 0.9100 0.4133 0.0323
vn 0.9708 0.1835 0.1543
vn 0.9058 0.2482 -0.3433
vn 0.5749 0.3408 -0.7439
vn 0.3192 0.3952 -0.8614
vn 0.4884 0.2345 -0.8405
vn 0.7387 0.2301 -0.6335
vn 0.9544 0.1324 0.2675
vn 0.7251 0.0535 -0.6865
vn 0.8891 0.3327 0.3143
vn -0.9972 -0.0376 -0.0651
vn -0.9822 0.1442 0.1202
vn -0.9425 0.0936 -0.3207
vn -0.9862 -0.0530 0.1567
vn -0.9850 -0.1445 -0.0941
vn -0.1643 0.8316 -0.5306
vn -0.1686 0.8346 -0.5245
vn -0.1222 0.9843 0.1274
vn 0.2452 0.9511 0.1878
vn 0.1499 0.9754 0.1619
vn 0.1768 0.9810 -0.0802
vn 0.1371 0.9902 -0.0268
vn 0.4489 0.8869 -0.1092
vn 0.2790 0.7039 -0.6532
vn -0.0910 0.3573 -0.9295
vn 0.0210 0.8628 -0.5051
vn -0.0344 0.9693 -0.2434
vn -0.8987 0.2084 -0.3858
vn -0.2410 0.1041 -0.9649
vn -0.1833 -0.0027 -0.9831
vn 0.0320 0.0498 -0.9982
vn -0.1849 0.1519 -0.9710
vn -0.5907 -0.0394 -0.8059
vn -0.5817 -0.2401 -0.7771
vn -0.4136 -0.2166 -0.8843
vn -0.2378 -0.0751 -0.9684
vn -0.2574 -0.2320 -0.9380
vn 0.0353 -0.1447 -0.9888
vn 0.2038 -0.1280 -0.9706
vn 0.2042 0.0081 -0.9789
vn 0.4138 0.0260 -0.9100
vn 0.6180 0.1238 -0.7764
vn 0.4693 -0.0401 -0.8821
vn 0.5758 -0.0148 -0.8175
vn 0.7919 0.1563 -0.5903
vn 0.6697 0.1321 -0.7308
vn 0.5547 -0.7980 0.2358
vn -0.1790 -0.9759 -0.1252
vn -0.0888 -0.0332 0.9955
vn -0.1015 0.2557 0.9614
vn 0.1626 0.4280 0.8890
vn 0.7416 0.1818 0.6457
vn 0.8175 0.5211 0.2453
vn 0.1007 0.8493 0.5183
vn 0.1803 0.8033 0.5676
vn 0.6408 0.6592 -0.3936
vn 0.7911 0.0083 0.6116
vn 0.9263 0.0162 0.3765
vn -0.4082 0.0980 -0.9076
vn -0.2954 -0.0030 -0.9554
vn 0.0956 -0.0109 -0.9954
vn -0.8961 -0.0007 0.4439
vn -0.7583 0.0197 0.6516
vn -0.9781 0.0123 0.2077
vn 0.0556 0.0068 0.9984
vn -0.8439 -0.0089 -0.5364
vn -0.6541 -0.0028 -0.7564
vn 0.1111 0.5211 0.8462
vn 0.1250 0.5438 0.8299
vn 0.1825 0.0387 0.9824
vn -0.2751 0.5629 0.7794
vn 0.1516 -0.5115 0.8458
vn 0.1961 -0.4202 0.8860
vn -0.1907 -0.4788 0.8569
vn -0.6390 -0.7516 0.1636
vn -0.6553 0.1193 0.7459
vn -0.0262 -0.9983 0.0518
vn -0.8607 0.0056 0.5092
vn -0.6307 0.7031 0.3286
vn -0.8026 0.4900 0.3403
vn -0.7981 0.5002 0.3360
vn -0.6097 0.5917 0.5275
vn 0.0484 0.9710 0.2341
vn 0.0938 0.9571 0.2741
vn 0.1298 0.7328 0.6679
vn 0.5355 0.6909 0.4857
vn -0.1586 0.8629 0.4798
vn -0.3949 0.6742 0.6241
vn -0.1655 0.8663 0.4713
vn -0.4786 0.8069 0.3462
vn -0.1006 0.8847 0.4551
vn -0.9455 0.3179 -0.0701
vn 0.7894 0.2741 0.5493
vn 0.6834 0.4173 0.5991
vn 0.5431 0.7240 0.4253
vn 0.3927 0.8598 0.3265
vn 0.0204 -0.9858 0.1668
vn 0.0286 -0.9949 -0.0968
vn 0.4493 -0.6106 0.6521
vn 0.6593 -0.5773 -0.4818
vn -0.8532 0.5042 0.1336
vn -0.3994 0.8851 0.2391
vn -0.8017 0.5662 0.1916
vn -0.9545 0.2979 0.0108
vn -0.9814 0.1799 0.0669
vn -0.9825 0.1507 -0.1096
vn -0.9586 0.1565 -0.2380
vn -0.9200 -0.3459 0.1844
vn -0.5125 0.8279 0.2279
vn -0.4086 0.9127 0.0077
vn -0.4628 0.8860 0.0292
vn -0.0642 0.9943 0.0849
vn -0.3540 0.9292 0.1062
vn -0.2151 -0.9456 0.2442
vn -0.2179 -0.9756 0.0253
vn 0.5629 -0.7747 0.2881
vn 0.1996 -0.9391 0.2796
vn 0.4882 -0.8556 -0.1719
vn -0.1602 -0.7789 0.6064
vn -0.4148 -0.7315 0.5412
vn 0.8692 -0.0444 0.4924
vn 0.0378 0.3824 -0.9232
vn 0.8294 -0.5141 0.2185
vn 0.7138 0.6464 0.2695
vn 0.6712 0.7357 0.0907
vn 0.7218 0.6521 0.2318
vn 0.0747 0.9111 -0.4054
vn 0.2995 0.8906 -0.3421
vn 0.3354 0.9377 -0.0903
vn 0.4714 0.8806 0.0485
vn 0.5239 -0.5329 0.6645
vn 0.6086 -0.5294 0.5910
vn 0.6645 -0.2741 0.6952
vn 0.7288 -0.1947 0.6565
vn 0.7319 -0.6234 0.2751
vn -0.8712 -0.4263 0.2435
vn -0.6583 -0.6522 0.3760
vn -0.6603 -0.6286 0.4108
vn -0.7175 -0.6535 -0.2410
vn -0.6030 -0.6173 -0.5053
vn -0.1608 -0.4676 -0.8692
vn -0.3884 -0.6532 -0.6500
vn -0.0397 -0.7705 -0.6362
vn 0.2152 -0.7163 -0.6638
vn -0.3092 -0.1771 -0.9344
vn -0.4844 -0.3150 -0.8161
vn -0.5751 0.2344 -0.7838
vn -0.0204 0.0856 -0.9961
vn -0.3210 0.5283 -0.7861
vn -0.0285 -0.1946 -0.9805
vn -0.4045 -0.0040 -0.9145
vn -0.5098 0.4053 -0.7589
vn -0.5755 -0.8165 -0.0463
vn 0.3050 0.3212 -0.8966
vn 0.1878 0.1357 -0.9728
vn -0.1914 0.7435 -0.6407
vn -0.0555 0.7609 -0.6465
vn -0.3428 0.8285 -0.4429
vn -0.8574 0.2357 -0.4575
vn -0.5447 0.7367 -0.4006
vn -0.5775 0.6982 -0.4230
vn -0.7731 0.5344 -0.3415
vn -0.8274 0.5407 -0.1518
vn -0.9104 0.2287 -0.3448
vn -0.3883 -0.7122 0.5848
vn -0.0669 -0.6419 0.7639
vn -0.3217 -0.6551 0.6836
vn -0.2335 -0.7712 0.5922
vn 0.7647 -0.3618 0.5332
vn 0.7433 -0.4936 0.4515
vn 0.5385 -0.4254 0.7274
vn 0.7561 -0.6385 0.1436
vn 0.7915 -0.5238 0.3148
vn 0.4404 -0.5061 0.7416
vn 0.7548 -0.6444 -0.1227
vn 0.6310 -0.7749 -0.0364
vn -0.9212 -0.3889 0.0070
vn -0.5606 -0.8273 -0.0367
vn -0.8870 -0.4616 -0.0116
vn -0.9248 0.1764 0.3371
vn -0.7894 0.2652 0.5536
vn -0.7059 0.1101 0.6997
vn 0.5949 0.2463 0.7652
vn 0.5745 0.6923 0.4366
vn 0.8626 0.4685 0.1910
vn 0.9071 0.3666 0.2069
vn 0.6169 0.7566 0.2166
vn 0.9962 -0.0411 0.0763
vn -0.8693 -0.0569 -0.4910
vn -0.8476 0.0839 -0.5240
vn -0.7165 -0.1077 -0.6892
vn -0.7470 -0.1644 -0.6442
vn -0.7508 0.0291 -0.6599
vn 0.0677 0.2879 -0.9553
vn -0.0842 0.2393 -0.9673
vn -0.2528 0.3484 -0.9026
vn 0.4036 0.2257 -0.8867
vn 0.2020 0.2994 -0.9325
vn -0.4364 0.1861 -0.8803
vn 0.6089 0.1593 -0.7771
vn -0.9619 0.2628 -0.0751
vn -0.6739 0.1237 -0.7284
vn -0.7091 0.1372 -0.6917
vn -0.9210 0.0890 -0.3794
vn -0.5124 0.0611 -0.8566
vn -0.9665 -0.2158 0.1393
vn 0.1716 0.3972 0.9015
vn 0.2328 -0.5446 0.8057
vn 0.2966 -0.4218 0.8568
vn -0.4846 -0.2102 0.8491
vn -0.9511 -0.0189 0.3082
vn -0.8920 -0.2156 0.3973
vn -0.7579 0.4902 0.4304
vn -0.7737 0.5356 0.3382
vn -0.6813 -0.5346 0.5001
vn 0.9922 0.0018 -0.1245
vn -0.2255 -0.8446 0.4856
vn -0.0518 -0.9963 0.0692
vn -0.2162 -0.8384 0.5004
vn -0.2024 -0.9693 0.1398
vn 0.7287 0.0150 0.6847
vn 0.9895 0.0005 0.1447
vn 0.7555 0.0259 -0.6546
vn 0.8119 0.0115 -0.5837
vn 0.9215 -0.0218 0.3877
vn -0.2969 0.0139 0.9548
vn 0.9899 0.0377 -0.1368
vn 0.7592 0.0278 -0.6502
vn -0.7748 -0.0553 0.6298
vn 0.1506 0.0171 -0.9885
vn 0.3928 0.2268 0.8912
vn 0.7580 0.0250 0.6517
vn 0.0624 0.0985 0.9932
vn -0.9723 -0.0606 0.2257
vn -0.9993 -0.0182 0.0330
vn 0.5766 0.0060 -0.8170
vn 0.7121 -0.0047 -0.7021
vn -0.7653 0.0587 -0.6410
vn 0.4438 0.1897 -0.8758
vn -0.8922 0.0282 -0.4508
vn -0.8881 0.0801 -0.4526
vn -0.9526 -0.0052 0.3041
vn -0.6121 0.2573 0.7478
vn -0.6830 0.5756 0.4496
vn -0.0695 0.5210 0.8507
vn 0.1607 0.4824 0.8611
vn 0.2995 0.2005 0.9328
vn 0.6217 0.6141 -0.4862
vn -0.0214 0.6604 -0.7506
vn 0.1984 0.9691 -0.1467
vn -0.0906 -0.9429 0.3204
vn -0.4734 0.8718 -0.1263
vn -0.5264 0.8491 -0.0442
vn -0.4929 0.0961 0.8648
vn 0.7994 -0.5315 0.2802
vn -0.7346 0.0690 0.6750
vn 0.0563 0.1275 0.9902
vn 0.4375 0.0941 0.8943
vn -0.9552 0.0512 0.2914
vn -0.5287 0.0852 0.8445
vn -0.3737 0.1120 0.9208
vn 0.2604 -0.1411 -0.9551
vn 0.3576 -0.2847 -0.8894
vn 0.4736 -0.2128 -0.8547
vn -0.0010 -0.3244 -0.9459
vn -0.0258 -0.3637 -0.9312
vn 0.3492 -0.2995 -0.8879
vn 0.6903 -0.1019 -0.7163
vn -0.9527 0.0057 -0.3040
vn -0.2987 0.0018 -0.9543
vn -0.4718 0.0202 -0.8815
vn 0.3104 0.7393 -0.5975
vn 0.4043 0.7247 -0.5580
vn 0.8676 0.4774 -0.1392
vn 0.7341 0.4994 -0.4602
vn 0.7360 0.4980 -0.4587
vn -0.0556 -0.4337 0.8994
vn 0.2822 -0.3735 0.8837
vn 0.0636 -0.6484 0.7586
vn 0.2430 -0.7471 0.6187
vn 0.5458 -0.2880 0.7869
vn 0.2549 -0.7519 0.6080
vn 0.8883 -0.2011 -0.4130
vn 0.8571 -0.1556 -0.4912
vn 0.8058 -0.3842 -0.4506
vn 0.7540 -0.3682 -0.5439
vn 0.7448 0.0051 -0.6673
vn 0.3831 -0.7685 0.5125
vn 0.4693 -0.6720 0.5729
vn 0.4930 -0.8206 0.2892
vn 0.5825 -0.7582 0.2928
vn 0.5513 -0.8320 -0.0619
vn 0.5332 0.1061 -0.8393
vn 0.8792 0.0907 -0.4678
vn 0.9968 0.0306 0.0739
vn 0.7357 0.0797 0.6726
vn 0.8975 0.0520 0.4380
vn 0.6739 -0.0191 -0.7386
vn 0.8828 -0.0063 -0.4697
vn 0.5895 -0.0004 -0.8077
vn 0.2853 -0.0897 -0.9542
vn 0.2643 -0.0790 -0.9612
vn -0.0761 0.0420 -0.9962
vn 0.1945 0.0341 -0.9803
vn 0.1149 -0.8044 0.5828
vn 0.0554 -0.9309 0.3610
vn -0.1855 -0.9607 -0.2066
vn -0.5019 -0.8636 -0.0478
vn -0.5786 -0.8156 0.0016
vn -0.5721 -0.7873 0.2299
vn -0.5112 -0.7993 0.3160
vn -0.4979 -0.6234 0.6028
vn -0.0560 -0.7614 0.6458
vn 0.9439 0.0105 0.3302
vn 0.5192 0.1949 0.8321
vn 0.1654 -0.0455 0.9852
vn -0.6528 -0.4120 0.6357
vn -0.6876 -0.5055 0.5212
vn -0.2435 -0.2351 0.9410
vn 0.2603 -0.1540 0.9532
vn -0.8572 -0.4973 0.1338
vn -0.9308 -0.1631 0.3270
vn -0.8235 -0.5106 0.2471
vn 0.8421 0.0821 0.5330
vn 0.1990 -0.2484 0.9480
vn -0.4325 -0.0716 0.8988
vn 0.9448 0.0145 0.3273
vn 0.9502 -0.2992 0.0872
vn 0.9641 -0.1343 0.2292
vn 0.7301 -0.5734 -0.3717
vn -0.9451 -0.0680 -0.3197
vn -0.8831 -0.0782 -0.4626
vn -0.8811 0.1137 -0.4590
vn -0.7465 -0.2026 -0.6338
vn -0.6485 -0.1152 -0.7524
vn 0.6182 0.5788 -0.5318
vn 0.9209 0.3879 -0.0386
vn 0.6220 0.5770 -0.5293
vn -0.5819 -0.1155 -0.8050
vn -0.6295 -0.4341 -0.6444
vn -0.7621 -0.4224 -0.4907
vn -0.6545 -0.6786 -0.3335
vn -0.8095 -0.3535 -0.4688
vn -0.8162 -0.1769 -0.5500
vn -0.8311 -0.1054 -0.5460
vn -0.8975 -0.0394 -0.4393
vn -0.2960 0.2182 -0.9299
vn -0.6968 0.1123 -0.7084
vn -0.4228 0.1522 -0.8934
vn -0.1262 0.2824 -0.9510
vn 0.3896 0.1932 -0.9005
vn 0.2514 0.3959 -0.8832
vn 0.9889 -0.1472 -0.0222
vn 0.8817 0.2400 -0.4062
vn 0.7087 -0.3273 -0.6250
vn -0.0901 0.6300 -0.7713
vn -0.4166 0.6609 -0.6243
vn 0.3516 -0.0262 -0.9358
vn -0.7348 0.3406 -0.5866
vn -0.7237 0.4865 -0.4895
vn -0.4624 -0.3463 -0.8163
vn -0.5110 -0.3381 -0.7903
vn -0.4304 -0.5717 -0.6986
vn -0.5906 -0.4507 -0.6694
vn -0.5818 -0.4724 -0.6621
vn -0.3102 -0.4023 -0.8613
vn -0.3903 -0.4019 -0.8283
vn -0.3763 -0.0309 -0.9260
vn -0.0409 -0.0989 -0.9943
vn -0.9110 0.1866 0.3678
vn -0.3896 0.1897 0.9012
vn -0.8019 0.1524 0.5777
vn -0.9981 0.0601 -0.0109
vn -0.9491 0.0911 0.3015
vn 0.4219 0.7147 0.5578
vn 0.1470 0.9566 0.2515
vn 0.8020 -0.5525 -0.2271
vn 0.9916 0.0524 0.1185
vn 0.6473 -0.7059 -0.2876
vn 0.6568 -0.5006 -0.5640
vn 0.7328 -0.3014 -0.6100
vn 0.5564 -0.7455 -0.3671
vn 0.4831 -0.6346 -0.6033
vn 0.5771 -0.7514 -0.3201
vn 0.5092 -0.8454 -0.1612
vn 0.3988 -0.9002 0.1751
vn 0.3952 -0.9065 0.1486
vn 0.3269 -0.9282 -0.1774
vn 0.2165 -0.9723 0.0877
vn 0.4049 -0.8141 -0.4163
vn -0.0458 -0.4869 -0.8723
vn -0.0407 -0.5478 -0.8356
vn -0.0095 -0.4426 -0.8967
vn 0.2335 -0.6153 -0.7529
vn 0.0151 -0.7363 -0.6765
vn 0.0772 -0.6509 -0.7552
vn -0.2377 -0.4690 -0.8506
vn -0.2864 -0.5927 -0.7528
vn -0.3957 -0.5578 -0.7296
vn 0.7580 -0.2249 -0.6123
vn 0.6068 -0.3603 -0.7085
vn 0.2132 -0.8220 -0.5281
vn 0.4462 -0.7847 -0.4304
vn 0.1231 -0.8283 -0.5466
vn 0.2835 -0.6469 -0.7079
vn 0.4509 -0.8492 0.2748
vn 0.5445 -0.8347 -0.0822
vn 0.7462 -0.6652 0.0268
vn 0.6839 -0.3745 0.6261
vn 0.4903 -0.8329 0.2565
vn -0.2351 -0.8304 0.5052
vn 0.0472 -0.9877 0.1491
vn 0.0666 -0.9890 0.1321
vn -0.1708 -0.9239 -0.3424
vn 0.3340 -0.9059 -0.2605
vn 0.3731 -0.8136 -0.4458
vn -0.5024 -0.8034 -0.3196
vn -0.7661 -0.6321 -0.1159
vn -0.9230 -0.3821 0.0447
vn -0.9835 -0.0897 0.1570
vn -0.9979 0.0192 -0.0625
vn -0.9334 0.2576 -0.2499
vn -0.8741 0.4668 0.1343
vn -0.6791 0.7204 0.1409
vn -0.8614 0.4954 0.1123
vn -0.9796 -0.0905 0.1796
vn -0.8010 0.5669 -0.1923
vn -0.8449 0.3724 0.3839
vn -0.8855 0.1930 0.4227
vn -0.8557 -0.1165 0.5043
vn -0.6151 0.6925 0.3771
vn -0.5177 0.6896 0.5064
vn -0.1581 0.7277 0.6674
vn -0.1337 0.5399 0.8311
vn -0.1766 0.0448 0.9833
vn 0.2941 0.7730 0.5621
vn 0.0086 0.9300 0.3674
vn -0.3751 0.7960 0.4750
vn -0.4695 0.8619 0.1913
vn -0.2921 0.9188 0.2655
vn -0.0264 -0.3115 0.9499
vn -0.1928 0.9731 0.1264
vn -0.2892 0.9512 -0.1077
vn -0.4910 0.8683 -0.0704
vn 0.1716 0.9835 0.0580
vn 0.3457 0.9258 0.1528
vn 0.2871 0.9542 0.0837
vn 0.1122 0.8497 -0.5152
vn 0.1109 0.9700 0.2165
vn 0.3572 0.8817 0.3082
vn 0.1614 0.9274 0.3374
vn 0.7387 0.6392 0.2140
vn 0.4177 0.8521 0.3154
vn 0.4199 0.7275 0.5427
vn 0.4482 -0.8938 -0.0143
vn 0.6980 -0.2700 0.6632
vn 0.5002 0.7742 0.3878
vn 0.8376 -0.3268 0.4378
vn -0.0129 -0.7857 -0.6185
vn -0.1095 -0.8315 -0.5446
vn 0.2058 -0.7751 -0.5974
vn -0.1844 -0.9059 -0.3813
vn 0.6134 -0.3594 -0.7033
vn 0.6239 0.5157 -0.5872
vn -0.1095 0.1540 0.9820
vn -0.2622 0.2443 0.9336
vn 0.0163 0.2638 0.9644
vn -0.5636 0.1871 0.8045
vn -0.7418 0.2021 0.6394
vn -0.9413 0.1840 0.2831
vn -0.8183 0.2205 0.5308
vn -0.9553 0.0598 -0.2894
vn -0.8675 -0.0254 -0.4967
vn 0.6160 0.1565 0.7720
vn 0.8413 0.1589 0.5167
vn -0.3546 0.5527 0.7542
vn 0.1535 0.5302 0.8339
vn 0.1102 0.3477 0.9311
vn -0.9346 0.2774 0.2226
vn -0.8036 0.4617 0.3755
vn 0.9782 -0.0097 -0.2077
vn 0.6969 0.0711 0.7137
vn 0.8785 0.1463 0.4547
vn 0.9674 0.1443 0.2083
vn 0.9458 -0.0071 -0.3247
vn -0.0515 -0.9897 -0.1339
vn 0.1937 -0.9714 -0.1370
vn -0.0271 -0.8890 -0.4571
vn 0.7047 -0.7075 0.0532
vn 0.9698 -0.2039 0.1341
vn 0.9270 0.3716 0.0500
vn 0.9492 0.3113 0.0456
vn 0.7339 0.6776 -0.0470
vn -0.8763 -0.4572 -0.1518
vn -0.4606 -0.8873 -0.0216
vn 0.2190 0.1747 -0.9599
vn -0.6297 -0.6559 -0.4162
vn 0.9736 -0.1323 0.1862
vn 0.5847 0.7933 0.1694
vn 0.9746 -0.0669 0.2137
vn 0.8582 0.0457 0.5113
vn 0.8798 -0.0057 0.4753
vn 0.6455 0.0282 0.7633
vn 0.8035 0.4791 0.3534
vn 0.7985 0.4344 0.4168
vn 0.9318 -0.1515 0.3299
vn 0.8810 -0.1675 0.4425
vn 0.4341 -0.0917 0.8962
vn 0.7526 -0.5142 0.4114
vn 0.1671 0.9815 -0.0934
vn 0.4255 0.9015 -0.0791
vn 0.2919 -0.9109 0.2917
vn -0.2195 -0.9548 -0.2004
vn 0.6112 -0.1091 -0.7839
vn 0.6537 -0.1182 -0.7474
vn -0.4972 0.1591 -0.8529
vn 0.3205 0.5353 -0.7815
vn 0.9227 0.3791 -0.0694
vn 0.6278 0.7438 0.2293
vn 0.5443 0.7335 0.4071
vn 0.3308 0.9039 -0.2713
vn 0.7583 0.4474 -0.4741
vn -0.8055 0.0995 -0.5842
vn -0.5338 0.7249 -0.4355
vn -0.9548 0.2955 -0.0331
vn -0.4991 0.7198 0.4825
vn -0.2568 0.9665 0.0045
vn 0.1047 0.6205 -0.7772
vn -0.4068 0.5873 -0.6997
vn 0.4815 0.3135 0.8185
vn 0.8746 0.4761 -0.0916
vn 0.6863 -0.0445 -0.7260
vn 0.7038 0.4443 0.5543
vn 0.3723 0.5296 0.7622
vn 0.1979 0.9653 0.1701
vn 0.0288 0.7735 0.6332
vn 0.0424 0.5657 0.8235
vn -0.2735 0.2186 0.9367
vn 0.3665 0.5316 0.7636
vn 0.2581 0.9388 0.2281
vn -0.6858 0.6848 0.2465
vn -0.6772 0.6327 0.3758
vn -0.3527 -0.9186 -0.1784
vn -0.6477 -0.5057 -0.5699
vn -0.7394 -0.2744 -0.6148
vn -0.7271 -0.1778 -0.6631
vn -0.8131 -0.5715 -0.1111
vn -0.9638 -0.2335 -0.1284
vn -0.8347 0.1059 -0.5405
vn -0.9733 0.0588 -0.2219
vn -0.8987 -0.3380 0.2794
vn -0.0743 -0.7233 0.6866
vn -0.5788 -0.8055 0.1271
vn 0.6818 -0.4947 0.5390
vn 0.3257 -0.3445 0.8805
vn 0.2018 -0.8092 0.5518
vn -0.4111 0.0232 0.9113
vn -0.4320 0.0017 0.9019
vn -0.0852 -0.4394 0.8942
vn -0.7568 0.3604 0.5454
vn -0.0371 0.5684 0.8219
vn 0.6606 -0.6930 -0.2887
vn 0.7098 0.6639 -0.2353
vn 0.8598 -0.1196 -0.4964
vn 0.2407 -0.8813 -0.4066
vn -0.4203 -0.0575 -0.9056
vn -0.2837 -0.1711 -0.9435
vn -0.3436 -0.1717 -0.9233
vn -0.6642 -0.1136 -0.7389
vn -0.5233 -0.1350 -0.8414
vn 0.3142 -0.0384 0.9486
vn 0.3057 -0.1797 -0.9350
vn 0.2623 -0.1742 -0.9491
vn 0.5323 0.8009 -0.2743
vn 0.4945 0.8156 -0.3004
vn 0.1199 0.9686 -0.2176
vn 0.0637 0.0737 -0.9952
vn -0.8072 0.5900 0.0155
vn -0.6579 0.7523 0.0348
vn -0.6502 0.1336 -0.7480
vn -0.5584 0.0573 -0.8276
vn -0.3385 0.4674 -0.8167
vn -0.8404 0.4275 -0.3332
vn -0.4848 0.8146 0.3185
vn -0.4616 0.8232 0.3304
vn -0.7260 0.4805 0.4921
vn 0.2746 0.4635 -0.8425
vn 0.7680 0.5507 -0.3271
vn 0.4442 0.8787 0.1750
vn 0.7013 0.7074 -0.0887
vn 0.9850 0.1475 0.0896
vn 0.7909 0.5865 0.1743
vn 0.7437 -0.2986 0.5982
vn 0.6228 -0.2742 0.7328
vn 0.9110 0.1576 -0.3812
vn 0.9982 -0.0590 -0.0139
vn 0.7735 0.2755 -0.5708
vn 0.7456 0.2688 -0.6098
vn 0.0008 -0.9983 0.0583
vn 0.9884 0.1519 -0.0029
vn 0.9701 -0.1770 0.1660
vn 0.9315 -0.1670 0.3233
vn 0.7902 -0.1250 0.5999
vn 0.8999 -0.1809 0.3967
vn 0.9148 -0.1829 0.3602
vn 0.8606 -0.1975 0.4694
vn 0.9597 -0.2633 0.0978
vn 0.9599 -0.2702 0.0752
vn 0.8991 -0.4378 0.0023
vn 0.8688 -0.3399 -0.3601
vn 0.8810 -0.0860 -0.4651
vn 0.9734 -0.2218 -0.0578
vn 0.7716 -0.2381 0.5898
vn 0.0066 -0.2716 0.9624
vn 0.5289 -0.3488 0.7737
vn 0.1115 -0.2111 0.9711
vn 0.6726 -0.3732 0.6390
vn 0.1273 -0.4058 0.9051
vn 0.3273 -0.4241 0.8444
vn 0.9310 -0.2926 0.2185
vn 0.8681 -0.4691 0.1621
vn 0.0228 -0.4777 0.8782
vn -0.2492 -0.5255 0.8135
vn -0.0930 -0.8570 0.5068
vn -0.2115 -0.9400 0.2676
vn -0.6162 -0.7869 0.0337
vn 0.4523 -0.8635 0.2232
vn 0.7424 -0.6309 0.2254
vn 0.4472 -0.8627 -0.2361
vn 0.1459 -0.7175 -0.6811
vn 0.5240 -0.8151 -0.2469
vn 0.0145 -0.6241 -0.7812
vn 0.0927 -0.9956 0.0145
vn 0.8480 -0.2144 0.4847
vn 0.5992 0.3637 -0.7133
vn 0.3543 -0.0994 -0.9298
vn 0.2728 -0.2327 -0.9335
vn 0.5294 0.0074 -0.8484
vn 0.1628 -0.3129 -0.9357
vn 0.6495 -0.3378 -0.6812
vn 0.7142 -0.0010 -0.6999
vn 0.6585 -0.6233 0.4218
vn 0.8516 -0.4765 0.2184
vn 0.8205 -0.5706 -0.0356
vn 0.8618 -0.5037 0.0593
vn 0.1317 -0.4169 -0.8994
vn 0.7506 -0.5964 -0.2846
vn 0.5314 -0.4729 -0.7028
vn 0.8439 -0.4808 -0.2382
vn 0.9956 0.0474 0.0812
vn 0.0158 0.2379 0.9712
vn -0.0100 0.3848 0.9230
vn 0.0210 0.8953 0.4449
vn 0.9997 0.0052 0.0226
vn -0.0009 -0.5366 -0.8439
vn 0.6889 -0.7207 0.0780
vn 0.1376 -0.9897 0.0388
vn -0.0335 0.2349 0.9714
vn 0.9694 0.1869 0.1592
vn -0.0300 0.9391 -0.3424
vn -0.2540 0.0002 0.9672
vn -0.0018 0.4761 0.8794
vn 0.8399 0.0637 0.5390
vn 0.0105 -0.3524 -0.9358
vn -0.0197 0.2762 -0.9609
vn -0.5144 -0.8523 0.0945
vn -0.0198 0.9879 0.1537
vn -0.0008 -0.8564 -0.5164
vn 0.0121 -0.8681 0.4963
vn -0.8346 0.3494 -0.4258
vn 0.9884 0.1052 -0.1099
vn 1.0000 0.0012 -0.0004
vn 0.5492 0.0170 0.8355
vn -0.0024 0.9708 -0.2397
vn -0.9997 0.0001 0.0248
vn 0.7170 -0.2496 0.6508
vn -0.0068 -0.6579 -0.7531
vn 0.9970 0.0632 0.0439
vn 0.0271 -0.7902 -0.6123
vn 0.9413 -0.3004 -0.1539
vn -0.0121 -0.9765 -0.2153
vn 0.0262 -0.9496 -0.3124
vn 0.0053 -0.9982 0.0601
vn -0.9993 0.0350 0.0118
vn -0.9971 0.0657 -0.0373
vn -0.9992 0.0369 0.0131
vn 0.5317 -0.0002 0.8470
vn -0.9998 -0.0220 0.0015
vn -0.8240 0.5666 0.0002
vn 0.0231 -0.0128 -0.9997
vn -0.0175 -0.3318 0.9432
vn -0.9348 -0.3551 0.0035
vn 0.4530 0.8915 -0.0001
vn 0.0041 1.0000 -0.0012
vn 0.9998 0.0205 0.0008
vn 0.9998 -0.0178 0.0011
vn 0.0296 -0.9938 0.1072
vn 0.0021 0.5621 -0.8271
vn 0.0117 0.5800 -0.8145
vn 0.0053 -0.9998 0.0180
vn 0.4371 0.0202 -0.8992
vn 0.9998 -0.0023 -0.0200
vn 0.5361 -0.0004 0.8441
vn -0.0054 -0.0004 1.0000
vn -0.8469 -0.0018 0.5318
vn 1.0000 -0.0009 -0.0003
vn 0.7841 -0.6206 0.0065
vn -0.0014 1.0000 0.0010
vn -0.0002 0.1137 -0.9935
vn 0.0290 0.9995 -0.0103
vn -0.0219 0.7404 0.6718
vn 0.0215 0.9101 0.4138
vn 0.9205 0.0101 -0.3906
vn 0.0191 -0.6999 0.7139
vn -0.7717 0.6360 0.0097
vn -0.9999 -0.0150 -0.0033
vn 0.0009 0.3194 0.9476
vn -0.0184 -0.9861 -0.1652
vn -0.9060 -0.2762 -0.3208
vn -0.0065 -0.5916 -0.8062
vn 0.0089 -0.5587 -0.8293
vn 0.4975 -0.8674 0.0116
vn 0.9229 -0.3850 -0.0064
vn 0.9471 -0.3209 0.0052
vn -0.9994 -0.0274 -0.0196
vn 0.6675 -0.7444 0.0175
vn 0.0198 0.0068 0.9998
vn 0.2824 -0.9593 -0.0040
vn -0.1872 0.9410 0.2819
vn -0.2683 0.9618 -0.0539
vn 0.5253 -0.8509 0.0045
vn -0.3563 -0.9336 -0.0372
vn -0.5416 0.8406 -0.0040
vn -0.2051 -0.9787 -0.0018
vn -0.7383 -0.6744 0.0037
vn 0.2347 -0.9721 0.0060
vn -0.7886 0.6149 0.0015
vn 0.2656 0.9635 -0.0329
vn -0.6432 0.7654 -0.0227
vn -0.9992 -0.0289 -0.0260
vn 0.5184 0.8551 -0.0017
vn 0.8253 0.5646 0.0138
vn 0.9314 -0.3639 0.0005
vn 0.9892 0.1461 -0.0086
vn 0.7068 -0.7074 -0.0067
vn -0.9986 -0.0525 0.0061
vn -0.9862 -0.1650 -0.0105
vn -0.7778 0.6284 0.0124
vn -0.3766 -0.9262 -0.0161
vn 0.8470 0.5315 0.0111
vn -0.9967 0.0814 -0.0054
vn -0.6001 0.7999 -0.0055
vn 0.6797 0.7335 -0.0003
vn -0.9999 -0.0085 -0.0069
vn 0.2305 0.9730 0.0089
vn 0.8725 0.4885 0.0118
vn 0.9494 0.3140 -0.0053
vn 0.9630 -0.2696 0.0076
vn 0.2039 -0.4889 0.8481
vn 0.9169 -0.3980 -0.0300
vn 0.8434 0.5372 -0.0030
vn -0.0285 0.9991 0.0315
vn -0.8541 0.5202 -0.0001
vn -0.9105 0.4133 -0.0130
vn -0.7849 -0.6196 -0.0071
vn -0.9641 0.2649 0.0180
vn 0.9737 -0.2277 -0.0006
vn 0.9553 -0.2955 0.0064
vn -0.1069 0.9942 0.0066
vn 0.2142 0.9768 0.0067
vn 0.9313 -0.1313 0.3397
vn 0.6643 -0.5980 0.4485
vn -0.9888 0.1493 0.0029
vn 0.5863 -0.8101 -0.0062
vn -0.2025 -0.9745 -0.0967
vn -0.3041 0.9526 0.0110
vn 0.6108 0.7918 0.0042
vn -0.3393 0.9407 -0.0000
vn -0.4338 0.9005 0.0307
vn -0.8259 0.5635 -0.0214
vn -0.9674 -0.2531 0.0063
vn -0.4245 -0.9054 -0.0084
vn -0.4932 0.8680 0.0583
vn 0.9811 0.1888 -0.0424
vn 0.9523 -0.3049 0.0098
vn 0.2460 -0.9692 0.0087
vn 0.5506 -0.8346 -0.0160
vn 0.9605 -0.2777 0.0182
vn 0.3043 0.9525 -0.0104
vn 0.2437 0.9691 0.0374
vn -0.2215 0.9752 -0.0010
vn 0.9957 0.0924 -0.0025
vn -0.5583 -0.8296 -0.0006
vn -0.7729 0.6346 -0.0023
vn -0.9171 0.3986 -0.0007
vn 0.7341 -0.6790 0.0056
vn -0.9923 -0.1238 -0.0069
vn 0.8494 -0.5277 -0.0084
vn 0.6961 -0.7180 0.0012
vn -0.5529 -0.8332 -0.0060
vn 0.9992 -0.0401 0.0066
vn -0.9951 0.0749 -0.0652
vn -0.4705 0.1572 -0.8683
vn -1.0000 -0.0094 -0.0011
vn -1.0000 0.0011 -0.0020
vn -0.8839 -0.0677 0.4627
vn -0.3702 -0.0940 0.9242
vn -0.9579 0.1561 -0.2408
vn -0.9956 -0.0369 0.0860
vn 0.4394 0.7279 -0.5264
vn -0.3719 -0.6919 -0.6189
vn -0.9934 0.0274 -0.1115
vn -0.0933 -0.4111 0.9068
vn 0.5564 -0.3662 0.7458
vn 1.0000 -0.0019 0.0063
vn 0.9756 -0.0657 0.2095
vn -0.9702 -0.0773 0.2295
vn -0.9890 -0.0543 0.1379
vn 1.0000 -0.0014 -0.0045
vn -0.2046 0.3242 -0.9236
vn 1.0000 -0.0002 0.0036
vn -0.9953 0.0329 -0.0913
vn 0.9932 -0.0276 0.1127
vn -1.0000 0.0016 0.0040
vn 0.9334 -0.3588 0.0042
vn 1.0000 -0.0000 0.0011
vn 0.0004 0.9334 0.3589
vn -0.2371 -0.3109 0.9204
vn -1.0000 -0.0006 0.0008
vn -0.8991 -0.0722 0.4318
vn -0.0118 -0.2924 0.9562
vn -0.0078 -0.2998 0.9540
vn 0.0201 -0.1705 0.9852
vn 0.0220 0.1049 -0.9942
vn -0.0061 -0.1918 -0.9814
vn 0.0389 0.9911 -0.1277
vn 0.2731 -0.9620 -0.0047
vn 0.0359 0.5746 -0.8177
vn -0.8475 0.0158 0.5306
vn -0.0013 0.0340 0.9994
vn 0.0194 -0.3250 0.9455
vn 0.0106 -0.9522 0.3054
vn -0.5815 -0.8135 -0.0115
vn 0.0044 0.4228 -0.9062
vn 0.0027 0.5314 -0.8471
vn -0.0264 -0.0830 0.9962
vn -0.0134 0.0235 0.9996
vn 0.0350 -0.9181 0.3947
vn -0.7075 -0.6805 0.1906
vn -0.0032 0.8201 -0.5722
vn 0.9985 0.0289 -0.0454
vn -0.0038 -0.4545 0.8907
vn -0.0279 -0.7033 0.7104
vn 0.7903 0.2176 -0.5728
vn -0.0067 0.2963 -0.9551
vn -0.0044 -1.0000 -0.0005
vn 0.5832 -0.8122 -0.0160
vn 1.0000 0.0003 0.0003
vn 0.9746 0.2018 -0.0968
vn 0.3247 0.0380 0.9451
vn 0.6391 0.0065 0.7691
vn 0.8944 -0.3265 -0.3056
vn -0.0002 -0.4566 0.8897
vn 0.9929 0.1188 0.0022
vn 0.5866 -0.8099 -0.0020
vn 0.3455 -0.9383 -0.0167
vn 0.4741 0.8805 -0.0029
vn 0.5247 0.8512 -0.0133
vn 0.9996 -0.0280 -0.0099
vn 0.9999 -0.0110 -0.0132
vn 0.2318 -0.9727 -0.0068
vn -0.7542 0.6566 -0.0006
vn -0.6140 0.7892 0.0107
vn -1.0000 0.0020 -0.0003
vn -0.2382 -0.2045 0.9494
vn 0.2066 -0.0705 0.9759
vn 0.3149 -0.0917 0.9447
vn 0.2597 -0.1053 0.9599
vn 0.0835 -0.1031 0.9912
vn 0.2221 -0.2641 0.9386
vn 0.1284 -0.2078 -0.9697
vn 0.0730 -0.2296 -0.9706
vn -0.0831 -0.2478 -0.9652
vn -0.0670 0.2569 0.9641
vn 0.0828 0.2477 0.9653
vn 0.3031 0.1783 -0.9361
vn 0.2301 0.2734 -0.9340
vn -0.1994 0.0164 -0.9798
vn -0.1018 0.0258 -0.9945
vn -0.1465 -0.0143 -0.9891
vn -0.0802 0.1012 -0.9916
vn -0.0768 0.2576 -0.9632
vn -0.1129 0.2167 -0.9697
vn 0.3902 -0.6510 0.6511
vn -0.4116 -0.6816 0.6050
vn -0.6950 -0.4628 0.5503
vn -0.0688 -0.6297 0.7737
vn -0.8040 -0.2112 0.5558
vn 0.6167 0.0012 0.7872
vn -0.0745 0.0597 0.9954
vn 0.7394 -0.3986 0.5426
vn 0.2000 -0.4892 0.8489
vn -0.1999 0.4893 -0.8489
vn -0.1964 0.4897 -0.8495
vn 0.0113 0.9999 0.0019
vn 0.0042 0.0015 -1.0000
vn 0.0343 -0.9993 -0.0126
vn 0.0307 -0.0224 0.9993
vn -0.0261 0.0212 0.9994
vn 0.0006 -0.9999 0.0158
vn -0.0620 -0.2678 0.9615
vn 0.1348 -0.4941 0.8589
vn 0.0283 -0.0634 0.9976
vn 0.0852 -0.1273 -0.9882
vn 0.1284 -0.1581 -0.9791
vn -0.1421 -0.1988 -0.9697
vn 0.0870 -0.2718 -0.9584
vn 0.1894 -0.2976 -0.9357
vn -0.2910 -0.2548 -0.9222
vn 0.1527 0.2175 0.9640
vn 0.0839 0.2071 -0.9747
vn 0.0332 0.7298 0.6829
vn -0.3572 0.7029 0.6151
vn 0.8372 -0.2952 0.4604
vn 0.8998 -0.0365 0.4348
vn 0.4650 -0.1530 0.8720
vn 0.5249 -0.5573 -0.6433
vn 0.4229 -0.5870 0.6903
vn 0.4455 -0.5271 0.7237
vn 0.1624 -0.3812 -0.9101
vn 0.4656 -0.6950 -0.5480
vn 0.1400 -0.7967 -0.5879
vn -0.0884 -0.8727 -0.4801
vn -0.3184 -0.8022 0.5051
vn 0.1914 -0.8471 0.4957
vn 0.4774 -0.8438 0.2452
vn -0.2604 0.3035 0.9166
vn 0.6671 -0.6135 0.4225
vn -0.4592 -0.1561 0.8745
vn -0.4351 -0.3347 0.8359
vn -0.5625 0.1481 0.8134
vn -0.9814 0.0397 0.1878
vn -0.8653 0.2296 0.4456
vn -0.1480 0.1878 0.9710
vn -0.1489 0.0929 0.9845
vn -0.1205 -0.2744 -0.9540
vn -0.1248 -0.2888 -0.9492
vn 0.0113 -0.0382 -0.9992
vn -0.0551 0.0533 -0.9971
vn -0.0617 0.1052 -0.9925
vn 0.0110 -0.0786 -0.9968
vn -0.0504 -0.1444 -0.9882
vn -0.2405 -0.1216 -0.9630
vn -0.2157 0.5286 0.8210
vn -0.3830 -0.0208 -0.9235
vn 0.0617 0.1375 0.9886
vn 0.0042 0.1445 0.9895
vn 0.0887 0.9291 0.3590
vn 0.2019 0.3599 0.9109
vn 0.3336 0.3364 0.8807
vn 0.3947 0.3168 0.8625
vn 0.1058 0.0025 -0.9944
vn -0.3894 0.0897 -0.9167
vn -0.3644 0.1070 -0.9251
vn -0.1354 0.0373 -0.9901
vn -0.1561 0.0399 -0.9869
vn -0.8333 0.4462 0.3263
vn -0.0828 0.3874 -0.9182
vn -0.0783 0.3831 -0.9204
vn -0.2093 0.3881 -0.8976
vn 0.1168 0.4034 -0.9076
vn -0.3614 0.2740 -0.8912
vn -0.2566 0.2731 -0.9271
vn 0.0842 0.3399 -0.9367
vn 0.4147 0.0415 -0.9090
vn 0.3289 0.1748 -0.9280
vn 0.3407 -0.1224 -0.9322
vn -0.9736 0.0502 0.2227
vn -0.9232 0.1941 0.3316
vn -0.8916 -0.0336 0.4515
vn -0.2680 -0.8660 0.4221
vn -0.3264 -0.8520 0.4094
vn 0.8127 0.4496 0.3706
vn -0.3373 -0.1496 -0.9294
vn -0.5479 0.7086 0.4447
vn -0.3322 0.7500 0.5719
vn 0.9422 -0.1066 0.3178
vn 0.8527 0.1763 0.4917
vn 0.5761 -0.1725 -0.7990
vn 0.9692 -0.1562 -0.1905
vn -0.1266 -0.0352 -0.9913
vn 0.7512 0.0497 -0.6582
vn 0.8986 0.2638 0.3507
vn 0.8181 0.0567 0.5722
vn 0.9938 0.0108 -0.1110
vn -0.3176 -0.7918 -0.5217
vn -0.6181 -0.7496 0.2366
vn -0.5000 -0.6763 -0.5409
vn -0.0296 -0.0861 -0.9958
vn 0.6537 0.7312 0.1952
vn 0.0384 0.9830 -0.1795
vn 0.7398 0.4075 -0.5353
vn 0.7278 0.4045 0.5539
vn 0.6365 0.4104 0.6530
vn 0.7263 0.2824 0.6267
vn 0.3553 0.2151 0.9097
vn 0.3279 0.0739 0.9418
vn 0.2997 0.0857 0.9502
vn 0.3486 -0.0758 -0.9342
vn 0.0106 -0.0562 -0.9984
vn -0.1368 -0.0127 -0.9905
vn 0.7928 -0.4980 0.3514
vn 0.6411 -0.6839 0.3483
vn 0.9214 -0.2796 0.2700
vn -0.6370 0.6203 -0.4576
vn -0.4437 0.8950 0.0460
vn -0.0840 -0.0283 -0.9961
vn -0.3438 -0.3425 0.8744
vn -0.1699 -0.3864 0.9066
vn -0.1278 -0.8153 0.5648
vn -0.1477 -0.8397 0.5226
vn -0.8734 -0.4823 -0.0678
vn -0.8490 -0.2352 -0.4731
vn -0.0911 0.0743 0.9931
vn -0.0513 -0.0579 0.9970
vn -0.0662 -0.0714 0.9952
vn 0.1182 0.0197 -0.9928
vn -0.9517 0.3060 -0.0243
vn -0.0779 -0.0267 -0.9966
vn -0.9999 0.0068 0.0127
vn -0.7990 -0.6012 -0.0091
vn -0.9922 -0.1232 -0.0190
vn -0.6050 0.7962 0.0084
vn -0.0458 0.9989 0.0071
vn -0.5983 0.8012 0.0108
vn 0.4937 0.8694 -0.0168
vn 0.9916 0.1291 -0.0090
vn -0.0673 0.4380 -0.8965
vn 0.3043 0.1192 -0.9451
vn 0.2017 0.3199 -0.9257
vn 0.2187 -0.2388 -0.9461
vn 0.1423 -0.3692 -0.9184
vn -0.1197 -0.2622 -0.9576
vn -0.3219 -0.2912 -0.9009
vn -0.1307 -0.5267 -0.8399
vn -0.7240 -0.6898 -0.0009
vn -0.9447 -0.3279 0.0002
vn -0.8182 0.5749 0.0022
vn -0.1796 0.9837 -0.0035
vn -0.9853 0.1708 0.0003
vn -0.6113 0.7914 -0.0039
vn 0.9351 0.3543 -0.0007
vn 0.9817 -0.1903 0.0012
vn 0.9384 0.3455 -0.0013
vn 0.2205 -0.5859 0.7798
vn 0.2615 0.5184 -0.8142
vn 0.3933 0.0681 -0.9169
vn -0.9420 -0.3333 -0.0390
vn -0.6792 -0.7273 0.0983
vn -0.0953 0.2040 -0.9743
vn -0.0758 0.1891 -0.9790
vn -0.0961 0.1169 -0.9885
vn -0.3149 0.1331 -0.9398
vn 0.2185 0.1363 -0.9663
vn 0.8168 0.5769 0.0004
vn 0.9424 0.3344 -0.0020
vn 0.9297 -0.3682 0.0022
vn -0.9435 -0.3312 0.0015
vn -0.9997 -0.0264 -0.0017
vn -0.6537 0.7567 0.0028
vn -0.5173 0.8558 -0.0012
vn -0.1128 0.9936 0.0018
vn -0.0543 0.9985 -0.0002
vn 0.5959 -0.8030 -0.0006
vn 0.1982 -0.9802 0.0008
vn -0.8744 -0.4853 -0.0025
vn -0.6906 -0.7232 0.0023
vn -0.1547 0.8427 0.5156
vn -0.5377 0.8105 0.2325
vn -0.7782 -0.0535 0.6257
vn 0.0484 0.0794 0.9957
vn -0.0042 0.0792 0.9969
vn -0.2978 -0.0885 0.9505
vn 0.0277 0.1154 0.9929
vn 0.0285 -0.1041 0.9942
vn -0.0042 0.0792 0.9968
vn -0.0123 -0.0105 0.9999
vn 0.0111 0.0020 0.9999
vn 0.9436 -0.3309 -0.0109
vn 0.7378 -0.6750 -0.0088
vn 0.4630 -0.8861 0.0193
vn -0.0438 -0.9990 -0.0092
vn -0.3426 0.1427 0.9286
vn -0.1879 0.4386 -0.8788
vn 0.9814 -0.1919 0.0011
vn 0.2605 -0.9655 0.0004
vn 0.8107 -0.5854 -0.0040
vn -0.2102 -0.1413 -0.9674
vn 0.2601 -0.1588 -0.9524
vn 0.9334 0.0624 0.3533
vn -0.8348 -0.5135 0.1987
vn 0.3075 0.1663 0.9369
vn 0.4241 -0.1696 0.8896
vn 0.6842 -0.7293 0.0040
vn -0.4468 0.1228 -0.8861
vt 0.456621 0.23578900000000003
vt 0.458634 0.224213
vt 0.438525 0.23163299999999998
vt 0.429680 0.24760899999999997
vt 0.429520 0.234614
vt 0.436973 0.22085900000000003
vt 0.444808 0.214831
vt 0.447874 0.203774
vt 0.464394 0.64995
vt 0.452307 0.651313
vt 0.464972 0.664875
vt 0.508616 0.746297
vt 0.514181 0.704574
vt 0.487758 0.740962
vt 0.437060 0.848719
vt 0.439652 0.874188
vt 0.448063 0.856745
vt 0.508942 0.870274
vt 0.488452 0.88032
vt 0.502659 0.919505
vt 0.485673 0.929069
vt 0.475736 0.886281
vt 0.671920 0.873564
vt 0.664602 0.868042
vt 0.668107 0.883761
vt 0.689008 0.562594
vt 0.681327 0.561438
vt 0.670447 0.563689
vt 0.687652 0.860658
vt 0.691789 0.844306
vt 0.670892 0.839159
vt 0.641902 0.850228
vt 0.649958 0.828355
vt 0.611242 0.857561
vt 0.651159 0.909753
vt 0.666055 0.914241
vt 0.665708 0.900839
vt 0.250345 0.520463
vt 0.241042 0.5308189999999999
vt 0.259542 0.528602
vt 0.540594 0.517441
vt 0.498257 0.538496
vt 0.508264 0.5522819999999999
vt 0.514328 0.560743
vt 0.522660 0.562342
vt 0.539581 0.5366040000000001
vt 0.240739 0.5070669999999999
vt 0.229172 0.506644
vt 0.330836 0.555959
vt 0.304072 0.515147
vt 0.314499 0.558986
vt 0.322699 0.509004
vt 0.341188 0.542567
vt 0.348784 0.5051220000000001
vt 0.285244 0.5226770000000001
vt 0.264235 0.539866
vt 0.593668 0.736518
vt 0.607292 0.765873
vt 0.629610 0.732402
vt 0.649801 0.753698
vt 0.631377 0.758398
vt 0.641290 0.7888459999999999
vt 0.621060 0.794985
vt 0.577223 0.78135
vt 0.581112 0.8137179999999999
vt 0.973046 0.738955
vt 0.967267 0.740109
vt 0.971370 0.7444999999999999
vt 0.971952 0.735697
vt 0.974138 0.730969
vt 0.978222 0.734496
vt 0.978392 0.741735
vt 0.977547 0.746597
vt 0.984032 0.7427900000000001
vt 0.981583 0.747464
vt 0.981955 0.7848269999999999
vt 0.986810 0.788791
vt 0.986618 0.781362
vt 0.975165 0.78174
vt 0.980798 0.788641
vt 0.974628 0.789369
vt 0.971720 0.777028
vt 0.976825 0.798172
vt 0.969785 0.792558
vt 0.976274 0.802628
vt 0.827734 0.441856
vt 0.826892 0.483016
vt 0.839840 0.435771
vt 0.814068 0.440056
vt 0.817107 0.455546
vt 0.790644 0.45220000000000005
vt 0.804605 0.430242
vt 0.464495 0.840824
vt 0.452116 0.831886
vt 0.781491 0.482019
vt 0.768847 0.445184
vt 0.761372 0.48270500000000005
vt 0.742841 0.47036
vt 0.715868 0.465917
vt 0.729594 0.42185300000000003
vt 0.714640 0.423096
vt 0.762673 0.548377
vt 0.797511 0.574411
vt 0.789993 0.564166
vt 0.756406 0.552281
vt 0.711572 0.412118
vt 0.753334 0.392308
vt 0.745836 0.54573
vt 0.736061 0.55543
vt 0.732618 0.547641
vt 0.089172 0.22195900000000002
vt 0.096518 0.239367
vt 0.113121 0.21003499999999997
vt 0.111879 0.187284
vt 0.077349 0.182604
vt 0.121680 0.22946500000000003
vt 0.129365 0.23801300000000003
vt 0.137946 0.207198
vt 0.135696 0.25116799999999995
vt 0.154701 0.21477900000000005
vt 0.145465 0.20925700000000003
vt 0.161676 0.23312
vt 0.116456 0.25175000000000003
vt 0.083302 0.25234199999999996
vt 0.096923 0.25763800000000003
vt 0.068701 0.211105
vt 0.064897 0.225236
vt 0.073879 0.24007500000000004
vt 0.068107 0.257502
vt 0.133572 0.270255
vt 0.119813 0.26863099999999995
vt 0.031612 0.216657
vt 0.016352 0.21127399999999996
vt 0.023104 0.23054699999999995
vt 0.036132 0.25092899999999996
vt 0.341154 0.912002
vt 0.347342 0.906377
vt 0.345560 0.89835
vt 0.164625 0.288779
vt 0.178907 0.279265
vt 0.152315 0.287276
vt 0.046641 0.22494599999999998
vt 0.053740 0.20726100000000003
vt 0.265128 0.6079939999999999
vt 0.260640 0.624274
vt 0.288048 0.629923
vt 0.235137 0.6064499999999999
vt 0.235830 0.624359
vt 0.274827 0.6398010000000001
vt 0.279618 0.610266
vt 0.923910 0.545398
vt 0.920378 0.537686
vt 0.909847 0.5470200000000001
vt 0.917769 0.529641
vt 0.912101 0.535576
vt 0.347160 0.65954
vt 0.341320 0.659786
vt 0.347251 0.670068
vt 0.326595 0.680838
vt 0.925721 0.49856500000000004
vt 0.923904 0.506344
vt 0.930592 0.503287
vt 0.356690 0.680859
vt 0.359512 0.670786
vt 0.312331 0.704272
vt 0.328468 0.705078
vt 0.912611 0.506946
vt 0.904787 0.52166
vt 0.914381 0.5206649999999999
vt 0.913874 0.475843
vt 0.904900 0.48734
vt 0.908078 0.501525
vt 0.915750 0.49621800000000005
vt 0.895469 0.577596
vt 0.901034 0.574793
vt 0.894804 0.566122
vt 0.897898 0.555329
vt 0.900867 0.5678380000000001
vt 0.904728 0.555009
vt 0.043961 0.449956
vt 0.034390 0.46529699999999996
vt 0.051325 0.45359700000000003
vt 0.059508 0.460213
vt 0.046686 0.47259300000000004
vt 0.066697 0.468442
vt 0.061268 0.48388299999999995
vt 0.073517 0.475441
vt 0.031714 0.606205
vt 0.017251 0.599862
vt 0.022146 0.6107819999999999
vt 0.900838 0.501356
vt 0.892656 0.517726
vt 0.894356 0.526857
vt 0.891962 0.37856900000000004
vt 0.892480 0.38170400000000004
vt 0.900820 0.37134999999999996
vt 0.889210 0.34004999999999996
vt 0.890417 0.364696
vt 0.896294 0.35397199999999995
vt 0.907466 0.369255
vt 0.902175 0.357453
vt 0.900600 0.34944600000000003
vt 0.896537 0.336947
vt 0.900671 0.33752400000000005
vt 0.904852 0.374359
vt 0.921228 0.361105
vt 0.909167 0.362476
vt 0.112582 0.608633
vt 0.129724 0.619845
vt 0.122187 0.6013470000000001
vt 0.136380 0.6020380000000001
vt 0.919449 0.369996
vt 0.099233 0.606913
vt 0.103691 0.617456
vt 0.105092 0.6054010000000001
vt 0.928128 0.363171
vt 0.087443 0.536532
vt 0.085913 0.530501
vt 0.076652 0.5216149999999999
vt 0.074839 0.532737
vt 0.089749 0.5348740000000001
vt 0.091012 0.519345
vt 0.065671 0.513459
vt 0.086080 0.505145
vt 0.881015 0.37983999999999996
vt 0.884126 0.371899
vt 0.876419 0.37660499999999997
vt 0.067929 0.494787
vt 0.046008 0.502587
vt 0.034643 0.518678
vt 0.118168 0.63409
vt 0.093098 0.626231
vt 0.106600 0.644314
vt 0.142051 0.606744
vt 0.906982 0.350511
vt 0.146374 0.6340589999999999
vt 0.165326 0.655214
vt 0.146960 0.661442
vt 0.159882 0.625176
vt 0.164853 0.687257
vt 0.144673 0.689792
vt 0.060131 0.6256390000000001
vt 0.055664 0.662783
vt 0.072804 0.661959
vt 0.032510 0.6195999999999999
vt 0.046726 0.644359
vt 0.094847 0.613343
vt 0.072301 0.612305
vt 0.092022 0.660953
vt 0.369644 0.717479
vt 0.386192 0.7176629999999999
vt 0.385669 0.698339
vt 0.398140 0.704261
vt 0.395024 0.716446
vt 0.401073 0.712424
vt 0.007215 0.635659
vt 0.026376 0.617418
vt 0.038606 0.567464
vt 0.040945 0.579553
vt 0.049117 0.576524
vt 0.055469 0.593295
vt 0.061730 0.588347
vt 0.040713 0.586217
vt 0.030619 0.575521
vt 0.028385 0.582873
vt 0.072625 0.573032
vt 0.052633 0.561876
vt 0.065807 0.581727
vt 0.896795 0.430887
vt 0.897894 0.44000399999999995
vt 0.911306 0.42130599999999996
vt 0.897310 0.44725000000000004
vt 0.905341 0.451496
vt 0.021715 0.536428
vt 0.034446 0.552529
vt 0.020369 0.560705
vt 0.017309 0.539253
vt 0.286784 0.72508
vt 0.259561 0.713944
vt 0.273924 0.744077
vt 0.282535 0.710754
vt 0.269648 0.709414
vt 0.242033 0.728201
vt 0.252577 0.766684
vt 0.262901 0.744835
vt 0.239329 0.751917
vt 0.299492 0.735796
vt 0.290566 0.745312
vt 0.306120 0.760795
vt 0.125439 0.694501
vt 0.129789 0.716255
vt 0.156975 0.708561
vt 0.180665 0.689493
vt 0.149258 0.7229
vt 0.131879 0.749986
vt 0.151244 0.738792
vt 0.111816 0.750373
vt 0.107497 0.777584
vt 0.123222 0.776464
vt 0.241295 0.90785
vt 0.269810 0.907709
vt 0.266623 0.883694
vt 0.259615 0.868219
vt 0.279863 0.848666
vt 0.260478 0.825321
vt 0.951443 0.994325
vt 0.952704 0.984003
vt 0.936733 0.984455
vt 0.273325 0.14745200000000003
vt 0.287280 0.15157200000000004
vt 0.282260 0.14416099999999998
vt 0.914505 0.6089180000000001
vt 0.920249 0.603862
vt 0.916483 0.6023430000000001
vt 0.936848 0.525454
vt 0.952425 0.523714
vt 0.937276 0.518649
vt 0.221131 0.18271199999999999
vt 0.223036 0.183261
vt 0.223494 0.18125400000000003
vt 0.937070 0.825311
vt 0.936960 0.82908
vt 0.953159 0.82773
vt 0.953072 0.815303
vt 0.936394 0.815878
vt 0.228378 0.17992799999999998
vt 0.230964 0.17957
vt 0.233600 0.17493999999999998
vt 0.256671 0.143876
vt 0.243769 0.13494399999999995
vt 0.246987 0.14083800000000002
vt 0.244810 0.14015200000000005
vt 0.242162 0.14537199999999995
vt 0.248597 0.16091699999999998
vt 0.252744 0.16161499999999995
vt 0.246447 0.15888599999999997
vt 0.262265 0.16037900000000005
vt 0.974829 0.843494
vt 0.959865 0.844502
vt 0.974914 0.8481460000000001
vt 0.189550 0.05066999999999999
vt 0.188518 0.04530400000000001
vt 0.184357 0.04564500000000005
vt 0.952168 0.544906
vt 0.855353 0.6637379999999999
vt 0.839204 0.66448
vt 0.811410 0.659099
vt 0.845746 0.700898
vt 0.880289 0.654199
vt 0.883578 0.6500859999999999
vt 0.876933 0.654262
vt 0.864988 0.646299
vt 0.862836 0.6519159999999999
vt 0.823942 0.7021470000000001
vt 0.833459 0.703266
vt 0.840066 0.700075
vt 0.858038 0.696797
vt 0.848680 0.706016
vt 0.996540 0.950761
vt 0.981917 0.953346
vt 0.996635 0.954805
vt 0.981385 0.943822
vt 0.873945 0.735924
vt 0.880294 0.74039
vt 0.883391 0.740297
vt 0.896812 0.740496
vt 0.900979 0.738898
vt 0.893814 0.7353080000000001
vt 0.210553 0.19157999999999997
vt 0.215488 0.18968300000000005
vt 0.208860 0.17842000000000002
vt 0.202263 0.181477
vt 0.208112 0.182604
vt 0.100092 0.06733500000000003
vt 0.115866 0.06389
vt 0.098745 0.06051399999999996
vt 0.115739 0.05555600000000005
vt 0.096817 0.06435999999999997
vt 0.099769 0.12470999999999999
vt 0.098919 0.12892400000000004
vt 0.101317 0.13155899999999998
vt 0.098548 0.10339799999999999
vt 0.098621 0.10776600000000003
vt 0.103038 0.10643499999999995
vt 0.100137 0.11116700000000002
vt 0.116351 0.108205
vt 0.116549 0.11924100000000004
vt 0.882933 0.978646
vt 0.887237 0.977615
vt 0.886480 0.971131
vt 0.880099 0.973306
vt 0.878935 0.979222
vt 0.924572 0.839271
vt 0.928015 0.839333
vt 0.927467 0.835126
vt 0.883817 0.98699
vt 0.884534 0.982392
vt 0.893872 0.992522
vt 0.888818 0.9891
vt 0.890049 0.996051
vt 0.100265 0.08890299999999995
vt 0.116089 0.08685100000000001
vt 0.098493 0.08228500000000005
vt 0.916311 0.962697
vt 0.909506 0.959614
vt 0.910648 0.965523
vt 0.066421 0.019658999999999982
vt 0.065863 0.025815000000000032
vt 0.098594 0.026391000000000053
vt 0.422573 0.722147
vt 0.424214 0.716083
vt 0.420966 0.7160409999999999
vt 0.904583 0.95519
vt 0.880090 0.962531
vt 0.887904 0.957196
vt 0.882379 0.958608
vt 0.885428 0.962267
vt 0.882427 0.963965
vt 0.883324 0.963321
vt 0.888622 0.964008
vt 0.891588 0.953286
vt 0.893954 0.955861
vt 0.620783 0.961031
vt 0.617809 0.973181
vt 0.623301 0.965476
vt 0.631487 0.978726
vt 0.638277 0.983418
vt 0.648697 0.983123
vt 0.903229 0.980383
vt 0.905093 0.96391
vt 0.905950 0.960603
vt 0.914372 0.985216
vt 0.909544 0.979677
vt 0.658261 0.986052
vt 0.645686 0.994952
vt 0.655052 0.990931
vt 0.662056 0.971673
vt 0.662317 0.979464
vt 0.654526 0.98442
vt 0.652344 0.983147
vt 0.893177 0.995718
vt 0.915760 0.993506
vt 0.911220 0.990753
vt 0.912675 0.993904
vt 0.656240 0.980107
vt 0.651690 0.970723
vt 0.658817 0.960916
vt 0.657106 0.966637
vt 0.655690 0.9666129999999999
vt 0.653445 0.968581
vt 0.654328 0.983097
vt 0.891277 0.980212
vt 0.899119 0.985307
vt 0.882669 0.967623
vt 0.385435 0.83595
vt 0.388189 0.834543
vt 0.384939 0.834172
vt 0.643917 0.9878
vt 0.637672 0.962157
vt 0.914640 0.97373
vt 0.915565 0.9763809999999999
vt 0.912905 0.972583
vt 0.908930 0.975083
vt 0.906628 0.9668
vt 0.900053 0.959373
vt 0.650262 0.967941
vt 0.649832 0.96386
vt 0.640290 0.953989
vt 0.643562 0.955514
vt 0.644841 0.958184
vt 0.639084 0.950543
vt 0.643746 0.96166
vt 0.653095 0.955702
vt 0.640805 0.962424
vt 0.918307 0.8452999999999999
vt 0.920571 0.846986
vt 0.922240 0.844074
vt 0.924423 0.846615
vt 0.890842 0.967095
vt 0.893189 0.960627
vt 0.626785 0.98453
vt 0.626281 0.990178
vt 0.630778 0.982557
vt 0.635035 0.994804
vt 0.639704 0.991984
vt 0.636136 0.989472
vt 0.637350 0.9857
vt 0.901099 0.951725
vt 0.098484 0.08642899999999998
vt 0.629508 0.976702
vt 0.625980 0.975971
vt 0.141154 0.49009499999999995
vt 0.132529 0.486776
vt 0.138504 0.49520299999999995
vt 0.128443 0.48654600000000003
vt 0.136053 0.484405
vt 0.143704 0.49278500000000003
vt 0.139674 0.484807
vt 0.109339 0.5285949999999999
vt 0.116725 0.508201
vt 0.113657 0.505789
vt 0.142888 0.5033909999999999
vt 0.145429 0.5031209999999999
vt 0.148246 0.498475
vt 0.133122 0.577806
vt 0.128972 0.573761
vt 0.119685 0.576154
vt 0.117753 0.5232939999999999
vt 0.123332 0.5062789999999999
vt 0.128465 0.480892
vt 0.175198 0.52729
vt 0.173819 0.534413
vt 0.178034 0.541975
vt 0.127759 0.5710109999999999
vt 0.133621 0.572154
vt 0.129748 0.567022
vt 0.142095 0.566253
vt 0.137135 0.566473
vt 0.100672 0.544663
vt 0.101122 0.532751
vt 0.098615 0.544547
vt 0.103961 0.5340670000000001
vt 0.106661 0.5241469999999999
vt 0.139108 0.543389
vt 0.144293 0.52601
vt 0.139510 0.5265770000000001
vt 0.147667 0.526003
vt 0.143679 0.544563
vt 0.103239 0.554851
vt 0.109173 0.538241
vt 0.055080 0.997522
vt 0.055111 0.997911
vt 0.055080 0.997532
vt 0.001971 0.997987
vt 0.002062 0.997964
vt 0.002105 0.997907
vt 0.429789 0.808499
vt 0.426093 0.808019
vt 0.426512 0.824166
vt 0.431542 0.817678
vt 0.432774 0.814674
vt 0.423200 0.818041
vt 0.408165 0.818368
vt 0.410332 0.817463
vt 0.398414 0.8035019999999999
vt 0.422563 0.7445010000000001
vt 0.427864 0.738146
vt 0.428426 0.732586
vt 0.419852 0.750401
vt 0.412163 0.737208
vt 0.422905 0.734571
vt 0.399229 0.735575
vt 0.404207 0.741509
vt 0.411017 0.74152
vt 0.425845 0.780833
vt 0.421718 0.785802
vt 0.428341 0.797443
vt 0.385996 0.797446
vt 0.394392 0.803951
vt 0.391891 0.795632
vt 0.421540 0.809851
vt 0.419091 0.813632
vt 0.412390 0.814989
vt 0.419572 0.822495
vt 0.422954 0.822848
vt 0.377498 0.7491129999999999
vt 0.380439 0.761416
vt 0.378123 0.742283
vt 0.449706 0.7321960000000001
vt 0.454831 0.731833
vt 0.447459 0.7272620000000001
vt 0.387695 0.778225
vt 0.387775 0.785235
vt 0.422909 0.773864
vt 0.398054 0.796665
vt 0.432140 0.634706
vt 0.428454 0.6102369999999999
vt 0.416544 0.627264
vt 0.451962 0.20291499999999996
vt 0.457185 0.19479100000000005
vt 0.463940 0.18224700000000005
vt 0.460765 0.170416
vt 0.455682 0.188855
vt 0.482537 0.752247
vt 0.475132 0.7866759999999999
vt 0.500955 0.672748
vt 0.483117 0.705684
vt 0.474411 0.6835260000000001
vt 0.456283 0.820496
vt 0.446944 0.827389
vt 0.436526 0.832157
vt 0.416641 0.866687
vt 0.428874 0.8728629999999999
vt 0.419036 0.848898
vt 0.465966 0.820365
vt 0.551189 0.911253
vt 0.555221 0.850855
vt 0.536125 0.911581
vt 0.534936 0.834551
vt 0.583664 0.8596779999999999
vt 0.551618 0.932208
vt 0.518536 0.921067
vt 0.528334 0.9581230000000001
vt 0.538860 0.956354
vt 0.645040 0.8068770000000001
vt 0.615542 0.833356
vt 0.677021 0.813951
vt 0.642651 0.883212
vt 0.652582 0.8867389999999999
vt 0.240359 0.5382629999999999
vt 0.243957 0.569847
vt 0.259362 0.55489
vt 0.622197 0.94867
vt 0.652466 0.925313
vt 0.233779 0.5547610000000001
vt 0.234540 0.57216
vt 0.229678 0.569129
vt 0.262820 0.457449
vt 0.284719 0.491001
vt 0.274900 0.435238
vt 0.206525 0.45593300000000003
vt 0.191520 0.478376
vt 0.216605 0.492781
vt 0.243605 0.470415
vt 0.306576 0.613718
vt 0.302432 0.577171
vt 0.279786 0.588605
vt 0.265598 0.405467
vt 0.252918 0.427219
vt 0.978034 0.729013
vt 0.961348 0.73815
vt 0.965784 0.745737
vt 0.986733 0.803921
vt 0.749222 0.444453
vt 0.768937 0.432501
vt 0.754506 0.42991
vt 0.764557 0.41940500000000003
vt 0.706711 0.401552
vt 0.743223 0.388447
vt 0.753418 0.35413799999999995
vt 0.696803 0.39451099999999995
vt 0.726031 0.37310200000000004
vt 0.690615 0.38676
vt 0.723143 0.5570999999999999
vt 0.714900 0.56342
vt 0.719994 0.5686629999999999
vt 0.712200 0.57836
vt 0.712937 0.600333
vt 0.840264 0.484448
vt 0.854241 0.47266699999999995
vt 0.861739 0.44645599999999996
vt 0.826009 0.49590500000000004
vt 0.838795 0.500793
vt 0.828966 0.50919
vt 0.817955 0.49153899999999995
vt 0.723097 0.57915
vt 0.723042 0.6062190000000001
vt 0.738865 0.42899600000000004
vt 0.730798 0.465191
vt 0.733406 0.48041199999999995
vt 0.719082 0.483105
vt 0.172420 0.26005999999999996
vt 0.165357 0.25387800000000005
vt 0.167345 0.26944900000000005
vt 0.373023 0.893607
vt 0.406509 0.905623
vt 0.387449 0.893782
vt 0.366997 0.900077
vt 0.355789 0.895427
vt 0.352238 0.911349
vt 0.174289 0.26730699999999996
vt 0.115299 0.31535
vt 0.343396 0.930128
vt 0.338557 0.941083
vt 0.343604 0.976336
vt 0.885882 0.5802229999999999
vt 0.885316 0.57099
vt 0.881310 0.57435
vt 0.894809 0.389165
vt 0.089438 0.542802
vt 0.879601 0.5797479999999999
vt 0.873760 0.585755
vt 0.894062 0.333175
vt 0.914768 0.402037
vt 0.916116 0.389363
vt 0.914331 0.412454
vt 0.919213 0.412343
vt 0.921479 0.399763
vt 0.898950 0.41015
vt 0.103325 0.693189
vt 0.112908 0.6875910000000001
vt 0.107615 0.663077
vt 0.087720 0.693036
vt 0.185554 0.671698
vt 0.180367 0.644002
vt 0.197865 0.633488
vt 0.194509 0.6501140000000001
vt 0.200074 0.66011
vt 0.182079 0.62121
vt 0.928487 0.410945
vt 0.923318 0.424218
vt 0.930483 0.42013199999999995
vt 0.316328 0.716538
vt 0.350396 0.737255
vt 0.019610 0.6409929999999999
vt 0.014363 0.6517729999999999
vt 0.054251 0.601043
vt 0.904826 0.470055
vt 0.915733 0.46853999999999996
vt 0.904510 0.46465
vt 0.898913 0.48294099999999995
vt 0.901900 0.45777999999999996
vt 0.910592 0.461352
vt 0.065444 0.595159
vt 0.310964 0.676825
vt 0.290310 0.6918759999999999
vt 0.221295 0.9374979999999999
vt 0.200893 0.927613
vt 0.200874 0.94449
vt 0.214065 0.9706
vt 0.247045 0.948531
vt 0.220147 0.923264
vt 0.232593 0.861374
vt 0.207353 0.894124
vt 0.822386 0.711481
vt 0.814252 0.7105
vt 0.816069 0.715854
vt 0.936575 0.741018
vt 0.953050 0.756345
vt 0.953247 0.742267
vt 0.926466 0.7496499999999999
vt 0.924552 0.75139
vt 0.249978 0.10602999999999996
vt 0.244980 0.10645700000000002
vt 0.273873 0.10504599999999997
vt 0.975283 0.937474
vt 0.959920 0.936234
vt 0.974771 0.940822
vt 0.959043 0.942651
vt 0.179779 0.19465299999999996
vt 0.180322 0.198253
vt 0.959460 0.901185
vt 0.974913 0.903086
vt 0.975622 0.89752
vt 0.959118 0.90608
vt 0.855219 0.651861
vt 0.853446 0.6514340000000001
vt 0.856611 0.660526
vt 0.937030 0.982508
vt 0.953456 0.976963
vt 0.936009 0.975569
vt 0.229840 0.19504200000000005
vt 0.231715 0.18493899999999996
vt 0.996966 0.960001
vt 0.981861 0.959297
vt 0.997178 0.893576
vt 0.997036 0.885548
vt 0.981127 0.882796
vt 0.874073 0.750192
vt 0.882132 0.755814
vt 0.881382 0.748738
vt 0.099505 0.047169000000000016
vt 0.116067 0.04528600000000005
vt 0.100265 0.04027000000000003
vt 0.115780 0.07009600000000005
vt 0.068443 0.13769299999999995
vt 0.088284 0.13749
vt 0.426634 0.721949
vt 0.066094 0.12210500000000002
vt 0.066911 0.126351
vt 0.623302 0.981943
vt 0.627578 0.969199
vt 0.927033 0.794845
vt 0.928237 0.803963
vt 0.927751 0.788656
vt 0.908682 0.80196
vt 0.911382 0.787859
vt 0.908648 0.786975
vt 0.414128 0.716858
vt 0.416187 0.7219519999999999
vt 0.417167 0.715503
vt 0.916870 0.96762
vt 0.919036 0.6860999999999999
vt 0.919344 0.6898059999999999
vt 0.922771 0.6859489999999999
vt 0.427669 0.680709
vt 0.429344 0.676113
vt 0.428262 0.671362
vt 0.409833 0.671035
vt 0.411544 0.682083
vt 0.411626 0.67154
vt 0.920178 0.894444
vt 0.918055 0.894277
vt 0.641775 0.990201
vt 0.909796 0.852363
vt 0.911489 0.850964
vt 0.910595 0.844986
vt 0.914282 0.847729
vt 0.914048 0.844669
vt 0.926181 0.844103
vt 0.929067 0.85261
vt 0.929350 0.843824
vt 0.908028 0.987221
vt 0.896622 0.987431
vt 0.917141 0.924016
vt 0.920277 0.901671
vt 0.916889 0.901079
vt 0.919242 0.977814
vt 0.919593 0.971569
vt 0.921427 0.930059
vt 0.921046 0.949474
vt 0.923881 0.934456
vt 0.914366 0.905552
vt 0.913970 0.90004
vt 0.889826 0.983257
vt 0.908977 0.838085
vt 0.913409 0.838372
vt 0.910354 0.833348
vt 0.916947 0.831705
vt 0.913797 0.8325750000000001
vt 0.916000 0.838499
vt 0.119494 0.49487099999999995
vt 0.104910 0.5176080000000001
vt 0.149123 0.560844
vt 0.151207 0.535446
vt 0.156144 0.508417
vt 0.179096 0.550204
vt 0.406484 0.803223
vt 0.430434 0.777652
vt 0.415536 0.77259
vt 0.418425 0.76181
vt 0.433940 0.726559
vt 0.436620 0.72753
vt 0.445591 0.724255
vt 0.422715 0.8265210000000001
vt 0.417901 0.826121
vt 0.383467 0.7427900000000001
vt 0.387509 0.768969
vt 0.456211 0.7672
vt 0.381571 0.737906
vt 0.388314 0.735816
vt 0.452878 0.7252529999999999
vt 0.396206 0.8100769999999999
vt 0.432837 0.804361
vt 0.429349 0.7881279999999999
vt 0.495489 0.22893799999999997
vt 0.476542 0.25114499999999995
vt 0.521076 0.232657
vt 0.438223 0.27937
vt 0.482865 0.26575400000000005
vt 0.521859 0.645939
vt 0.488678 0.649941
vt 0.521223 0.272038
vt 0.520540 0.255104
vt 0.446068 0.296208
vt 0.530740 0.28280700000000003
vt 0.461857 0.31835899999999995
vt 0.503113 0.312365
vt 0.499565 0.30565299999999995
vt 0.474597 0.32432300000000003
vt 0.443327 0.332021
vt 0.467717 0.334839
vt 0.435542 0.32442800000000005
vt 0.445197 0.310666
vt 0.425950 0.30408
vt 0.413415 0.6187469999999999
vt 0.461691 0.6302019999999999
vt 0.465229 0.611201
vt 0.444870 0.605098
vt 0.481258 0.619205
vt 0.476971 0.610698
vt 0.499480 0.6107279999999999
vt 0.488804 0.632416
vt 0.439585 0.39169600000000004
vt 0.430707 0.364884
vt 0.406452 0.374066
vt 0.410125 0.343448
vt 0.385684 0.350399
vt 0.425593 0.33665599999999996
vt 0.437601 0.35995900000000003
vt 0.525642 0.626755
vt 0.519628 0.612684
vt 0.521577 0.596475
vt 0.407099 0.313527
vt 0.541003 0.598572
vt 0.555216 0.616903
vt 0.542066 0.762321
vt 0.560300 0.729104
vt 0.534146 0.721175
vt 0.497498 0.787992
vt 0.519878 0.796303
vt 0.466675 0.802529
vt 0.467026 0.15734599999999999
vt 0.469010 0.13611399999999996
vt 0.576175 0.749563
vt 0.497493 0.14063400000000004
vt 0.517538 0.833794
vt 0.489637 0.825659
vt 0.403546 0.444435
vt 0.376026 0.47685599999999995
vt 0.401103 0.477916
vt 0.430209 0.45331699999999997
vt 0.417332 0.477688
vt 0.436879 0.41742199999999996
vt 0.425724 0.428192
vt 0.447968 0.42406900000000003
vt 0.444169 0.438006
vt 0.445125 0.40875300000000003
vt 0.420505 0.39935600000000004
vt 0.403695 0.5325150000000001
vt 0.376741 0.50189
vt 0.348173 0.47427600000000003
vt 0.367894 0.44549300000000003
vt 0.345858 0.43443200000000004
vt 0.450303 0.337163
vt 0.464108 0.34467000000000003
vt 0.401734 0.411983
vt 0.513599 0.339761
vt 0.511613 0.32749700000000004
vt 0.508216 0.31928500000000004
vt 0.576878 0.906773
vt 0.618440 0.87618
vt 0.596330 0.90882
vt 0.429791 0.48338000000000003
vt 0.417884 0.533134
vt 0.363786 0.5434289999999999
vt 0.384111 0.537875
vt 0.513059 0.957989
vt 0.499018 0.959938
vt 0.468921 0.49653800000000003
vt 0.477412 0.479414
vt 0.462831 0.49016099999999996
vt 0.678374 0.868437
vt 0.687812 0.531974
vt 0.679774 0.537798
vt 0.709990 0.84247
vt 0.702423 0.814862
vt 0.688415 0.82336
vt 0.685799 0.795025
vt 0.662634 0.8054479999999999
vt 0.660213 0.784124
vt 0.549989 0.799884
vt 0.597960 0.827961
vt 0.524573 0.513523
vt 0.497488 0.46851600000000004
vt 0.499381 0.457647
vt 0.304356 0.467757
vt 0.225172 0.43505400000000005
vt 0.199810 0.42597700000000005
vt 0.335379 0.404601
vt 0.321550 0.387767
vt 0.308647 0.40892300000000004
vt 0.331401 0.45940899999999996
vt 0.663679 0.739128
vt 0.658080 0.714661
vt 0.605938 0.713257
vt 0.588232 0.700801
vt 0.574627 0.689646
vt 0.554919 0.697392
vt 0.677959 0.765852
vt 0.684086 0.7436769999999999
vt 0.969775 0.731723
vt 0.965248 0.7347589999999999
vt 0.963415 0.7289209999999999
vt 0.959809 0.7445189999999999
vt 0.960773 0.753826
vt 0.966401 0.750914
vt 0.971761 0.748138
vt 0.978661 0.753725
vt 0.973692 0.750478
vt 0.972353 0.755583
vt 0.978921 0.758903
vt 0.968728 0.759165
vt 0.992169 0.7870010000000001
vt 0.990758 0.778263
vt 0.977397 0.795025
vt 0.982664 0.795873
vt 0.980165 0.792243
vt 0.976377 0.767639
vt 0.980484 0.770032
vt 0.980385 0.7794099999999999
vt 0.979037 0.774644
vt 0.817525 0.48067099999999996
vt 0.799920 0.48698300000000005
vt 0.818578 0.5001530000000001
vt 0.783609 0.495437
vt 0.783027 0.5100750000000001
vt 0.802245 0.5032300000000001
vt 0.730092 0.49946199999999996
vt 0.746866 0.5111680000000001
vt 0.736815 0.495429
vt 0.754593 0.497116
vt 0.771670 0.5054080000000001
vt 0.767281 0.518887
vt 0.743339 0.484027
vt 0.729981 0.6479619999999999
vt 0.721662 0.642008
vt 0.723270 0.6501600000000001
vt 0.818307 0.5128630000000001
vt 0.823682 0.516161
vt 0.780785 0.522716
vt 0.729329 0.63977
vt 0.755380 0.55906
vt 0.806721 0.416393
vt 0.801623 0.406601
vt 0.793830 0.411852
vt 0.785900 0.42911699999999997
vt 0.815867 0.421354
vt 0.717952 0.49415
vt 0.710248 0.486073
vt 0.729005 0.488518
vt 0.092640 0.17576400000000003
vt 0.107994 0.178357
vt 0.110873 0.16876100000000005
vt 0.116873 0.16037
vt 0.112641 0.14984799999999998
vt 0.051523 0.17614399999999997
vt 0.067343 0.17962500000000003
vt 0.062802 0.16687399999999997
vt 0.077032 0.16663099999999997
vt 0.093054 0.16293899999999994
vt 0.076139 0.15650299999999995
vt 0.130305 0.162794
vt 0.125457 0.15327599999999997
vt 0.139602 0.18156499999999998
vt 0.123292 0.175323
vt 0.145338 0.19842899999999997
vt 0.129703 0.19284800000000002
vt 0.152701 0.201291
vt 0.166924 0.20321199999999995
vt 0.104968 0.26876999999999995
vt 0.058816 0.316461
vt 0.055105 0.24037200000000003
vt 0.351090 0.989733
vt 0.348303 0.968422
vt 0.068400 0.16259100000000004
vt 0.057993 0.15049
vt 0.429034 0.920494
vt 0.403710 0.913457
vt 0.435767 0.936116
vt 0.361660 0.918075
vt 0.920635 0.5201089999999999
vt 0.920281 0.5118229999999999
vt 0.927231 0.519001
vt 0.930672 0.5349809999999999
vt 0.928798 0.5415829999999999
vt 0.310598 0.6404730000000001
vt 0.317474 0.659808
vt 0.329379 0.645932
vt 0.296258 0.659592
vt 0.290816 0.651844
vt 0.286171 0.64575
vt 0.920434 0.47091000000000005
vt 0.919235 0.486202
vt 0.918660 0.465106
vt 0.271482 0.67231
vt 0.027176 0.493155
vt 0.046420 0.48051699999999997
vt 0.010914 0.487757
vt 0.896282 0.586881
vt 0.915889 0.424898
vt 0.904419 0.44249400000000005
vt 0.911934 0.44488799999999995
vt 0.916480 0.45430099999999995
vt 0.920676 0.442543
vt 0.049387 0.54114
vt 0.061339 0.5343439999999999
vt 0.030945 0.526921
vt 0.021838 0.530787
vt 0.063917 0.553801
vt 0.074271 0.541919
vt 0.076718 0.483854
vt 0.884531 0.360579
vt 0.883917 0.343021
vt 0.021460 0.520024
vt 0.017401 0.5079640000000001
vt 0.203945 0.695283
vt 0.222925 0.697921
vt 0.214153 0.6771499999999999
vt 0.228568 0.675826
vt 0.222219 0.648596
vt 0.178144 0.7199180000000001
vt 0.188903 0.702508
vt 0.063473 0.7241580000000001
vt 0.074879 0.732154
vt 0.093528 0.731247
vt 0.098980 0.747647
vt 0.109562 0.7295940000000001
vt 0.148053 0.595362
vt 0.154347 0.604293
vt 0.302366 0.673311
vt 0.331392 0.651581
vt 0.930247 0.51065
vt 0.368901 0.7303200000000001
vt 0.363395 0.745798
vt 0.919821 0.45384
vt 0.009422 0.5409539999999999
vt 0.014963 0.562941
vt 0.004895 0.5510390000000001
vt 0.005807 0.564689
vt 0.009598 0.583725
vt 0.009849 0.531566
vt 0.004287 0.535247
vt 0.014283 0.522937
vt 0.007919 0.513258
vt 0.005140 0.51995
vt 0.277953 0.787909
vt 0.262304 0.800887
vt 0.314124 0.7433190000000001
vt 0.331755 0.757157
vt 0.292588 0.8081039999999999
vt 0.183422 0.728522
vt 0.176897 0.749078
vt 0.159852 0.767973
vt 0.234888 0.968901
vt 0.152254 0.978955
vt 0.171651 0.964229
vt 0.198773 0.903654
vt 0.178895 0.915094
vt 0.198801 0.877193
vt 0.218723 0.855009
vt 0.197979 0.854522
vt 0.201033 0.837492
vt 0.189749 0.8925609999999999
vt 0.899179 0.418794
vt 0.084556 0.561095
vt 0.502355 0.35070999999999997
vt 0.571733 0.33781300000000003
vt 0.509361 0.153914
vt 0.564485 0.151208
vt 0.573515 0.30559899999999995
vt 0.560810 0.18232199999999998
vt 0.527991 0.17217800000000005
vt 0.521679 0.19238699999999997
vt 0.579963 0.936914
vt 0.603491 0.925638
vt 0.565477 0.937048
vt 0.559892 0.965832
vt 0.569368 0.562944
vt 0.557147 0.550759
vt 0.530195 0.5701339999999999
vt 0.551696 0.576829
vt 0.181897 0.44097
vt 0.168215 0.466244
vt 0.178054 0.474627
vt 0.157226 0.460881
vt 0.154569 0.463607
vt 0.624817 0.574519
vt 0.604913 0.565966
vt 0.587987 0.578515
vt 0.720316 0.85909
vt 0.708392 0.85783
vt 0.716431 0.860616
vt 0.647284 0.5567960000000001
vt 0.651125 0.568952
vt 0.627445 0.563993
vt 0.543234 0.54545
vt 0.676933 0.722254
vt 0.692445 0.731487
vt 0.701606 0.756577
vt 0.713395 0.780151
vt 0.721170 0.74769
vt 0.711594 0.7243269999999999
vt 0.735119 0.725838
vt 0.736783 0.750853
vt 0.736729 0.7057629999999999
vt 0.717581 0.699222
vt 0.694766 0.711097
vt 0.675853 0.6981029999999999
vt 0.691728 0.686544
vt 0.750775 0.723887
vt 0.746875 0.765757
vt 0.718255 0.8147679999999999
vt 0.628768 0.710675
vt 0.617871 0.685786
vt 0.598191 0.676695
vt 0.645297 0.703336
vt 0.978734 0.724156
vt 0.983813 0.733852
vt 0.026456 0.35017
vt 0.060061 0.25743400000000005
vt 0.044851 0.25428799999999996
vt 0.018310 0.35622299999999996
vt 0.044287 0.32733999999999996
vt 0.029212 0.252761
vt 0.028022 0.29053399999999996
vt 0.092102 0.33603700000000003
vt 0.079827 0.341001
vt 0.060986 0.32812600000000003
vt 0.052839 0.367614
vt 0.134879 0.27828699999999995
vt 0.097720 0.342622
vt 0.078870 0.371907
vt 0.061194 0.36995999999999996
vt 0.219323 0.593696
vt 0.202959 0.5947709999999999
vt 0.213918 0.608168
vt 0.236935 0.59465
vt 0.230685 0.594132
vt 0.226208 0.620843
vt 0.048831 0.694511
vt 0.061808 0.701186
vt 0.038125 0.6702699999999999
vt 0.035677 0.695395
vt 0.345696 0.756068
vt 0.216856 0.7130920000000001
vt 0.189429 0.7543610000000001
vt 0.208496 0.7296659999999999
vt 0.242100 0.693917
vt 0.230381 0.688512
vt 0.243467 0.7123999999999999
vt 0.534667 0.680936
vt 0.555601 0.6658200000000001
vt 0.361822 0.99131
vt 0.384454 0.970698
vt 0.356217 0.980353
vt 0.367685 0.995972
vt 0.359081 0.996066
vt 0.404118 0.987827
vt 0.406121 0.976921
vt 0.382951 0.98599
vt 0.411279 0.982941
vt 0.618496 0.550512
vt 0.636134 0.544392
vt 0.724168 0.856361
vt 0.418085 0.974773
vt 0.043046 0.36175500000000005
vt 0.694147 0.934693
vt 0.692344 0.923868
vt 0.685270 0.923897
vt 0.069167 0.374891
vt 0.606611 0.6620079999999999
vt 0.622527 0.642761
vt 0.628140 0.655869
vt 0.651113 0.647606
vt 0.699134 0.668696
vt 0.675434 0.659489
vt 0.191246 0.298331
vt 0.208571 0.310608
vt 0.221632 0.299226
vt 0.227732 0.275674
vt 0.197108 0.277903
vt 0.734454 0.6784220000000001
vt 0.719405 0.6688069999999999
vt 0.189846 0.323152
vt 0.168627 0.324191
vt 0.206137 0.333603
vt 0.176200 0.35009100000000004
vt 0.682216 0.645149
vt 0.709394 0.652352
vt 0.743150 0.79695
vt 0.754082 0.774929
vt 0.196994 0.35515300000000005
vt 0.574928 0.526528
vt 0.566674 0.517325
vt 0.557469 0.53921
vt 0.581322 0.541352
vt 0.683596 0.6302479999999999
vt 0.664882 0.6143449999999999
vt 0.658031 0.6233219999999999
vt 0.225772 0.251266
vt 0.250071 0.256633
vt 0.250369 0.23788900000000002
vt 0.636372 0.62416
vt 0.257475 0.27466500000000005
vt 0.248180 0.29471400000000003
vt 0.275317 0.290195
vt 0.601199 0.6499269999999999
vt 0.614309 0.6311629999999999
vt 0.630772 0.669265
vt 0.244721 0.31311199999999995
vt 0.549814 0.33128899999999994
vt 0.585944 0.311932
vt 0.581583 0.15546300000000002
vt 0.582555 0.16307499999999997
vt 0.596941 0.32964099999999996
vt 0.610856 0.319221
vt 0.588681 0.325187
vt 0.561402 0.16434899999999997
vt 0.785078 0.6134649999999999
vt 0.743898 0.5636939999999999
vt 0.748967 0.636586
vt 0.778689 0.63497
vt 0.765953 0.6424529999999999
vt 0.773002 0.6461399999999999
vt 0.587489 0.18299500000000002
vt 0.603746 0.17446399999999995
vt 0.626844 0.287099
vt 0.628855 0.297064
vt 0.609629 0.30496199999999996
vt 0.609835 0.292574
vt 0.598735 0.288505
vt 0.491022 0.20553699999999997
vt 0.488524 0.19923100000000005
vt 0.514285 0.221148
vt 0.543733 0.21477199999999996
vt 0.492344 0.21315499999999998
vt 0.534875 0.656335
vt 0.473636 0.943715
vt 0.459314 0.912723
vt 0.489613 0.961536
vt 0.473530 0.962884
vt 0.463940 0.94662
vt 0.371498 0.579232
vt 0.379936 0.563557
vt 0.349823 0.5654440000000001
vt 0.396666 0.5596479999999999
vt 0.383644 0.593037
vt 0.394557 0.589394
vt 0.403622 0.585682
vt 0.403954 0.6055360000000001
vt 0.485958 0.972295
vt 0.733415 0.822792
vt 0.534634 0.49976699999999996
vt 0.491303 0.48388200000000003
vt 0.553088 0.481314
vt 0.538675 0.47058599999999995
vt 0.548703 0.49556900000000004
vt 0.563078 0.49902100000000005
vt 0.558646 0.48109900000000005
vt 0.312026 0.604294
vt 0.322944 0.591358
vt 0.301407 0.39119400000000004
vt 0.281861 0.38750799999999996
vt 0.287443 0.41178800000000004
vt 0.237422 0.412481
vt 0.257859 0.38837
vt 0.232605 0.38409499999999996
vt 0.240441 0.36978200000000006
vt 0.217907 0.354329
vt 0.275562 0.36279300000000003
vt 0.293802 0.36705600000000005
vt 0.308792 0.361988
vt 0.347925 0.393296
vt 0.325857 0.368371
vt 0.383090 0.386625
vt 0.367849 0.41326700000000005
vt 0.970485 0.7265440000000001
vt 0.989239 0.772761
vt 0.984828 0.77513
vt 0.994565 0.783002
vt 0.989967 0.794566
vt 0.846917 0.42301599999999995
vt 0.848875 0.378115
vt 0.846428 0.35198300000000005
vt 0.749237 0.34910300000000005
vt 0.748765 0.340519
vt 0.770237 0.35587500000000005
vt 0.815679 0.335056
vt 0.784527 0.411184
vt 0.772578 0.39815100000000003
vt 0.799141 0.332433
vt 0.763130 0.398142
vt 0.151188 0.192311
vt 0.158965 0.18112700000000004
vt 0.420448 0.95325
vt 0.437022 0.94379
vt 0.426572 0.956947
vt 0.440302 0.934008
vt 0.442366 0.940711
vt 0.163930 0.18795399999999995
vt 0.169891 0.19346399999999997
vt 0.249986 0.639757
vt 0.230231 0.635918
vt 0.258699 0.641748
vt 0.263316 0.6642950000000001
vt 0.239674 0.674658
vt 0.214120 0.638393
vt 0.211462 0.626239
vt 0.191111 0.598903
vt 0.878747 0.36155400000000004
vt 0.203898 0.765972
vt 0.233326 0.772616
vt 0.220359 0.740208
vt 0.283360 0.824497
vt 0.243462 0.7892589999999999
vt 0.239696 0.834859
vt 0.237689 0.802951
vt 0.287300 0.883088
vt 0.306556 0.8416790000000001
vt 0.227853 0.793663
vt 0.250597 0.697379
vt 0.317554 0.782574
vt 0.336470 0.777651
vt 0.330421 0.80441
vt 0.046223 0.728361
vt 0.024163 0.742092
vt 0.037489 0.755666
vt 0.060568 0.7578739999999999
vt 0.038547 0.708137
vt 0.029875 0.721248
vt 0.315525 0.8578479999999999
vt 0.325425 0.839608
vt 0.091984 0.817844
vt 0.109149 0.801909
vt 0.085973 0.76848
vt 0.180704 0.766444
vt 0.179830 0.782133
vt 0.200297 0.790315
vt 0.189363 0.805381
vt 0.058514 0.773272
vt 0.256343 0.952452
vt 0.304564 0.888838
vt 0.286669 0.923891
vt 0.310621 0.939965
vt 0.259681 0.987379
vt 0.167443 0.990696
vt 0.178638 0.997793
vt 0.145009 0.990264
vt 0.164716 0.93068
vt 0.151092 0.965071
vt 0.186776 0.8565119999999999
vt 0.165387 0.882847
vt 0.182900 0.872441
vt 0.168453 0.868792
vt 0.178110 0.845594
vt 0.187607 0.832263
vt 0.178012 0.829496
vt 0.147451 0.924889
vt 0.174504 0.902181
vt 0.165536 0.827851
vt 0.138286 0.846383
vt 0.157273 0.856447
vt 0.142114 0.868369
vt 0.154845 0.87073
vt 0.201099 0.814136
vt 0.173955 0.803299
vt 0.226609 0.816425
vt 0.006352 0.8805270000000001
vt 0.035487 0.935815
vt 0.018427 0.865027
vt 0.281571 0.974471
vt 0.323515 0.8731059999999999
vt 0.002023 0.848426
vt 0.012214 0.81561
vt 0.327863 0.902053
vt 0.562038 0.646156
vt 0.578525 0.665941
vt 0.575159 0.60095
vt 0.556848 0.598294
vt 0.575067 0.624935
vt 0.598032 0.609893
vt 0.584021 0.644628
vt 0.595632 0.633135
vt 0.398275 0.288196
vt 0.387809 0.278027
vt 0.384601 0.290628
vt 0.592916 0.5885469999999999
vt 0.572149 0.586218
vt 0.578650 0.981399
vt 0.598398 0.977576
vt 0.602125 0.953072
vt 0.583632 0.95814
vt 0.547418 0.966552
vt 0.669722 0.525069
vt 0.679371 0.514659
vt 0.657917 0.515008
vt 0.661884 0.538351
vt 0.687766 0.504475
vt 0.677771 0.49449699999999996
vt 0.537379 0.48707199999999995
vt 0.500835 0.44528100000000004
vt 0.546986 0.462828
vt 0.539935 0.445103
vt 0.194595 0.39497400000000005
vt 0.167737 0.410886
vt 0.332556 0.581224
vt 0.345237 0.608482
vt 0.771432 0.776527
vt 0.796850 0.770133
vt 0.775758 0.761107
vt 0.365321 0.5886
vt 0.372775 0.605777
vt 0.355833 0.5952569999999999
vt 0.586358 0.994618
vt 0.728459 0.786266
vt 0.794968 0.622035
vt 0.785188 0.638656
vt 0.759531 0.5208189999999999
vt 0.811892 0.6064849999999999
vt 0.724892 0.504688
vt 0.716391 0.500321
vt 0.798937 0.625964
vt 0.812737 0.611809
vt 0.803915 0.591882
vt 0.844663 0.31134399999999995
vt 0.777627 0.289608
vt 0.836420 0.30806900000000004
vt 0.788921 0.295971
vt 0.683548 0.986141
vt 0.677839 0.978537
vt 0.671304 0.982994
vt 0.856142 0.31718599999999997
vt 0.854416 0.309771
vt 0.825656 0.30647199999999997
vt 0.806015 0.302215
vt 0.816196 0.302702
vt 0.811946 0.296369
vt 0.010445 0.349325
vt 0.089963 0.376328
vt 0.096110 0.383084
vt 0.111823 0.33504500000000004
vt 0.002036 0.34872000000000003
vt 0.119303 0.33157499999999995
vt 0.003167 0.357233
vt 0.009435 0.35777099999999995
vt 0.712686 0.906403
vt 0.725376 0.916871
vt 0.721890 0.90571
vt 0.712964 0.915049
vt 0.701297 0.918982
vt 0.707977 0.921468
vt 0.702359 0.910077
vt 0.693606 0.911405
vt 0.700656 0.901851
vt 0.081193 0.383165
vt 0.716275 0.922649
vt 0.723342 0.930372
vt 0.090999 0.39048799999999995
vt 0.701694 0.92808
vt 0.701721 0.9373940000000001
vt 0.711039 0.930127
vt 0.714496 0.936064
vt 0.707957 0.942188
vt 0.734541 0.86932
vt 0.733364 0.882649
vt 0.763567 0.880385
vt 0.792332 0.854636
vt 0.794951 0.844302
vt 0.742632 0.839573
vt 0.795024 0.875157
vt 0.769066 0.898102
vt 0.734630 0.897401
vt 0.736294 0.915239
vt 0.294249 0.34506899999999996
vt 0.309874 0.334545
vt 0.251958 0.361429
vt 0.268064 0.34695600000000004
vt 0.290302 0.322245
vt 0.317337 0.31489199999999995
vt 0.334210 0.339931
vt 0.339299 0.307976
vt 0.361028 0.339348
vt 0.345741 0.36470199999999997
vt 0.364752 0.378618
vt 0.797660 0.30025999999999997
vt 0.160481 0.784577
vt 0.138493 0.803504
vt 0.156953 0.801215
vt 0.146269 0.8240190000000001
vt 0.139448 0.7852939999999999
vt 0.119929 0.796854
vt 0.031446 0.840792
vt 0.037416 0.898883
vt 0.047020 0.812743
vt 0.034847 0.787736
vt 0.014862 0.77362
vt 0.337746 0.840433
vt 0.348170 0.842388
vt 0.346485 0.813048
vt 0.748405 0.956476
vt 0.765475 0.956131
vt 0.751649 0.950149
vt 0.744306 0.94276
vt 0.811338 0.931284
vt 0.792271 0.925628
vt 0.801046 0.959449
vt 0.859279 0.935283
vt 0.792749 0.977073
vt 0.817010 0.969267
vt 0.770153 0.966808
vt 0.786087 0.756117
vt 0.640261 0.5239590000000001
vt 0.650504 0.5386759999999999
vt 0.624364 0.53567
vt 0.606538 0.495413
vt 0.616649 0.514524
vt 0.637566 0.502588
vt 0.606799 0.533652
vt 0.664796 0.49091799999999997
vt 0.678993 0.474619
vt 0.692302 0.48860499999999996
vt 0.689985 0.471742
vt 0.667213 0.46252800000000005
vt 0.653088 0.500715
vt 0.653706 0.47444699999999995
vt 0.657125 0.443183
vt 0.661893 0.46714199999999995
vt 0.664683 0.43421299999999996
vt 0.674876 0.45021599999999995
vt 0.535705 0.42437499999999995
vt 0.520483 0.40297499999999997
vt 0.517737 0.41737100000000005
vt 0.151615 0.38802899999999996
vt 0.151277 0.425343
vt 0.214460 0.373162
vt 0.566001 0.468693
vt 0.565335 0.45307699999999995
vt 0.554543 0.45863299999999996
vt 0.573867 0.496151
vt 0.573171 0.46418000000000004
vt 0.577620 0.506963
vt 0.586148 0.49129999999999996
vt 0.591963 0.52183
vt 0.592600 0.502405
vt 0.603780 0.48051600000000005
vt 0.623121 0.489957
vt 0.582627 0.460059
vt 0.584423 0.44547899999999996
vt 0.599887 0.453163
vt 0.591388 0.468866
vt 0.607605 0.465935
vt 0.580707 0.43623999999999996
vt 0.567978 0.44082299999999996
vt 0.552776 0.43324300000000004
vt 0.563633 0.42006200000000005
vt 0.575279 0.41995000000000005
vt 0.612541 0.43159800000000004
vt 0.595323 0.441396
vt 0.613980 0.441542
vt 0.590225 0.42631600000000003
vt 0.223603 0.32194
vt 0.806623 0.801446
vt 0.765066 0.793401
vt 0.802969 0.810439
vt 0.794586 0.786045
vt 0.830271 0.782335
vt 0.761199 0.817188
vt 0.746196 0.82957
vt 0.801019 0.837776
vt 0.326699 0.629005
vt 0.323779 0.633463
vt 0.774967 0.8086599999999999
vt 0.831517 0.835446
vt 0.747939 0.644714
vt 0.367547 0.298137
vt 0.352932 0.27843300000000004
vt 0.334171 0.28323200000000004
vt 0.618467 0.598951
vt 0.637516 0.6026279999999999
vt 0.296218 0.23683900000000002
vt 0.284043 0.22716999999999998
vt 0.275177 0.242193
vt 0.326941 0.260251
vt 0.327449 0.24094099999999996
vt 0.305719 0.26186699999999996
vt 0.280323 0.25706799999999996
vt 0.270691 0.31111900000000003
vt 0.263083 0.32671700000000004
vt 0.312026 0.287609
vt 0.283460 0.27402899999999997
vt 0.544543 0.41129800000000005
vt 0.544047 0.38885899999999995
vt 0.526468 0.390914
vt 0.679449 0.438878
vt 0.674327 0.426817
vt 0.664493 0.411945
vt 0.673749 0.410508
vt 0.662689 0.392297
vt 0.670433 0.38788900000000004
vt 0.649170 0.37119599999999997
vt 0.650768 0.359514
vt 0.538720 0.37671600000000005
vt 0.556104 0.397485
vt 0.621875 0.474031
vt 0.636074 0.45344300000000004
vt 0.619574 0.455646
vt 0.638803 0.437005
vt 0.641968 0.42163799999999996
vt 0.654523 0.431519
vt 0.656400 0.41288899999999995
vt 0.646461 0.45767
vt 0.647830 0.39091600000000004
vt 0.655090 0.39337200000000005
vt 0.614856 0.405444
vt 0.606634 0.41908999999999996
vt 0.642118 0.369853
vt 0.633363 0.357754
vt 0.640210 0.35694099999999995
vt 0.601407 0.40586599999999995
vt 0.592978 0.40934099999999995
vt 0.584085 0.413141
vt 0.605713 0.39348099999999997
vt 0.631845 0.370212
vt 0.610191 0.36359699999999995
vt 0.596534 0.366293
vt 0.598231 0.37948499999999996
vt 0.651967 0.347607
vt 0.635428 0.346488
vt 0.613738 0.35213300000000003
vt 0.584134 0.39137900000000003
vt 0.570621 0.403887
vt 0.578582 0.38291200000000003
vt 0.583581 0.35017299999999996
vt 0.562445 0.36169700000000005
vt 0.572500 0.370301
vt 0.679467 0.38182099999999997
vt 0.569147 0.34768699999999997
vt 0.588512 0.37928300000000004
vt 0.590088 0.397698
vt 0.591481 0.388873
vt 0.798437 0.887445
vt 0.834319 0.882211
vt 0.822314 0.894996
vt 0.817960 0.8680829999999999
vt 0.845949 0.873563
vt 0.847696 0.86528
vt 0.823544 0.850318
vt 0.852322 0.847672
vt 0.866648 0.835052
vt 0.857816 0.883238
vt 0.848054 0.894265
vt 0.866287 0.872231
vt 0.868575 0.865361
vt 0.821796 0.905905
vt 0.778398 0.912988
vt 0.815170 0.913506
vt 0.808285 0.94027
vt 0.852525 0.927242
vt 0.579242 0.28269900000000003
vt 0.587344 0.28650600000000004
vt 0.553421 0.225167
vt 0.558087 0.216607
vt 0.549261 0.19405099999999997
vt 0.567578 0.23580299999999998
vt 0.551190 0.265238
vt 0.573001 0.265035
vt 0.578153 0.233607
vt 0.586238 0.258057
vt 0.596028 0.251791
vt 0.606336 0.260849
vt 0.601022 0.23536999999999997
vt 0.538845 0.23744900000000002
vt 0.560280 0.20678799999999997
vt 0.570242 0.216773
vt 0.564793 0.2249
vt 0.699191 0.991918
vt 0.693111 0.981918
vt 0.691828 0.995074
vt 0.703100 0.981219
vt 0.696598 0.970369
vt 0.708911 0.989313
vt 0.683945 0.953256
vt 0.678938 0.962937
vt 0.690543 0.961245
vt 0.684276 0.969803
vt 0.688861 0.975282
vt 0.853354 0.90099
vt 0.867158 0.90036
vt 0.863369 0.892151
vt 0.845123 0.915622
vt 0.865713 0.910918
vt 0.875004 0.919695
vt 0.874714 0.891254
vt 0.879719 0.904436
vt 0.873253 0.878626
vt 0.883484 0.881609
vt 0.673907 0.956544
vt 0.672222 0.971062
vt 0.594300 0.275471
vt 0.613611 0.27729899999999996
vt 0.593062 0.26695100000000005
vt 0.613990 0.241757
vt 0.623443 0.26311399999999996
vt 0.574348 0.20811500000000005
vt 0.585724 0.20493899999999998
vt 0.563550 0.197971
vt 0.599706 0.19820499999999996
vt 0.568532 0.19119799999999998
vt 0.619114 0.210503
vt 0.594453 0.22280699999999998
vt 0.588996 0.215781
vt 0.580170 0.21990500000000002
vt 0.576436 0.22551200000000005
vt 0.587574 0.22882800000000003
vt 0.618738 0.23055599999999998
vt 0.627352 0.21827399999999997
vt 0.624469 0.24946800000000002
vt 0.591834 0.34101800000000004
vt 0.594208 0.36016499999999996
vt 0.602621 0.34705600000000003
vt 0.584848 0.36648499999999995
vt 0.820533 0.79359
vt 0.888010 0.833862
vt 0.891980 0.8248949999999999
vt 0.882706 0.925843
vt 0.891819 0.91047
vt 0.881651 0.938262
vt 0.898579 0.922669
vt 0.891460 0.940834
vt 0.900070 0.854629
vt 0.903279 0.840946
vt 0.878433 0.832448
vt 0.887065 0.848422
vt 0.867013 0.847394
vt 0.877447 0.850409
vt 0.863498 0.857153
vt 0.878550 0.860046
vt 0.889390 0.859372
vt 0.880611 0.8712139999999999
vt 0.893192 0.8732530000000001
vt 0.899132 0.893493
vt 0.902574 0.90555
vt 0.897272 0.892039
vt 0.887728 0.892913
vt 0.118361 0.817303
vt 0.099849 0.837803
vt 0.124273 0.8420380000000001
vt 0.078320 0.796923
vt 0.071340 0.834823
vt 0.112662 0.846673
vt 0.125404 0.866662
vt 0.115717 0.879042
vt 0.057505 0.854206
vt 0.062150 0.818013
vt 0.050116 0.878663
vt 0.122424 0.902106
vt 0.126493 0.884309
vt 0.104007 0.864431
vt 0.062902 0.892937
vt 0.080645 0.935823
vt 0.075385 0.892387
vt 0.070358 0.939377
vt 0.077552 0.974198
vt 0.040220 0.950594
vt 0.236531 0.991327
vt 0.102163 0.977907
vt 0.072200 0.958097
vt 0.091456 0.96148
vt 0.069453 0.980406
vt 0.085120 0.983859
vt 0.128326 0.974573
vt 0.137126 0.956312
vt 0.105863 0.958179
vt 0.115092 0.936783
vt 0.128571 0.942572
vt 0.096387 0.9381120000000001
vt 0.131322 0.918009
vt 0.142718 0.901987
vt 0.139749 0.88843
vt 0.952978 0.7380709999999999
vt 0.936970 0.739069
vt 0.952960 0.740245
vt 0.240550 0.094051
vt 0.240770 0.09263200000000005
vt 0.238382 0.08804100000000004
vt 0.260056 0.14427900000000005
vt 0.255571 0.14961500000000005
vt 0.937132 0.554739
vt 0.981369 0.901609
vt 0.981318 0.892774
vt 0.853720 0.7170449999999999
vt 0.840615 0.727182
vt 0.842121 0.727995
vt 0.876243 0.761088
vt 0.974775 0.993091
vt 0.959007 0.993346
vt 0.972884 0.9967
vt 0.853039 0.6368659999999999
vt 0.850521 0.638755
vt 0.855633 0.638015
vt 0.858675 0.6441600000000001
vt 0.953701 0.495401
vt 0.953084 0.49269799999999997
vt 0.936018 0.49488699999999997
vt 0.936810 0.507788
vt 0.952797 0.508609
vt 0.935953 0.49743899999999996
vt 0.252457 0.08077199999999995
vt 0.245938 0.08418300000000001
vt 0.250755 0.09214599999999995
vt 0.250477 0.07959899999999998
vt 0.952827 0.5642320000000001
vt 0.292065 0.10187900000000005
vt 0.267728 0.14277700000000004
vt 0.996621 0.873422
vt 0.981243 0.875901
vt 0.996802 0.878177
vt 0.981295 0.87261
vt 0.952916 0.768749
vt 0.936754 0.761654
vt 0.880704 0.788569
vt 0.881750 0.795795
vt 0.879204 0.778114
vt 0.886380 0.789911
vt 0.886363 0.7816460000000001
vt 0.884795 0.797534
vt 0.953044 0.824777
vt 0.953110 0.896286
vt 0.936747 0.849008
vt 0.936629 0.894333
vt 0.908246 0.596544
vt 0.953087 0.970953
vt 0.952558 0.905666
vt 0.936420 0.904072
vt 0.958660 0.85077
vt 0.868665 0.643776
vt 0.959138 0.8968430000000001
vt 0.953094 0.847024
vt 0.936404 0.844435
vt 0.981356 0.977799
vt 0.997204 0.974669
vt 0.222329 0.19512200000000002
vt 0.223809 0.189874
vt 0.226680 0.21350800000000003
vt 0.218751 0.22417399999999998
vt 0.224371 0.22673100000000002
vt 0.936688 0.787041
vt 0.936763 0.798277
vt 0.952979 0.794786
vt 0.220383 0.20335099999999995
vt 0.219026 0.213928
vt 0.952885 0.784845
vt 0.244357 0.16234099999999996
vt 0.996571 0.980577
vt 0.177843 0.19311999999999996
vt 0.959608 0.810045
vt 0.973858 0.811619
vt 0.891126 0.748111
vt 0.895371 0.7479480000000001
vt 0.921883 0.755501
vt 0.921573 0.753107
vt 0.197919 0.04132999999999998
vt 0.194528 0.03898400000000002
vt 0.234488 0.08561300000000005
vt 0.936655 0.634525
vt 0.936204 0.6408119999999999
vt 0.953566 0.639714
vt 0.952794 0.643346
vt 0.997125 0.914293
vt 0.997142 0.903929
vt 0.981416 0.910722
vt 0.981325 0.91849
vt 0.997216 0.924315
vt 0.981682 0.927381
vt 0.219692 0.237309
vt 0.223487 0.23626499999999995
vt 0.981249 0.935612
vt 0.997296 0.935478
vt 0.324523 0.09721400000000002
vt 0.340068 0.14679299999999995
vt 0.348975 0.10415799999999997
vt 0.342389 0.14089399999999996
vt 0.860225 0.699036
vt 0.869932 0.731874
vt 0.858917 0.717025
vt 0.996587 0.865488
vt 0.981255 0.8677509999999999
vt 0.997077 0.844394
vt 0.997799 0.839595
vt 0.980766 0.841195
vt 0.653916 0.962488
vt 0.654889 0.964753
vt 0.066327 0.11493900000000001
vt 0.103753 0.02280700000000002
vt 0.116177 0.025124000000000035
vt 0.116301 0.01594200000000001
vt 0.065554 0.07618199999999997
vt 0.115937 0.07699599999999995
vt 0.916323 0.949481
vt 0.912978 0.948944
vt 0.914445 0.9502
vt 0.912039 0.902098
vt 0.910313 0.901072
vt 0.909287 0.948434
vt 0.911350 0.948397
vt 0.909921 0.92784
vt 0.922710 0.949729
vt 0.913330 0.893765
vt 0.909794 0.888193
vt 0.910943 0.895971
vt 0.088898 0.012183999999999973
vt 0.068334 0.008241000000000054
vt 0.066793 0.014450999999999992
vt 0.065487 0.03661199999999998
vt 0.116306 0.03176500000000004
vt 0.098684 0.022294999999999954
vt 0.065547 0.04277799999999998
vt 0.115408 0.03829300000000002
vt 0.066356 0.06556499999999998
vt 0.065636 0.06986899999999996
vt 0.065593 0.059363000000000055
vt 0.927914 0.894538
vt 0.922507 0.869768
vt 0.923693 0.894047
vt 0.909678 0.878499
vt 0.928513 0.882369
vt 0.919403 0.71602
vt 0.919850 0.73563
vt 0.922272 0.735525
vt 0.908105 0.831369
vt 0.066603 0.08655199999999996
vt 0.065828 0.10161299999999995
vt 0.066308 0.10987800000000003
vt 0.919437 0.949125
vt 0.930057 0.901713
vt 0.929023 0.9448799999999999
vt 0.930309 0.932968
vt 0.926552 0.900587
vt 0.925728 0.950112
vt 0.922663 0.900918
vt 0.924910 0.901668
vt 0.066089 0.08105499999999999
vt 0.931674 0.721017
vt 0.931146 0.688086
vt 0.930044 0.734526
vt 0.915926 0.735387
vt 0.914660 0.6889890000000001
vt 0.913884 0.733492
vt 0.412006 0.7213769999999999
vt 0.409466 0.719318
vt 0.923761 0.834
vt 0.916345 0.791179
vt 0.913316 0.814264
vt 0.065497 0.054518999999999984
vt 0.373155 0.835161
vt 0.379310 0.834729
vt 0.376343 0.834746
vt 0.381939 0.882992
vt 0.385259 0.882177
vt 0.375453 0.883784
vt 0.371991 0.883365
vt 0.371014 0.835051
vt 0.104732 0.572578
vt 0.109478 0.571157
vt 0.120186 0.49768199999999996
vt 0.125978 0.492321
vt 0.132956 0.532804
vt 0.174049 0.55428
vt 0.140169 0.507061
vt 0.100350 0.491826
vt 0.135562 0.498586
vt 0.436607 0.786988
vt 0.451910 0.794198
vt 0.437027 0.814995
vt 0.441382 0.813998
vt 0.459829 0.755774
vt 0.304876 0.14486900000000003
vt 0.794248 0.7026600000000001
vt 0.820039 0.701176
vt 0.226562 0.096935
vt 0.796760 0.656247
vt 0.764774 0.7036800000000001
vt 0.766874 0.706787
vt 0.936191 0.68926
vt 0.953423 0.6929069999999999
vt 0.953205 0.6890229999999999
vt 0.754261 0.661948
vt 0.761806 0.70048
vt 0.952632 0.59446
vt 0.952806 0.58207
vt 0.936557 0.577302
vt 0.936800 0.6146050000000001
vt 0.952489 0.618643
vt 0.884665 0.765872
vt 0.876969 0.770236
vt 0.229780 0.202341
vt 0.937278 0.808167
vt 0.953094 0.805476
vt 0.936636 0.683413
vt 0.953221 0.68382
vt 0.936870 0.645826
vt 0.299572 0.14539999999999997
vt 0.316754 0.14835399999999999
vt 0.981436 0.839253
vt 0.981041 0.84544
vt 0.415174 0.671567
vt 0.409068 0.6893469999999999
vt 0.424886 0.674146
vt 0.428606 0.7213350000000001
vt 0.422411 0.672595
vt 0.421652 0.696832
vt 0.388826 0.874569
vt 0.368396 0.834505
vt 0.366050 0.873802
vt 0.366419 0.883109
vt 0.159903 0.528219
vt 0.112020 0.581233
vt 0.107486 0.597364
vt 0.050737 0.996071
vt 0.050594 0.997684
vt 0.050991 0.996405
vt 0.780398 0.15624099999999996
vt 0.750400 0.13693299999999997
vt 0.752630 0.16069100000000003
vt 0.776433 0.125903
vt 0.748242 0.11670400000000003
vt 0.759876 0.09844699999999995
vt 0.668568 0.12961100000000003
vt 0.684621 0.10367700000000002
vt 0.660773 0.11526700000000001
vt 0.702532 0.10670999999999997
vt 0.933619 0.139837
vt 0.919092 0.14959299999999998
vt 0.940638 0.187531
vt 0.897585 0.14134999999999998
vt 0.883505 0.17901699999999998
vt 0.902346 0.189678
vt 0.886118 0.12370700000000001
vt 0.868539 0.15380899999999997
vt 0.743248 0.23263199999999995
vt 0.714108 0.22326999999999997
vt 0.723345 0.260907
vt 0.700517 0.26117100000000004
vt 0.717405 0.281501
vt 0.742961 0.269807
vt 0.947988 0.250946
vt 0.926791 0.22347399999999995
vt 0.923181 0.263775
vt 0.866833 0.21918300000000002
vt 0.840067 0.21781399999999995
vt 0.843059 0.24483999999999995
vt 0.863997 0.26321000000000006
vt 0.843681 0.27051400000000003
vt 0.868657 0.29098900000000005
vt 0.193050 0.13850700000000005
vt 0.189638 0.13941800000000004
vt 0.194428 0.14443799999999996
vt 0.185406 0.13988100000000003
vt 0.190093 0.13304400000000005
vt 0.181096 0.135942
vt 0.185344 0.13302899999999995
vt 0.059720 0.99799
vt 0.059730 0.99796
vt 0.059720 0.99803
vt 0.059725 0.99799
vt 0.059710 0.99803
vt 0.032244 0.988201
vt 0.026129 0.984195
vt 0.036485 0.997674
vt 0.035816 0.978765
vt 0.030326 0.970401
vt 0.041116 0.986543
vt 0.036638 0.991827
vt 0.044003 0.979025
vt 0.721996 0.12960899999999997
vt 0.728691 0.10270599999999996
vt 0.718452 0.08537799999999995
vt 0.739297 0.08975
vt 0.693910 0.133745
vt 0.850090 0.185265
vt 0.856786 0.14026099999999997
vt 0.688943 0.19630199999999998
vt 0.678423 0.24032799999999999
vt 0.896019 0.247923
vt 0.891876 0.27061999999999997
vt 0.172851 0.10949500000000001
vt 0.162697 0.11849799999999999
vt 0.198231 0.11340700000000004
vt 0.187183 0.11003600000000002
vt 0.036802 0.983931
vt 0.638782 0.16307400000000005
vt 0.657738 0.15479299999999996
vt 0.648145 0.13896299999999995
vt 0.691694 0.09114699999999998
vt 0.689954 0.08636600000000005
vt 0.721592 0.07673799999999997
vt 0.693736 0.080071
vt 0.719602 0.08058399999999999
vt 0.647625 0.12073999999999996
vt 0.642876 0.13709899999999997
vt 0.654001 0.11512800000000001
vt 0.796432 0.182384
vt 0.798319 0.14912400000000003
vt 0.804799 0.18580600000000003
vt 0.766315 0.19793300000000003
vt 0.793549 0.21161700000000006
vt 0.774028 0.23261600000000004
vt 0.789082 0.12464799999999998
vt 0.800897 0.13442699999999996
vt 0.787070 0.109209
vt 0.796224 0.226144
vt 0.809418 0.15614300000000003
vt 0.698700 0.15899200000000002
vt 0.720733 0.17133900000000002
vt 0.677720 0.163427
vt 0.650992 0.18273099999999998
vt 0.961892 0.18292299999999995
vt 0.910908 0.12430699999999995
vt 0.784886 0.25661
vt 0.759147 0.279552
vt 0.778384 0.268876
vt 0.728581 0.291114
vt 0.733220 0.28571500000000005
vt 0.894531 0.22555199999999997
vt 0.741009 0.19847800000000004
vt 0.777231 0.25199400000000005
vt 0.757122 0.274478
vt 0.776227 0.26137999999999995
vt 0.692409 0.274458
vt 0.898354 0.2931
vt 0.922007 0.30194299999999996
vt 0.770060 0.08542000000000005
vt 0.762719 0.08694500000000005
vt 0.780338 0.09248999999999996
vt 0.800213 0.12416099999999997
vt 0.740895 0.08165900000000004
vt 0.970690 0.22399000000000002
vt 0.953031 0.22208099999999997
vt 0.160173 0.13613399999999998
vt 0.147941 0.14937500000000004
vt 0.173383 0.14695100000000005
vt 0.181631 0.14869100000000002
vt 0.169938 0.17454800000000004
vt 0.157467 0.16547999999999996
vt 0.188624 0.14652500000000002
vt 0.200906 0.17502399999999996
vt 0.183397 0.17803500000000005
vt 0.192012 0.08781399999999995
vt 0.178536 0.08807100000000001
vt 0.203192 0.09230300000000002
vt 0.208044 0.13262399999999996
vt 0.215961 0.10690699999999997
vt 0.226476 0.13778400000000002
vt 0.668561 0.09514100000000003
vt 0.640985 0.12380400000000003
vt 0.640700 0.21288200000000002
vt 0.650033 0.230217
vt 0.639557 0.195426
vt 0.761912 0.08979999999999999
vt 0.775532 0.10510200000000003
vt 0.829744 0.17667299999999997
vt 0.848229 0.14496699999999996
vt 0.663969 0.25285100000000005
vt 0.666156 0.26068199999999997
vt 0.675235 0.26122999999999996
vt 0.691645 0.27967299999999995
vt 0.712659 0.28683000000000003
vt 0.689161 0.28254199999999996
vt 0.645163 0.19920899999999997
vt 0.657885 0.23202100000000003
vt 0.659972 0.20316199999999995
vt 0.633145 0.20121999999999995
vt 0.635322 0.16332899999999995
vt 0.815202 0.17819200000000002
vt 0.807904 0.12946199999999997
vt 0.795340 0.10699000000000003
vt 0.794905 0.23705600000000004
vt 0.808356 0.195098
vt 0.808197 0.221997
vt 0.406016 0.09755400000000003
vt 0.411534 0.07135000000000002
vt 0.404015 0.07097600000000004
vt 0.397709 0.09743100000000005
vt 0.397499 0.07084999999999997
vt 0.391092 0.07100799999999996
vt 0.390678 0.09774899999999997
vt 0.418041 0.09726000000000001
vt 0.425911 0.07186800000000004
vt 0.417785 0.07134600000000002
vt 0.412243 0.09771300000000005
vt 0.376146 0.09827799999999998
vt 0.384735 0.09777800000000003
vt 0.381999 0.071442
vt 0.374479 0.071739
vt 0.367872 0.07228999999999997
vt 0.361725 0.072735
vt 0.367993 0.09840800000000005
vt 0.361574 0.09960899999999995
vt 0.440863 0.07216999999999996
vt 0.441604 0.10022900000000001
vt 0.444742 0.071712
vt 0.355149 0.072967
vt 0.375333 0.10183299999999995
vt 0.381455 0.10200600000000004
vt 0.367607 0.10284199999999999
vt 0.356478 0.10069300000000003
vt 0.359764 0.10404400000000003
vt 0.435923 0.09889000000000003
vt 0.428062 0.10148800000000002
vt 0.435470 0.10254399999999997
vt 0.424403 0.09791099999999997
vt 0.421337 0.10175400000000001
vt 0.414443 0.10131999999999997
vt 0.414601 0.20733199999999996
vt 0.420314 0.20825800000000005
vt 0.388761 0.10194700000000001
vt 0.387963 0.20827300000000004
vt 0.378765 0.20738999999999996
vt 0.382923 0.207727
vt 0.394834 0.10161799999999999
vt 0.393225 0.209082
vt 0.397038 0.20861200000000002
vt 0.426150 0.20912600000000003
vt 0.407993 0.20758200000000004
vt 0.401064 0.20742300000000002
vt 0.401264 0.10100699999999996
vt 0.372687 0.20966700000000005
vt 0.012171 0.968507
vt 0.015459 0.96927
vt 0.015977 0.964198
vt 0.015900 0.959367
vt 0.011952 0.95936
vt 0.012591 0.93923
vt 0.011377 0.949511
vt 0.015182 0.949563
vt 0.009901 0.944587
vt 0.008658 0.939031
vt 0.010842 0.979224
vt 0.008548 0.983271
vt 0.007393 0.988534
vt 0.011571 0.98867
vt 0.014793 0.976833
vt 0.009164 0.993504
vt 0.012418 0.13612000000000002
vt 0.010496 0.0044600000000000195
vt 0.009306 0.14041400000000004
vt 0.017821 0.004844999999999988
vt 0.013953 0.0046640000000000015
vt 0.018454 0.13970700000000003
vt 0.022789 0.13985499999999995
vt 0.025922 0.13921499999999998
vt 0.027071 0.006021999999999972
vt 0.031518 0.00508900000000001
vt 0.030745 0.13956800000000003
vt 0.044380 0.004701999999999984
vt 0.040684 0.005793999999999966
vt 0.043497 0.14011300000000004
vt 0.011336 0.73308
vt 0.009609 0.740652
vt 0.007139 0.7499290000000001
vt 0.038225 0.003782999999999981
vt 0.057641 0.003134999999999999
vt 0.051764 0.0031839999999999646
vt 0.053980 0.005345000000000044
vt 0.004370 0.0036279999999999646
vt 0.007164 0.005248999999999948
vt 0.005000 0.694176
vt 0.008353 0.700939
vt 0.006289 0.687354
vt 0.012119 0.6984239999999999
vt 0.008887 0.7045509999999999
vt 0.011205 0.714152
vt 0.016951 0.72211
vt 0.015465 0.709877
vt 0.021929 0.005746999999999947
vt 0.024398 0.00411499999999998
vt 0.016449 0.716666
vt 0.013739 0.701549
vt 0.434538 0.07219699999999996
vt 0.430564 0.09808499999999998
vt 0.408480 0.101028
vt 0.038660 0.13895800000000003
vt 0.058318 0.140498
vt 0.054492 0.13983500000000004
vt 0.010900 0.7178800000000001
vt 0.011444 0.723001
vt 0.016131 0.7329319999999999
vt 0.011133 0.953963
vt 0.005235 0.14097899999999997
vt 0.014245 0.742132
vt 0.431152 0.26255799999999996
vt 0.426030 0.25305999999999995
vt 0.290408 0.43655200000000005
vt 0.316529 0.429361
vt 0.466872 0.899391
vt 0.514830 0.567413
vt 0.522456 0.575346
vt 0.237520 0.5178400000000001
vt 0.168773 0.23750000000000004
vt 0.173823 0.211615
vt 0.010660 0.22611400000000004
vt 0.024310 0.257456
vt 0.032646 0.19417399999999996
vt 0.260410 0.60181
vt 0.910487 0.571741
vt 0.299690 0.62695
vt 0.926940 0.490791
vt 0.924809 0.48170199999999996
vt 0.896424 0.548339
vt 0.038482 0.605202
vt 0.021918 0.586002
vt 0.906785 0.533034
vt 0.897289 0.539771
vt 0.885987 0.36888600000000005
vt 0.920099 0.35652700000000004
vt 0.881485 0.36923300000000003
vt 0.055690 0.525992
vt 0.125215 0.658091
vt 0.041778 0.613815
vt 0.028450 0.666534
vt 0.928045 0.400339
vt 0.934551 0.374262
vt 0.371295 0.688141
vt 0.360763 0.701444
vt 0.922808 0.46162000000000003
vt 0.924763 0.466796
vt 0.392045 0.6948300000000001
vt 0.082769 0.570633
vt 0.822700 0.7015830000000001
vt 0.936779 0.992785
vt 0.281255 0.14488599999999996
vt 0.247880 0.10306599999999999
vt 0.952726 0.519126
vt 0.981994 0.981643
vt 0.997715 0.986616
vt 0.261737 0.17086199999999996
vt 0.997393 0.853207
vt 0.981141 0.851918
vt 0.757678 0.6582239999999999
vt 0.775136 0.65562
vt 0.952834 0.633656
vt 0.877274 0.6602060000000001
vt 0.847742 0.704548
vt 0.841841 0.717975
vt 0.860323 0.6935169999999999
vt 0.219928 0.09283600000000003
vt 0.224887 0.09873699999999996
vt 0.872657 0.7395689999999999
vt 0.266589 0.144598
vt 0.959351 0.997178
vt 0.981880 0.991347
vt 0.100192 0.018128000000000033
vt 0.114654 0.13532200000000005
vt 0.098071 0.04357
vt 0.878613 0.968712
vt 0.889323 0.993079
vt 0.115867 0.09634299999999996
vt 0.065618 0.092256
vt 0.909890 0.9551810000000001
vt 0.388170 0.884737
vt 0.387500 0.88524
vt 0.623181 0.978235
vt 0.620705 0.984404
vt 0.624822 0.961405
vt 0.629140 0.953226
vt 0.629171 0.961444
vt 0.897769 0.962899
vt 0.903825 0.984857
vt 0.914484 0.685928
vt 0.917278 0.981802
vt 0.914656 0.989038
vt 0.653382 0.977245
vt 0.888732 0.970551
vt 0.381902 0.835032
vt 0.639874 0.984664
vt 0.642223 0.985672
vt 0.925954 0.6887490000000001
vt 0.928412 0.689979
vt 0.927310 0.6857599999999999
vt 0.923207 0.689918
vt 0.924194 0.6860120000000001
vt 0.646352 0.951544
vt 0.631445 0.965402
vt 0.636178 0.957283
vt 0.898133 0.955209
vt 0.637256 0.957835
vt 0.638208 0.956496
vt 0.640215 0.955966
vt 0.629500 0.966231
vt 0.107857 0.576001
vt 0.102350 0.579148
vt 0.112942 0.574354
vt 0.140229 0.570824
vt 0.828328 0.42234099999999997
vt 0.460178 0.776012
vt 0.461431 0.769682
vt 0.459584 0.735047
vt 0.457509 0.726809
vt 0.486229 0.727285
vt 0.430138 0.590549
vt 0.427320 0.5777300000000001
vt 0.421116 0.58445
vt 0.410797 0.6033919999999999
vt 0.986542 0.799017
vt 0.047431 0.15976900000000005
vt 0.909952 0.557403
vt 0.011582 0.607729
vt 0.897680 0.40849899999999995
vt 0.879617 0.589623
vt 0.938970 0.39449
vt 0.049190 0.6051599999999999
vt 0.975406 0.946468
vt 0.981358 0.863753
vt 0.862896 0.650675
vt 0.116379 0.127394
vt 0.625243 0.965584
vt 0.625169 0.964476
vt 0.626067 0.967122
vt 0.926877 0.789755
vt 0.115858 0.008935000000000026
vt 0.649139 0.978858
vt 0.065527 0.04749700000000001
vt 0.911361 0.803586
vt 0.914112 0.787925
vt 0.097813 0.5634950000000001
vt 0.103395 0.5065500000000001
vt 0.102054 0.599011
vt 0.462276 0.747287
vt 0.427656 0.826121
vt 0.547391 0.6324810000000001
vt 0.465461 0.800346
vt 0.458572 0.812993
vt 0.653856 0.570798
vt 0.669974 0.567922
vt 0.451515 0.34069000000000005
vt 0.443153 0.896792
vt 0.409415 0.567016
vt 0.480482 0.508502
vt 0.490294 0.524837
vt 0.789180 0.519774
vt 0.804157 0.517749
vt 0.617366 0.93066
vt 0.692225 0.522592
vt 0.968177 0.72177
vt 0.985487 0.793856
vt 0.985849 0.7663800000000001
vt 0.733721 0.6509780000000001
vt 0.747278 0.6482840000000001
vt 0.775576 0.490849
vt 0.714833 0.629975
vt 0.780938 0.647076
vt 0.763447 0.6498459999999999
vt 0.834125 0.511047
vt 0.709673 0.468403
vt 0.812499 0.5920449999999999
vt 0.092890 0.15051499999999995
vt 0.078726 0.145586
vt 0.067117 0.147038
vt 0.382159 0.991496
vt 0.133573 0.15751700000000002
vt 0.146667 0.17166800000000004
vt 0.281918 0.680998
vt 0.881434 0.59267
vt 0.890760 0.589916
vt 0.901474 0.582446
vt 0.084955 0.491283
vt 0.164106 0.594954
vt 0.925591 0.474352
vt 0.003057 0.50059
vt 0.485292 0.18925899999999996
vt 0.471903 0.35633499999999996
vt 0.205494 0.49024999999999996
vt 0.531919 0.575898
vt 0.166950 0.43710899999999997
vt 0.217895 0.402871
vt 0.744334 0.691546
vt 0.635886 0.685886
vt 0.656791 0.69261
vt 0.350884 0.77147
vt 0.098218 0.145965
vt 0.384812 0.32120899999999997
vt 0.599656 0.550848
vt 0.426400 0.96728
vt 0.424580 0.9708
vt 0.032346 0.359672
vt 0.026449 0.361356
vt 0.651375 0.6742790000000001
vt 0.667424 0.67258
vt 0.177999 0.29749899999999996
vt 0.212334 0.25940799999999997
vt 0.165045 0.37534599999999996
vt 0.154771 0.355619
vt 0.185648 0.377776
vt 0.544855 0.288844
vt 0.522438 0.20350500000000005
vt 0.395786 0.607004
vt 0.994307 0.794773
vt 0.839146 0.345838
vt 0.766535 0.347286
vt 0.807499 0.33329600000000004
vt 0.440212 0.946447
vt 0.149369 0.16753300000000004
vt 0.349076 0.788476
vt 0.220735 0.9946
vt 0.154757 0.942464
vt 0.177844 0.885011
vt 0.816520 0.60161
vt 0.338022 0.896144
vt 0.567926 0.979837
vt 0.492241 0.45506100000000005
vt 0.506884 0.433179
vt 0.335280 0.6192340000000001
vt 0.858235 0.348684
vt 0.865120 0.31953600000000004
vt 0.762842 0.31138200000000005
vt 0.772933 0.286107
vt 0.736454 0.857226
vt 0.690163 0.43765299999999996
vt 0.686297 0.42349400000000004
vt 0.793059 0.862603
vt 0.358270 0.31305099999999997
vt 0.759103 0.980659
vt 0.770300 0.988779
vt 0.749840 0.96455
vt 0.741164 0.930688
vt 0.794637 0.986018
vt 0.817948 0.979572
vt 0.685640 0.453863
vt 0.639295 0.476032
vt 0.511830 0.41857500000000003
vt 0.370732 0.269791
vt 0.582443 0.481271
vt 0.233250 0.33872
vt 0.251081 0.333001
vt 0.577282 0.273099
vt 0.352434 0.255962
vt 0.292554 0.29704200000000003
vt 0.684183 0.407319
vt 0.645252 0.40686199999999995
vt 0.851303 0.859147
vt 0.545246 0.203569
vt 0.786199 0.284273
vt 0.793510 0.28783499999999995
vt 0.801632 0.29154599999999997
vt 0.699625 0.9578
vt 0.708076 0.97023
vt 0.936313 0.838865
vt 0.952339 0.8379840000000001
vt 0.089946 0.870107
vt 0.094065 0.893262
vt 0.109345 0.89086
vt 0.108330 0.90832
vt 0.111516 0.986185
vt 0.281830 0.154304
vt 0.936086 0.899131
vt 0.953592 0.900741
vt 0.996482 0.997495
vt 0.263401 0.17056899999999997
vt 0.847575 0.722704
vt 0.997305 0.943198
vt 0.887444 0.74602
vt 0.951663 0.48899099999999995
vt 0.937386 0.488711
vt 0.953578 0.497236
vt 0.953587 0.8419840000000001
vt 0.821975 0.660846
vt 0.936705 0.970216
vt 0.936646 0.751958
vt 0.288015 0.15837400000000001
vt 0.217762 0.236248
vt 0.936554 0.775404
vt 0.953047 0.776334
vt 0.182063 0.19942000000000004
vt 0.207765 0.190863
vt 0.904544 0.600806
vt 0.344078 0.10035400000000005
vt 0.983259 0.997372
vt 0.839612 0.7236279999999999
vt 0.920295 0.83863
vt 0.066829 0.13061900000000004
vt 0.924056 0.701886
vt 0.927754 0.950937
vt 0.929593 0.894889
vt 0.926269 0.873041
vt 0.916035 0.894339
vt 0.926788 0.734982
vt 0.923950 0.7922279999999999
vt 0.059680 0.998
vt 0.930143 0.685592
vt 0.914500 0.97692
vt 0.915581 0.976276
vt 0.912557 0.687485
vt 0.919580 0.790177
vt 0.921906 0.788985
vt 0.366016 0.83414
vt 0.379567 0.884014
vt 0.807564 0.703032
vt 0.791305 0.7042729999999999
vt 0.936752 0.724664
vt 0.953176 0.7286509999999999
vt 0.953283 0.710734
vt 0.936601 0.694752
vt 0.936665 0.7113039999999999
vt 0.752952 0.664918
vt 0.936733 0.595735
vt 0.886345 0.77491
vt 0.305736 0.09950199999999998
vt 0.350147 0.107595
vt 0.336348 0.14954299999999998
vt 0.264761 0.16695099999999996
vt 0.996538 0.83835
vt 0.420389 0.671446
vt 0.945602 0.28702799999999995
vt 0.059750 0.99794
vt 0.059740 0.99797
vt 0.059720 0.99805
vt 0.204321 0.14288299999999998
vt 0.668570 0.10104900000000006
vt 0.707714 0.29332400000000003
vt 0.896710 0.11928000000000005
vt 0.741914 0.29313599999999995
vt 0.821464 0.21029200000000003
vt 0.820395 0.240479
vt 0.827804 0.26954199999999995
vt 0.631900 0.14698
vt 0.149453 0.11861600000000005
vt 0.164989 0.09455499999999994
vt 0.866665 0.30607399999999996
vt 0.890620 0.31213
vt 0.846580 0.293903
vt 0.749878 0.07669400000000004
vt 0.963817 0.26403699999999997
vt 0.630374 0.176072
vt 0.642012 0.228781
vt 0.441066 0.103109
vt 0.216655 0.164281
vt 0.435975 0.21020399999999995
vt 0.432908 0.20974400000000004
vt 0.365785 0.21039799999999997
vt 0.011807 0.963106
vt 0.016161 0.955686
vt 0.013933 0.943305
vt 0.006344 0.993047
vt 0.006833 0.933382
vt 0.010209 0.932903
vt 0.008183 0.929399
vt 0.034368 0.13901200000000002
vt 0.035987 0.005839999999999956
vt 0.048235 0.13934800000000003
vt 0.048919 0.005241000000000051
vt 0.003467 0.689901
vt 0.004878 0.687432
vt 0.003792 0.756918
vt 0.008571 0.757457
vt 0.009348 0.691128
vt 0.012462 0.748685
vt 0.013592 0.982996
vt 0.010859 0.974797
vt 0.010540 0.7278100000000001
vt 0.016884 0.7274419999999999
vt 0.015263 0.738347
vt 0.015328 0.972342
s 0
usemtl defaultMat
f 2/1/1 3/2/1 1/3/1
f 4/4/2 2/1/2 1/3/2
f 5/5/3 4/4/3 1/3/3
f 6/6/4 5/5/4 1/3/4
f 1/3/5 8/7/5 6/6/5
f 6/6/6 8/7/6 12/8/6
f 7/9/7 4/10/7 5/11/7
f 10/12/8 11/13/8 538/14/8
f 17/15/9 18/16/9 548/17/9
f 26/18/10 24/19/10 21/20/10
f 21/20/11 24/19/11 23/21/11
f 20/22/12 23/21/12 24/19/12
f 38/23/13 29/24/13 37/25/13
f 38/26/14 787/27/14 788/28/14
f 30/29/15 31/30/15 32/31/15
f 34/32/16 29/24/16 32/31/16
f 34/32/17 33/33/17 780/34/17
f 41/35/18 39/36/18 36/37/18
f 44/38/19 45/39/19 54/40/19
f 1152/41/20 40/42/20 47/43/20
f 45/44/21 46/45/21 1016/46/21
f 49/47/22 48/48/22 44/38/22
f 51/49/23 56/50/23 52/51/23
f 50/52/24 56/50/24 51/49/24
f 53/53/25 50/52/25 51/49/25
f 50/52/26 53/53/26 784/54/26
f 55/55/27 561/56/27 52/51/27
f 54/40/28 561/56/28 55/55/28
f 62/57/29 61/58/29 1027/59/29
f 812/60/30 63/61/30 64/62/30
f 63/61/31 568/63/31 64/62/31
f 65/64/32 779/65/32 61/58/32
f 66/66/33 67/67/33 68/68/33
f 69/69/34 67/67/34 66/66/34
f 70/70/35 69/69/35 71/71/35
f 72/72/36 68/68/36 73/73/36
f 74/74/37 72/72/37 76/75/37
f 832/76/38 833/77/38 79/78/38
f 78/79/39 77/80/39 832/76/39
f 81/81/40 78/79/40 83/82/40
f 573/83/41 81/81/41 83/84/41
f 83/84/42 572/85/42 573/83/42
f 86/86/43 588/87/43 87/88/43
f 88/89/44 85/90/44 86/86/44
f 88/89/45 84/91/45 85/90/45
f 88/89/46 90/92/46 84/91/46
f 548/17/47 16/93/47 15/94/47 17/15/47
f 92/95/48 91/96/48 847/97/48
f 847/97/49 91/96/49 597/98/49
f 92/95/50 84/91/50 91/96/50
f 96/99/51 95/100/51 94/101/51
f 94/102/52 97/103/52 96/104/52
f 102/105/53 97/103/53 94/102/53
f 94/101/54 95/100/54 99/106/54
f 594/107/55 99/106/55 95/100/55
f 94/102/56 99/108/56 102/105/56
f 99/108/57 103/109/57 102/105/57
f 103/109/58 99/108/58 100/110/58
f 104/111/59 114/112/59 106/113/59
f 106/113/60 108/114/60 104/111/60
f 104/111/61 108/114/61 118/115/61
f 105/116/62 109/117/62 107/118/62
f 110/119/63 112/120/63 111/121/63
f 112/120/64 110/119/64 122/122/64
f 109/117/65 111/121/65 107/118/65
f 113/123/66 109/117/66 105/116/66
f 106/113/67 114/112/67 105/116/67
f 114/112/68 113/123/68 105/116/68
f 114/112/69 903/124/69 900/125/69
f 104/111/70 115/126/70 116/127/70
f 117/128/71 901/129/71 903/124/71
f 114/112/72 117/128/72 903/124/72
f 1051/130/73 122/122/73 110/119/73
f 1051/130/74 110/119/74 119/131/74
f 113/123/75 110/119/75 109/117/75
f 128/132/76 124/133/76 125/134/76
f 125/134/77 1042/135/77 128/132/77
f 124/136/78 604/137/78 126/138/78
f 126/139/79 603/140/79 1045/141/79
f 128/132/80 129/142/80 130/143/80
f 132/144/81 134/145/81 135/146/81
f 1056/147/82 133/148/82 134/145/82
f 134/145/83 139/149/83 135/146/83
f 132/144/84 135/146/84 131/150/84
f 135/151/85 138/152/85 131/153/85
f 136/154/86 137/155/86 138/152/86
f 131/153/87 138/152/87 137/155/87
f 142/156/88 143/157/88 141/158/88
f 143/157/89 634/159/89 141/158/89
f 145/160/90 142/161/90 141/162/90
f 141/158/91 147/163/91 145/164/91
f 256/165/92 220/166/92 147/163/92
f 149/167/93 150/168/93 151/169/93
f 915/170/94 165/171/94 152/172/94
f 142/161/95 148/173/95 149/167/95
f 613/174/96 614/175/96 154/176/96
f 156/177/97 155/178/97 157/179/97
f 161/180/98 162/181/98 160/182/98
f 158/183/99 159/184/99 154/185/99
f 154/185/100 163/186/100 610/187/100
f 153/188/101 164/189/101 150/190/101
f 153/191/102 152/172/102 165/171/102
f 150/168/103 164/192/103 161/193/103
f 172/194/104 170/195/104 169/196/104
f 618/197/105 168/198/105 177/199/105
f 168/198/106 178/200/106 177/199/106
f 176/201/107 175/202/107 177/199/107
f 619/203/108 177/199/108 954/204/108
f 169/196/109 179/205/109 178/200/109
f 178/200/110 180/206/110 181/207/110
f 182/208/111 197/209/111 181/210/111
f 181/210/112 197/209/112 176/211/112
f 180/206/113 178/200/113 183/212/113
f 952/213/114 184/214/114 180/215/114
f 180/206/115 183/212/115 952/216/115
f 170/217/116 173/218/116 185/219/116
f 193/220/117 170/217/117 185/219/117
f 173/218/118 170/217/118 172/221/118
f 185/219/119 931/222/119 186/223/119
f 932/224/120 186/223/120 931/222/120
f 173/225/121 187/226/121 185/227/121
f 192/228/122 191/229/122 190/230/122
f 195/231/123 182/208/123 184/214/123
f 184/214/124 214/232/124 216/233/124
f 184/214/125 216/233/125 195/231/125
f 198/234/126 176/211/126 197/209/126
f 198/235/127 175/202/127 176/201/127
f 197/209/128 201/236/128 198/234/128
f 202/237/129 201/236/129 200/238/129
f 201/236/130 202/237/130 199/239/130
f 200/238/131 203/240/131 202/237/131
f 259/241/132 203/240/132 200/238/132
f 204/242/133 208/243/133 210/244/133
f 205/245/134 207/246/134 204/242/134
f 213/247/135 212/248/135 214/232/135
f 210/244/136 214/232/136 204/242/136
f 214/232/137 215/249/137 216/233/137
f 222/250/138 224/251/138 221/252/138
f 227/253/139 224/251/139 226/254/139
f 224/251/140 227/253/140 221/252/140
f 228/255/141 227/253/141 226/254/141
f 228/256/142 205/245/142 230/257/142
f 231/258/143 233/259/143 232/260/143
f 234/261/144 235/262/144 232/260/144
f 233/259/145 236/263/145 234/261/145
f 238/264/146 233/259/146 231/258/146
f 167/265/147 236/263/147 238/264/147
f 239/266/148 240/267/148 237/268/148
f 237/268/149 240/267/149 232/260/149
f 239/269/150 237/270/150 243/271/150
f 237/270/151 235/272/151 638/273/151
f 937/274/152 244/275/152 240/267/152
f 246/276/153 244/275/153 938/277/153
f 253/278/154 249/279/154 254/280/154
f 253/278/155 247/281/155 249/279/155
f 956/282/156 249/279/156 247/281/156
f 251/283/157 252/284/157 250/285/157
f 252/284/158 251/283/158 1202/286/158
f 253/278/159 255/287/159 256/165/159
f 253/278/160 256/165/160 247/281/160
f 253/278/161 257/288/161 255/287/161
f 257/288/162 968/289/162 255/287/162
f 260/290/163 258/291/163 259/241/163
f 261/292/164 203/240/164 259/241/164
f 203/240/165 261/292/165 629/293/165
f 262/294/166 263/295/166 970/296/166
f 258/291/167 1223/297/167 263/295/167
f 1222/298/168 263/295/168 1223/297/168
f 263/295/169 1222/298/169 1224/299/169
f 266/300/170 269/301/170 265/302/170
f 267/303/171 268/304/171 1210/305/171
f 268/304/172 267/303/172 265/302/172
f 657/306/173 317/307/173 276/308/173
f 280/309/174 281/310/174 1651/311/174
f 284/312/175 286/313/175 283/314/175
f 288/315/176 308/316/176 290/317/176
f 293/318/177 291/319/177 292/320/177
f 291/321/178 293/322/178 663/323/178
f 1661/324/179 295/325/179 291/321/179
f 294/326/180 296/327/180 660/328/180
f 299/329/181 650/330/181 298/331/181
f 298/331/182 651/332/182 652/333/182
f 301/334/183 303/335/183 300/336/183
f 303/335/184 305/337/184 300/336/184
f 287/338/185 286/339/185 306/340/185
f 306/341/186 307/342/186 287/343/186
f 308/316/187 288/315/187 310/344/187
f 308/345/188 310/346/188 1649/347/188
f 1649/347/189 1678/348/189 308/345/189
f 320/349/190 319/350/190 315/351/190
f 658/352/191 316/353/191 315/351/191
f 273/354/192 656/355/192 321/356/192
f 324/357/193 1678/348/193 322/358/193
f 297/359/194 328/360/194 296/361/194
f 331/362/195 328/360/195 297/359/195
f 330/363/196 664/364/196 663/365/196
f 333/366/197 336/367/197 334/368/197
f 294/326/198 339/369/198 292/320/198
f 339/369/199 1634/370/199 293/318/199
f 338/371/200 1642/372/200 337/373/200
f 343/374/201 429/375/201 342/376/201
f 429/375/202 412/377/202 342/376/202
f 343/374/203 342/376/203 1684/378/203
f 346/379/204 345/380/204 344/381/204
f 354/382/205 353/383/205 355/384/205
f 353/383/206 352/385/206 355/384/206
f 356/386/207 352/385/207 381/387/207
f 357/388/208 360/389/208 361/390/208
f 667/391/209 358/392/209 357/388/209
f 359/393/210 362/394/210 1689/395/210
f 358/392/211 365/396/211 359/397/211
f 411/398/212 364/399/212 367/400/212
f 368/401/213 695/402/213 445/403/213
f 370/404/214 373/405/214 420/406/214
f 1693/407/215 371/408/215 443/409/215
f 373/410/216 372/411/216 1711/412/216
f 373/405/217 370/404/217 1693/413/217
f 376/414/218 374/415/218 375/416/218
f 693/417/219 377/418/219 378/419/219
f 692/420/220 374/415/220 693/417/220
f 439/421/221 374/415/221 678/422/221
f 377/418/222 693/417/222 374/415/222
f 383/423/223 356/424/223 382/425/223
f 387/426/224 389/427/224 388/428/224
f 401/429/225 393/430/225 1693/413/225
f 397/431/226 1693/413/226 393/430/226
f 403/432/227 399/433/227 401/429/227
f 406/434/228 404/435/228 392/436/228
f 666/437/229 406/434/229 391/438/229
f 388/428/230 404/435/230 406/434/230
f 407/439/231 408/440/231 388/428/231
f 367/400/232 689/441/232 411/398/232
f 367/442/233 409/443/233 689/444/233
f 415/445/234 406/434/234 666/437/234
f 666/437/235 422/446/235 415/445/235
f 412/447/236 414/448/236 666/437/236
f 413/449/237 425/450/237 414/448/237
f 407/439/238 415/445/238 416/451/238
f 360/389/239 691/452/239 680/453/239
f 361/390/240 441/454/240 377/418/240
f 417/455/241 441/456/241 361/457/241
f 405/458/242 388/428/242 389/427/242
f 687/459/243 388/428/243 422/446/243
f 388/428/244 687/459/244 387/426/244
f 1710/460/245 402/461/245 419/462/245
f 421/463/246 401/429/246 399/433/246
f 398/464/247 401/429/247 420/406/247
f 394/465/248 361/390/248 401/429/248
f 401/429/249 398/464/249 393/430/249
f 422/446/250 424/466/250 423/467/250
f 448/468/251 427/469/251 426/470/251
f 685/471/252 448/468/252 426/470/252
f 686/472/253 429/473/253 426/470/253
f 686/472/254 423/467/254 429/473/254
f 430/474/255 687/459/255 686/472/255
f 396/475/256 1691/476/256 434/477/256
f 1699/478/257 434/477/257 1691/476/257
f 433/479/258 434/480/258 374/415/258
f 437/481/259 435/482/259 1717/483/259
f 389/427/260 1717/483/260 435/482/260
f 436/484/261 673/485/261 438/486/261
f 438/486/262 1685/487/262 389/427/262
f 439/421/263 1693/413/263 440/488/263
f 445/403/264 369/489/264 368/401/264
f 1686/490/265 387/426/265 379/491/265
f 460/492/266 452/493/266 451/494/266
f 453/495/267 452/493/267 474/496/267
f 460/492/268 468/497/268 474/496/268
f 461/498/269 474/496/269 468/497/269
f 460/492/270 474/496/270 452/493/270
f 454/499/271 470/500/271 463/501/271
f 465/502/272 467/503/272 468/497/272
f 467/503/273 469/504/273 468/497/273
f 480/505/274 472/506/274 471/507/274
f 473/508/275 697/509/275 454/499/275
f 474/496/276 461/510/276 453/495/276
f 462/511/277 475/512/277 477/513/277
f 482/514/278 481/515/278 702/516/278
f 481/515/279 479/517/279 478/518/279
f 482/514/280 472/506/280 481/515/280
f 483/519/281 477/520/281 459/521/281
f 476/522/282 454/499/282 464/523/282
f 486/524/283 488/525/283 487/526/283
f 1720/527/284 488/525/284 485/528/284
f 454/499/285 699/529/285 484/530/285
f 699/529/286 454/499/286 476/522/286
f 493/531/287 492/532/287 491/533/287
f 494/534/288 495/535/288 496/536/288
f 498/537/289 497/538/289 513/539/289
f 513/540/290 712/541/290 498/537/290
f 513/539/291 497/538/291 517/542/291
f 500/543/292 499/544/292 526/545/292
f 505/546/293 709/547/293 504/548/293
f 503/549/294 505/546/294 506/550/294
f 504/548/295 506/551/295 505/546/295
f 508/552/296 1729/553/296 507/554/296
f 514/555/297 529/556/297 516/557/297
f 708/558/298 511/559/298 510/560/298
f 704/561/299 501/562/299 517/542/299
f 517/542/300 497/538/300 704/561/300
f 517/542/301 527/563/301 707/564/301
f 707/564/302 512/565/302 517/542/302
f 520/566/303 525/567/303 522/568/303
f 519/569/304 518/570/304 711/571/304
f 531/572/305 525/567/305 523/573/305
f 507/554/306 503/549/306 506/550/306
f 530/574/307 529/556/307 514/555/307
f 531/572/308 523/573/308 509/575/308
f 740/576/309 731/577/309 534/578/309
f 12/8/310 536/579/310 537/580/310
f 12/8/311 8/7/311 536/579/311
f 755/581/312 539/582/312 14/583/312
f 14/583/313 537/580/313 755/581/313
f 539/584/314 750/585/314 538/14/314
f 540/586/315 12/587/315 11/13/315
f 5/11/316 6/588/316 540/586/316
f 540/586/317 6/588/317 12/587/317
f 15/94/318 543/589/318 730/590/318
f 15/94/319 729/591/319 17/15/319
f 545/592/320 767/593/320 19/594/320
f 16/93/321 546/595/321 15/94/321
f 543/589/322 15/94/322 546/595/322
f 16/93/323 20/22/323 24/19/323
f 552/596/324 549/597/324 27/598/324
f 549/597/325 777/599/325 27/598/325
f 549/597/326 552/596/326 778/600/326
f 778/600/327 552/596/327 551/601/327
f 26/18/328 22/602/328 27/598/328
f 22/602/329 786/603/329 27/598/329
f 553/604/330 27/598/330 786/603/330
f 569/605/331 568/63/331 554/606/331
f 33/33/332 569/605/332 554/606/332
f 33/33/333 554/606/333 780/34/333
f 557/607/334 33/33/334 32/31/334
f 29/24/335 43/608/335 42/609/335
f 47/610/336 560/611/336 559/612/336
f 805/613/337 560/614/337 41/35/337
f 560/611/338 40/615/338 41/616/338
f 41/616/339 40/615/339 39/617/339
f 47/610/340 561/56/340 45/39/340
f 44/38/341 54/40/341 49/47/341
f 59/618/342 562/619/342 58/620/342
f 564/621/343 1003/622/343 1001/623/343
f 564/621/344 1001/623/344 563/624/344
f 1273/625/345 566/626/345 805/627/345
f 58/620/346 1166/628/346 567/629/346
f 70/70/347 71/71/347 570/630/347
f 66/66/348 68/68/348 72/72/348
f 67/67/349 826/631/349 571/632/349
f 572/85/350 574/633/350 573/83/350
f 578/634/351 91/96/351 576/635/351
f 578/634/352 576/635/352 577/636/352
f 577/636/353 576/635/353 580/637/353
f 100/638/354 583/639/354 1190/640/354
f 101/641/355 1188/642/355 581/643/355
f 101/644/356 581/645/356 584/646/356
f 584/646/357 581/647/357 585/648/357
f 101/644/358 103/109/358 100/110/358
f 586/649/359 585/650/359 581/651/359
f 589/652/360 586/649/360 588/87/360
f 861/653/361 589/652/361 853/654/361
f 591/655/362 589/652/362 588/87/362
f 585/648/363 587/656/363 584/646/363
f 587/656/364 585/648/364 593/657/364
f 577/636/365 594/107/365 98/658/365
f 580/637/366 594/107/366 577/636/366
f 578/634/367 598/659/367 597/98/367
f 598/659/368 98/658/368 95/100/368
f 599/660/369 597/98/369 598/659/369
f 868/661/370 598/659/370 96/99/370
f 600/662/371 123/663/371 121/664/371
f 600/665/372 602/666/372 123/667/372
f 601/668/373 600/665/373 603/669/373
f 601/668/374 603/669/374 606/670/374
f 604/137/375 606/670/375 603/669/375
f 121/664/376 603/140/376 600/671/376
f 1052/672/377 1045/141/377 121/664/377
f 605/673/378 606/670/378 604/137/378
f 607/674/379 608/675/379 605/673/379
f 603/669/380 126/138/380 604/137/380
f 611/676/381 610/677/381 612/678/381
f 610/677/382 611/676/382 613/174/382
f 170/195/383 617/679/383 179/205/383
f 170/217/384 193/220/384 617/680/384
f 611/676/385 612/681/385 618/682/385
f 619/203/386 611/683/386 618/197/386
f 620/684/387 623/685/387 178/200/387
f 622/686/388 621/687/388 620/684/388
f 621/687/389 929/688/389 620/684/389
f 622/686/390 620/684/390 616/689/390
f 626/690/391 625/691/391 217/692/391
f 626/690/392 217/692/392 215/249/392
f 215/249/393 627/693/393 626/690/393
f 629/293/394 628/694/394 203/240/394
f 203/240/395 628/694/395 632/695/395
f 630/696/396 632/695/396 631/697/396
f 628/694/397 633/698/397 631/697/397
f 632/695/398 939/699/398 199/239/398
f 206/700/399 230/701/399 205/702/399
f 635/703/400 220/166/400 256/165/400
f 958/704/401 220/166/401 635/703/401
f 226/705/402 224/706/402 207/246/402
f 636/707/403 234/261/403 236/263/403
f 636/708/404 916/709/404 234/710/404
f 915/170/405 236/711/405 165/171/405
f 638/273/406 234/712/406 637/713/406
f 234/261/407 638/714/407 235/262/407
f 256/165/408 639/715/408 248/716/408
f 247/281/409 256/165/409 248/716/409
f 271/717/410 980/718/410 641/719/410
f 271/717/411 976/720/411 272/721/411
f 980/718/412 271/717/412 640/722/412
f 266/300/413 642/723/413 643/724/413
f 643/724/414 640/722/414 266/300/414
f 645/725/415 646/726/415 1659/727/415
f 282/728/416 646/729/416 273/730/416
f 286/731/417 336/367/417 283/732/417
f 288/733/418 289/734/418 649/735/418
f 650/736/419 1641/737/419 651/738/419
f 651/738/420 1641/737/420 325/739/420
f 307/740/421 1664/741/421 339/369/421
f 320/742/422 327/743/422 1650/744/422
f 327/743/423 320/742/423 318/745/423
f 1678/348/424 1649/347/424 321/356/424
f 311/746/425 1643/747/425 309/748/425
f 311/746/426 308/345/426 316/353/426
f 1678/348/427 316/353/427 308/345/427
f 277/749/428 658/750/428 278/751/428
f 658/750/429 277/749/429 317/307/429
f 294/326/430 1666/752/430 297/753/430
f 660/754/431 296/361/431 329/755/431
f 298/331/432 338/371/432 337/373/432
f 662/756/433 280/757/433 656/758/433
f 330/363/434 331/759/434 1745/760/434
f 1745/760/435 1661/761/435 664/364/435
f 350/762/436 666/763/436 390/764/436
f 343/374/437 428/765/437 429/375/437
f 439/766/438 347/767/438 344/381/438
f 372/411/439 373/410/439 397/768/439
f 381/387/440 376/769/440 375/770/440
f 668/771/441 435/482/441 437/481/441
f 450/772/442 382/425/442 379/491/442
f 670/773/443 1690/774/443 384/775/443
f 1690/776/444 385/777/444 384/778/444
f 1749/779/445 420/780/445 671/781/445
f 370/404/446 420/406/446 1694/782/446
f 399/783/447 1704/784/447 421/785/447
f 1750/786/448 1712/787/448 388/788/448
f 388/789/449 1712/790/449 679/791/449
f 1697/792/450 396/475/450 1696/793/450
f 674/794/451 673/485/451 405/458/451
f 676/795/452 677/796/452 675/797/452
f 675/797/453 395/798/453 394/799/453
f 395/798/454 675/797/454 677/796/454
f 678/800/455 676/801/455 675/802/455
f 403/432/456 400/803/456 409/443/456
f 1699/478/457 678/800/457 434/477/457
f 680/453/458 364/399/458 681/804/458
f 1707/805/459 680/806/459 681/807/459
f 682/808/460 684/809/460 1694/782/460
f 1705/810/461 686/811/461 1706/812/461
f 688/813/462 681/807/462 411/814/462
f 680/453/463 362/815/463 364/399/463
f 362/816/464 691/817/464 690/818/464
f 1715/819/465 1714/820/465 360/821/465
f 1714/820/466 691/817/466 360/821/466
f 374/415/467 692/420/467 433/479/467
f 463/501/468 701/822/468 462/823/468
f 479/517/469 480/824/469 703/825/469
f 703/825/470 485/528/470 479/517/470
f 469/504/471 467/503/471 1720/527/471
f 703/825/472 461/826/472 469/504/472
f 475/512/473 459/827/473 477/513/473
f 527/563/474 501/562/474 1727/828/474
f 514/555/475 713/829/475 505/546/475
f 507/554/476 1726/830/476 502/831/476
f 508/832/477 705/833/477 710/834/477
f 528/835/478 707/564/478 706/836/478
f 500/543/479 706/836/479 707/564/479
f 524/837/480 532/838/480 1729/553/480
f 708/839/481 518/570/481 519/569/481
f 704/561/482 1727/828/482 501/562/482
f 522/568/483 524/837/483 521/840/483
f 508/552/484 710/841/484 524/837/484
f 710/841/485 521/840/485 524/837/485
f 709/547/486 711/571/486 504/548/486
f 711/571/487 709/547/487 519/569/487
f 710/834/488 711/571/488 521/842/488
f 500/543/489 511/559/489 1725/843/489
f 500/543/490 707/564/490 499/544/490
f 1725/843/491 706/836/491 500/543/491
f 516/557/492 714/844/492 515/845/492
f 713/829/493 515/845/493 714/844/493
f 1726/830/494 497/538/494 529/556/494
f 503/549/495 507/554/495 502/831/495
f 3/2/496 2/1/496 721/846/496
f 533/847/497 722/848/497 2/1/497
f 533/847/498 534/849/498 717/850/498
f 719/851/499 720/852/499 540/586/499
f 718/853/500 723/854/500 717/850/500
f 535/855/501 1123/856/501 718/853/501
f 725/857/502 727/858/502 726/859/502
f 727/858/503 725/857/503 728/860/503
f 729/861/504 772/862/504 728/860/504
f 19/863/505 725/857/505 724/864/505
f 724/864/506 535/855/506 731/865/506
f 535/866/507 534/578/507 731/577/507
f 9/867/508 733/868/508 732/869/508
f 733/868/509 735/870/509 734/871/509
f 736/872/510 735/870/510 742/873/510
f 733/874/511 734/875/511 738/876/511
f 738/876/512 737/877/512 1338/878/512
f 734/875/513 736/879/513 737/877/513
f 736/879/514 734/875/514 735/880/514
f 731/577/515 740/576/515 732/869/515
f 9/867/516 732/869/516 740/576/516
f 742/873/517 741/881/517 743/882/517
f 743/882/518 744/883/518 736/872/518
f 736/879/519 744/884/519 737/877/519
f 1269/885/520 741/881/520 746/886/520
f 748/887/521 542/888/521 13/889/521
f 749/890/522 756/891/522 10/12/522
f 10/12/523 756/891/523 748/887/523
f 754/892/524 750/585/524 539/584/524
f 539/582/525 751/893/525 753/894/525
f 752/895/526 542/888/526 748/887/526
f 542/888/527 752/895/527 62/57/527
f 753/894/528 751/893/528 992/896/528
f 757/897/529 749/890/529 28/898/529
f 28/898/530 749/890/530 750/585/530
f 758/899/531 768/900/531 763/901/531
f 545/902/532 763/901/532 766/903/532
f 24/19/533 28/898/533 16/93/533
f 760/904/534 759/905/534 732/906/534
f 544/907/535 732/906/535 759/905/535
f 733/874/536 760/904/536 732/908/536
f 760/904/537 733/874/537 761/909/537
f 761/909/538 759/905/538 760/904/538
f 766/903/539 763/901/539 765/910/539
f 764/911/540 770/912/540 784/54/540
f 768/900/541 758/899/541 769/913/541
f 770/912/542 768/900/542 808/914/542
f 772/862/543 730/915/543 775/916/543
f 738/876/544 762/917/544 761/909/544
f 777/599/545 756/891/545 757/897/545
f 772/862/546 774/918/546 773/919/546
f 776/920/547 727/858/547 728/860/547
f 728/860/548 773/919/548 776/920/548
f 778/600/549 550/921/549 780/34/549
f 35/922/550 550/921/550 797/923/550
f 780/34/551 550/921/551 35/922/551
f 767/924/552 765/910/552 25/925/552
f 1142/926/553 781/927/553 764/911/553
f 21/20/554 785/928/554 22/602/554
f 785/928/555 21/20/555 1146/929/555
f 785/928/556 786/603/556 22/602/556
f 37/930/557 800/931/557 38/932/557
f 30/29/558 38/23/558 788/933/558
f 800/934/559 789/935/559 38/26/559
f 794/936/560 795/937/560 31/30/560
f 558/938/561 796/939/561 557/607/561
f 556/940/562 796/939/562 798/941/562
f 569/605/563 556/940/563 798/941/563
f 797/923/564 43/608/564 35/922/564
f 771/942/565 549/597/565 779/65/565
f 568/63/566 555/943/566 554/606/566
f 40/42/567 1152/41/567 799/944/567
f 1153/945/568 1154/946/568 800/931/568
f 54/40/569 55/55/569 563/624/569
f 562/619/570 56/50/570 801/947/570
f 49/47/571 54/40/571 563/624/571
f 56/50/572 562/619/572 55/55/572
f 567/629/573 1014/948/573 563/624/573
f 59/618/574 567/629/574 563/624/574
f 1014/948/575 1282/949/575 564/621/575
f 807/950/576 1176/951/576 809/952/576
f 770/912/577 808/914/577 811/953/577
f 64/62/578 798/941/578 812/60/578
f 813/954/579 1025/955/579 812/60/579
f 814/956/580 815/957/580 62/57/580
f 815/957/581 816/958/581 1065/959/581
f 542/888/582 815/957/582 1065/959/582
f 813/954/583 820/960/583 818/961/583
f 69/69/584 821/962/584 822/963/584
f 826/631/585 67/67/585 822/963/585
f 822/963/586 67/67/586 69/69/586
f 824/964/587 826/631/587 822/963/587
f 826/965/588 824/966/588 827/967/588
f 828/968/589 73/73/589 68/68/589
f 75/969/590 830/970/590 829/971/590
f 830/970/591 75/969/591 76/75/591
f 823/972/592 829/971/592 831/973/592
f 827/967/593 830/970/593 828/968/593
f 830/970/594 827/967/594 829/971/594
f 79/78/595 833/77/595 834/974/595
f 834/974/596 1181/975/596 79/78/596
f 82/976/597 836/977/597 80/978/597
f 572/979/598 83/82/598 575/980/598
f 839/981/599 840/982/599 78/79/599
f 83/82/600 78/79/600 840/982/600
f 84/91/601 89/983/601 85/90/601
f 93/984/602 590/985/602 591/655/602
f 84/91/603 93/984/603 89/983/603
f 843/986/604 844/987/604 841/988/604
f 1294/989/605 848/990/605 849/991/605
f 846/992/606 848/990/606 854/993/606
f 855/994/607 854/993/607 848/990/607
f 847/97/608 846/992/608 854/993/608
f 599/660/609 850/995/609 597/98/609
f 850/995/610 847/97/610 597/98/610
f 843/986/611 841/988/611 93/984/611
f 852/996/612 860/997/612 853/998/612
f 853/654/613 851/999/613 852/1000/613
f 851/999/614 853/654/614 590/985/614
f 855/994/615 844/987/615 854/993/615
f 844/987/616 855/994/616 856/1001/616
f 593/657/617 860/997/617 859/1002/617
f 102/105/618 103/109/618 862/1003/618
f 1186/1004/619 864/1005/619 90/92/619
f 90/92/620 865/1006/620 579/1007/620
f 90/92/621 1185/1008/621 1186/1004/621
f 1185/1008/622 90/92/622 88/89/622
f 870/1009/623 868/661/623 866/1010/623
f 96/99/624 866/1010/624 868/661/624
f 598/659/625 868/661/625 599/660/625
f 868/661/626 870/1009/626 869/1011/626
f 871/1012/627 108/114/627 874/1013/627
f 874/1013/628 108/114/628 879/1014/628
f 879/1014/629 875/1015/629 890/1016/629
f 130/143/630 882/1017/630 128/132/630
f 882/1017/631 130/143/631 881/1018/631
f 881/1018/632 883/1019/632 882/1017/632
f 872/1020/633 873/1021/633 887/1022/633
f 876/1023/634 888/1024/634 875/1015/634
f 888/1024/635 890/1016/635 875/1015/635
f 891/1025/636 876/1023/636 877/1026/636
f 893/1027/637 878/1028/637 107/118/637
f 893/1027/638 107/118/638 111/121/638
f 111/121/639 112/120/639 895/1029/639
f 122/122/640 896/1030/640 112/120/640
f 113/123/641 899/1031/641 119/131/641
f 903/124/642 901/129/642 904/1032/642
f 116/127/643 129/142/643 905/1033/643
f 608/675/644 907/1034/644 906/1035/644
f 887/1022/645 884/1036/645 872/1020/645
f 883/1019/646 884/1036/646 907/1037/646
f 897/1038/647 908/1039/647 1197/1040/647
f 908/1039/648 897/1038/648 602/666/648
f 908/1039/649 602/666/649 600/665/649
f 908/1039/650 601/668/650 1070/1041/650
f 600/665/651 601/668/651 908/1039/651
f 151/169/652 136/154/652 909/1042/652
f 144/1043/653 909/1042/653 910/1044/653
f 911/1045/654 136/154/654 914/1046/654
f 136/154/655 911/1045/655 909/1042/655
f 911/1047/656 957/1048/656 909/1049/656
f 912/1050/657 911/1047/657 913/1051/657
f 914/1052/658 135/146/658 139/149/658
f 914/1052/659 913/1051/659 911/1047/659
f 917/1053/660 916/709/660 915/170/660
f 917/1053/661 915/170/661 146/1054/661
f 917/1053/662 918/1055/662 916/709/662
f 914/1052/663 919/1056/663 913/1051/663
f 159/184/664 924/1057/664 923/1058/664
f 615/1059/665 924/1057/665 159/184/665
f 927/1060/666 613/174/666 611/676/666
f 928/1061/667 243/271/667 242/1062/667
f 928/1061/668 230/701/668 621/687/668
f 929/688/669 621/687/669 206/700/669
f 928/1061/670 930/1063/670 230/701/670
f 229/1064/671 228/1065/671 930/1063/671
f 245/1066/672 189/1067/672 933/1068/672
f 933/1068/673 963/1069/673 245/1066/673
f 245/1066/674 937/274/674 241/1070/674
f 241/1070/675 194/1071/675 189/1067/675
f 189/1067/676 245/1066/676 241/1070/676
f 192/228/677 932/224/677 612/1072/677
f 174/1073/678 618/197/678 932/1074/678
f 933/1068/679 190/230/679 934/1075/679
f 934/1075/680 963/1069/680 933/1068/680
f 191/229/681 936/1076/681 934/1075/681
f 190/230/682 191/229/682 934/1075/682
f 940/1077/683 628/694/683 629/293/683
f 942/1078/684 941/1079/684 940/1077/684
f 945/1080/685 943/1081/685 941/1079/685
f 947/1082/686 946/1083/686 261/292/686
f 627/693/687 949/1084/687 950/1085/687
f 626/690/688 950/1085/688 951/1086/688
f 951/1086/689 950/1085/689 1225/1087/689
f 626/690/690 951/1086/690 264/1088/690
f 184/214/691 952/213/691 213/247/691
f 213/247/692 214/232/692 184/214/692
f 183/212/693 623/685/693 929/688/693
f 175/1089/694 198/234/694 953/1090/694
f 256/165/695 141/158/695 634/159/695
f 956/282/696 247/281/696 248/716/696
f 639/715/697 957/1048/697 955/1091/697
f 910/1092/698 909/1049/698 957/1048/698
f 143/1093/699 144/1043/699 910/1044/699
f 225/1094/700 958/704/700 209/1095/700
f 918/1055/701 229/1064/701 916/709/701
f 637/713/702 916/709/702 229/1064/702
f 229/1064/703 918/1055/703 228/1096/703
f 230/701/704 206/700/704 621/687/704
f 938/277/705 961/1097/705 959/1098/705
f 960/1099/706 615/1100/706 959/1098/706
f 615/1100/707 162/1101/707 959/1098/707
f 962/1102/708 964/1103/708 961/1097/708
f 962/1102/709 963/1069/709 935/1104/709
f 963/1069/710 962/1102/710 938/277/710
f 960/1099/711 959/1098/711 961/1097/711
f 924/1057/712 615/1059/712 936/1076/712
f 935/1104/713 964/1105/713 962/1106/713
f 935/1104/714 934/1075/714 964/1105/714
f 937/274/715 963/1069/715 938/277/715
f 966/1107/716 252/284/716 1207/1108/716
f 250/285/717 966/1107/717 254/280/717
f 968/289/718 967/1109/718 255/287/718
f 969/1110/719 635/703/719 967/1109/719
f 968/289/720 257/288/720 1208/1111/720
f 971/1112/721 970/296/721 972/1113/721
f 974/1114/722 972/1113/722 970/296/722
f 976/720/723 979/1115/723 272/721/723
f 977/1116/724 641/719/724 981/1117/724
f 980/718/725 983/1118/725 984/1119/725
f 980/718/726 640/722/726 983/1118/726
f 986/1120/727 985/1121/727 987/1122/727
f 987/1122/728 985/1121/728 988/1123/728
f 643/724/729 642/723/729 985/1121/729
f 986/1120/730 644/1124/730 643/724/730
f 243/271/731 624/1125/731 239/269/731
f 617/680/732 241/1070/732 616/1126/732
f 992/1127/733 774/918/733 775/916/733
f 1125/1128/734 774/918/734 992/1127/734
f 992/896/735 993/1129/735 1125/1130/735
f 1124/1131/736 776/920/736 773/919/736
f 1516/1132/737 994/1133/737 995/1134/737
f 999/1135/738 804/1136/738 797/923/738
f 551/601/739 1000/1137/739 550/921/739
f 1275/1138/740 999/1135/740 1000/1137/740
f 1007/1139/741 1006/1140/741 1005/1141/741
f 1005/1141/742 1002/1142/742 1007/1139/742
f 1151/1143/743 1009/1144/743 1003/622/743
f 1009/1144/744 1004/1145/744 1003/622/744
f 1011/1146/745 1010/1147/745 1009/1144/745
f 1010/1148/746 1073/1149/746 1004/1150/746
f 1007/1139/747 1004/1150/747 1073/1149/747
f 1010/1151/748 1012/1152/748 791/1153/748
f 792/1154/749 1010/1148/749 791/1155/749
f 792/1154/750 1013/1156/750 1010/1148/750
f 46/45/751 1017/1157/751 1016/46/751
f 813/954/752 818/961/752 1026/1158/752
f 1018/1159/753 1026/1158/753 818/961/753
f 818/961/754 819/1160/754 1018/1159/754
f 819/1160/755 1033/1161/755 1019/1162/755
f 1019/1162/756 1023/1163/756 819/1160/756
f 1020/1164/757 1019/1162/757 1021/1165/757
f 1020/1164/758 1032/1166/758 1029/1167/758
f 1023/1163/759 1029/1167/759 1024/1168/759
f 1087/1169/760 1025/955/760 1026/1158/760
f 1024/1168/761 1028/1170/761 1087/1169/761
f 1087/1169/762 1026/1158/762 1024/1168/762
f 1021/1165/763 1022/1171/763 1020/1164/763
f 1022/1171/764 1021/1165/764 1101/1172/764
f 1032/1166/765 1020/1164/765 1022/1171/765
f 820/960/766 796/939/766 819/1160/766
f 1074/1173/767 1033/1161/767 795/937/767
f 796/939/768 795/937/768 1033/1161/768
f 817/1174/769 1034/1175/769 814/956/769
f 1034/1175/770 1084/1176/770 815/957/770
f 1027/59/771 1025/955/771 1035/1177/771
f 823/1178/772 570/630/772 74/1179/772
f 571/632/773 826/965/773 827/967/773
f 1077/1180/774 902/1181/774 1041/1182/774
f 1041/1182/775 1314/1183/775 1077/1180/775
f 1043/1184/776 901/129/776 902/1181/776
f 1042/135/777 127/1185/777 1044/1186/777
f 1048/1187/778 119/131/778 1046/1188/778
f 119/131/779 1048/1187/779 1051/130/779
f 900/125/780 1053/1189/780 1047/1190/780
f 899/1031/781 900/125/781 1047/1190/781
f 120/1191/782 1051/130/782 1049/1192/782
f 1054/1193/783 1049/1192/783 1048/1187/783
f 1047/1190/784 1082/1194/784 899/1031/784
f 912/1050/785 248/716/785 955/1091/785
f 919/1056/786 249/279/786 956/282/786
f 926/1195/787 927/1196/787 1055/1197/787
f 1056/147/788 926/1195/788 1055/1197/788
f 1056/147/789 614/1198/789 926/1199/789
f 133/148/790 1056/147/790 1057/1200/790
f 208/243/791 211/1201/791 1058/1202/791
f 209/1203/792 1059/1204/792 211/1201/792
f 1059/1205/793 209/1095/793 958/704/793
f 958/704/794 222/250/794 220/166/794
f 942/1078/795 940/1077/795 948/1206/795
f 975/1207/796 1061/1208/796 971/1112/796
f 942/1078/797 1063/1209/797 1062/1210/797
f 1063/1209/798 942/1078/798 1214/1211/798
f 948/1206/799 1214/1211/799 942/1078/799
f 13/889/800 1065/959/800 541/1212/800
f 1065/959/801 1263/1213/801 541/1212/801
f 1067/1214/802 1311/1215/802 1066/1216/802
f 1066/1216/803 906/1035/803 907/1034/803
f 885/1217/804 1067/1214/804 886/1218/804
f 890/1219/805 1069/1220/805 1068/1221/805
f 890/1219/806 888/1222/806 1069/1220/806
f 1311/1215/807 1068/1221/807 1069/1220/807
f 1068/1221/808 1067/1214/808 885/1217/808
f 605/673/809 906/1035/809 606/670/809
f 906/1035/810 1070/1041/810 606/670/810
f 744/883/811 743/882/811 1269/885/811
f 1073/1149/812 1013/1156/812 1363/1223/812
f 1361/1224/813 1363/1223/813 1013/1156/813
f 1012/1152/814 1011/1225/814 794/936/814
f 888/1222/815 889/1226/815 1069/1220/815
f 1043/1184/816 1081/1227/816 904/1032/816
f 1079/1228/817 1080/1229/817 1081/1230/817
f 1046/1188/818 1082/1194/818 1317/1231/818
f 1086/1232/819 1084/1176/819 1034/1175/819
f 1116/1233/820 1091/1234/820 1089/1235/820
f 1028/1170/821 1092/1236/821 1090/1237/821
f 1031/1238/822 1094/1239/822 1093/1240/822
f 1093/1240/823 1096/1241/823 1031/1238/823
f 1030/1242/824 1031/1238/824 1096/1241/824
f 1029/1167/825 1030/1243/825 1097/1244/825
f 1095/1245/826 1031/1238/826 1022/1246/826
f 1095/1245/827 1098/1247/827 1094/1239/827
f 1022/1246/828 1104/1248/828 1095/1245/828
f 1100/1249/829 1092/1236/829 1099/1250/829
f 1101/1172/830 1102/1251/830 1103/1252/830
f 1389/1253/831 1095/1245/831 1104/1248/831
f 1106/1254/832 1161/1255/832 1107/1256/832
f 1105/1257/833 1106/1254/833 1006/1140/833
f 1007/1139/834 1105/1257/834 1006/1140/834
f 1109/1258/835 1110/1259/835 1111/1260/835
f 1111/1260/836 1100/1249/836 1109/1258/836
f 1099/1261/837 1112/1262/837 1109/1263/837
f 1114/1264/838 1089/1235/838 1111/1260/838
f 1089/1235/839 1114/1264/839 1116/1233/839
f 1099/1261/840 1096/1241/840 1112/1262/840
f 1115/1265/841 1120/1266/841 1437/1267/841
f 1118/1268/842 1091/1234/842 1116/1233/842
f 1114/1264/843 1117/1269/843 1116/1233/843
f 1086/1232/844 1034/1175/844 1083/1270/844
f 1119/1271/845 1120/1266/845 1093/1240/845
f 773/919/846 997/1272/846 1132/1273/846
f 1127/1274/847 1125/1130/847 1126/1275/847
f 1126/1276/848 1128/1277/848 1127/1278/848
f 998/1279/849 1126/1275/849 1125/1130/849
f 998/1279/850 1516/1132/850 1126/1275/850
f 1129/1280/851 592/1281/851 593/657/851
f 859/1002/852 1039/1282/852 593/657/852
f 1130/1283/853 1131/1284/853 856/1285/853
f 1133/1286/854 1128/1287/854 1126/1275/854
f 1556/1288/855 1128/1277/855 1567/1289/855
f 1132/1273/856 1134/1290/856 1135/1291/856
f 1135/1291/857 1136/1292/857 1124/1131/857
f 1124/1131/858 1132/1273/858 1135/1291/858
f 537/580/859 715/1293/859 1137/1294/859
f 1512/1295/860 1139/1296/860 716/1297/860
f 1263/1213/861 747/1298/861 541/1212/861
f 782/1299/862 23/21/862 25/1300/862
f 1146/929/863 23/21/863 1147/1301/863
f 1140/1302/864 782/1299/864 783/1303/864
f 1144/1304/865 1143/1305/865 1142/926/865
f 1142/926/866 1285/1306/866 1144/1304/866
f 781/927/867 1143/1305/867 783/1307/867
f 1145/1308/868 1141/1309/868 1143/1305/868
f 1140/1310/869 1141/1309/869 1352/1311/869
f 782/1299/870 1140/1302/870 1148/1312/870
f 1150/1313/871 1102/1251/871 1074/1173/871
f 1152/41/872 1155/1314/872 799/944/872
f 799/944/873 1153/945/873 790/1315/873
f 1160/1316/874 1157/1317/874 1158/1318/874
f 1160/1316/875 1159/1319/875 1390/1320/875
f 1161/1255/876 1159/1319/876 1017/1157/876
f 1017/1157/877 1159/1319/877 1016/46/877
f 1163/1321/878 565/1322/878 566/626/878
f 1175/1323/879 1164/1324/879 60/1325/879
f 567/629/880 1165/1326/880 1014/948/880
f 1165/1326/881 567/629/881 1166/628/881
f 1166/628/882 1167/1327/882 1165/1326/882
f 1167/1327/883 1168/1328/883 1165/1326/883
f 1167/1327/884 1171/1329/884 1168/1328/884
f 1171/1329/885 1169/1330/885 1168/1328/885
f 1164/1324/886 1172/1331/886 1167/1327/886
f 1174/1332/887 1175/1323/887 1330/1333/887
f 810/1334/888 1177/1335/888 1176/951/888
f 739/1336/889 1179/1337/889 762/917/889
f 738/876/890 1338/878/890 739/1336/890
f 824/964/891 821/962/891 825/1338/891
f 1181/975/892 837/1339/892 838/1340/892
f 79/78/893 838/1340/893 839/981/893
f 837/1339/894 1181/975/894 835/1341/894
f 834/974/895 833/77/895 1183/1342/895
f 77/80/896 80/978/896 833/77/896
f 1188/1343/897 1297/1344/897 1187/1345/897
f 1188/642/898 1189/1346/898 1297/1347/898
f 594/107/899 1191/1348/899 583/639/899
f 865/1006/900 1302/1349/900 863/1350/900
f 595/1351/901 1310/1352/901 596/1353/901
f 864/1005/902 1302/1349/902 865/1006/902
f 894/1354/903 1195/1355/903 891/1025/903
f 1197/1040/904 1076/1356/904 1196/1357/904
f 1076/1356/905 1075/1358/905 1196/1357/905
f 898/1359/906 1197/1040/906 1198/1360/906
f 1196/1357/907 1198/1360/907 1197/1040/907
f 1198/1361/908 1195/1355/908 894/1354/908
f 1197/1040/909 1311/1215/909 1076/1356/909
f 1198/1361/910 896/1030/910 898/1362/910
f 896/1030/911 895/1029/911 112/120/911
f 893/1027/912 895/1029/912 894/1354/912
f 606/670/913 1070/1041/913 601/668/913
f 1199/1363/914 944/1364/914 945/1080/914
f 140/1365/915 921/1366/915 139/149/915
f 140/1365/916 922/1367/916 921/1366/916
f 945/1080/917 922/1367/917 140/1365/917
f 944/1364/918 1057/1200/918 1200/1368/918
f 1057/1200/919 1055/1197/919 1201/1369/919
f 1057/1200/920 1056/147/920 1055/1197/920
f 630/696/921 939/699/921 632/695/921
f 939/699/922 927/1196/922 925/1370/922
f 939/699/923 1055/1197/923 927/1196/923
f 923/1058/924 924/1057/924 191/229/924
f 174/1073/925 932/1074/925 931/1371/925
f 1205/1372/926 1203/1373/926 1206/1374/926
f 1208/1111/927 966/1107/927 1209/1375/927
f 1210/305/928 268/304/928 1209/1375/928
f 1207/1108/929 1210/305/929 1209/1375/929
f 1210/305/930 1207/1108/930 965/1376/930
f 1211/1377/931 1210/305/931 1252/1378/931
f 270/1379/932 1209/1375/932 268/304/932
f 1212/1380/933 1208/1111/933 1209/1375/933
f 1204/1381/934 965/1376/934 1203/1373/934
f 1064/1382/935 1214/1211/935 249/279/935
f 975/1207/936 1206/1374/936 1061/1208/936
f 968/289/937 1216/1383/937 967/1109/937
f 1060/1384/938 967/1109/938 1216/1383/938
f 1216/1383/939 1215/1385/939 1060/1384/939
f 1218/1386/940 1219/1387/940 1234/1388/940
f 949/1084/941 1218/1386/941 1220/1389/941
f 1217/1390/942 1221/1391/942 1218/1386/942
f 1058/1202/943 1217/1390/943 1218/1386/943
f 968/289/944 1212/1380/944 1216/1383/944
f 1212/1380/945 1213/1392/945 1216/1383/945
f 1260/1393/946 1216/1383/946 1213/1392/946
f 1594/1394/947 1593/1395/947 1222/298/947
f 1225/1087/948 1226/1396/948 1223/297/948
f 973/1397/949 975/1207/949 972/1113/949
f 975/1207/950 973/1397/950 1205/1372/950
f 973/1397/951 1229/1398/951 1231/1399/951
f 1231/1399/952 1205/1372/952 973/1397/952
f 1229/1398/953 1230/1400/953 1231/1399/953
f 1220/1389/954 1233/1401/954 1226/1396/954
f 1225/1087/955 1220/1389/955 1226/1396/955
f 978/1402/956 1253/1403/956 270/1379/956
f 1253/1403/957 1236/1404/957 1254/1405/957
f 1253/1403/958 978/1402/958 1236/1404/958
f 270/1379/959 269/301/959 978/1402/959
f 978/1402/960 1612/1406/960 1236/1404/960
f 1254/1405/961 1236/1404/961 1612/1406/961
f 976/720/962 1237/1407/962 979/1115/962
f 979/1115/963 1237/1407/963 1238/1408/963
f 977/1116/964 1619/1409/964 1237/1407/964
f 982/1410/965 1622/1411/965 981/1117/965
f 984/1119/966 983/1118/966 644/1124/966
f 643/724/967 644/1124/967 983/1118/967
f 986/1120/968 987/1122/968 989/1412/968
f 1244/1413/969 991/1414/969 1245/1415/969
f 1246/1416/970 1251/1417/970 1247/1418/970
f 1251/1417/971 1246/1416/971 989/1412/971
f 1242/1419/972 982/1410/972 1240/1420/972
f 1341/1421/973 1344/1422/973 1248/1423/973
f 1246/1416/974 1248/1423/974 1245/1415/974
f 1248/1423/975 1602/1424/975 1249/1425/975
f 1250/1426/976 1251/1417/976 988/1123/976
f 1232/1427/977 1247/1418/977 1230/1400/977
f 988/1123/978 990/1428/978 1250/1426/978
f 270/1379/979 1253/1403/979 1212/1380/979
f 1254/1429/980 1611/1430/980 1255/1431/980
f 1612/1406/981 1611/1432/981 1254/1405/981
f 1213/1392/982 1253/1403/982 1259/1433/982
f 1258/1434/983 1255/1431/983 1256/1435/983
f 1253/1403/984 1254/1405/984 1258/1436/984
f 1212/1380/985 1209/1375/985 270/1379/985
f 1213/1392/986 1212/1380/986 1253/1403/986
f 1259/1433/987 1260/1393/987 1213/1392/987
f 1262/1437/988 1263/1213/988 1085/1438/988
f 746/886/989 1270/1439/989 1268/1440/989
f 1264/1441/990 1265/1442/990 1270/1439/990
f 1266/1443/991 1264/1441/991 1262/1437/991
f 1267/1444/992 1264/1441/992 1266/1443/992
f 1269/1445/993 1268/1446/993 1071/1447/993
f 1270/1439/994 1432/1448/994 1271/1449/994
f 1329/1450/995 1273/1451/995 802/1452/995
f 1272/1453/996 804/1136/996 999/1135/996
f 1326/1454/997 1275/1138/997 1000/1137/997
f 1326/1454/998 1000/1137/998 551/601/998
f 1277/1455/999 789/935/999 1276/1456/999
f 1368/1457/1000 793/1458/1000 1277/1455/1000
f 1276/1456/1001 800/934/1001 1278/1459/1001
f 1278/1459/1002 1374/1460/1002 1276/1456/1002
f 1156/1461/1003 1372/1462/1003 1154/946/1003
f 1280/1463/1004 1281/1464/1004 1157/1317/1004
f 1282/949/1005 1151/1143/1005 564/621/1005
f 1282/949/1006 1284/1465/1006 1283/1466/1006
f 1017/1157/1007 1107/1256/1007 1161/1255/1007
f 52/51/1008 1287/1467/1008 51/49/1008
f 565/1322/1009 1289/1468/1009 1287/1467/1009
f 1289/1469/1010 1358/1470/1010 1286/1471/1010
f 1288/1472/1011 1290/1473/1011 1144/1304/1011
f 1286/1474/1012 1290/1473/1012 1288/1472/1012
f 1419/1475/1013 1273/1451/1013 1329/1450/1013
f 1033/1161/1014 1292/1476/1014 1021/1165/1014
f 1101/1172/1015 1021/1165/1015 1292/1476/1015
f 869/1011/1016 1294/989/1016 849/991/1016
f 1295/1477/1017 1130/1283/1017 857/1478/1017
f 848/990/1018 857/1479/1018 855/994/1018
f 1296/1480/1019 1129/1280/1019 1295/1477/1019
f 1293/1481/1020 870/1009/1020 1296/1482/1020
f 848/1483/1021 1293/1484/1021 1295/1477/1021
f 1129/1280/1022 862/1003/1022 592/1281/1022
f 1129/1280/1023 867/1485/1023 862/1003/1023
f 1299/1486/1024 1186/1004/1024 1185/1008/1024
f 1190/640/1025 1300/1487/1025 1189/1346/1025
f 1299/1486/1026 1193/1488/1026 1186/1004/1026
f 1300/1487/1027 1190/640/1027 1305/1489/1027
f 1306/1490/1028 1538/1491/1028 1299/1492/1028
f 1299/1486/1029 1301/1493/1029 1306/1494/1029
f 1302/1349/1030 1193/1488/1030 1307/1495/1030
f 1309/1496/1031 1308/1497/1031 1535/1498/1031
f 592/1281/1032 587/656/1032 593/657/1032
f 1070/1041/1033 1311/1215/1033 908/1039/1033
f 1066/1216/1034 1311/1215/1034 1070/1041/1034
f 1078/1499/1035 1042/135/1035 1044/1186/1035
f 902/1181/1036 1077/1180/1036 1043/1184/1036
f 1313/1500/1037 1312/1501/1037 1050/1502/1037
f 1044/1186/1038 1312/1503/1038 1078/1499/1038
f 1044/1504/1039 1050/1502/1039 1312/1501/1039
f 1078/1499/1040 1315/1505/1040 1323/1506/1040
f 1315/1505/1041 1078/1499/1041 1312/1503/1041
f 1317/1507/1042 1316/1508/1042 1054/1509/1042
f 1319/1510/1043 1320/1511/1043 1321/1512/1043
f 1318/1513/1044 1320/1511/1044 1319/1510/1044
f 1047/1514/1045 1318/1513/1045 1082/1515/1045
f 1316/1516/1046 1312/1501/1046 1313/1500/1046
f 1316/1508/1047 1319/1510/1047 1322/1517/1047
f 1317/1507/1048 1319/1510/1048 1316/1508/1048
f 1322/1517/1049 1315/1518/1049 1316/1508/1049
f 1312/1501/1050 1316/1516/1050 1315/1519/1050
f 1430/1520/1051 1325/1521/1051 1324/1522/1051
f 1323/1523/1052 1325/1521/1052 1314/1524/1052
f 1315/1518/1053 1322/1517/1053 1324/1522/1053
f 1324/1522/1054 1322/1517/1054 1321/1512/1054
f 815/957/1055 1084/1176/1055 816/958/1055
f 1326/1525/1056 553/1526/1056 1327/1527/1056
f 1427/1528/1057 1428/1529/1057 1274/1530/1057
f 1326/1525/1058 1327/1527/1058 1425/1531/1058
f 1328/1532/1059 786/1533/1059 785/1534/1059
f 1330/1333/1060 1333/1535/1060 1174/1332/1060
f 1335/1536/1061 1333/1535/1061 1330/1333/1061
f 1173/1537/1062 1172/1331/1062 1334/1538/1062
f 1174/1332/1063 1172/1331/1063 1164/1324/1063
f 1333/1535/1064 1335/1536/1064 1435/1539/1064
f 1336/1540/1065 1335/1536/1065 1332/1541/1065
f 1337/1542/1066 1336/1540/1066 1332/1541/1066
f 1332/1541/1067 1180/1543/1067 1337/1542/1067
f 1180/1543/1068 1332/1541/1068 1331/1544/1068
f 1178/1545/1069 1180/1543/1069 1331/1544/1069
f 1339/1546/1070 1310/1352/1070 1309/1496/1070
f 1227/1547/1071 1343/1548/1071 1340/1549/1071
f 1340/1549/1072 1232/1427/1072 1227/1547/1072
f 1342/1550/1073 1341/1421/1073 1340/1549/1073
f 1342/1550/1074 1340/1549/1074 1343/1548/1074
f 1228/1551/1075 1591/1552/1075 1343/1548/1075
f 1344/1422/1076 1341/1421/1076 1342/1550/1076
f 1345/1553/1077 1346/1554/1077 1348/1555/1077
f 1256/1435/1078 1347/1556/1078 1257/1557/1078
f 1347/1556/1079 1256/1435/1079 1345/1553/1079
f 1261/1558/1080 1215/1385/1080 1260/1393/1080
f 1257/1559/1081 1219/1560/1081 1261/1558/1081
f 1116/1233/1082 1117/1269/1082 1118/1268/1082
f 1140/1561/1083 1352/1562/1083 1148/1563/1083
f 1147/1564/1084 1148/1563/1084 1353/1565/1084
f 1147/1564/1085 1353/1565/1085 1354/1566/1085
f 1355/1567/1086 1546/1568/1086 1352/1562/1086
f 1357/1569/1087 1356/1570/1087 1149/1571/1087
f 1290/1572/1088 1286/1471/1088 1358/1470/1088
f 1362/1573/1089 1360/1574/1089 1368/1457/1089
f 1361/1224/1090 1360/1574/1090 1362/1573/1090
f 1013/1156/1091 792/1154/1091 1361/1224/1091
f 1361/1224/1092 1364/1575/1092 1363/1223/1092
f 1364/1575/1093 1361/1224/1093 1362/1573/1093
f 1396/1576/1094 1366/1577/1094 1367/1578/1094
f 1364/1575/1095 1366/1577/1095 1365/1579/1095
f 1277/1455/1096 1370/1580/1096 1368/1457/1096
f 1371/1581/1097 1372/1582/1097 1279/1583/1097
f 1371/1581/1098 1278/1459/1098 1372/1582/1098
f 1374/1460/1099 1377/1584/1099 1370/1580/1099
f 1276/1456/1100 1374/1460/1100 1277/1455/1100
f 1369/1585/1101 1378/1586/1101 1367/1578/1101
f 1377/1584/1102 1376/1587/1102 1375/1588/1102
f 1382/1589/1103 1377/1584/1103 1379/1590/1103
f 1383/1591/1104 1386/1592/1104 1384/1593/1104
f 1283/1466/1105 1102/1594/1105 1150/1595/1105
f 1169/1330/1106 1389/1253/1106 1170/1596/1106
f 1160/1316/1107 1280/1463/1107 1157/1317/1107
f 1391/1597/1108 1392/1598/1108 1406/1599/1108
f 1390/1320/1109 1159/1319/1109 1391/1597/1109
f 1162/1600/1110 1403/1601/1110 1159/1319/1110
f 1391/1597/1111 1159/1319/1111 1403/1601/1111
f 1106/1254/1112 1393/1602/1112 1161/1255/1112
f 1162/1600/1113 1393/1602/1113 1400/1603/1113
f 1393/1602/1114 1162/1600/1114 1161/1255/1114
f 1394/1604/1115 1393/1602/1115 1106/1254/1115
f 1393/1602/1116 1394/1604/1116 1395/1605/1116
f 1365/1579/1117 1394/1604/1117 1105/1257/1117
f 1106/1254/1118 1105/1257/1118 1394/1604/1118
f 1397/1606/1119 1396/1576/1119 1398/1607/1119
f 1366/1577/1120 1395/1605/1120 1394/1604/1120
f 1403/1601/1121 1402/1608/1121 1411/1609/1121
f 1404/1610/1122 1401/1611/1122 1455/1612/1122
f 1401/1611/1123 1404/1610/1123 1402/1608/1123
f 1409/1613/1124 1405/1614/1124 1403/1601/1124
f 1281/1464/1125 1280/1463/1125 1406/1599/1125
f 1281/1464/1126 1406/1599/1126 1407/1615/1126
f 1407/1615/1127 1392/1598/1127 1405/1614/1127
f 1405/1614/1128 1408/1616/1128 1407/1615/1128
f 1405/1614/1129 1409/1613/1129 1413/1617/1129
f 1459/1618/1130 1412/1619/1130 1460/1620/1130
f 1412/1619/1131 1459/1618/1131 1410/1621/1131
f 1410/1621/1132 1411/1609/1132 1412/1619/1132
f 1389/1253/1133 1169/1330/1133 1098/1247/1133
f 1122/1622/1134 1094/1239/1134 1098/1247/1134
f 1122/1622/1135 1093/1240/1135 1094/1239/1135
f 1416/1623/1136 1291/1624/1136 1421/1625/1136
f 1359/1626/1137 1417/1627/1137 1358/1470/1137
f 1419/1628/1138 1329/1629/1138 1423/1630/1138
f 1420/1631/1139 1273/625/1139 1419/1632/1139
f 1274/1530/1140 1428/1529/1140 1329/1629/1140
f 1420/1633/1141 1421/1625/1141 1291/1624/1141
f 1422/1634/1142 1419/1628/1142 1423/1630/1142
f 1419/1628/1143 1422/1634/1143 1420/1633/1143
f 1040/1635/1144 1131/1284/1144 1039/1282/1144
f 1325/1521/1145 1430/1520/1145 1079/1228/1145
f 1079/1228/1146 1430/1520/1146 1080/1229/1146
f 1349/1636/1147 1431/1637/1147 1433/1638/1147
f 1433/1638/1148 1337/1542/1148 1349/1636/1148
f 1351/1639/1149 1114/1264/1149 1113/1640/1149
f 1113/1641/1150 1111/1642/1150 1110/1643/1150
f 1434/1644/1151 1351/1645/1151 1440/1646/1151
f 1442/1647/1152 1440/1646/1152 1113/1641/1152
f 1336/1540/1153 1435/1539/1153 1335/1536/1153
f 1120/1266/1154 1119/1271/1154 1121/1648/1154
f 1438/1649/1155 1121/1648/1155 1119/1271/1155
f 1095/1245/1156 1389/1253/1156 1098/1247/1156
f 1439/1650/1157 1336/1540/1157 1337/1542/1157
f 1441/1651/1158 1439/1650/1158 1440/1646/1158
f 1442/1647/1159 1441/1651/1159 1440/1646/1159
f 1446/1652/1160 1407/1615/1160 1408/1616/1160
f 1407/1615/1161 1446/1652/1161 1383/1591/1161
f 1445/1653/1162 1443/1654/1162 1446/1652/1162
f 1385/1655/1163 1387/1656/1163 1379/1590/1163
f 1447/1657/1164 1387/1656/1164 1444/1658/1164
f 1444/1658/1165 1448/1659/1165 1447/1657/1165
f 1387/1656/1166 1447/1657/1166 1382/1589/1166
f 1448/1659/1167 1444/1658/1167 1449/1660/1167
f 1451/1661/1168 1448/1659/1168 1450/1662/1168
f 1445/1653/1169 1452/1663/1169 1443/1654/1169
f 1453/1664/1170 1446/1652/1170 1408/1616/1170
f 1454/1665/1171 1397/1606/1171 1398/1607/1171
f 1455/1612/1172 1397/1606/1172 1454/1665/1172
f 1454/1665/1173 1456/1666/1173 1457/1667/1173
f 1459/1618/1174 1458/1668/1174 1462/1669/1174
f 1460/1620/1175 1404/1610/1175 1457/1667/1175
f 1458/1668/1176 1456/1666/1176 1461/1670/1176
f 1464/1671/1177 1382/1589/1177 1447/1657/1177
f 1382/1589/1178 1464/1671/1178 1461/1670/1178
f 1382/1589/1179 1461/1670/1179 1376/1587/1179
f 1376/1587/1180 1381/1672/1180 1375/1588/1180
f 1465/1673/1181 1466/1674/1181 1451/1661/1181
f 1462/1669/1182 1469/1675/1182 1468/1676/1182
f 1451/1661/1183 1467/1677/1183 1465/1673/1183
f 1451/1661/1184 1482/1678/1184 1467/1677/1184
f 1482/1678/1185 1451/1661/1185 1470/1679/1185
f 1448/1659/1186 1451/1661/1186 1466/1674/1186
f 1471/1680/1187 1474/1681/1187 1468/1676/1187
f 1410/1621/1188 1474/1681/1188 1472/1682/1188
f 1473/1683/1189 1474/1681/1189 1471/1680/1189
f 1465/1673/1190 1478/1684/1190 1473/1683/1190
f 1481/1685/1191 1479/1686/1191 1475/1687/1191
f 1450/1662/1192 1470/1679/1192 1451/1661/1192
f 1483/1688/1193 1484/1689/1193 1450/1662/1193
f 1450/1662/1194 1484/1689/1194 1470/1679/1194
f 1480/1690/1195 1481/1685/1195 1482/1678/1195
f 1484/1689/1196 1480/1690/1196 1482/1678/1196
f 1491/1691/1197 1487/1692/1197 1413/1617/1197
f 1408/1616/1198 1413/1617/1198 1487/1692/1198
f 1413/1617/1199 1472/1682/1199 1491/1691/1199
f 1487/1692/1200 1491/1691/1200 1488/1693/1200
f 1485/1694/1201 1489/1695/1201 1490/1696/1201
f 1452/1697/1202 1483/1688/1202 1449/1660/1202
f 1483/1698/1203 1452/1663/1203 1489/1695/1203
f 1483/1698/1204 1489/1695/1204 1485/1694/1204
f 1492/1699/1205 1488/1693/1205 1491/1691/1205
f 1472/1682/1206 1477/1700/1206 1491/1691/1206
f 1477/1700/1207 1476/1701/1207 1491/1691/1207
f 1425/1531/1208 1493/1702/1208 1494/1703/1208
f 1497/1704/1209 1493/1702/1209 1328/1532/1209
f 1426/1705/1210 1494/1703/1210 1495/1706/1210
f 1495/1706/1211 1496/1707/1211 1426/1705/1211
f 1427/1528/1212 1426/1705/1212 1496/1707/1212
f 1423/1630/1213 1429/1708/1213 1499/1709/1213
f 1422/1634/1214 1574/1710/1214 1420/1633/1214
f 1502/1711/1215 1495/1706/1215 1494/1703/1215
f 1494/1703/1216 1503/1712/1216 1502/1711/1216
f 1588/1713/1217 1496/1707/1217 1495/1706/1217
f 1496/1707/1218 1588/1713/1218 1504/1714/1218
f 1498/1715/1219 1328/1532/1219 1507/1716/1219
f 1501/1717/1220 1507/1716/1220 1354/1566/1220
f 1328/1532/1221 1498/1715/1221 1497/1704/1221
f 1353/1565/1222 1508/1718/1222 1510/1719/1222
f 1442/1647/1223 1115/1265/1223 1441/1651/1223
f 1519/1720/1224 727/858/1224 1518/1721/1224
f 1139/1296/1225 1512/1295/1225 1530/1722/1225
f 1530/1722/1226 1531/1723/1226 1139/1296/1226
f 722/848/1227 1530/1722/1227 1512/1295/1227
f 1514/1724/1228 1516/1132/1228 995/1134/1228
f 1518/1721/1229 1124/1131/1229 1136/1292/1229
f 1524/1725/1230 1517/1726/1230 1521/1727/1230
f 1527/1728/1231 1523/1729/1231 1525/1730/1231
f 1527/1728/1232 1524/1725/1232 1523/1729/1232
f 1528/1731/1233 1526/1732/1233 1525/1730/1233
f 1530/1722/1234 1511/1733/1234 1524/1725/1234
f 1530/1722/1235 722/848/1235 1511/1733/1235
f 1558/1734/1236 1531/1723/1236 1532/1735/1236
f 1529/1736/1237 1532/1735/1237 1531/1723/1237
f 1304/1737/1238 1536/1738/1238 1301/1739/1238
f 1536/1738/1239 1533/1740/1239 1539/1741/1239
f 1300/1742/1240 1533/1740/1240 1304/1737/1240
f 1308/1743/1241 1540/1744/1241 1541/1745/1241
f 1539/1741/1242 1553/1746/1242 1537/1747/1242
f 1542/1748/1243 1548/1749/1243 1549/1750/1243
f 1509/1751/1244 1542/1748/1244 1498/1715/1244
f 1497/1704/1245 1498/1715/1245 1503/1712/1245
f 1509/1751/1246 1498/1715/1246 1501/1717/1246
f 1510/1719/1247 1543/1752/1247 1509/1751/1247
f 1543/1752/1248 1510/1719/1248 1544/1753/1248
f 1510/1719/1249 1546/1568/1249 1544/1753/1249
f 1542/1748/1250 1509/1751/1250 1543/1752/1250
f 1550/1754/1251 1549/1750/1251 1548/1749/1251
f 1545/1755/1252 1550/1754/1252 1548/1749/1252
f 1508/1718/1253 1352/1562/1253 1546/1568/1253
f 1551/1756/1254 1550/1754/1254 1552/1757/1254
f 1502/1711/1255 1550/1754/1255 1551/1756/1255
f 1307/1758/1256 1540/1744/1256 1308/1743/1256
f 1553/1746/1257 1540/1744/1257 1193/1759/1257
f 1553/1746/1258 1538/1491/1258 1537/1747/1258
f 1319/1510/1259 1321/1512/1259 1322/1517/1259
f 1528/1731/1260 1554/1760/1260 1555/1761/1260
f 1522/1762/1261 1528/1731/1261 1525/1730/1261
f 1136/1292/1262 1555/1761/1262 1554/1760/1262
f 1556/1288/1263 1135/1291/1263 1134/1290/1263
f 1570/1763/1264 1528/1731/1264 1557/1764/1264
f 1555/1761/1265 1136/1292/1265 1135/1291/1265
f 1562/1765/1266 1561/1766/1266 1559/1767/1266
f 1561/1766/1267 1563/1768/1267 1560/1769/1267
f 1563/1768/1268 1567/1770/1268 1128/1287/1268
f 1565/1771/1269 1564/1772/1269 1566/1773/1269
f 1567/1770/1270 1563/1768/1270 1561/1766/1270
f 1561/1766/1271 1564/1772/1271 1567/1770/1271
f 1532/1735/1272 1566/1773/1272 1564/1772/1272
f 1564/1772/1273 1562/1765/1273 1532/1735/1273
f 1568/1774/1274 1529/1736/1274 1527/1728/1274
f 1566/1773/1275 1569/1775/1275 1565/1771/1275
f 1526/1732/1276 1565/1771/1276 1569/1775/1276
f 1564/1772/1277 1571/1776/1277 1567/1770/1277
f 1567/1770/1278 1571/1776/1278 1556/1777/1278
f 1564/1772/1279 1565/1771/1279 1571/1776/1279
f 1557/1778/1280 1571/1776/1280 1570/1763/1280
f 1528/1731/1281 1570/1763/1281 1526/1732/1281
f 1450/1662/1282 1449/1660/1282 1483/1688/1282
f 1445/1653/1283 1489/1695/1283 1452/1663/1283
f 1484/1779/1284 1483/1698/1284 1485/1694/1284
f 1572/1780/1285 1480/1690/1285 1486/1781/1285
f 1480/1690/1286 1572/1780/1286 1479/1686/1286
f 1573/1782/1287 1486/1781/1287 1485/1694/1287
f 1492/1699/1288 1475/1687/1288 1479/1686/1288
f 1479/1686/1289 1573/1782/1289 1492/1699/1289
f 1417/1627/1290 1418/1783/1290 1582/1784/1290
f 1582/1784/1291 1580/1785/1291 1417/1627/1291
f 1421/1625/1292 1574/1710/1292 1416/1623/1292
f 1575/1786/1293 1577/1787/1293 1544/1753/1293
f 1547/1788/1294 1576/1789/1294 1575/1786/1294
f 1577/1787/1295 1575/1786/1295 1576/1789/1295
f 1544/1753/1296 1546/1568/1296 1575/1786/1296
f 1580/1790/1297 1576/1789/1297 1547/1788/1297
f 1582/1784/1298 1581/1791/1298 1576/1792/1298
f 1582/1784/1299 1583/1793/1299 1586/1794/1299
f 1574/1710/1300 1500/1795/1300 1584/1796/1300
f 1499/1709/1301 1506/1797/1301 1500/1795/1301
f 1506/1797/1302 1585/1798/1302 1500/1795/1302
f 1586/1794/1303 1581/1791/1303 1582/1784/1303
f 1586/1794/1304 1584/1796/1304 1587/1799/1304
f 1584/1796/1305 1585/1798/1305 1587/1799/1305
f 1585/1798/1306 1589/1800/1306 1590/1801/1306
f 1590/1801/1307 1587/1799/1307 1585/1798/1307
f 1579/1802/1308 1581/1791/1308 1590/1801/1308
f 1587/1799/1309 1590/1801/1309 1581/1791/1309
f 1581/1803/1310 1579/1804/1310 1577/1787/1310
f 1552/1757/1311 1578/1805/1311 1590/1801/1311
f 1551/1756/1312 1552/1757/1312 1589/1800/1312
f 1589/1800/1313 1552/1757/1313 1590/1801/1313
f 1545/1755/1314 1548/1749/1314 1543/1752/1314
f 1588/1713/1315 1502/1711/1315 1551/1756/1315
f 1593/1395/1316 1592/1806/1316 1591/1552/1316
f 1594/1394/1317 1601/1807/1317 1593/1395/1317
f 1343/1548/1318 1592/1806/1318 1599/1808/1318
f 1348/1555/1319 1235/1809/1319 1233/1401/1319
f 1235/1809/1320 1596/1810/1320 1594/1394/1320
f 1222/298/1321 1235/1809/1321 1594/1394/1321
f 1597/1811/1322 1599/1808/1322 1592/1806/1322
f 1598/1812/1323 1597/1811/1323 1608/1813/1323
f 1604/1814/1324 1595/1815/1324 1605/1816/1324
f 1348/1555/1325 1605/1816/1325 1595/1815/1325
f 1233/1401/1326 1347/1556/1326 1348/1555/1326
f 1608/1813/1327 1632/1817/1327 1609/1818/1327
f 1605/1816/1328 1348/1555/1328 1346/1554/1328
f 1600/1819/1329 1608/1813/1329 1597/1811/1329
f 1610/1820/1330 1625/1821/1330 1615/1822/1330
f 1625/1821/1331 1610/1820/1331 1613/1823/1331
f 1614/1824/1332 1611/1430/1332 1612/1825/1332
f 978/1402/1333 1239/1826/1333 1612/1406/1333
f 1614/1824/1334 1616/1827/1334 1617/1828/1334
f 1617/1828/1335 1616/1827/1335 1618/1829/1335
f 1239/1830/1336 1238/1831/1336 1614/1824/1336
f 977/1116/1337 1620/1832/1337 1619/1409/1337
f 1620/1832/1338 977/1116/1338 1622/1411/1338
f 1622/1411/1339 1621/1833/1339 1620/1832/1339
f 1623/1834/1340 1616/1827/1340 1620/1832/1340
f 1628/1835/1341 1623/1834/1341 1626/1836/1341
f 1624/1837/1342 1623/1834/1342 1628/1835/1342
f 1242/1419/1343 1627/1838/1343 1626/1836/1343
f 1628/1835/1344 1626/1836/1344 1627/1838/1344
f 1627/1838/1345 1242/1419/1345 1630/1839/1345
f 1629/1840/1346 1602/1424/1346 1609/1818/1346
f 1618/1829/1347 1613/1823/1347 1617/1828/1347
f 1623/1834/1348 1625/1821/1348 1618/1829/1348
f 1627/1838/1349 1632/1817/1349 1628/1835/1349
f 1632/1817/1350 1630/1839/1350 1629/1840/1350
f 275/1841/1351 1651/1842/1351 274/1843/1351
f 276/1844/1352 277/1845/1352 278/1846/1352
f 1635/1847/1353 299/329/1353 304/1848/1353
f 304/1848/1354 299/329/1354 300/336/1354
f 288/315/1355 649/1849/1355 310/344/1355
f 1659/1850/1356 662/756/1356 645/1851/1356
f 340/1852/1357 1682/1853/1357 1639/1854/1357
f 1682/1853/1358 340/1852/1358 324/357/1358
f 331/759/1359 1670/1855/1359 1745/760/1359
f 338/1856/1360 334/1857/1360 1642/1858/1360
f 311/746/1361 1732/1859/1361 1646/1860/1361
f 1646/1860/1362 1643/747/1362 311/746/1362
f 1644/1861/1363 1732/1859/1363 657/1862/1363
f 1732/1863/1364 1644/1864/1364 1733/1865/1364
f 1633/1866/1365 1643/1867/1365 1645/1868/1365
f 1645/1869/1366 279/1870/1366 276/1844/1366
f 1633/1871/1367 1645/1869/1367 276/1844/1367
f 1733/1872/1368 279/1870/1368 1645/1869/1368
f 310/344/1369 649/1849/1369 1647/1873/1369
f 327/743/1370 318/745/1370 1641/737/1370
f 1641/737/1371 650/736/1371 327/743/1371
f 1734/1874/1372 299/329/1372 332/1875/1372
f 1635/1876/1373 321/1877/1373 661/1878/1373
f 321/1877/1374 1635/1876/1374 1678/1879/1374
f 656/758/1375 661/1878/1375 321/1877/1375
f 1654/1880/1376 646/729/1376 1653/1881/1376
f 1674/1882/1377 1659/1883/1377 1660/1884/1377
f 1654/1885/1378 1658/1886/1378 646/1887/1378
f 664/1888/1379 1661/324/1379 291/321/1379
f 648/1889/1380 665/1890/1380 653/1891/1380
f 285/1892/1381 658/352/1381 315/351/1381
f 1637/1893/1382 647/1894/1382 654/1895/1382
f 283/314/1383 319/350/1383 284/312/1383
f 319/350/1384 283/314/1384 315/351/1384
f 1650/744/1385 306/340/1385 284/1896/1385
f 285/1892/1386 1637/1897/1386 658/352/1386
f 319/1898/1387 1650/744/1387 284/1896/1387
f 335/1899/1388 339/1900/1388 665/1890/1388
f 300/336/1389 299/329/1389 294/326/1389
f 660/754/1390 341/1901/1390 302/1902/1390
f 1666/752/1391 292/320/1391 1746/1903/1391
f 295/1904/1392 1746/1903/1392 292/320/1392
f 1667/1905/1393 1655/1906/1393 1676/1907/1393
f 1656/1908/1394 1668/1909/1394 1669/1910/1394
f 1668/1911/1395 1656/1912/1395 1746/1903/1395
f 1669/1910/1396 1657/1913/1396 1656/1908/1396
f 302/1914/1397 294/326/1397 660/328/1397
f 302/1902/1398 341/1901/1398 301/1915/1398
f 287/1916/1399 307/740/1399 1642/372/1399
f 336/1917/1400 287/338/1400 1642/1918/1400
f 1663/1919/1401 335/1920/1401 648/1921/1401
f 333/366/1402 1663/1919/1402 285/1922/1402
f 285/1922/1403 283/732/1403 333/366/1403
f 278/1846/1404 654/1923/1404 1664/1924/1404
f 278/1846/1405 659/1925/1405 654/1923/1405
f 1671/1926/1406 1672/1927/1406 313/1928/1406
f 1672/1927/1407 312/1929/1407 313/1928/1407
f 1676/1930/1408 1675/1931/1408 1674/1932/1408
f 1676/1930/1409 1660/1933/1409 1667/1934/1409
f 1677/1935/1410 1667/1934/1410 1660/1933/1410
f 281/1936/1411 1676/1907/1411 1655/1906/1411
f 1676/1907/1412 281/1936/1412 1675/1937/1412
f 1677/1935/1413 1670/1938/1413 1665/1939/1413
f 1747/1940/1414 1742/1941/1414 1672/1942/1414
f 1742/1941/1415 1743/1943/1415 1672/1942/1415
f 299/329/1416 1635/1847/1416 332/1875/1416
f 334/1857/1417 338/1856/1417 325/739/1417
f 325/1944/1418 324/357/1418 334/368/1418
f 333/366/1419 324/357/1419 1663/1919/1419
f 329/1945/1420 330/363/1420 341/1946/1420
f 304/1947/1421 323/1948/1421 1635/1876/1421
f 1680/1949/1422 1679/1950/1422 1682/1951/1422
f 414/448/1423 1700/1952/1423 1683/1953/1423
f 353/383/1424 442/1954/1424 352/385/1424
f 348/1955/1425 392/1956/1425 404/1957/1425
f 428/765/1426 367/1958/1426 685/1959/1426
f 1711/412/1427 671/781/1427 420/780/1427
f 687/1960/1428 446/1961/1428 431/1962/1428
f 411/1963/1429 689/1964/1429 688/813/1429
f 449/1965/1430 447/1966/1430 1708/1967/1430
f 686/811/1431 426/1968/1431 1706/812/1431
f 674/1969/1432 1692/1970/1432 673/1971/1432
f 396/475/1433 1697/792/1433 1691/476/1433
f 347/1972/1434 439/1973/1434 440/1974/1434
f 371/408/1435 370/1975/1435 406/1976/1435
f 406/1976/1436 392/1956/1436 371/408/1436
f 443/409/1437 444/1977/1437 1693/407/1437
f 1694/1978/1438 390/764/1438 370/1975/1438
f 391/1979/1439 370/1975/1439 390/764/1439
f 406/1976/1440 370/1975/1440 391/1979/1440
f 403/1980/1441 410/1981/1441 343/374/1441
f 683/1982/1442 403/1980/1442 342/376/1442
f 1684/378/1443 342/376/1443 403/1980/1443
f 438/1983/1444 1698/1984/1444 1685/1985/1444
f 674/1969/1445 676/795/1445 1692/1986/1445
f 1698/1984/1446 1691/476/1446 1697/792/1446
f 1699/478/1447 1692/1987/1447 676/801/1447
f 1688/1988/1448 423/1989/1448 424/1990/1448
f 362/816/1449 690/818/1449 1689/1991/1449
f 364/1992/1450 368/401/1450 369/489/1450
f 358/1993/1451 667/1994/1451 354/382/1451
f 667/1994/1452 442/1954/1452 353/383/1452
f 446/1961/1453 688/813/1453 447/1966/1453
f 430/1995/1454 1705/810/1454 1707/805/1454
f 1707/805/1455 687/1960/1455 430/1995/1455
f 689/1996/1456 449/1997/1456 1708/1998/1456
f 409/1999/1457 427/2000/1457 449/1997/1457
f 1708/1967/1458 688/813/1458 689/1964/1458
f 672/2001/1459 1705/810/1459 400/2002/1459
f 1705/810/1460 672/2001/1460 680/806/1460
f 428/765/1461 343/374/1461 410/1981/1461
f 369/489/1462 366/2003/1462 364/1992/1462
f 1683/2004/1463 1709/2005/1463 413/2006/1463
f 1700/2007/1464 1703/2008/1464 1683/2009/1464
f 398/2010/1465 1712/790/1465 393/2011/1465
f 398/2010/1466 1749/779/1466 1712/790/1466
f 363/2012/1467 1690/774/1467 670/773/1467
f 432/2013/1468 1716/2014/1468 1714/820/1468
f 1703/2008/1469 1700/2007/1469 1704/784/1469
f 366/2003/1470 369/489/1470 445/403/1470
f 683/1982/1471 342/376/1471 682/2015/1471
f 693/2016/1472 433/2017/1472 692/2018/1472
f 1686/2019/1473 379/2020/1473 417/455/1473
f 1717/2021/1474 433/2017/1474 693/2016/1474
f 437/2022/1475 693/2016/1475 378/2023/1475
f 699/529/1476 1718/2024/1476 456/2025/1476
f 701/822/1477 463/501/1477 1719/2026/1477
f 697/509/1478 696/2027/1478 470/500/1478
f 478/518/1479 479/517/1479 485/528/1479
f 702/516/1480 486/524/1480 1721/2028/1480
f 700/2029/1481 703/825/1481 480/824/1481
f 487/526/1482 466/2030/1482 1721/2028/1482
f 696/2027/1483 453/495/1483 1719/2026/1483
f 703/2031/1484 701/822/1484 461/510/1484
f 469/504/1485 1720/527/1485 703/825/1485
f 1721/2028/1486 698/2032/1486 473/508/1486
f 488/525/1487 465/502/1487 487/526/1487
f 466/2030/1488 487/526/1488 465/502/1488
f 712/541/1489 714/844/1489 498/537/1489
f 532/838/1490 525/567/1490 531/572/1490
f 709/547/1491 1724/2033/1491 1725/2034/1491
f 528/2035/1492 1725/2034/1492 1724/2033/1492
f 1725/2034/1493 528/2035/1493 706/2036/1493
f 500/543/1494 526/545/1494 511/559/1494
f 709/547/1495 713/829/1495 1724/2033/1495
f 708/839/1496 1728/2037/1496 518/570/1496
f 1740/2038/1497 1734/1874/1497 1651/311/1497
f 1649/347/1498 1731/2039/1498 275/2040/1498
f 307/342/1499 326/2041/1499 278/1846/1499
f 1731/2039/1500 1648/2042/1500 1737/2043/1500
f 1737/2043/1501 1736/2044/1501 1731/2039/1501
f 1742/2045/1502 1736/2046/1502 1737/2047/1502
f 1737/2043/1503 313/2048/1503 1738/2049/1503
f 1648/2050/1504 1649/2051/1504 1734/2052/1504
f 1648/2050/1505 1747/2053/1505 655/2054/1505
f 1669/2055/1506 1745/760/1506 1658/1886/1506
f 1677/2056/1507 1660/1884/1507 1670/1855/1507
f 1745/760/1508 1670/1855/1508 1660/1884/1508
f 1665/2057/1509 1666/752/1509 1667/1905/1509
f 1668/1909/1510 1746/2058/1510 1745/2059/1510
f 1747/2053/1511 1671/1926/1511 655/2054/1511
f 1743/2060/1512 1738/2061/1512 1673/2062/1512
f 1747/1940/1513 1734/1874/1513 1742/1941/1513
f 1746/1903/1514 1656/1912/1514 1655/1906/1514
f 1661/324/1515 1746/2058/1515 295/325/1515
f 1652/2063/1516 1739/2064/1516 1740/2038/1516
f 1639/2065/1517 1682/1951/1517 1679/1950/1517
f 1682/1951/1518 1681/2066/1518 1680/1949/1518
f 1749/779/1519 1748/2067/1519 1712/790/1519
f 1712/790/1520 1750/2068/1520 393/2011/1520
f 372/411/1521 1750/786/1521 408/2069/1521
f 397/768/1522 393/2070/1522 1750/786/1522
f 416/2071/1523 1751/2072/1523 408/2069/1523
f 379/2020/1524 1752/2073/1524 441/456/1524
f 377/2074/1525 1752/2075/1525 668/2076/1525
f 703/825/1526 700/2029/1526 701/2077/1526
f 480/505/1527 458/2078/1527 700/2079/1527
f 1723/2080/1528 490/2081/1528 1722/2082/1528
f 1755/2083/1529 1754/2084/1529 1753/2085/1529
f 1755/2083/1530 1757/2086/1530 1754/2084/1530
f 1756/2087/1531 1757/2086/1531 1897/2088/1531
f 1760/2089/1532 1762/2090/1532 1822/2091/1532
f 1763/2092/1533 1762/2090/1533 1760/2089/1533
f 1851/2093/1534 1805/2094/1534 1850/2095/1534
f 1765/2096/1535 1766/2097/1535 1764/2098/1535
f 1765/2096/1536 1852/2099/1536 1807/2100/1536
f 1768/2101/1537 1810/2102/1537 1769/2103/1537
f 1769/2103/1538 1770/2104/1538 1858/2105/1538
f 1767/2106/1539 1769/2103/1539 1858/2105/1539
f 1773/2107/1540 1804/2108/1540 1772/2109/1540
f 1856/2110/1541 1870/2111/1541 1774/2112/1541
f 1775/2113/1542 1777/2114/1542 1778/2115/1542
f 1775/2113/1543 1774/2112/1543 1777/2114/1543
f 1786/2116/1544 1779/2117/1544 1780/2118/1544
f 1784/2119/1545 1779/2117/1545 1782/2120/1545
f 1785/2121/1546 1784/2119/1546 1814/2122/1546
f 1791/2123/1547 1788/2124/1547 1787/2123/1547
f 1791/2123/1548 1790/2125/1548 1789/2126/1548
f 1790/2127/1547 1791/2123/1547 1787/2123/1547
f 1795/2128/1549 1794/2129/1549 1796/2130/1549
f 1795/2128/1550 1797/2131/1550 1794/2129/1550
f 1794/2129/1551 1797/2131/1551 1796/2132/1551
f 1798/2133/1552 1800/2134/1552 1796/2130/1552
f 1798/2133/1553 1796/2130/1553 1799/2135/1553
f 1756/2087/1554 1761/2136/1554 1754/2084/1554
f 1761/2136/1555 1802/2137/1555 1763/2092/1555
f 1802/2137/1556 1803/2138/1556 1763/2092/1556
f 1802/2137/1557 1831/2139/1557 1803/2138/1557
f 1763/2092/1558 1758/2140/1558 1761/2136/1558
f 1809/2141/1559 1807/2100/1559 1808/2142/1559
f 1810/2102/1560 1848/2143/1560 1865/2144/1560
f 1772/2109/1561 1812/2145/1561 1776/2146/1561
f 1785/2121/1562 1814/2122/1562 1816/2147/1562
f 1816/2147/1563 1813/2148/1563 1785/2121/1563
f 1782/2120/1564 1818/2149/1564 1815/2150/1564
f 1801/2151/1565 1797/2131/1565 1795/2128/1565
f 1895/2152/1566 1820/2153/1566 1821/2154/1566
f 1821/2154/1567 1760/2089/1567 1822/2091/1567
f 1762/2090/1568 1763/2092/1568 1823/2155/1568
f 1824/2156/1569 1871/2157/1569 1825/2158/1569
f 1824/2156/1570 1823/2155/1570 1828/2159/1570
f 1833/2160/1571 1834/2161/1571 1832/2162/1571
f 1835/2163/1572 1839/2164/1572 1755/2083/1572
f 1839/2164/1573 1835/2163/1573 1841/2165/1573
f 1835/2163/1574 1836/2166/1574 1837/2167/1574
f 1844/2168/1575 1837/2167/1575 1836/2166/1575
f 1836/2166/1576 1755/2083/1576 1753/2085/1576
f 1755/2083/1577 1836/2166/1577 1835/2163/1577
f 1838/2169/1578 1840/2170/1578 1898/2171/1578
f 1838/2169/1579 1839/2164/1579 1840/2170/1579
f 1839/2164/1580 1757/2086/1580 1755/2083/1580
f 1841/2165/1581 1837/2167/1581 1843/2172/1581
f 1841/2165/1582 1910/2173/1582 1839/2164/1582
f 1837/2167/1583 1844/2168/1583 1843/2172/1583
f 1836/2166/1584 1768/2101/1584 1844/2168/1584
f 1847/2174/1585 1848/2143/1585 1846/2175/1585
f 1759/2176/1586 1848/2143/1586 1847/2174/1586
f 1759/2176/1587 1820/2153/1587 1849/2177/1587
f 1909/2178/1588 1851/2093/1588 1850/2095/1588
f 1806/2179/1589 1852/2099/1589 1765/2096/1589
f 1855/2180/1590 1854/2181/1590 1851/2182/1590
f 1853/2183/1591 1854/2181/1591 1862/2184/1591
f 1856/2110/1592 1857/2185/1592 1764/2098/1592
f 1766/2097/1593 1809/2141/1593 1856/2110/1593
f 1767/2106/1594 1844/2168/1594 1768/2101/1594
f 1810/2102/1595 1768/2101/1595 1845/2186/1595
f 1860/2187/1596 1859/2188/1596 1861/2189/1596
f 1860/2187/1597 1843/2172/1597 1844/2168/1597
f 1858/2105/1598 1862/2184/1598 1767/2106/1598
f 1770/2104/1599 1865/2144/1599 1864/2190/1599
f 1811/2191/1600 1872/2192/1600 1772/2109/1600
f 1872/2193/1601 1873/2194/1601 1771/2195/1601
f 1899/2196/1602 1771/2195/1602 1873/2194/1602
f 1871/2157/1603 1829/2197/1603 1873/2194/1603
f 1773/2107/1604 1906/2198/1604 1875/2199/1604
f 1804/2108/1605 1773/2107/1605 1875/2199/1605
f 1804/2108/1606 1875/2199/1606 1850/2095/1606
f 1906/2198/1607 1850/2095/1607 1875/2199/1607
f 1876/2200/1608 1877/2201/1608 1878/2202/1608
f 1783/2203/1609 1878/2202/1609 1883/2204/1609
f 1878/2202/1610 1877/2201/1610 1879/2205/1610
f 1813/2148/1611 1876/2200/1611 1785/2121/1611
f 1780/2118/1612 1781/2206/1612 1881/2207/1612
f 1881/2207/1613 1781/2206/1613 1882/2208/1613
f 1815/2150/1614 1884/2209/1614 1888/2210/1614
f 1818/2149/1615 1885/2211/1615 1884/2209/1615
f 1884/2209/1616 1815/2150/1616 1818/2149/1616
f 1817/2212/1617 1818/2149/1617 1782/2120/1617
f 1886/2213/1618 1818/2149/1618 1817/2212/1618
f 1889/2214/1619 1886/2213/1619 1817/2212/1619
f 1833/2160/1620 1826/2215/1620 1867/2216/1620
f 1892/2217/1621 1894/2218/1621 1891/2219/1621
f 1830/2220/1622 1831/2139/1622 1897/2088/1622
f 1896/2221/1623 1830/2220/1623 1897/2088/1623
f 1898/2171/1624 1896/2221/1624 1838/2169/1624
f 1873/2194/1625 1898/2171/1625 1899/2196/1625
f 1900/2222/1626 1808/2142/1626 1901/2223/1626
f 1904/2224/1627 1901/2225/1627 1903/2226/1627
f 1902/2227/1628 1903/2226/1628 1901/2225/1628
f 1863/2228/1629 1902/2227/1629 1808/2229/1629
f 1808/2229/1630 1853/2183/1630 1863/2228/1630
f 1901/2225/1631 1808/2229/1631 1902/2227/1631
f 1858/2105/1632 1864/2190/1632 1863/2228/1632
f 1863/2228/1633 1864/2190/1633 1902/2227/1633
f 1894/2218/1634 1892/2217/1634 1901/2225/1634
f 1895/2152/1635 1893/2230/1635 1849/2177/1635
f 1893/2230/1636 1866/2231/1636 1905/2232/1636
f 1905/2232/1637 1849/2177/1637 1893/2230/1637
f 1905/2232/1638 1865/2144/1638 1848/2143/1638
f 1895/2152/1639 1849/2177/1639 1820/2153/1639
f 1869/2233/1640 1892/2217/1640 1890/2234/1640
f 1906/2235/1641 1874/2236/1641 1899/2196/1641
f 1771/2237/1642 1899/2196/1642 1874/2236/1642
f 1854/2181/1643 1861/2189/1643 1859/2188/1643
f 1860/2187/1644 1908/2238/1644 1843/2172/1644
f 1842/2239/1645 1908/2238/1645 1855/2180/1645
f 1861/2189/1646 1855/2180/1646 1908/2238/1646
f 1861/2189/1647 1908/2238/1647 1860/2187/1647
f 1855/2180/1648 1909/2240/1648 1842/2239/1648
f 1831/2139/1649 1802/2137/1649 1756/2087/1649
f 1895/2152/1650 1821/2154/1650 1834/2161/1650
f 1879/2205/1651 1883/2204/1651 1878/2202/1651
f 1839/2164/1652 1910/2173/1652 1840/2170/1652
f 1930/2241/1653 1918/2242/1653 1914/2243/1653
f 1912/2244/1654 1911/2245/1654 1913/2246/1654
f 1913/2246/1655 1916/2247/1655 1912/2244/1655
f 1928/2248/1656 1981/2249/1656 1979/2250/1656
f 1929/2251/1657 1979/2250/1657 1918/2242/1657
f 1917/2252/1658 1915/2253/1658 1984/2254/1658
f 1985/2255/1659 1983/2256/1659 1917/2252/1659
f 1988/2257/1660 1919/2258/1660 1983/2256/1660
f 1919/2258/1661 1988/2257/1661 1921/2259/1661
f 1989/2260/1662 1922/2261/1662 1920/2262/1662
f 1988/2257/1663 1920/2263/1663 1921/2259/1663
f 1917/2252/1664 1926/2264/1664 1927/2265/1664
f 1921/2259/1665 1935/2266/1665 1919/2258/1665
f 1922/2267/1666 1924/2268/1666 1921/2259/1666
f 1917/2252/1667 1935/2266/1667 1926/2264/1667
f 1923/2269/1668 1938/2270/1668 1941/2271/1668
f 1925/2272/1669 1928/2248/1669 1933/2273/1669
f 1925/2272/1670 1933/2273/1670 1938/2270/1670
f 1942/2274/1671 1948/2275/1671 1933/2273/1671
f 1948/2275/1672 1940/2276/1672 1933/2273/1672
f 1934/2277/1673 1927/2265/1673 1946/2278/1673
f 1926/2264/1674 1935/2266/1674 1947/2279/1674
f 1927/2265/1675 1947/2279/1675 1952/2280/1675
f 1947/2279/1676 1927/2265/1676 1926/2264/1676
f 1987/2281/1677 1944/2282/1677 1945/2283/1677
f 1938/2270/1678 1940/2276/1678 1937/2284/1678
f 1950/2285/1679 1948/2275/1679 1942/2274/1679
f 1945/2283/1680 1943/2286/1680 1932/2287/1680
f 1950/2285/1681 1932/2287/1681 1943/2286/1681
f 1947/2279/1682 1935/2266/1682 1949/2288/1682
f 1951/2289/1683 1944/2290/1683 1946/2291/1683
f 1946/2291/1684 1952/2292/1684 1959/2293/1684
f 1946/2291/1685 1959/2293/1685 1951/2289/1685
f 1939/2294/1686 1961/2295/1686 1949/2296/1686
f 1960/2297/1687 1939/2294/1687 1953/2298/1687
f 1961/2295/1688 1952/2292/1688 1949/2296/1688
f 1955/2299/1689 1964/2300/1689 1954/2301/1689
f 1948/2302/1690 1943/2303/1690 1955/2299/1690
f 1948/2302/1691 1954/2301/1691 1940/2304/1691
f 1956/2305/1692 1966/2306/1692 1955/2307/1692
f 1958/2308/1693 1967/2309/1693 1951/2310/1693
f 1951/2310/1694 1957/2311/1694 1958/2308/1694
f 1957/2311/1695 1959/2312/1695 1968/2313/1695
f 1970/2314/1696 1968/2313/1696 1969/2315/1696
f 1975/2316/1697 1972/2317/1697 1953/2318/1697
f 1978/2319/1698 1975/2320/1698 1977/2321/1698
f 1972/2317/1699 1975/2316/1699 1978/2322/1699
f 1974/2323/1700 1977/2324/1700 1976/2325/1700
f 1966/2306/1701 1974/2326/1701 1965/2327/1701
f 1966/2328/1702 1967/2329/1702 1918/2330/1702
f 1967/2329/1703 1911/2331/1703 1918/2330/1703
f 1967/2329/1704 1958/2332/1704 1982/2333/1704
f 1983/2334/1705 1984/2335/1705 1982/2333/1705
f 1982/2333/1706 1911/2331/1706 1967/2329/1706
f 1971/2336/1707 1982/2337/1707 1958/2308/1707
f 1984/2335/1708 1983/2334/1708 1985/2338/1708
f 1984/2335/1709 1913/2339/1709 1911/2331/1709
f 1923/2269/1710 1989/2260/1710 1980/2340/1710
f 1981/2249/1711 1925/2272/1711 1986/2341/1711
f 1979/2250/1712 1929/2251/1712 1928/2248/1712
f 1932/2287/1713 1930/2241/1713 1912/2244/1713
f 1929/2251/1714 1932/2287/1714 1931/2342/1714
f 1916/2247/1715 1934/2277/1715 1932/2287/1715
f 1916/2247/1716 1932/2287/1716 1912/2244/1716
f 1930/2241/1717 1932/2287/1717 1929/2251/1717
f 1927/2265/1718 1916/2247/1718 1915/2253/1718
f 1955/2299/1719 1943/2303/1719 1944/2290/1719
f 1953/2318/1720 1972/2317/1720 1960/2343/1720
f 1964/2344/1721 1974/2323/1721 1954/2345/1721
f 1976/2325/1722 1954/2345/1722 1974/2323/1722
f 1968/2346/1723 1970/2347/1723 1982/2333/1723
f 1982/2337/1724 1971/2336/1724 1968/2313/1724
f 1920/2348/1725 1983/2334/1725 1978/2319/1725
f 1970/2347/1726 1978/2319/1726 1982/2333/1726
f 1982/2333/1727 1978/2319/1727 1983/2334/1727
f 1952/2292/1728 1969/2349/1728 1959/2293/1728
f 1956/2305/1729 1967/2309/1729 1966/2306/1729
f 1959/2312/1730 1969/2315/1730 1968/2313/1730
f 1965/2327/1731 1974/2326/1731 1964/2350/1731
f 1978/2319/1732 1980/2351/1732 1920/2348/1732
f 4/4/1733 740/2352/1733 533/847/1733
f 2/1/1734 4/4/1734 533/847/1734
f 4/10/1735 7/9/1735 9/867/1735
f 740/2352/1736 4/4/1736 9/2353/1736
f 7/9/1737 5/11/1737 720/852/1737
f 10/12/1738 13/889/1738 11/13/1738
f 538/14/1739 11/13/1739 12/587/1739
f 60/1325/1740 57/2354/1740 806/2355/1740 809/952/1740
f 16/93/1741 548/17/1741 20/22/1741
f 17/15/1742 767/593/1742 18/16/1742
f 767/593/1743 17/15/1743 19/594/1743
f 26/18/1744 21/20/1744 22/602/1744
f 23/21/1745 20/22/1745 547/2356/1745
f 757/897/1746 26/18/1746 27/598/1746
f 29/24/1747 30/29/1747 32/31/1747
f 29/24/1748 38/23/1748 30/29/1748
f 29/24/1749 34/32/1749 35/922/1749
f 42/609/1750 37/25/1750 29/24/1750
f 36/37/1751 37/25/1751 42/609/1751
f 42/609/1752 41/35/1752 36/37/1752
f 46/45/1753 45/44/1753 44/2357/1753
f 46/45/1754 48/2358/1754 1005/1141/1754
f 44/38/1755 48/48/1755 46/2359/1755
f 1001/623/1756 48/48/1756 49/47/1756
f 566/626/1757 52/51/1757 561/56/1757
f 1142/926/1758 784/54/1758 53/53/1758
f 52/51/1759 56/50/1759 55/55/1759
f 801/947/1760 57/2354/1760 58/620/1760
f 58/620/1761 562/619/1761 801/947/1761
f 801/947/1762 806/2355/1762 57/2354/1762
f 867/1485/1763 97/103/1763 102/105/1763 862/1003/1763
f 65/64/1764 61/58/1764 752/895/1764
f 61/58/1765 62/57/1765 752/895/1765
f 1027/59/1766 61/58/1766 63/61/1766
f 63/61/1767 61/58/1767 568/63/1767
f 61/58/1768 779/65/1768 568/63/1768
f 71/71/1769 66/66/1769 72/72/1769
f 70/70/1770 821/962/1770 69/69/1770
f 71/71/1771 69/69/1771 66/66/1771
f 72/72/1772 73/73/1772 76/75/1772
f 74/74/1773 71/71/1773 72/72/1773
f 74/74/1774 76/75/1774 75/969/1774
f 74/74/1775 75/969/1775 823/972/1775
f 839/981/1776 78/79/1776 832/76/1776
f 78/79/1777 81/81/1777 77/80/1777
f 832/76/1778 79/78/1778 839/981/1778
f 81/81/1779 80/978/1779 77/80/1779
f 81/81/1780 82/976/1780 80/978/1780
f 81/81/1781 573/83/1781 82/976/1781
f 588/87/1782 86/86/1782 85/90/1782
f 84/91/1783 90/92/1783 579/1007/1783
f 92/95/1784 93/984/1784 84/91/1784
f 1051/130/1785 120/1191/1785 123/663/1785 122/122/1785
f 96/99/1786 598/659/1786 95/100/1786
f 105/116/1787 107/118/1787 106/113/1787
f 109/117/1788 110/119/1788 111/121/1788
f 114/112/1789 104/111/1789 117/128/1789
f 117/128/1790 104/111/1790 116/127/1790
f 905/1033/1791 117/128/1791 116/127/1791
f 115/126/1792 118/115/1792 881/1018/1792
f 104/111/1793 118/115/1793 115/126/1793
f 881/1018/1794 130/143/1794 115/126/1794
f 119/131/1795 110/119/1795 113/123/1795
f 602/2360/1796 897/2361/1796 122/122/1796
f 122/122/1797 123/663/1797 602/2360/1797
f 177/199/1798 178/200/1798 181/207/1798 176/201/1798
f 127/1185/1799 125/134/1799 126/2362/1799
f 1042/135/1800 125/134/1800 127/1185/1800
f 126/2362/1801 1045/2363/1801 127/1185/1801
f 125/134/1802 124/133/1802 126/2362/1802
f 121/664/1803 1045/141/1803 603/140/1803
f 124/133/1804 128/132/1804 607/2364/1804
f 128/132/1805 1042/135/1805 129/142/1805
f 134/145/1806 132/144/1806 1056/147/1806
f 157/2365/1807 1056/147/1807 132/144/1807
f 157/179/1808 155/178/1808 1056/2366/1808
f 138/2367/1809 135/146/1809 914/1052/1809
f 134/145/1810 140/1365/1810 139/149/1810
f 639/715/1811 143/157/1811 910/1092/1811
f 143/1093/1812 142/161/1812 144/1043/1812
f 146/1054/1813 147/2368/1813 218/2369/1813
f 147/2368/1814 146/1054/1814 145/160/1814
f 148/173/1815 145/160/1815 146/1054/1815
f 145/160/1816 148/173/1816 142/161/1816
f 256/165/1817 147/163/1817 141/158/1817
f 149/167/1818 152/172/1818 150/168/1818
f 152/172/1819 149/167/1819 148/173/1819
f 150/168/1820 152/172/1820 153/191/1820
f 144/1043/1821 149/167/1821 151/169/1821
f 149/167/1822 144/1043/1822 142/161/1822
f 136/154/1823 151/169/1823 137/155/1823
f 915/170/1824 152/172/1824 148/173/1824
f 154/176/1825 614/175/1825 155/178/1825
f 154/176/1826 155/178/1826 156/177/1826
f 158/2370/1827 156/177/1827 157/179/1827
f 157/179/1828 131/153/1828 158/2370/1828
f 156/177/1829 158/2370/1829 154/176/1829
f 159/184/1830 158/183/1830 160/182/1830
f 923/1058/1831 163/186/1831 159/184/1831
f 154/185/1832 159/184/1832 163/186/1832
f 165/2371/1833 167/265/1833 153/188/1833
f 164/189/1834 153/188/1834 166/2372/1834
f 167/265/1835 166/2372/1835 153/188/1835
f 236/263/1836 167/265/1836 165/2371/1836
f 161/193/1837 609/2373/1837 150/168/1837
f 160/2374/1838 609/2373/1838 161/193/1838
f 171/2375/1839 172/194/1839 169/196/1839
f 168/198/1840 169/196/1840 178/200/1840
f 187/226/1841 172/194/1841 171/2375/1841
f 169/196/1842 168/198/1842 171/2375/1842
f 618/197/1843 174/1073/1843 168/198/1843
f 954/204/1844 177/199/1844 175/202/1844
f 269/301/1845 270/1379/1845 268/304/1845 265/302/1845
f 180/206/1846 182/2376/1846 181/207/1846
f 183/212/1847 178/200/1847 623/685/1847
f 180/215/1848 184/214/1848 182/208/1848
f 185/227/1849 187/226/1849 931/2377/1849
f 187/226/1850 173/225/1850 172/194/1850
f 186/223/1851 190/230/1851 188/2378/1851
f 933/1068/1852 188/2378/1852 190/230/1852
f 186/223/1853 192/228/1853 190/230/1853
f 192/228/1854 163/186/1854 191/229/1854
f 189/1067/1855 194/1071/1855 193/220/1855
f 188/2378/1856 189/1067/1856 193/220/1856
f 188/2378/1857 193/220/1857 186/223/1857
f 186/223/1858 193/220/1858 185/219/1858
f 195/231/1859 197/209/1859 182/208/1859
f 198/234/1860 201/236/1860 953/1090/1860
f 201/236/1861 199/239/1861 953/1090/1861
f 195/231/1862 201/236/1862 197/209/1862
f 196/2379/1863 201/236/1863 195/231/1863
f 196/2379/1864 200/238/1864 201/236/1864
f 200/238/1865 260/290/1865 259/241/1865
f 205/245/1866 226/705/1866 207/246/1866
f 206/2380/1867 205/245/1867 204/242/1867
f 209/1203/1868 208/243/1868 207/246/1868
f 207/246/1869 225/2381/1869 209/1203/1869
f 204/242/1870 207/246/1870 208/243/1870
f 214/232/1871 212/248/1871 204/242/1871
f 212/2382/1872 213/2383/1872 952/216/1872
f 216/233/1873 215/249/1873 217/692/1873
f 210/244/1874 215/249/1874 214/232/1874
f 218/2384/1875 220/166/1875 219/2385/1875
f 220/166/1876 218/2384/1876 147/163/1876
f 218/2384/1877 219/2385/1877 222/250/1877
f 225/1094/1878 224/251/1878 222/250/1878
f 219/2385/1879 220/166/1879 222/250/1879
f 227/2386/1880 918/1055/1880 223/2387/1880
f 227/253/1881 223/2388/1881 221/252/1881
f 226/705/1882 205/245/1882 228/256/1882
f 233/259/1883 234/261/1883 232/260/1883
f 235/262/1884 237/268/1884 232/260/1884
f 232/260/1885 240/267/1885 231/258/1885
f 236/263/1886 233/259/1886 238/264/1886
f 238/264/1887 231/258/1887 246/276/1887
f 240/267/1888 624/2389/1888 241/1070/1888
f 239/266/1889 624/2389/1889 240/267/1889
f 243/271/1890 237/270/1890 242/1062/1890
f 245/1066/1891 963/1069/1891 937/274/1891
f 244/275/1892 937/274/1892 938/277/1892
f 240/267/1893 244/275/1893 231/258/1893
f 231/258/1894 244/275/1894 246/276/1894
f 167/265/1895 238/264/1895 959/1098/1895
f 246/276/1896 959/1098/1896 238/264/1896
f 249/279/1897 250/285/1897 254/280/1897
f 250/285/1898 249/279/1898 1214/1211/1898
f 1214/1211/1899 251/283/1899 250/285/1899
f 250/285/1900 252/284/1900 966/1107/1900
f 254/280/1901 257/288/1901 253/278/1901
f 256/165/1902 255/287/1902 635/703/1902
f 259/241/1903 258/291/1903 261/292/1903
f 262/294/1904 258/291/1904 263/295/1904
f 258/291/1905 262/294/1905 261/292/1905
f 262/294/1906 947/1082/1906 261/292/1906
f 258/291/1907 264/1088/1907 1223/297/1907
f 625/691/1908 626/690/1908 264/1088/1908
f 264/1088/1909 951/1086/1909 1225/1087/1909
f 1223/297/1910 264/1088/1910 1225/1087/1910
f 267/303/1911 1211/1377/1911 642/723/1911
f 642/723/1912 266/300/1912 265/302/1912
f 265/302/1913 267/303/1913 642/723/1913
f 364/399/1914 362/815/1914 359/397/1914 365/396/1914
f 271/717/1915 272/721/1915 269/301/1915
f 269/301/1916 266/300/1916 271/717/1916
f 273/730/1917 274/1843/1917 282/728/1917
f 1649/347/1918 275/2040/1918 273/354/1918
f 273/354/1919 275/2040/1919 274/2390/1919
f 657/306/1920 276/308/1920 279/2391/1920
f 289/734/1921 1633/1871/1921 276/1844/1921
f 1651/311/1922 1734/1874/1922 332/1875/1922
f 1651/311/1923 281/310/1923 282/2392/1923
f 332/1875/1924 280/309/1924 1651/311/1924
f 282/728/1925 274/1843/1925 1651/1842/1925
f 284/1896/1926 306/340/1926 286/339/1926
f 289/734/1927 278/1846/1927 299/329/1927
f 290/2393/1928 289/734/1928 288/733/1928
f 290/317/1929 308/316/1929 309/2394/1929
f 295/1904/1930 292/320/1930 291/319/1930
f 650/330/1931 651/332/1931 298/331/1931
f 340/2395/1932 303/2396/1932 301/1915/1932
f 304/1848/1933 300/336/1933 305/337/1933
f 301/334/1934 300/336/1934 302/1914/1934
f 303/335/1935 1636/2397/1935 305/337/1935
f 305/2398/1936 1640/2399/1936 304/1947/1936
f 1672/1927/1937 1673/2062/1937 312/1929/1937
f 314/2400/1938 313/2048/1938 655/2401/1938
f 1671/1926/1939 313/1928/1939 314/2402/1939
f 315/351/1940 316/353/1940 1678/348/1940
f 318/2403/1941 320/349/1941 315/351/1941
f 273/354/1942 645/725/1942 656/355/1942
f 1649/347/1943 273/354/1943 321/356/1943
f 322/358/1944 1678/348/1944 323/2404/1944
f 324/357/1945 340/1852/1945 341/1946/1945
f 322/358/1946 1640/2405/1946 1682/1853/1946
f 322/358/1947 1682/1853/1947 324/357/1947
f 325/1944/1948 1641/2406/1948 324/357/1948
f 326/2041/1949 1650/2407/1949 327/2408/1949
f 328/2409/1950 331/759/1950 330/363/1950
f 330/363/1951 329/1945/1951 328/2409/1951
f 332/1875/1952 1635/1847/1952 661/2410/1952
f 661/2410/1953 280/309/1953 332/1875/1953
f 336/2411/1954 1642/1858/1954 334/1857/1954
f 1638/2412/1955 303/2396/1955 340/2395/1955
f 341/1946/1956 330/363/1956 324/357/1956
f 349/2413/1957 404/1957/1957 347/1972/1957
f 348/1955/1958 404/1957/1958 349/2413/1958
f 347/767/1959 436/2414/1959 344/381/1959
f 350/762/1960 390/764/1960 351/2415/1960
f 352/385/1961 356/386/1961 355/384/1961
f 357/388/1962 358/392/1962 359/397/1962
f 1689/395/1963 363/2012/1963 359/393/1963
f 377/418/1964 442/2416/1964 667/391/1964 357/388/1964
f 367/400/1965 364/399/1965 366/2417/1965
f 695/402/1966 368/401/1966 383/2418/1966
f 383/2418/1967 368/401/1967 365/2419/1967
f 373/410/1968 1711/412/1968 420/780/1968
f 371/2420/1969 1693/413/1969 370/404/1969
f 377/418/1970 374/415/1970 376/414/1970
f 379/2020/1971 668/2421/1971 1752/2073/1971
f 379/2020/1972 380/2422/1972 668/2421/1972
f 379/491/1973 356/424/1973 380/2423/1973
f 381/2424/1974 380/2423/1974 356/424/1974
f 356/424/1975 379/491/1975 382/425/1975
f 383/423/1976 382/425/1976 384/2425/1976
f 384/2425/1977 695/2426/1977 383/423/1977
f 695/2426/1978 384/2425/1978 385/2427/1978
f 1717/483/1979 389/427/1979 387/426/1979
f 1694/1978/1980 351/2415/1980 390/764/1980
f 1693/413/1981 394/465/1981 401/429/1981
f 394/799/1982 395/798/1982 396/475/1982
f 433/479/1983 394/465/1983 396/2428/1983
f 396/2428/1984 434/480/1984 433/479/1984
f 397/431/1985 373/405/1985 1693/413/1985
f 401/429/1986 672/2429/1986 400/803/1986
f 403/432/1987 401/429/1987 400/803/1987
f 399/783/1988 1703/2008/1988 1704/784/1988
f 1703/2008/1989 399/783/1989 402/2430/1989
f 683/2431/1990 399/433/1990 403/432/1990
f 415/445/1991 407/439/1991 406/434/1991
f 407/439/1992 388/428/1992 406/434/1992
f 403/432/1993 409/443/1993 410/2432/1993
f 367/442/1994 410/2432/1994 409/443/1994
f 1748/2433/1995 415/445/1995 422/446/1995
f 1683/1953/1996 413/449/1996 414/448/1996
f 666/437/1997 414/448/1997 422/446/1997
f 416/451/1998 408/440/1998 407/439/1998
f 680/453/1999 401/429/1999 361/390/1999
f 360/389/2000 680/453/2000 361/390/2000
f 433/479/2001 418/2434/2001 361/390/2001
f 418/2435/2002 417/455/2002 361/457/2002
f 1685/487/2003 1697/2436/2003 389/427/2003
f 1696/2437/2004 405/458/2004 389/427/2004
f 389/427/2005 1697/2436/2005 1696/2437/2005
f 686/472/2006 687/459/2006 422/446/2006
f 402/461/2007 420/406/2007 419/462/2007
f 1687/2438/2008 1710/2439/2008 419/2440/2008
f 1694/782/2009 420/406/2009 402/461/2009
f 421/463/2010 420/406/2010 401/429/2010
f 421/463/2011 419/462/2011 420/406/2011
f 1702/2441/2012 419/2442/2012 421/785/2012
f 420/780/2013 1749/779/2013 398/2010/2013
f 423/467/2014 686/472/2014 422/446/2014
f 422/446/2015 425/450/2015 424/466/2015
f 422/446/2016 414/448/2016 425/450/2016
f 429/473/2017 685/471/2017 426/470/2017
f 685/471/2018 429/473/2018 428/2443/2018
f 1700/1952/2019 412/447/2019 423/467/2019
f 412/447/2020 429/473/2020 423/467/2020
f 379/491/2021 687/459/2021 386/2444/2021
f 687/459/2022 385/2427/2022 386/2444/2022
f 687/459/2023 431/2445/2023 385/2427/2023
f 361/390/2024 394/465/2024 433/479/2024
f 438/486/2025 389/427/2025 435/482/2025
f 435/482/2026 436/484/2026 438/486/2026
f 1693/413/2027 439/421/2027 675/2446/2027
f 675/2446/2028 394/465/2028 1693/413/2028
f 376/414/2029 442/2416/2029 377/418/2029
f 685/471/2030 695/2426/2030 385/2427/2030 431/2445/2030
f 357/388/2031 361/390/2031 377/418/2031
f 348/1955/2032 443/409/2032 392/1956/2032
f 371/408/2033 392/1956/2033 443/409/2033
f 348/1955/2034 444/1977/2034 443/409/2034
f 349/2413/2035 444/1977/2035 348/1955/2035
f 685/1959/2036 367/1958/2036 445/403/2036
f 465/502/2037 451/494/2037 698/2032/2037 466/2030/2037
f 446/2447/2038 447/2448/2038 431/2445/2038
f 448/468/2039 431/2445/2039 447/2448/2039
f 447/2448/2040 449/2449/2040 448/468/2040
f 379/491/2041 387/426/2041 687/459/2041
f 450/772/2042 386/2444/2042 432/2450/2042
f 379/491/2043 386/2444/2043 450/772/2043
f 453/495/2044 696/2027/2044 452/493/2044
f 457/2451/2045 456/2025/2045 1718/2024/2045
f 457/2451/2046 1718/2024/2046 455/2452/2046
f 457/2451/2047 455/2452/2047 458/2078/2047
f 462/823/2048 464/523/2048 463/501/2048
f 463/501/2049 464/523/2049 454/499/2049
f 465/502/2050 468/497/2050 451/494/2050
f 705/833/2051 508/832/2051 506/551/2051 504/548/2051
f 468/497/2052 460/492/2052 451/494/2052
f 472/506/2053 489/2453/2053 471/507/2053
f 471/507/2054 458/2078/2054 480/505/2054
f 454/499/2055 697/509/2055 470/500/2055
f 461/510/2056 701/822/2056 453/495/2056
f 477/520/2057 476/522/2057 462/823/2057
f 462/823/2058 476/522/2058 464/523/2058
f 702/516/2059 481/515/2059 478/518/2059
f 480/505/2060 479/2454/2060 481/515/2060
f 481/515/2061 472/506/2061 480/505/2061
f 475/512/2062 700/2029/2062 459/827/2062
f 477/520/2063 483/519/2063 476/522/2063
f 486/524/2064 485/528/2064 488/525/2064
f 485/528/2065 703/825/2065 1720/527/2065
f 1721/2028/2066 486/524/2066 487/526/2066
f 458/2078/2067 489/2453/2067 457/2451/2067
f 489/2453/2068 458/2078/2068 471/507/2068
f 483/519/2069 699/529/2069 476/522/2069
f 491/533/2070 492/532/2070 493/531/2070
f 494/534/2071 496/536/2071 495/535/2071
f 499/544/2072 707/564/2072 527/563/2072
f 527/563/2073 517/542/2073 501/562/2073
f 530/574/2074 503/549/2074 502/831/2074
f 506/550/2075 508/552/2075 507/554/2075
f 523/573/2076 510/560/2076 526/545/2076 509/575/2076
f 88/89/2077 86/86/2077 582/2455/2077 1185/1008/2077
f 517/542/2078 512/565/2078 513/539/2078
f 514/555/2079 516/557/2079 515/845/2079
f 510/2456/2080 523/2457/2080 708/839/2080
f 521/842/2081 711/571/2081 518/570/2081
f 518/570/2082 520/2458/2082 522/2459/2082
f 518/570/2083 522/2459/2083 521/842/2083
f 1728/2037/2084 708/839/2084 523/2457/2084
f 532/838/2085 524/837/2085 525/567/2085
f 510/560/2086 511/559/2086 526/545/2086
f 516/557/2087 497/538/2087 498/537/2087
f 529/556/2088 497/538/2088 516/557/2088
f 531/572/2089 1727/828/2089 532/838/2089
f 534/849/2090 533/847/2090 740/2352/2090
f 14/583/2091 12/8/2091 537/580/2091
f 3/2/2092 8/7/2092 1/3/2092
f 14/2460/2093 538/14/2093 12/587/2093
f 14/2460/2094 539/584/2094 538/14/2094
f 540/586/2095 11/13/2095 541/1212/2095
f 541/1212/2096 11/13/2096 13/889/2096
f 1065/959/2097 13/889/2097 542/888/2097
f 540/586/2098 720/852/2098 5/11/2098
f 729/591/2099 15/94/2099 730/590/2099
f 729/861/2100 725/857/2100 19/863/2100
f 544/2461/2101 545/2462/2101 19/2463/2101
f 544/2461/2102 724/2464/2102 731/577/2102
f 19/2463/2103 724/2464/2103 544/2461/2103
f 17/15/2104 729/591/2104 19/594/2104
f 543/589/2105 546/595/2105 754/892/2105
f 750/585/2106 754/892/2106 546/595/2106
f 16/93/2107 28/898/2107 546/595/2107
f 548/17/2108 18/16/2108 547/2356/2108
f 547/2356/2109 20/22/2109 548/17/2109
f 28/898/2110 24/19/2110 26/18/2110
f 550/921/2111 778/600/2111 551/601/2111
f 27/598/2112 553/604/2112 552/596/2112
f 551/601/2113 552/596/2113 553/604/2113
f 33/33/2114 34/32/2114 32/31/2114
f 556/940/2115 557/607/2115 796/939/2115
f 557/607/2116 556/940/2116 33/33/2116
f 558/938/2117 557/607/2117 32/31/2117
f 569/605/2118 33/33/2118 556/940/2118
f 43/608/2119 29/24/2119 35/922/2119
f 554/606/2120 778/600/2120 780/34/2120
f 35/922/2121 34/32/2121 780/34/2121
f 47/610/2122 559/612/2122 561/56/2122
f 560/611/2123 47/610/2123 40/615/2123
f 45/39/2124 561/56/2124 54/40/2124
f 59/618/2125 563/624/2125 562/619/2125
f 49/47/2126 563/624/2126 1001/623/2126
f 561/56/2127 559/612/2127 566/626/2127
f 805/627/2128 566/626/2128 559/612/2128
f 560/611/2129 805/627/2129 559/612/2129
f 1285/1306/2130 53/53/2130 51/49/2130
f 52/51/2131 565/1322/2131 1287/1467/2131
f 52/51/2132 566/626/2132 565/1322/2132
f 567/629/2133 59/618/2133 58/620/2133
f 568/63/2134 779/65/2134 555/943/2134
f 569/605/2135 64/62/2135 568/63/2135
f 71/71/2136 74/74/2136 570/630/2136
f 68/68/2137 67/67/2137 571/632/2137
f 1182/2465/2138 573/83/2138 574/633/2138
f 91/96/2139 84/91/2139 579/1007/2139
f 579/1007/2140 576/635/2140 91/96/2140
f 579/1007/2141 580/637/2141 576/635/2141
f 86/86/2142 87/88/2142 582/2455/2142
f 1190/640/2143 1189/1346/2143 101/641/2143 100/638/2143
f 582/2455/2144 87/88/2144 1188/1343/2144
f 101/641/2145 1189/1346/2145 1188/642/2145
f 536/579/2146 8/7/2146 716/1297/2146 715/1293/2146
f 100/638/2147 99/106/2147 583/639/2147
f 584/646/2148 587/656/2148 103/109/2148
f 101/644/2149 584/646/2149 103/109/2149
f 581/651/2150 1188/1343/2150 87/88/2150
f 586/649/2151 581/651/2151 87/88/2151
f 586/649/2152 861/653/2152 585/650/2152
f 589/652/2153 861/653/2153 586/649/2153
f 853/654/2154 589/652/2154 590/985/2154
f 591/655/2155 588/87/2155 89/983/2155
f 591/655/2156 590/985/2156 589/652/2156
f 87/88/2157 588/87/2157 586/649/2157
f 592/1281/2158 103/109/2158 587/656/2158
f 98/658/2159 578/634/2159 577/636/2159
f 98/658/2160 594/107/2160 95/100/2160
f 596/1353/2161 594/107/2161 580/637/2161
f 580/637/2162 595/1351/2162 596/1353/2162
f 578/634/2163 98/658/2163 598/659/2163
f 91/96/2164 578/634/2164 597/98/2164
f 120/1191/2165 1052/672/2165 121/664/2165
f 121/664/2166 123/663/2166 120/1191/2166
f 124/136/2167 605/673/2167 604/137/2167
f 607/674/2168 605/673/2168 124/136/2168
f 605/673/2169 608/675/2169 906/1035/2169
f 608/2466/2170 607/2364/2170 882/1017/2170
f 137/155/2171 609/2373/2171 131/153/2171
f 132/2467/2172 131/153/2172 157/179/2172
f 609/2373/2173 137/155/2173 151/169/2173
f 151/169/2174 150/168/2174 609/2373/2174
f 610/677/2175 613/174/2175 154/176/2175
f 192/228/2176 612/1072/2176 610/187/2176
f 610/187/2177 163/186/2177 192/228/2177
f 164/189/2178 162/1101/2178 161/2468/2178
f 159/184/2179 160/182/2179 162/181/2179
f 164/189/2180 959/1098/2180 162/1101/2180
f 158/2370/2181 131/153/2181 160/2374/2181
f 131/153/2182 609/2373/2182 160/2374/2182
f 617/679/2183 616/2469/2183 620/684/2183
f 178/200/2184 179/205/2184 617/679/2184
f 179/205/2185 169/196/2185 170/195/2185
f 168/198/2186 174/1073/2186 171/2375/2186
f 171/2375/2187 174/1073/2187 931/1371/2187
f 619/2470/2188 927/1060/2188 611/676/2188
f 177/199/2189 619/203/2189 618/197/2189
f 621/687/2190 622/686/2190 928/1061/2190
f 620/684/2191 929/688/2191 623/685/2191
f 178/200/2192 617/679/2192 620/684/2192
f 616/689/2193 624/1125/2193 243/271/2193
f 243/271/2194 622/686/2194 616/689/2194
f 260/290/2195 196/2379/2195 625/691/2195
f 196/2379/2196 217/692/2196 625/691/2196
f 196/2379/2197 216/233/2197 217/692/2197
f 195/231/2198 216/233/2198 196/2379/2198
f 260/290/2199 200/238/2199 196/2379/2199
f 202/237/2200 203/240/2200 632/695/2200
f 631/697/2201 632/695/2201 628/694/2201
f 202/237/2202 632/695/2202 199/239/2202
f 212/2382/2203 929/688/2203 206/700/2203
f 212/2382/2204 206/700/2204 204/2471/2204
f 207/246/2205 224/706/2205 225/2381/2205
f 236/263/2206 915/2472/2206 636/707/2206
f 234/710/2207 916/709/2207 637/713/2207
f 242/1062/2208 237/270/2208 638/273/2208
f 928/1061/2209 242/1062/2209 930/1063/2209
f 638/273/2210 930/1063/2210 242/1062/2210
f 634/159/2211 639/715/2211 256/165/2211
f 260/290/2212 625/691/2212 258/291/2212
f 264/1088/2213 258/291/2213 625/691/2213
f 271/717/2214 266/300/2214 640/722/2214
f 983/1118/2215 640/722/2215 643/724/2215
f 645/725/2216 273/354/2216 646/726/2216
f 317/307/2217 277/749/2217 276/308/2217
f 289/734/2218 276/1844/2218 278/1846/2218
f 289/734/2219 290/2393/2219 1633/1871/2219
f 336/367/2220 333/366/2220 283/732/2220
f 298/331/2221 337/373/2221 339/369/2221
f 326/2041/2222 650/330/2222 299/329/2222
f 651/738/2223 325/739/2223 652/2473/2223
f 315/351/2224 324/357/2224 318/2403/2224
f 308/345/2225 311/746/2225 309/748/2225
f 313/2048/2226 1737/2043/2226 1648/2042/2226
f 655/2401/2227 313/2048/2227 1648/2042/2227
f 320/742/2228 1650/744/2228 319/1898/2228
f 304/1947/2229 322/2474/2229 323/1948/2229
f 316/353/2230 317/2475/2230 657/1862/2230
f 311/746/2231 316/353/2231 1732/1859/2231
f 657/1862/2232 1732/1859/2232 316/353/2232
f 316/353/2233 658/352/2233 317/2475/2233
f 296/327/2234 294/326/2234 297/753/2234
f 1666/752/2235 294/326/2235 292/320/2235
f 296/361/2236 328/360/2236 329/755/2236
f 661/1878/2237 656/758/2237 280/757/2237
f 663/365/2238 1663/1919/2238 330/363/2238
f 291/321/2239 663/323/2239 664/1888/2239
f 664/364/2240 330/363/2240 1745/760/2240
f 350/762/2241 412/377/2241 666/763/2241
f 344/381/2242 436/2414/2242 435/2476/2242
f 668/771/2243 380/2423/2243 435/482/2243
f 381/387/2244 346/379/2244 435/2476/2244
f 381/2424/2245 435/482/2245 380/2423/2245
f 669/2477/2246 670/2478/2246 382/425/2246
f 382/425/2247 450/772/2247 1713/2479/2247
f 1713/2479/2248 669/2477/2248 382/425/2248
f 382/2480/2249 670/773/2249 384/775/2249
f 391/1979/2250 390/764/2250 666/763/2250
f 404/1957/2251 436/2481/2251 347/1972/2251
f 356/386/2252 354/382/2252 355/384/2252
f 383/2418/2253 354/382/2253 356/386/2253
f 421/785/2254 1704/784/2254 1702/2441/2254
f 388/788/2255 408/2069/2255 1750/786/2255
f 404/435/2256 388/428/2256 405/458/2256
f 405/458/2257 673/485/2257 404/435/2257
f 436/484/2258 404/435/2258 673/485/2258
f 679/2482/2259 1748/2433/2259 422/446/2259
f 422/446/2260 388/428/2260 679/2482/2260
f 678/422/2261 374/415/2261 434/480/2261
f 676/801/2262 678/800/2262 1699/478/2262
f 678/422/2263 675/2446/2263 439/421/2263
f 401/429/2264 680/453/2264 672/2429/2264
f 682/808/2265 1694/782/2265 402/461/2265
f 402/461/2266 683/2431/2266 682/808/2266
f 682/2015/2267 350/762/2267 684/2483/2267
f 431/2445/2268 448/468/2268 685/471/2268
f 686/811/2269 1705/810/2269 430/1995/2269
f 691/452/2270 362/815/2270 680/453/2270
f 1714/820/2271 690/818/2271 691/817/2271
f 364/399/2272 411/398/2272 681/804/2272
f 414/448/2273 412/447/2273 1700/1952/2273
f 349/2413/2274 1693/407/2274 444/1977/2274
f 694/2484/2275 386/2485/2275 385/777/2275
f 1690/776/2276 694/2484/2276 385/777/2276
f 694/2484/2277 432/2013/2277 386/2485/2277
f 375/770/2278 346/379/2278 381/387/2278
f 437/2022/2279 1717/2021/2279 693/2016/2279
f 697/509/2280 698/2032/2280 696/2027/2280
f 696/2027/2281 1719/2026/2281 470/500/2281
f 452/493/2282 696/2027/2282 698/2032/2282
f 698/2032/2283 451/494/2283 452/493/2283
f 455/2486/2284 699/529/2284 483/519/2284
f 455/2486/2285 483/519/2285 459/521/2285
f 468/497/2286 469/504/2286 461/498/2286
f 455/2452/2287 700/2079/2287 458/2078/2287
f 489/2453/2288 472/506/2288 482/514/2288
f 456/2025/2289 482/514/2289 702/516/2289
f 475/2487/2290 462/823/2290 701/822/2290
f 700/2079/2291 455/2452/2291 459/2488/2291
f 470/500/2292 1719/2026/2292 463/501/2292
f 482/514/2293 456/2025/2293 489/2453/2293
f 1722/2082/2294 490/2081/2294 1723/2080/2294
f 527/563/2295 526/545/2295 499/544/2295
f 1727/828/2296 526/545/2296 527/563/2296
f 514/555/2297 505/546/2297 503/549/2297
f 514/555/2298 503/549/2298 530/574/2298
f 505/546/2299 713/829/2299 709/547/2299
f 512/565/2300 528/835/2300 513/539/2300
f 707/564/2301 528/835/2301 512/565/2301
f 708/558/2302 1725/843/2302 511/559/2302
f 522/568/2303 525/567/2303 524/837/2303
f 1728/2037/2304 525/2489/2304 520/2458/2304
f 520/2458/2305 518/570/2305 1728/2037/2305
f 705/833/2306 504/548/2306 711/571/2306
f 705/833/2307 711/571/2307 710/834/2307
f 526/545/2308 1727/828/2308 509/575/2308
f 513/539/2309 528/835/2309 712/2490/2309
f 712/541/2310 528/2035/2310 714/844/2310
f 530/574/2311 502/831/2311 529/556/2311
f 713/829/2312 514/555/2312 515/845/2312
f 516/557/2313 498/537/2313 714/844/2313
f 497/538/2314 1726/830/2314 704/561/2314
f 1727/828/2315 531/572/2315 509/575/2315
f 537/580/2316 536/579/2316 715/1293/2316
f 749/890/2317 10/12/2317 538/14/2317 750/585/2317
f 2/1/2318 722/848/2318 721/846/2318
f 747/1298/2319 719/851/2319 540/586/2319
f 3/2/2320 1512/1295/2320 716/1297/2320
f 3/2/2321 721/846/2321 1512/1295/2321
f 3/2/2322 716/1297/2322 8/7/2322
f 717/850/2323 723/854/2323 533/847/2323
f 533/847/2324 723/854/2324 722/848/2324
f 717/850/2325 534/849/2325 718/853/2325
f 534/849/2326 535/855/2326 718/853/2326
f 535/855/2327 724/864/2327 726/859/2327
f 726/859/2328 1123/856/2328 535/855/2328
f 724/864/2329 725/857/2329 726/859/2329
f 725/857/2330 729/861/2330 728/860/2330
f 729/861/2331 730/915/2331 772/862/2331
f 9/867/2332 735/870/2332 733/868/2332
f 7/9/2333 742/873/2333 9/867/2333
f 742/873/2334 7/9/2334 720/852/2334
f 742/873/2335 735/870/2335 9/867/2335
f 733/874/2336 738/876/2336 761/909/2336
f 734/875/2337 737/877/2337 738/876/2337
f 742/873/2338 743/882/2338 736/872/2338
f 719/851/2339 741/881/2339 720/852/2339
f 742/873/2340 720/852/2340 741/881/2340
f 741/881/2341 719/851/2341 745/2491/2341
f 745/2491/2342 746/886/2342 741/881/2342
f 747/1298/2343 745/2491/2343 719/851/2343
f 1268/1440/2344 1269/885/2344 746/886/2344
f 1269/885/2345 743/882/2345 741/881/2345
f 13/889/2346 10/12/2346 748/887/2346
f 543/589/2347 754/892/2347 753/2492/2347 775/2493/2347
f 771/942/2348 65/64/2348 748/887/2348
f 752/895/2349 748/887/2349 65/64/2349
f 753/2492/2350 754/892/2350 539/584/2350
f 788/28/2351 791/1155/2351 1012/2494/2351 30/2495/2351
f 539/582/2352 755/581/2352 751/893/2352
f 748/887/2353 756/891/2353 771/942/2353
f 750/585/2354 546/595/2354 28/898/2354
f 545/902/2355 766/903/2355 767/924/2355
f 759/905/2356 758/899/2356 545/902/2356
f 757/897/2357 28/898/2357 26/18/2357
f 763/901/2358 545/902/2358 758/899/2358
f 544/2461/2359 731/577/2359 732/869/2359
f 545/902/2360 544/907/2360 759/905/2360
f 762/917/2361 1179/1337/2361 758/899/2361
f 759/905/2362 762/917/2362 758/899/2362
f 758/899/2363 1179/1337/2363 769/913/2363
f 767/924/2364 766/903/2364 765/910/2364
f 763/901/2365 768/900/2365 764/911/2365
f 808/914/2366 768/900/2366 769/913/2366
f 775/916/2367 730/915/2367 543/2496/2367
f 762/917/2368 759/905/2368 761/909/2368
f 757/897/2369 756/891/2369 749/890/2369
f 777/599/2370 771/942/2370 756/891/2370
f 772/862/2371 775/916/2371 774/918/2371
f 728/860/2372 772/862/2372 773/919/2372
f 27/598/2373 777/599/2373 757/897/2373
f 771/942/2374 777/599/2374 549/597/2374
f 778/600/2375 555/943/2375 779/65/2375
f 779/65/2376 549/597/2376 778/600/2376
f 547/2356/2377 18/16/2377 25/1300/2377
f 781/927/2378 765/910/2378 763/901/2378
f 18/16/2379 767/2497/2379 25/1300/2379
f 765/910/2380 781/927/2380 783/1307/2380
f 783/1307/2381 782/2498/2381 25/925/2381
f 25/925/2382 765/910/2382 783/1307/2382
f 763/901/2383 764/911/2383 781/927/2383
f 784/54/2384 1142/926/2384 764/911/2384
f 1146/929/2385 21/20/2385 23/21/2385
f 789/935/2386 787/27/2386 38/26/2386
f 1277/1455/2387 787/27/2387 789/935/2387
f 790/1315/2388 37/930/2388 36/2499/2388
f 790/1315/2389 39/2500/2389 799/944/2389
f 790/1315/2390 36/2499/2390 39/2500/2390
f 800/931/2391 37/930/2391 790/1315/2391
f 788/28/2392 792/1154/2392 791/1155/2392
f 841/988/2393 844/987/2393 858/2501/2393 842/2502/2393
f 792/1154/2394 788/28/2394 793/1458/2394
f 1277/1455/2395 793/1458/2395 788/28/2395
f 788/28/2396 787/27/2396 1277/1455/2396
f 32/31/2397 31/30/2397 558/938/2397
f 558/938/2398 795/937/2398 796/939/2398
f 558/938/2399 31/30/2399 795/937/2399
f 64/62/2400 569/605/2400 798/941/2400
f 555/943/2401 778/600/2401 554/606/2401
f 803/2503/2402 805/613/2402 41/35/2402
f 804/1136/2403 803/2503/2403 42/609/2403
f 42/609/2404 803/2503/2404 41/35/2404
f 43/608/2405 804/1136/2405 42/609/2405
f 797/923/2406 804/1136/2406 43/608/2406
f 65/64/2407 771/942/2407 779/65/2407
f 812/60/2408 798/941/2408 820/960/2408
f 798/941/2409 796/939/2409 820/960/2409
f 799/944/2410 39/2500/2410 40/42/2410
f 1278/1459/2411 800/934/2411 1154/2504/2411
f 790/1315/2412 1153/945/2412 800/931/2412
f 789/935/2413 800/934/2413 1276/1456/2413
f 55/55/2414 562/619/2414 563/624/2414
f 804/1136/2415 802/1452/2415 803/2503/2415
f 802/1452/2416 804/1136/2416 1272/1453/2416
f 805/613/2417 803/2503/2417 802/1452/2417
f 784/54/2418 811/953/2418 50/52/2418
f 801/947/2419 56/50/2419 50/52/2419
f 1014/948/2420 564/621/2420 563/624/2420
f 806/2355/2421 807/950/2421 809/952/2421
f 808/914/2422 807/950/2422 806/2355/2422
f 807/950/2423 808/914/2423 810/1334/2423
f 1179/1337/2424 810/1334/2424 808/914/2424
f 811/953/2425 808/914/2425 806/2355/2425
f 811/953/2426 806/2355/2426 801/947/2426
f 808/914/2427 769/913/2427 1179/1337/2427
f 50/52/2428 811/953/2428 801/947/2428
f 784/54/2429 770/912/2429 811/953/2429
f 812/60/2430 1027/59/2430 63/61/2430
f 812/60/2431 1025/955/2431 1027/59/2431
f 813/954/2432 812/60/2432 820/960/2432
f 542/888/2433 62/57/2433 815/957/2433
f 62/57/2434 1027/59/2434 814/956/2434
f 1027/59/2435 817/1174/2435 814/956/2435
f 824/964/2436 822/963/2436 821/962/2436
f 825/1338/2437 821/962/2437 70/70/2437
f 825/1338/2438 70/70/2438 570/630/2438
f 570/630/2439 823/1178/2439 825/1338/2439
f 831/2505/2440 825/1338/2440 823/1178/2440
f 825/1338/2441 831/2505/2441 824/964/2441
f 824/966/2442 831/973/2442 827/967/2442
f 828/968/2443 68/68/2443 571/632/2443
f 828/968/2444 571/632/2444 827/967/2444
f 73/73/2445 828/968/2445 830/970/2445
f 73/73/2446 830/970/2446 76/75/2446
f 823/972/2447 75/969/2447 829/971/2447
f 832/76/2448 77/80/2448 833/77/2448
f 834/974/2449 835/1341/2449 1181/975/2449
f 836/977/2450 82/976/2450 573/83/2450
f 836/977/2451 573/83/2451 1182/2465/2451
f 836/977/2452 1184/2506/2452 80/978/2452
f 83/82/2453 840/982/2453 575/980/2453
f 574/2507/2454 572/979/2454 575/980/2454
f 575/980/2455 837/1339/2455 574/2507/2455
f 838/1340/2456 575/980/2456 840/982/2456
f 837/1339/2457 575/980/2457 838/1340/2457
f 591/655/2458 89/983/2458 93/984/2458
f 93/984/2459 841/988/2459 590/985/2459
f 85/90/2460 89/983/2460 588/87/2460
f 852/996/2461 851/2508/2461 842/2509/2461 1040/1635/2461
f 851/999/2462 590/985/2462 841/988/2462
f 92/95/2463 843/986/2463 93/984/2463
f 843/986/2464 92/95/2464 845/2510/2464
f 845/2510/2465 854/993/2465 843/986/2465
f 845/2510/2466 847/97/2466 854/993/2466
f 847/97/2467 845/2510/2467 92/95/2467
f 849/991/2468 848/990/2468 846/992/2468
f 850/995/2469 849/991/2469 846/992/2469
f 850/995/2470 846/992/2470 847/97/2470
f 861/2511/2471 860/997/2471 593/657/2471 585/648/2471
f 851/999/2472 841/988/2472 842/2502/2472
f 855/2512/2473 857/1478/2473 856/1285/2473
f 856/1285/2474 1131/1284/2474 858/2513/2474
f 858/2501/2475 844/987/2475 856/1001/2475
f 844/987/2476 843/986/2476 854/993/2476
f 879/1014/2477 877/1026/2477 876/1023/2477 875/1015/2477
f 859/1002/2478 860/997/2478 852/996/2478
f 860/2514/2479 861/653/2479 853/654/2479
f 862/1003/2480 103/109/2480 592/1281/2480
f 579/1007/2481 865/1006/2481 863/1350/2481
f 90/92/2482 864/1005/2482 865/1006/2482
f 595/1351/2483 580/637/2483 863/1350/2483
f 579/1007/2484 863/1350/2484 580/637/2484
f 96/99/2485 97/2515/2485 866/1010/2485
f 97/103/2486 867/1485/2486 866/2516/2486
f 599/660/2487 868/661/2487 869/1011/2487
f 871/1012/2488 873/1021/2488 872/1020/2488
f 872/1020/2489 118/115/2489 871/1012/2489
f 871/1012/2490 118/115/2490 108/114/2490
f 873/1021/2491 871/1012/2491 874/1013/2491 879/1014/2491
f 879/1014/2492 108/114/2492 877/1026/2492
f 878/1028/2493 877/1026/2493 108/114/2493
f 106/113/2494 878/1028/2494 108/114/2494
f 873/1021/2495 879/1014/2495 890/1016/2495 880/2517/2495
f 873/1021/2496 880/2517/2496 885/2518/2496 887/1022/2496
f 128/132/2497 882/1017/2497 607/2364/2497
f 881/1018/2498 884/1036/2498 883/1019/2498
f 872/1020/2499 881/1018/2499 118/115/2499
f 881/1018/2500 872/1020/2500 884/1036/2500
f 886/2519/2501 887/1022/2501 885/2518/2501
f 880/2520/2502 1068/1221/2502 885/1217/2502
f 902/1181/2503 901/129/2503 117/128/2503 905/1033/2503
f 876/1023/2504 889/2521/2504 888/1024/2504
f 891/1025/2505 892/2522/2505 876/1023/2505
f 107/118/2506 878/1028/2506 106/113/2506
f 893/1027/2507 111/121/2507 895/1029/2507
f 896/1030/2508 122/122/2508 897/2361/2508
f 898/1362/2509 896/1030/2509 897/2361/2509
f 899/1031/2510 113/123/2510 900/125/2510
f 113/123/2511 114/112/2511 900/125/2511
f 904/1032/2512 1053/1189/2512 903/124/2512
f 903/124/2513 1053/1189/2513 900/125/2513
f 902/1181/2514 905/1033/2514 1041/1182/2514
f 1000/1137/2515 999/1135/2515 797/923/2515 550/921/2515
f 130/143/2516 129/142/2516 116/127/2516
f 130/143/2517 116/127/2517 115/126/2517
f 129/142/2518 1042/135/2518 1041/1182/2518
f 905/1033/2519 129/142/2519 1041/1182/2519
f 907/1037/2520 608/2466/2520 882/1017/2520
f 907/1037/2521 884/1036/2521 886/2519/2521
f 907/1037/2522 882/1017/2522 883/1019/2522
f 884/1036/2523 887/1022/2523 886/2519/2523
f 151/169/2524 909/1042/2524 144/1043/2524
f 914/1046/2525 136/154/2525 138/152/2525
f 912/1050/2526 957/1048/2526 911/1047/2526
f 148/173/2527 146/1054/2527 915/170/2527
f 914/1052/2528 1064/1382/2528 919/1056/2528
f 913/1051/2529 919/1056/2529 920/2523/2529
f 1064/1382/2530 914/1052/2530 921/1366/2530
f 139/149/2531 921/1366/2531 914/1052/2531
f 162/181/2532 615/1059/2532 159/184/2532
f 959/1098/2533 164/189/2533 166/2372/2533
f 1056/2366/2534 155/178/2534 614/175/2534
f 927/1060/2535 614/175/2535 613/174/2535
f 927/1060/2536 954/2524/2536 925/2525/2536
f 614/175/2537 927/1060/2537 926/2526/2537
f 622/686/2538 243/271/2538 928/1061/2538
f 952/216/2539 183/212/2539 929/688/2539
f 930/1063/2540 638/273/2540 637/713/2540
f 171/2375/2541 931/1371/2541 187/226/2541
f 932/224/2542 192/228/2542 186/223/2542
f 937/274/2543 240/267/2543 241/1070/2543
f 617/680/2544 193/220/2544 194/1071/2544
f 612/1072/2545 932/224/2545 618/2527/2545
f 188/2378/2546 933/1068/2546 189/1067/2546
f 963/1069/2547 934/1075/2547 935/1104/2547
f 191/229/2548 924/1057/2548 936/1076/2548
f 199/239/2549 939/699/2549 925/1370/2549
f 199/239/2550 925/1370/2550 954/2528/2550
f 940/1077/2551 941/1079/2551 628/694/2551
f 633/698/2552 628/694/2552 941/1079/2552
f 945/1080/2553 944/1364/2553 943/1081/2553
f 261/292/2554 946/1083/2554 629/293/2554
f 629/293/2555 946/1083/2555 940/1077/2555
f 947/1082/2556 948/1206/2556 946/1083/2556
f 1058/1202/2557 627/693/2557 215/249/2557
f 627/693/2558 1058/1202/2558 949/1084/2558
f 626/690/2559 627/693/2559 950/1085/2559
f 212/2382/2560 952/216/2560 929/688/2560
f 954/2528/2561 175/1089/2561 953/1090/2561
f 953/1090/2562 199/239/2562 954/2528/2562
f 143/157/2563 639/715/2563 634/159/2563
f 248/716/2564 920/2523/2564 956/282/2564
f 955/1091/2565 957/1048/2565 912/1050/2565
f 248/716/2566 639/715/2566 955/1091/2566
f 910/1092/2567 957/1048/2567 639/715/2567
f 222/250/2568 221/252/2568 218/2384/2568
f 225/1094/2569 222/250/2569 958/704/2569
f 146/1054/2570 218/2369/2570 917/1053/2570
f 221/2529/2571 917/1053/2571 218/2369/2571
f 223/2387/2572 917/1053/2572 221/2529/2572
f 223/2387/2573 918/1055/2573 917/1053/2573
f 228/1096/2574 918/1055/2574 227/2386/2574
f 637/713/2575 229/1064/2575 930/1063/2575
f 230/701/2576 930/1063/2576 228/1065/2576
f 959/1098/2577 166/2372/2577 167/265/2577
f 246/276/2578 938/277/2578 959/1098/2578
f 960/1099/2579 961/1097/2579 964/1103/2579
f 962/1102/2580 961/1097/2580 938/277/2580
f 964/1105/2581 615/1059/2581 960/2530/2581
f 936/1076/2582 615/1059/2582 964/1105/2582
f 257/288/2583 254/280/2583 1208/1111/2583
f 254/280/2584 966/1107/2584 1208/1111/2584
f 635/703/2585 255/287/2585 967/1109/2585
f 971/1112/2586 262/294/2586 970/296/2586
f 262/294/2587 971/1112/2587 947/1082/2587
f 974/1114/2588 973/1397/2588 972/1113/2588
f 263/295/2589 974/1114/2589 970/296/2589
f 977/1116/2590 976/720/2590 641/719/2590
f 979/1115/2591 978/1402/2591 272/721/2591
f 271/717/2592 641/719/2592 976/720/2592
f 641/719/2593 980/718/2593 982/1410/2593
f 641/719/2594 982/1410/2594 981/1117/2594
f 980/718/2595 984/1119/2595 982/1410/2595
f 988/1123/2596 985/1121/2596 990/1428/2596
f 642/723/2597 990/1428/2597 985/1121/2597
f 985/1121/2598 986/1120/2598 643/724/2598
f 644/1124/2599 986/1120/2599 991/1414/2599
f 624/2389/2600 616/1126/2600 241/1070/2600
f 617/680/2601 194/1071/2601 241/1070/2601
f 993/1129/2602 751/893/2602 755/581/2602
f 993/1129/2603 992/896/2603 751/893/2603
f 755/581/2604 994/1133/2604 993/1129/2604
f 996/2531/2605 995/1134/2605 994/1133/2605
f 755/581/2606 996/2531/2606 994/1133/2606
f 992/1127/2607 775/916/2607 753/2532/2607
f 993/1129/2608 998/1279/2608 1125/1130/2608
f 998/1279/2609 994/1133/2609 1516/1132/2609
f 941/1079/2610 942/1078/2610 1062/1210/2610 945/1080/2610
f 553/604/2611 1326/1454/2611 551/601/2611
f 1002/2533/2612 48/48/2612 1001/623/2612
f 1001/623/2613 1003/622/2613 1002/2533/2613
f 1004/1145/2614 1002/2533/2614 1003/622/2614
f 1002/1142/2615 1005/1141/2615 48/2534/2615
f 1151/1143/2616 1003/622/2616 564/621/2616
f 1009/1144/2617 1010/1147/2617 1004/1145/2617
f 1004/1150/2618 1007/1139/2618 1002/1142/2618
f 1151/1143/2619 1008/2535/2619 1009/1144/2619
f 1011/1225/2620 1012/1152/2620 1010/1151/2620
f 1014/948/2621 1165/1326/2621 1015/2536/2621
f 1282/949/2622 1014/948/2622 1015/2536/2622
f 1006/1140/2623 1017/1157/2623 1005/1141/2623
f 1017/1157/2624 1006/1140/2624 1107/1256/2624
f 46/45/2625 1005/1141/2625 1017/1157/2625
f 770/912/2626 764/911/2626 768/900/2626
f 818/961/2627 820/960/2627 819/1160/2627
f 1020/1164/2628 1023/1163/2628 1019/1162/2628
f 1023/1163/2629 1020/1164/2629 1029/1167/2629
f 819/1160/2630 1023/1163/2630 1018/1159/2630
f 1023/1163/2631 1024/1168/2631 1018/1159/2631
f 1025/955/2632 813/954/2632 1026/1158/2632
f 1024/1168/2633 1029/1167/2633 1028/1170/2633
f 1018/1159/2634 1024/1168/2634 1026/1158/2634
f 1030/1243/2635 1029/1167/2635 1032/1166/2635
f 1031/2537/2636 1030/1243/2636 1032/1166/2636
f 819/1160/2637 796/939/2637 1033/1161/2637
f 817/1174/2638 1027/59/2638 1035/1177/2638
f 814/956/2639 1034/1175/2639 815/957/2639
f 817/1174/2640 1035/1177/2640 1036/2538/2640
f 1036/2538/2641 1034/1175/2641 817/1174/2641
f 1035/1177/2642 1037/2539/2642 1036/2538/2642
f 1040/1635/2643 1039/1282/2643 859/1002/2643
f 859/1002/2644 852/996/2644 1040/1635/2644
f 904/1032/2645 901/129/2645 1043/1184/2645
f 1045/2363/2646 1044/1186/2646 127/1185/2646
f 1044/1504/2647 1045/141/2647 1050/1502/2647
f 899/1031/2648 1082/1194/2648 1046/1188/2648
f 1046/1188/2649 119/131/2649 899/1031/2649
f 1051/130/2650 1048/1187/2650 1049/1192/2650
f 1052/672/2651 120/1191/2651 1049/1192/2651
f 1045/141/2652 1052/672/2652 1050/1502/2652
f 1046/1188/2653 1054/1193/2653 1048/1187/2653
f 1049/1192/2654 1313/1500/2654 1050/1502/2654
f 956/282/2655 920/2523/2655 919/1056/2655
f 912/1050/2656 913/1051/2656 920/2523/2656
f 912/1050/2657 920/2523/2657 248/716/2657
f 1217/1390/2658 1058/1202/2658 211/1201/2658
f 211/1201/2659 1059/1204/2659 1217/1390/2659
f 1060/1384/2660 1217/2540/2660 1059/1205/2660
f 210/244/2661 208/243/2661 1058/1202/2661
f 209/1203/2662 211/1201/2662 208/243/2662
f 915/170/2663 916/709/2663 636/708/2663
f 958/704/2664 969/1110/2664 1059/1205/2664
f 1060/1384/2665 969/1110/2665 967/1109/2665
f 1060/1384/2666 1059/1205/2666 969/1110/2666
f 635/703/2667 969/1110/2667 958/704/2667
f 948/1206/2668 947/1082/2668 1061/1208/2668
f 1061/1208/2669 947/1082/2669 971/1112/2669
f 940/1077/2670 946/1083/2670 948/1206/2670
f 972/1113/2671 975/1207/2671 971/1112/2671
f 922/1367/2672 945/1080/2672 1062/1210/2672
f 948/1206/2673 251/283/2673 1214/1211/2673
f 1069/1220/2674 889/1226/2674 1075/1358/2674 1076/1356/2674
f 1085/1438/2675 1065/959/2675 816/958/2675
f 1065/959/2676 1085/1438/2676 1263/1213/2676
f 1067/1214/2677 1066/1216/2677 907/1034/2677
f 907/1034/2678 886/1218/2678 1067/1214/2678
f 1067/1214/2679 1068/1221/2679 1311/1215/2679
f 890/1016/2680 1068/2541/2680 880/2517/2680
f 1066/1216/2681 1070/1041/2681 906/1035/2681
f 744/884/2682 1071/1447/2682 1072/2542/2682
f 744/884/2683 1269/1445/2683 1071/1447/2683
f 1073/1149/2684 1363/1223/2684 1108/2543/2684
f 1013/1156/2685 1073/1149/2685 1010/1148/2685
f 1011/1146/2686 1008/2535/2686 1150/1595/2686
f 1150/1313/2687 794/936/2687 1011/1225/2687
f 1074/1173/2688 794/936/2688 1150/1313/2688
f 1009/1144/2689 1008/2535/2689 1011/1146/2689
f 1311/1215/2690 1069/1220/2690 1076/1356/2690
f 892/2544/2691 1075/1358/2691 889/1226/2691 876/2545/2691
f 755/581/2692 537/580/2692 1137/1294/2692 996/2531/2692
f 1079/2546/2693 1043/1184/2693 1077/1180/2693
f 1081/1227/2694 1043/1184/2694 1079/2546/2694
f 1325/2547/2695 1079/2546/2695 1077/1180/2695
f 1077/1180/2696 1314/1183/2696 1325/2547/2696
f 904/1032/2697 1081/1227/2697 1053/1189/2697
f 1053/1189/2698 1081/1227/2698 1047/1190/2698
f 1083/1270/2699 1034/1175/2699 1036/2538/2699
f 816/958/2700 1084/1176/2700 1085/1438/2700
f 1037/2539/2701 1035/1177/2701 1025/955/2701
f 1037/2539/2702 1087/1169/2702 1038/2548/2702
f 1088/2549/2703 1038/2548/2703 1087/1169/2703
f 1087/1169/2704 1037/2539/2704 1025/955/2704
f 1038/2548/2705 1036/2538/2705 1037/2539/2705
f 1038/2548/2706 1083/1270/2706 1036/2538/2706
f 1028/1170/2707 1088/2549/2707 1087/1169/2707
f 1088/2549/2708 1028/1170/2708 1090/1237/2708
f 1088/2549/2709 1090/1237/2709 1089/1235/2709
f 1090/1237/2710 1100/1249/2710 1089/1235/2710
f 1089/1235/2711 1100/1249/2711 1111/1260/2711
f 1089/1235/2712 1091/1234/2712 1038/2548/2712
f 1083/1270/2713 1038/2548/2713 1091/1234/2713
f 1038/2548/2714 1088/2549/2714 1089/1235/2714
f 1028/1170/2715 1029/1167/2715 1092/1236/2715
f 1097/1244/2716 1092/1236/2716 1029/1167/2716
f 1031/1238/2717 1032/2550/2717 1022/1246/2717
f 1095/1245/2718 1094/1239/2718 1031/1238/2718
f 1093/1240/2719 1120/1266/2719 1096/1241/2719
f 1096/1241/2720 1097/2551/2720 1030/1242/2720
f 1100/1249/2721 1099/1250/2721 1109/1258/2721
f 1097/2551/2722 1096/1241/2722 1099/1261/2722
f 1100/1249/2723 1090/1237/2723 1092/1236/2723
f 1092/1236/2724 1097/1244/2724 1099/1250/2724
f 1103/2552/2725 1104/1248/2725 1101/2553/2725
f 1104/1248/2726 1103/2552/2726 1388/2554/2726
f 1022/1246/2727 1101/2553/2727 1104/1248/2727
f 1388/2554/2728 1389/1253/2728 1104/1248/2728
f 1006/1140/2729 1106/1254/2729 1107/1256/2729
f 1365/1579/2730 1108/2543/2730 1363/1223/2730
f 1365/1579/2731 1105/1257/2731 1108/2543/2731
f 1105/1257/2732 1007/1139/2732 1108/2543/2732
f 1073/1149/2733 1108/2543/2733 1007/1139/2733
f 1115/1265/2734 1442/1647/2734 1112/1262/2734
f 1110/1643/2735 1112/1262/2735 1442/1647/2735
f 1096/1241/2736 1115/1265/2736 1112/1262/2736
f 1120/1266/2737 1115/1265/2737 1096/1241/2737
f 1091/1234/2738 1086/1232/2738 1083/1270/2738
f 1086/1232/2739 1091/1234/2739 1118/1268/2739
f 1086/1232/2740 1085/1438/2740 1084/1176/2740
f 1118/1268/2741 1085/1438/2741 1086/1232/2741
f 1437/1267/2742 1120/1266/2742 1121/1648/2742
f 1122/1622/2743 1119/1271/2743 1093/1240/2743
f 723/854/2744 718/853/2744 1517/1726/2744
f 1123/856/2745 726/859/2745 1513/2555/2745
f 727/858/2746 1513/2555/2746 726/859/2746
f 1125/1128/2747 997/1272/2747 774/918/2747
f 994/1133/2748 998/1279/2748 993/1129/2748
f 1127/1278/2749 997/1272/2749 1125/1128/2749
f 997/1272/2750 1127/1278/2750 1132/1273/2750
f 1132/1273/2751 1124/1131/2751 773/919/2751
f 774/918/2752 997/1272/2752 773/919/2752
f 1127/1278/2753 1128/1277/2753 1134/1290/2753
f 1133/1286/2754 1126/1275/2754 1516/1132/2754
f 593/657/2755 1039/1282/2755 1129/1280/2755
f 1130/1283/2756 1039/1282/2756 1131/1284/2756
f 1130/1283/2757 1129/1280/2757 1039/1282/2757
f 1133/1286/2758 1563/1768/2758 1128/1287/2758
f 1556/1288/2759 1134/1290/2759 1128/1277/2759
f 1127/1278/2760 1134/1290/2760 1132/1273/2760
f 1012/1152/2761 794/936/2761 31/30/2761 30/29/2761
f 715/1293/2762 1139/1296/2762 1138/2556/2762
f 716/1297/2763 1139/1296/2763 715/1293/2763
f 1263/1213/2764 1262/1437/2764 747/1298/2764
f 541/1212/2765 747/1298/2765 540/586/2765
f 25/1300/2766 23/21/2766 547/2356/2766
f 782/1299/2767 1147/1301/2767 23/21/2767
f 1140/1310/2768 783/1307/2768 1141/1309/2768
f 1142/926/2769 1143/1305/2769 781/927/2769
f 1142/926/2770 53/53/2770 1285/1306/2770
f 1144/1304/2771 1145/1308/2771 1143/1305/2771
f 1143/1305/2772 1141/1309/2772 783/1307/2772
f 1147/1301/2773 782/1299/2773 1148/1312/2773
f 1145/1308/2774 1149/2557/2774 1141/1309/2774
f 1224/299/2775 1222/298/2775 1593/1395/2775 1591/1552/2775
f 1292/1476/2776 1074/1173/2776 1102/1251/2776
f 794/936/2777 1074/1173/2777 795/937/2777
f 1008/2535/2778 1283/1466/2778 1150/1595/2778
f 1033/1161/2779 1074/1173/2779 1292/1476/2779
f 1102/1251/2780 1101/1172/2780 1292/1476/2780
f 47/43/2781 45/44/2781 1016/46/2781
f 1016/46/2782 1152/41/2782 47/43/2782
f 1155/1314/2783 1153/945/2783 799/944/2783
f 1155/1314/2784 1156/1461/2784 1154/946/2784
f 1154/946/2785 1153/945/2785 1155/1314/2785
f 1156/1461/2786 1155/1314/2786 1158/1318/2786
f 1152/41/2787 1158/1318/2787 1155/1314/2787
f 1157/1317/2788 1156/1461/2788 1158/1318/2788
f 1160/1316/2789 1158/1318/2789 1159/1319/2789
f 1159/1319/2790 1161/1255/2790 1162/1600/2790
f 1158/1318/2791 1152/41/2791 1159/1319/2791
f 1016/46/2792 1159/1319/2792 1152/41/2792
f 566/626/2793 1273/625/2793 1163/1321/2793
f 1166/628/2794 58/620/2794 60/1325/2794
f 1164/1324/2795 1166/628/2795 60/1325/2795
f 809/952/2796 1175/1323/2796 60/1325/2796
f 60/1325/2797 58/620/2797 57/2354/2797
f 1168/1328/2798 1015/2536/2798 1165/1326/2798
f 1170/1596/2799 1168/1328/2799 1169/1330/2799
f 1171/1329/2800 1167/1327/2800 1173/1537/2800
f 1166/628/2801 1164/1324/2801 1167/1327/2801
f 1173/1537/2802 1167/1327/2802 1172/1331/2802
f 1174/1332/2803 1164/1324/2803 1175/1323/2803
f 1176/951/2804 1330/1333/2804 1175/1323/2804
f 809/952/2805 1176/951/2805 1175/1323/2805
f 807/950/2806 810/1334/2806 1176/951/2806
f 1179/1337/2807 1178/1545/2807 810/1334/2807
f 1177/1335/2808 810/1334/2808 1331/1544/2808
f 1331/1544/2809 810/1334/2809 1178/1545/2809
f 739/1336/2810 762/917/2810 738/876/2810
f 1179/1337/2811 739/1336/2811 1178/1545/2811
f 838/1340/2812 79/78/2812 1181/975/2812
f 840/982/2813 839/981/2813 838/1340/2813
f 835/1341/2814 574/2507/2814 837/1339/2814
f 835/2558/2815 1182/2465/2815 574/633/2815
f 1182/2465/2816 835/2558/2816 1183/1342/2816
f 835/1341/2817 834/974/2817 1183/1342/2817
f 1183/1342/2818 833/77/2818 1184/2506/2818
f 1184/2506/2819 836/977/2819 1182/2465/2819
f 1182/2465/2820 1183/1342/2820 1184/2506/2820
f 833/77/2821 80/978/2821 1184/2506/2821
f 1185/1008/2822 582/2455/2822 1194/2559/2822
f 1187/1345/2823 1194/2559/2823 582/2455/2823
f 594/107/2824 583/639/2824 99/106/2824
f 1192/2560/2825 583/639/2825 1191/1348/2825
f 583/639/2826 1192/2560/2826 1190/640/2826
f 1303/2561/2827 595/1351/2827 863/1350/2827
f 1303/2561/2828 863/1350/2828 1302/1349/2828
f 595/1351/2829 1303/2561/2829 1310/1352/2829
f 864/1005/2830 1186/1004/2830 1193/1488/2830
f 1339/1546/2831 594/107/2831 596/1353/2831
f 594/107/2832 1339/1546/2832 1191/1348/2832
f 894/1354/2833 891/1025/2833 893/1027/2833
f 878/1028/2834 893/1027/2834 891/1025/2834
f 1195/1355/2835 892/2522/2835 891/1025/2835
f 877/1026/2836 878/1028/2836 891/1025/2836
f 1075/1358/2837 1195/2562/2837 1196/1357/2837
f 892/2522/2838 1195/1355/2838 1075/2563/2838
f 1198/1360/2839 1196/1357/2839 1195/2562/2839
f 1197/1040/2840 898/1359/2840 897/1038/2840
f 894/1354/2841 895/1029/2841 1198/1361/2841
f 1197/1040/2842 908/1039/2842 1311/1215/2842
f 1198/1361/2843 895/1029/2843 896/1030/2843
f 945/1080/2844 140/1365/2844 1199/1363/2844
f 133/148/2845 944/1364/2845 1199/1363/2845
f 1199/1363/2846 134/145/2846 133/148/2846
f 134/145/2847 1199/1363/2847 140/1365/2847
f 941/1079/2848 943/1081/2848 633/698/2848
f 1200/1368/2849 633/698/2849 943/1081/2849
f 1200/1368/2850 1057/1200/2850 1201/1369/2850
f 1201/1369/2851 630/696/2851 1200/1368/2851
f 943/1081/2852 944/1364/2852 1200/1368/2852
f 944/1364/2853 133/148/2853 1057/1200/2853
f 922/1367/2854 1063/1209/2854 921/1366/2854
f 1063/1209/2855 1064/1382/2855 921/1366/2855
f 1063/1209/2856 922/1367/2856 1062/1210/2856
f 249/279/2857 919/1056/2857 1064/1382/2857
f 939/699/2858 630/696/2858 1055/1197/2858
f 1055/1197/2859 630/696/2859 1201/1369/2859
f 630/696/2860 631/697/2860 1200/1368/2860
f 1200/1368/2861 631/697/2861 633/698/2861
f 964/1105/2862 934/1075/2862 936/1076/2862
f 163/186/2863 923/1058/2863 191/229/2863
f 927/1060/2864 619/2470/2864 954/2524/2864
f 215/249/2865 210/244/2865 1058/1202/2865
f 1203/1373/2866 965/1376/2866 252/284/2866
f 975/1207/2867 1205/1372/2867 1206/1374/2867
f 1203/1373/2868 252/284/2868 1202/286/2868
f 1209/1375/2869 966/1107/2869 1207/1108/2869
f 1207/1108/2870 252/284/2870 965/1376/2870
f 1252/1378/2871 1210/305/2871 965/1376/2871
f 1211/1377/2872 267/303/2872 1210/305/2872
f 968/289/2873 1208/1111/2873 1212/1380/2873
f 1203/1373/2874 1202/286/2874 1206/1374/2874
f 1064/1382/2875 1063/1209/2875 1214/1211/2875
f 1206/1374/2876 1202/286/2876 251/283/2876
f 1206/1374/2877 948/1206/2877 1061/1208/2877
f 251/283/2878 948/1206/2878 1206/1374/2878
f 1219/1560/2879 1060/1384/2879 1215/1385/2879
f 1060/1384/2880 1221/2564/2880 1217/2540/2880
f 1220/1389/2881 1218/1386/2881 1234/1388/2881
f 1218/1386/2882 1221/1391/2882 1219/1387/2882
f 949/1084/2883 1058/1202/2883 1218/1386/2883
f 1215/1385/2884 1261/1558/2884 1219/1560/2884
f 1260/1393/2885 1215/1385/2885 1216/1383/2885
f 1222/298/2886 1223/297/2886 1235/1809/2886
f 1245/1415/2887 991/1414/2887 989/1412/2887 1246/1416/2887
f 1225/1087/2888 950/1085/2888 1220/1389/2888
f 974/1114/2889 263/295/2889 1224/299/2889
f 1228/1551/2890 1227/1547/2890 974/1114/2890
f 1224/299/2891 1228/1551/2891 974/1114/2891
f 1229/1398/2892 1232/1427/2892 1230/1400/2892
f 1232/1427/2893 1229/1398/2893 1227/1547/2893
f 1227/1547/2894 1229/1398/2894 973/1397/2894
f 974/1114/2895 1227/1547/2895 973/1397/2895
f 1220/1389/2896 1234/1388/2896 1347/1556/2896
f 1233/1401/2897 1220/1389/2897 1347/1556/2897
f 1233/1401/2898 1235/1809/2898 1226/1396/2898
f 1223/297/2899 1226/1396/2899 1235/1809/2899
f 1220/1389/2900 950/1085/2900 949/1084/2900
f 978/1402/2901 269/301/2901 272/721/2901
f 979/1115/2902 1238/2565/2902 1239/1826/2902
f 1239/1826/2903 978/1402/2903 979/1115/2903
f 1237/1407/2904 976/720/2904 977/1116/2904
f 981/1117/2905 1622/1411/2905 977/1116/2905
f 982/1410/2906 984/1119/2906 1240/1420/2906
f 1622/1411/2907 982/1410/2907 1241/2566/2907
f 1622/1411/2908 1241/2566/2908 1621/1833/2908
f 1242/1419/2909 1621/1833/2909 1241/2566/2909
f 644/1124/2910 1243/2567/2910 1240/1420/2910
f 1240/1420/2911 984/1119/2911 644/1124/2911
f 989/1412/2912 991/1414/2912 986/1120/2912
f 991/1414/2913 1244/1413/2913 1243/2567/2913
f 988/1123/2914 1251/1417/2914 989/1412/2914
f 1243/2567/2915 1244/1413/2915 1240/1420/2915
f 1243/2567/2916 644/1124/2916 991/1414/2916
f 989/1412/2917 987/1122/2917 988/1123/2917
f 1296/1480/2918 870/2568/2918 866/2516/2918 867/1485/2918
f 1245/1415/2919 1248/1423/2919 1249/1425/2919
f 1249/1425/2920 1244/1413/2920 1245/1415/2920
f 1250/1426/2921 1230/1400/2921 1251/1417/2921
f 1247/1418/2922 1251/1417/2922 1230/1400/2922
f 1250/1426/2923 1231/1399/2923 1230/1400/2923
f 990/1428/2924 642/723/2924 1211/1377/2924
f 1204/1381/2925 1231/1399/2925 1250/1426/2925
f 1250/1426/2926 990/1428/2926 1204/1381/2926
f 1252/1378/2927 1204/1381/2927 990/1428/2927
f 1204/1381/2928 1252/1378/2928 965/1376/2928
f 990/1428/2929 1211/1377/2929 1252/1378/2929
f 1258/1436/2930 1261/1558/2930 1259/1433/2930
f 1256/2569/2931 1257/1559/2931 1258/1436/2931
f 1258/1436/2932 1259/1433/2932 1253/1403/2932
f 1260/1393/2933 1259/1433/2933 1261/1558/2933
f 745/2491/2934 747/1298/2934 1262/1437/2934
f 1262/1437/2935 1264/1441/2935 745/2491/2935
f 1262/1437/2936 1085/1438/2936 1266/1443/2936
f 746/886/2937 1264/1441/2937 1270/1439/2937
f 746/886/2938 745/2491/2938 1264/1441/2938
f 1118/1268/2939 1266/1443/2939 1085/1438/2939
f 1270/1439/2940 1271/1449/2940 1268/1440/2940
f 1270/1439/2941 1265/1442/2941 1432/1448/2941
f 995/1134/2942 996/2531/2942 1138/2556/2942
f 1138/2556/2943 1137/1294/2943 715/1293/2943
f 1138/2556/2944 996/2531/2944 1137/1294/2944
f 1272/1453/2945 1329/1450/2945 802/1452/2945
f 1272/1453/2946 999/1135/2946 1275/1138/2946
f 1275/1138/2947 1274/2570/2947 1272/1453/2947
f 1278/1459/2948 1371/1581/2948 1374/1460/2948
f 1372/1462/2949 1278/2571/2949 1154/946/2949
f 1279/2572/2950 1372/1462/2950 1157/1317/2950
f 1157/1317/2951 1281/1464/2951 1279/2572/2951
f 1156/1461/2952 1157/1317/2952 1372/1462/2952
f 1279/2572/2953 1281/1464/2953 1384/1593/2953
f 1388/2554/2954 1283/1466/2954 1284/1465/2954
f 1283/1466/2955 1151/1143/2955 1282/949/2955
f 1284/1465/2956 1015/2536/2956 1170/1596/2956
f 1284/1465/2957 1170/1596/2957 1388/2554/2957
f 1284/1465/2958 1282/949/2958 1015/2536/2958
f 51/49/2959 1286/1474/2959 1285/1306/2959
f 1287/1467/2960 1289/1468/2960 1286/1474/2960
f 1286/1474/2961 51/49/2961 1287/1467/2961
f 1288/1472/2962 1144/1304/2962 1285/1306/2962
f 1285/1306/2963 1286/1474/2963 1288/1472/2963
f 1289/1468/2964 565/1322/2964 1291/2573/2964
f 1144/1304/2965 1290/1473/2965 1145/1308/2965
f 802/1452/2966 1273/1451/2966 805/613/2966
f 1163/1321/2967 1420/1631/2967 1291/2573/2967
f 1163/1321/2968 1291/2573/2968 565/1322/2968
f 1273/625/2969 1420/1631/2969 1163/1321/2969
f 1359/1626/2970 1289/1469/2970 1291/1624/2970
f 1019/1162/2971 1033/1161/2971 1021/1165/2971
f 831/973/2972 829/971/2972 827/967/2972
f 1040/1635/2973 858/2513/2973 1131/1284/2973
f 858/2513/2974 1040/1635/2974 842/2509/2974
f 848/990/2975 1294/989/2975 1293/1481/2975
f 869/1011/2976 870/1009/2976 1294/989/2976
f 1293/1481/2977 1294/989/2977 870/1009/2977
f 849/991/2978 850/995/2978 869/1011/2978
f 850/995/2979 599/660/2979 869/1011/2979
f 848/1483/2980 1295/1477/2980 857/1478/2980
f 1298/2574/2981 1304/2575/2981 1301/1493/2981 1187/1345/2981
f 1293/1484/2982 1296/1480/2982 1295/1477/2982
f 1296/1480/2983 867/1485/2983 1129/1280/2983
f 1130/1283/2984 856/1285/2984 857/1478/2984
f 1295/1477/2985 1129/1280/2985 1130/1283/2985
f 1194/2559/2986 1299/1486/2986 1185/1008/2986
f 582/2455/2987 1188/1343/2987 1187/1345/2987
f 1189/1346/2988 1300/1487/2988 1298/2576/2988
f 1298/2576/2989 1297/1347/2989 1189/1346/2989
f 1187/1345/2990 1301/1493/2990 1194/2559/2990
f 1302/1349/2991 864/1005/2991 1193/1488/2991
f 1297/1344/2992 1298/2574/2992 1187/1345/2992
f 1298/2576/2993 1300/1487/2993 1304/2577/2993
f 1303/2561/2994 1302/1349/2994 1307/1495/2994 1308/1497/2994
f 1305/1489/2995 1190/640/2995 1192/2560/2995
f 1193/1759/2996 1299/1492/2996 1538/1491/2996
f 1194/2559/2997 1301/1493/2997 1299/1486/2997
f 1328/1532/2998 1327/1527/2998 553/1526/2998 786/1533/2998
f 1303/2561/2999 1308/1497/2999 1310/1352/2999
f 1308/1497/3000 1309/1496/3000 1310/1352/3000
f 1314/1183/3001 1042/135/3001 1078/1499/3001
f 1041/1182/3002 1042/135/3002 1314/1183/3002
f 1049/1192/3003 1050/1502/3003 1052/672/3003
f 1323/1506/3004 1314/1183/3004 1078/1499/3004
f 1054/1193/3005 1313/1500/3005 1049/1192/3005
f 1313/1500/3006 1054/1193/3006 1316/1516/3006
f 1054/1193/3007 1046/1188/3007 1317/1231/3007
f 1318/1513/3008 1317/1507/3008 1082/1515/3008
f 1318/1513/3009 1319/1510/3009 1317/1507/3009
f 1318/1513/3010 1047/1514/3010 1320/1511/3010
f 1320/1511/3011 1047/1514/3011 1080/1229/3011
f 1081/1230/3012 1080/1229/3012 1047/1514/3012
f 1324/1522/3013 1325/1521/3013 1323/1523/3013
f 1323/1523/3014 1315/1518/3014 1324/1522/3014
f 1321/1512/3015 1430/1520/3015 1324/1522/3015
f 1219/1560/3016 1221/2564/3016 1060/1384/3016
f 1231/1399/3017 1204/1381/3017 1205/1372/3017
f 1205/1372/3018 1204/1381/3018 1203/1373/3018
f 1275/2578/3019 1326/1525/3019 1427/1528/3019
f 1384/2579/3020 1386/2580/3020 1387/1656/3020 1385/1655/3020
f 1427/1528/3021 1274/1530/3021 1275/2578/3021
f 1327/1527/3022 1328/1532/3022 1493/1702/3022
f 1328/1532/3023 785/1534/3023 1507/1716/3023
f 1423/1630/3024 1329/1629/3024 1428/1529/3024
f 1326/1525/3025 1424/2581/3025 1427/1528/3025
f 1424/2581/3026 1326/1525/3026 1425/1531/3026
f 1176/951/3027 1177/1335/3027 1330/1333/3027
f 1177/1335/3028 1332/1541/3028 1330/1333/3028
f 1332/1541/3029 1177/1335/3029 1331/1544/3029
f 1172/1331/3030 1174/1332/3030 1333/1535/3030
f 1333/1535/3031 1334/1538/3031 1172/1331/3031
f 1335/1536/3032 1330/1333/3032 1332/1541/3032
f 1180/1543/3033 1178/1545/3033 1338/878/3033
f 1339/1546/3034 596/1353/3034 1310/1352/3034
f 1191/1348/3035 1305/1489/3035 1192/2560/3035
f 1191/1348/3036 1339/1546/3036 1305/1489/3036
f 1341/1421/3037 1247/1418/3037 1232/1427/3037
f 1232/1427/3038 1340/1549/3038 1341/1421/3038
f 1343/1548/3039 1591/1552/3039 1592/1806/3039
f 1342/1550/3040 1343/1548/3040 1344/1422/3040
f 1599/1808/3041 1344/1422/3041 1343/1548/3041
f 1258/1434/3042 1254/1429/3042 1255/1431/3042
f 1256/1435/3043 1255/1431/3043 1345/1553/3043
f 1261/1558/3044 1258/1436/3044 1257/1559/3044
f 1257/1557/3045 1347/1556/3045 1234/1388/3045
f 1348/1555/3046 1347/1556/3046 1345/1553/3046
f 1234/1388/3047 1219/1387/3047 1257/1557/3047
f 737/877/3048 744/884/3048 1072/2542/3048
f 737/877/3049 1072/2542/3049 1338/878/3049
f 1349/1636/3050 1072/2542/3050 1071/1447/3050
f 1350/2582/3051 1072/2542/3051 1349/1636/3051
f 739/1336/3052 1338/878/3052 1178/1545/3052
f 1118/1268/3053 1117/1269/3053 1267/1444/3053
f 1266/1443/3054 1118/1268/3054 1267/1444/3054
f 1265/1442/3055 1267/1444/3055 1117/1269/3055
f 1267/1444/3056 1265/1442/3056 1264/1441/3056
f 1351/1639/3057 1432/1448/3057 1265/1442/3057
f 1145/2583/3058 1290/2584/3058 1149/1571/3058
f 1149/1571/3059 1352/1562/3059 1141/2585/3059
f 1353/1565/3060 1148/1563/3060 1508/1718/3060
f 1354/1566/3061 1507/1716/3061 1146/2586/3061
f 1146/2586/3062 1147/1564/3062 1354/1566/3062
f 1149/1571/3063 1356/1570/3063 1355/1567/3063
f 1352/1562/3064 1149/1571/3064 1355/1567/3064
f 1149/1571/3065 1290/2584/3065 1357/1569/3065
f 1358/2587/3066 1417/2588/3066 1356/1570/3066
f 1356/1570/3067 1357/1569/3067 1358/2587/3067
f 1289/1469/3068 1359/1626/3068 1358/1470/3068
f 1290/2584/3069 1358/2587/3069 1357/1569/3069
f 793/1458/3070 1360/1574/3070 792/1154/3070
f 1360/1574/3071 1361/1224/3071 792/1154/3071
f 1363/1223/3072 1364/1575/3072 1365/1579/3072
f 1364/1575/3073 1362/1573/3073 1366/1577/3073
f 1362/1573/3074 1367/1578/3074 1366/1577/3074
f 1362/1573/3075 1369/1585/3075 1367/1578/3075
f 1369/1585/3076 1362/1573/3076 1368/1457/3076
f 1368/1457/3077 1370/1580/3077 1369/1585/3077
f 1360/1574/3078 793/1458/3078 1368/1457/3078
f 1279/1583/3079 1373/2589/3079 1371/1581/3079
f 1374/1460/3080 1371/1581/3080 1377/1584/3080
f 1277/1455/3081 1374/1460/3081 1370/1580/3081
f 1370/1580/3082 1375/1588/3082 1378/1586/3082
f 1369/1585/3083 1370/1580/3083 1378/1586/3083
f 1370/1580/3084 1377/1584/3084 1375/1588/3084
f 1371/1581/3085 1379/1590/3085 1377/1584/3085
f 1380/2590/3086 1398/1607/3086 1367/1578/3086
f 1380/2590/3087 1378/1586/3087 1381/1672/3087
f 1367/1578/3088 1378/1586/3088 1380/2590/3088
f 1379/1590/3089 1371/1581/3089 1373/2589/3089
f 1379/1590/3090 1387/1656/3090 1382/1589/3090
f 1377/1584/3091 1382/1589/3091 1376/1587/3091
f 1373/2591/3092 1279/2572/3092 1384/1593/3092
f 1281/1464/3093 1383/1591/3093 1384/1593/3093
f 1373/2589/3094 1384/2579/3094 1385/1655/3094
f 1431/1637/3095 1349/1636/3095 1071/1447/3095 1271/2592/3095
f 1283/1466/3096 1103/2552/3096 1102/1594/3096
f 1283/1466/3097 1388/2554/3097 1103/2552/3097
f 1283/1466/3098 1008/2535/3098 1151/1143/3098
f 1388/2554/3099 1170/1596/3099 1389/1253/3099
f 1170/1596/3100 1015/2536/3100 1168/1328/3100
f 1390/1320/3101 1406/1599/3101 1160/1316/3101
f 1160/1316/3102 1406/1599/3102 1280/1463/3102
f 1390/1320/3103 1391/1597/3103 1406/1599/3103
f 1399/2593/3104 1162/1600/3104 1400/1603/3104
f 1400/1603/3105 1393/1602/3105 1395/1605/3105
f 1395/1605/3106 1396/1576/3106 1400/1603/3106
f 1366/1577/3107 1396/1576/3107 1395/1605/3107
f 1397/1606/3108 1400/1603/3108 1396/1576/3108
f 1397/1606/3109 1399/2593/3109 1400/1603/3109
f 1399/2593/3110 1397/1606/3110 1401/1611/3110
f 1401/1611/3111 1397/1606/3111 1455/1612/3111
f 1162/1600/3112 1402/1608/3112 1403/1601/3112
f 1401/1611/3113 1402/1608/3113 1399/2593/3113
f 1402/1608/3114 1162/1600/3114 1399/2593/3114
f 1403/1601/3115 1411/1609/3115 1409/1613/3115
f 1403/1601/3116 1405/1614/3116 1392/1598/3116
f 1391/1597/3117 1403/1601/3117 1392/1598/3117
f 1281/1464/3118 1407/1615/3118 1383/1591/3118
f 1407/1615/3119 1406/1599/3119 1392/1598/3119
f 1413/1617/3120 1408/1616/3120 1405/1614/3120
f 1410/1621/3121 1472/1682/3121 1409/1613/3121
f 1409/1613/3122 1411/1609/3122 1410/1621/3122
f 1413/1617/3123 1409/1613/3123 1472/1682/3123
f 1404/1610/3124 1411/1609/3124 1402/1608/3124
f 1412/1619/3125 1411/1609/3125 1404/1610/3125
f 1173/1537/3126 1414/2594/3126 1171/1329/3126
f 1169/1330/3127 1171/1329/3127 1414/2594/3127
f 1122/1622/3128 1414/2594/3128 1119/1271/3128
f 1414/2594/3129 1098/1247/3129 1169/1330/3129
f 1414/2594/3130 1122/1622/3130 1098/1247/3130
f 1334/1538/3131 1415/2595/3131 1173/1537/3131
f 1414/2594/3132 1173/1537/3132 1415/2595/3132
f 1416/1623/3133 1359/1626/3133 1291/1624/3133
f 1359/1626/3134 1418/1783/3134 1417/1627/3134
f 1329/1450/3135 1272/1453/3135 1274/2570/3135
f 1425/1531/3136 1426/1705/3136 1424/2581/3136
f 1427/1528/3137 1429/1708/3137 1428/1529/3137
f 1422/1634/3138 1423/1630/3138 1499/1709/3138
f 1428/1529/3139 1429/1708/3139 1423/1630/3139
f 1080/1229/3140 1430/1520/3140 1320/1511/3140
f 1430/1520/3141 1321/1512/3141 1320/1511/3141
f 1268/1446/3142 1271/2592/3142 1071/1447/3142
f 1520/2596/3143 1517/1726/3143 718/853/3143 1123/856/3143
f 1271/2592/3144 1432/2597/3144 1431/1637/3144
f 1350/2582/3145 1349/1636/3145 1337/1542/3145
f 1350/2582/3146 1180/1543/3146 1072/2542/3146
f 1431/1637/3147 1434/1644/3147 1433/1638/3147
f 1433/1638/3148 1439/1650/3148 1337/1542/3148
f 1434/1644/3149 1431/1637/3149 1432/2597/3149
f 1432/2597/3150 1351/1645/3150 1434/1644/3150
f 1265/1442/3151 1117/1269/3151 1114/1264/3151
f 1114/1264/3152 1351/1639/3152 1265/1442/3152
f 1113/1641/3153 1440/1646/3153 1351/1645/3153
f 1113/1640/3154 1114/1264/3154 1111/1260/3154
f 1434/1644/3155 1440/1646/3155 1439/1650/3155
f 1435/1539/3156 1438/1649/3156 1334/1538/3156
f 1438/1649/3157 1435/1539/3157 1121/1648/3157
f 1334/1538/3158 1333/1535/3158 1435/1539/3158
f 1435/1539/3159 1336/1540/3159 1436/2598/3159
f 1437/1267/3160 1121/1648/3160 1436/2598/3160
f 1121/1648/3161 1435/1539/3161 1436/2598/3161
f 1438/1649/3162 1415/2595/3162 1334/1538/3162
f 1438/1649/3163 1119/1271/3163 1415/2595/3163
f 1415/2595/3164 1119/1271/3164 1414/2594/3164
f 1338/878/3165 1072/2542/3165 1180/1543/3165
f 1337/1542/3166 1180/1543/3166 1350/2582/3166
f 1439/1650/3167 1441/1651/3167 1436/2598/3167
f 1434/1644/3168 1439/1650/3168 1433/1638/3168
f 1437/1267/3169 1436/2598/3169 1441/1651/3169
f 1439/1650/3170 1436/2598/3170 1336/1540/3170
f 1386/2580/3171 1443/2599/3171 1444/1658/3171
f 1443/1654/3172 1386/1592/3172 1446/1652/3172
f 1383/1591/3173 1446/1652/3173 1386/1592/3173
f 1385/1655/3174 1379/1590/3174 1373/2589/3174
f 1387/1656/3175 1386/2580/3175 1444/1658/3175
f 1450/1662/3176 1448/1659/3176 1449/1660/3176
f 1444/1658/3177 1443/2599/3177 1449/1660/3177
f 1449/1660/3178 1443/2599/3178 1452/1697/3178
f 1453/1664/3179 1490/1696/3179 1445/1653/3179
f 1446/1652/3180 1453/1664/3180 1445/1653/3180
f 1408/1616/3181 1487/1692/3181 1453/1664/3181
f 1366/1577/3182 1394/1604/3182 1365/1579/3182
f 1398/1607/3183 1396/1576/3183 1367/1578/3183
f 1380/2590/3184 1454/1665/3184 1398/1607/3184
f 1454/1665/3185 1380/2590/3185 1456/1666/3185
f 1455/1612/3186 1454/1665/3186 1457/1667/3186
f 1457/1667/3187 1404/1610/3187 1455/1612/3187
f 1457/1667/3188 1456/1666/3188 1458/1668/3188
f 1458/1668/3189 1459/1618/3189 1460/1620/3189
f 1458/1668/3190 1460/1620/3190 1457/1667/3190
f 1381/1672/3191 1456/1666/3191 1380/2590/3191
f 1412/1619/3192 1404/1610/3192 1460/1620/3192
f 1461/1670/3193 1456/1666/3193 1376/1587/3193
f 1376/1587/3194 1456/1666/3194 1381/1672/3194
f 1375/1588/3195 1381/1672/3195 1378/1586/3195
f 1462/1669/3196 1458/1668/3196 1461/1670/3196
f 1461/1670/3197 1464/1671/3197 1462/1669/3197
f 1465/1673/3198 1463/2600/3198 1464/1671/3198
f 1464/1671/3199 1466/1674/3199 1465/1673/3199
f 1466/1674/3200 1464/1671/3200 1447/1657/3200
f 1465/1673/3201 1467/1677/3201 1478/1684/3201
f 1463/2600/3202 1465/1673/3202 1469/1675/3202
f 1463/2600/3203 1462/1669/3203 1464/1671/3203
f 1459/1618/3204 1462/1669/3204 1468/1676/3204
f 1462/1669/3205 1463/2600/3205 1469/1675/3205
f 1447/1657/3206 1448/1659/3206 1466/1674/3206
f 1469/1675/3207 1471/1680/3207 1468/1676/3207
f 1410/1621/3208 1468/1676/3208 1474/1681/3208
f 1410/1621/3209 1459/1618/3209 1468/1676/3209
f 1473/1683/3210 1477/1700/3210 1474/1681/3210
f 1476/1701/3211 1473/1683/3211 1475/1687/3211
f 1477/1700/3212 1473/1683/3212 1476/1701/3212
f 1474/1681/3213 1477/1700/3213 1472/1682/3213
f 1471/1680/3214 1469/1675/3214 1473/1683/3214
f 1473/1683/3215 1478/1684/3215 1475/1687/3215
f 1469/1675/3216 1465/1673/3216 1473/1683/3216
f 1479/1686/3217 1481/1685/3217 1480/1690/3217
f 1475/1687/3218 1478/1684/3218 1481/1685/3218
f 1467/1677/3219 1482/1678/3219 1478/1684/3219
f 1484/1779/3220 1485/1694/3220 1486/1781/3220
f 1470/1679/3221 1484/1689/3221 1482/1678/3221
f 1482/1678/3222 1481/1685/3222 1478/1684/3222
f 1484/1689/3223 1486/1781/3223 1480/1690/3223
f 1488/1693/3224 1490/1696/3224 1487/1692/3224
f 1453/1664/3225 1487/1692/3225 1490/1696/3225
f 1573/1782/3226 1490/1696/3226 1488/1693/3226
f 1490/1696/3227 1489/1695/3227 1445/1653/3227
f 1492/1699/3228 1573/1782/3228 1488/1693/3228
f 1491/1691/3229 1476/1701/3229 1492/1699/3229
f 1425/1531/3230 1327/1527/3230 1493/1702/3230
f 1426/1705/3231 1425/1531/3231 1494/1703/3231
f 1494/1703/3232 1493/1702/3232 1497/1704/3232
f 1427/1528/3233 1424/2581/3233 1426/1705/3233
f 1429/1708/3234 1427/1528/3234 1496/1707/3234
f 1499/1709/3235 1429/1708/3235 1505/2601/3235
f 1496/1707/3236 1505/2601/3236 1429/1708/3236
f 1422/1634/3237 1499/1709/3237 1500/1795/3237
f 1422/1634/3238 1500/1795/3238 1574/1710/3238
f 1498/1715/3239 1507/1716/3239 1501/1717/3239
f 1354/1566/3240 1509/1751/3240 1501/1717/3240
f 1502/1711/3241 1588/1713/3241 1495/1706/3241
f 1502/1711/3242 1503/1712/3242 1549/1750/3242
f 1494/1703/3243 1497/1704/3243 1503/1712/3243
f 1505/2601/3244 1506/1797/3244 1499/1709/3244
f 1506/1797/3245 1505/2601/3245 1504/1714/3245
f 1352/1562/3246 1508/1718/3246 1148/1563/3246
f 1146/2586/3247 1507/1716/3247 785/1534/3247
f 1509/1751/3248 1354/1566/3248 1353/1565/3248
f 1353/1565/3249 1510/1719/3249 1509/1751/3249
f 1510/1719/3250 1508/1718/3250 1546/1568/3250
f 1112/1262/3251 1110/1643/3251 1109/1263/3251
f 1110/1643/3252 1442/1647/3252 1113/1641/3252
f 1441/1651/3253 1115/1265/3253 1437/1267/3253
f 1512/1295/3254 721/846/3254 722/848/3254
f 1511/1733/3255 722/848/3255 723/854/3255
f 1519/1720/3256 1520/2596/3256 1513/2555/3256
f 1513/2555/3257 1520/2596/3257 1123/856/3257
f 727/858/3258 1519/1720/3258 1513/2555/3258
f 1138/2556/3259 1515/2602/3259 1514/1724/3259 995/1134/3259
f 1515/2602/3260 1138/2556/3260 1139/1296/3260
f 1533/2603/3261 1300/1487/3261 1305/1489/3261 1534/2604/3261
f 1558/1734/3262 1559/1767/3262 1515/2602/3262
f 723/854/3263 1517/1726/3263 1511/1733/3263
f 1554/1760/3264 1519/1720/3264 1518/1721/3264
f 1520/2596/3265 1521/1727/3265 1517/1726/3265
f 1523/1729/3266 1520/2596/3266 1522/1762/3266
f 1521/1727/3267 1520/2596/3267 1523/1729/3267
f 1525/1730/3268 1523/1729/3268 1522/1762/3268
f 1519/1720/3269 1554/1760/3269 1520/2596/3269
f 1522/1762/3270 1520/2596/3270 1554/1760/3270
f 1524/1725/3271 1511/1733/3271 1517/1726/3271
f 1523/1729/3272 1524/1725/3272 1521/1727/3272
f 1569/1775/3273 1527/1728/3273 1525/1730/3273
f 1529/1736/3274 1530/1722/3274 1524/1725/3274
f 1124/1131/3275 1518/1721/3275 776/920/3275
f 727/858/3276 776/920/3276 1518/1721/3276
f 1530/1722/3277 1529/1736/3277 1531/1723/3277
f 1531/1723/3278 1558/1734/3278 1515/2602/3278
f 1546/1568/3279 1355/1567/3279 1356/1570/3279
f 1546/1568/3280 1356/1570/3280 1547/1788/3280
f 1534/2604/3281 1305/1489/3281 1339/1546/3281 1535/2605/3281
f 1248/1423/3282 1246/1416/3282 1247/1418/3282 1341/1421/3282
f 1301/1739/3283 1536/1738/3283 1306/1490/3283
f 1306/1490/3284 1536/1738/3284 1537/1747/3284
f 1306/1490/3285 1537/1747/3285 1538/1491/3285
f 1539/1741/3286 1537/1747/3286 1536/1738/3286
f 1536/1738/3287 1304/1737/3287 1533/1740/3287
f 1535/2605/3288 1339/1546/3288 1309/1496/3288
f 1541/1745/3289 1539/1741/3289 1535/2606/3289
f 1535/2606/3290 1308/1743/3290 1541/1745/3290
f 1540/1744/3291 1553/1746/3291 1541/1745/3291
f 1553/1746/3292 1539/1741/3292 1541/1745/3292
f 1539/1741/3293 1533/1740/3293 1534/2607/3293
f 1535/2606/3294 1539/1741/3294 1534/2607/3294
f 1498/1715/3295 1542/1748/3295 1503/1712/3295
f 1543/1752/3296 1544/1753/3296 1545/1755/3296
f 1547/1788/3297 1575/1786/3297 1546/1568/3297
f 1543/1752/3298 1548/1749/3298 1542/1748/3298
f 1503/1712/3299 1542/1748/3299 1549/1750/3299
f 1550/1754/3300 1578/1805/3300 1552/1757/3300
f 1502/1711/3301 1549/1750/3301 1550/1754/3301
f 1553/1746/3302 1193/1759/3302 1538/1491/3302
f 1193/1759/3303 1540/1744/3303 1307/1758/3303
f 1554/1760/3304 1528/1731/3304 1522/1762/3304
f 1554/1760/3305 1518/1721/3305 1136/1292/3305
f 1555/1761/3306 1135/1291/3306 1556/1288/3306
f 1556/1288/3307 1557/1764/3307 1555/1761/3307
f 1515/2602/3308 1139/1296/3308 1531/1723/3308
f 1515/2602/3309 1559/1767/3309 1514/1724/3309
f 1559/1767/3310 1560/1769/3310 1514/1724/3310
f 1516/1132/3311 1514/1724/3311 1560/1769/3311
f 1559/1767/3312 1558/1734/3312 1562/1765/3312
f 1560/1769/3313 1559/1767/3313 1561/1766/3313
f 1560/1769/3314 1133/1286/3314 1516/1132/3314
f 1560/1769/3315 1563/1768/3315 1133/1286/3315
f 1564/1772/3316 1561/1766/3316 1562/1765/3316
f 1568/1774/3317 1566/1773/3317 1532/1735/3317
f 1562/1765/3318 1558/1734/3318 1532/1735/3318
f 1527/1728/3319 1529/1736/3319 1524/1725/3319
f 1527/1728/3320 1569/1775/3320 1568/1774/3320
f 1532/1735/3321 1529/1736/3321 1568/1774/3321
f 1526/1732/3322 1571/1776/3322 1565/1771/3322
f 1571/1776/3323 1526/1732/3323 1570/1763/3323
f 1566/1773/3324 1568/1774/3324 1569/1775/3324
f 1556/1777/3325 1571/1776/3325 1557/1778/3325
f 1555/1761/3326 1557/1764/3326 1528/1731/3326
f 1573/1782/3327 1572/1780/3327 1486/1781/3327
f 1475/1687/3328 1492/1699/3328 1476/1701/3328
f 1479/1686/3329 1572/1780/3329 1573/1782/3329
f 1490/1696/3330 1573/1782/3330 1485/1694/3330
f 1418/1783/3331 1359/1626/3331 1416/1623/3331
f 1418/1783/3332 1583/1793/3332 1582/1784/3332
f 1583/1793/3333 1418/1783/3333 1416/1623/3333
f 1574/1710/3334 1421/1625/3334 1420/1633/3334
f 1416/1623/3335 1574/1710/3335 1583/1793/3335
f 1526/1732/3336 1569/1775/3336 1525/1730/3336
f 1417/2588/3337 1547/1788/3337 1356/1570/3337
f 1417/2588/3338 1580/1790/3338 1547/1788/3338
f 1545/1755/3339 1577/1787/3339 1578/1805/3339
f 1577/1787/3340 1579/1802/3340 1578/1805/3340
f 1590/1801/3341 1578/1805/3341 1579/1802/3341
f 1580/1785/3342 1582/1784/3342 1576/1792/3342
f 1506/1797/3343 1504/1714/3343 1585/1798/3343
f 1589/1800/3344 1585/1798/3344 1504/1714/3344
f 1574/1710/3345 1584/1796/3345 1586/1794/3345
f 1586/1794/3346 1583/1793/3346 1574/1710/3346
f 1581/1791/3347 1586/1794/3347 1587/1799/3347
f 1584/1796/3348 1500/1795/3348 1585/1798/3348
f 1589/1800/3349 1504/1714/3349 1588/1713/3349
f 1589/1800/3350 1588/1713/3350 1551/1756/3350
f 1505/2601/3351 1496/1707/3351 1504/1714/3351
f 1576/1789/3352 1581/1803/3352 1577/1787/3352
f 1545/1755/3353 1544/1753/3353 1577/1787/3353
f 1578/1805/3354 1550/1754/3354 1545/1755/3354
f 1227/1547/3355 1228/1551/3355 1343/1548/3355
f 1593/1395/3356 1601/1807/3356 1592/1806/3356
f 1591/1552/3357 1228/1551/3357 1224/299/3357
f 1595/1815/3358 1596/1810/3358 1235/1809/3358
f 1348/1555/3359 1595/1815/3359 1235/1809/3359
f 1597/1811/3360 1598/1812/3360 1599/1808/3360
f 1601/1807/3361 1600/1819/3361 1597/1811/3361
f 1344/1422/3362 1599/1808/3362 1598/1812/3362
f 1598/1812/3363 1602/1424/3363 1344/1422/3363
f 293/322/3364 1634/2608/3364 1662/2609/3364 663/323/3364
f 1597/1811/3365 1592/1806/3365 1601/1807/3365
f 1601/1807/3366 1603/2610/3366 1600/1819/3366
f 1594/1394/3367 1603/2610/3367 1601/1807/3367
f 1595/1815/3368 1604/1814/3368 1596/1810/3368
f 1615/1822/3369 1594/1394/3369 1596/1810/3369
f 1594/1394/3370 1615/1822/3370 1603/2610/3370
f 1615/1822/3371 1596/1810/3371 1604/1814/3371
f 1603/2610/3372 1607/2611/3372 1600/1819/3372
f 1606/2612/3373 1600/1819/3373 1607/2611/3373
f 1631/2613/3374 1606/2612/3374 1607/2611/3374
f 1608/1813/3375 1606/2612/3375 1632/1817/3375
f 1609/1818/3376 1598/1812/3376 1608/1813/3376
f 1600/1819/3377 1606/2612/3377 1608/1813/3377
f 1604/1814/3378 1605/1816/3378 1610/1820/3378
f 1255/1431/3379 1611/1430/3379 1346/1554/3379
f 1613/1823/3380 1605/1816/3380 1346/1554/3380
f 1346/1554/3381 1345/1553/3381 1255/1431/3381
f 1613/1823/3382 1610/1820/3382 1605/1816/3382
f 1346/1554/3383 1611/1430/3383 1617/1828/3383
f 1346/1554/3384 1617/1828/3384 1613/1823/3384
f 1603/2610/3385 1615/1822/3385 1607/2611/3385
f 1624/1837/3386 1607/2611/3386 1615/1822/3386
f 1614/1824/3387 1617/1828/3387 1611/1430/3387
f 1612/1825/3388 1239/1830/3388 1614/1824/3388
f 1238/1831/3389 1616/1827/3389 1614/1824/3389
f 1619/2614/3390 1616/1827/3390 1238/1831/3390
f 1619/1409/3391 1238/1408/3391 1237/1407/3391
f 1623/1834/3392 1618/1829/3392 1616/1827/3392
f 1623/1834/3393 1624/1837/3393 1625/1821/3393
f 1620/1832/3394 1621/1833/3394 1623/1834/3394
f 1621/1833/3395 1242/1419/3395 1626/1836/3395
f 1621/1833/3396 1626/1836/3396 1623/1834/3396
f 982/1410/3397 1242/1419/3397 1241/2566/3397
f 1620/1832/3398 1616/1827/3398 1619/1409/3398
f 1604/1814/3399 1610/1820/3399 1615/1822/3399
f 1248/1423/3400 1344/1422/3400 1602/1424/3400
f 1629/1840/3401 1244/1413/3401 1249/1425/3401
f 1629/1840/3402 1630/1839/3402 1244/1413/3402
f 1249/1425/3403 1602/1424/3403 1629/1840/3403
f 1630/1839/3404 1240/1420/3404 1244/1413/3404
f 1632/1817/3405 1629/1840/3405 1609/1818/3405
f 1609/1818/3406 1602/1424/3406 1598/1812/3406
f 1618/1829/3407 1625/1821/3407 1613/1823/3407
f 1624/1837/3408 1615/1822/3408 1625/1821/3408
f 1631/2613/3409 1624/1837/3409 1628/1835/3409
f 1607/2611/3410 1624/1837/3410 1631/2613/3410
f 1240/1420/3411 1630/1839/3411 1242/1419/3411
f 1628/1835/3412 1632/1817/3412 1631/2613/3412
f 1632/1817/3413 1627/1838/3413 1630/1839/3413
f 1606/2612/3414 1631/2613/3414 1632/1817/3414
f 280/309/3415 662/2615/3415 281/310/3415
f 1664/2616/3416 648/1889/3416 653/1891/3416
f 648/1889/3417 1664/2616/3417 285/2617/3417
f 285/2617/3418 1664/2616/3418 654/1895/3418
f 299/329/3419 278/1846/3419 326/2041/3419
f 309/2394/3420 1643/1867/3420 1633/1866/3420 290/317/3420
f 292/320/3421 339/369/3421 293/318/3421
f 302/1914/3422 300/336/3422 294/326/3422
f 303/2396/3423 1638/2412/3423 1636/2618/3423
f 1679/2619/3424 305/337/3424 1636/2397/3424
f 278/751/3425 658/750/3425 1637/1893/3425
f 1641/2406/3426 318/2403/3426 324/357/3426
f 662/756/3427 656/758/3427 645/1851/3427
f 340/1852/3428 1639/1854/3428 1638/2620/3428
f 1640/2399/3429 322/2474/3429 304/1947/3429
f 331/362/3430 297/359/3430 1666/2621/3430
f 1662/2622/3431 1663/1919/3431 663/365/3431
f 657/2623/3432 279/2624/3432 1644/1864/3432
f 1646/2625/3433 1645/1868/3433 1643/1867/3433
f 1634/2608/3434 339/1900/3434 1663/2626/3434 1662/2609/3434
f 1649/347/3435 310/346/3435 1647/2627/3435
f 649/735/3436 289/734/3436 1734/1874/3436
f 1734/1874/3437 289/734/3437 299/329/3437
f 327/2408/3438 650/330/3438 326/2041/3438
f 659/2628/3439 278/751/3439 1637/1893/3439
f 315/351/3440 1678/348/3440 324/357/3440
f 1740/2038/3441 1651/311/3441 1652/2063/3441
f 281/2629/3442 646/729/3442 282/728/3442
f 662/2615/3443 1675/2630/3443 281/310/3443
f 1653/1881/3444 646/729/3444 281/2629/3444
f 1653/2631/3445 281/1936/3445 1655/1906/3445
f 1654/1880/3446 1655/2632/3446 1658/2633/3446
f 1654/1880/3447 1653/1881/3447 1655/2632/3447
f 1655/2632/3448 1657/1913/3448 1658/2633/3448
f 1660/1884/3449 1659/1883/3449 1658/1886/3449
f 1658/1886/3450 1745/760/3450 1660/1884/3450
f 646/1887/3451 1658/1886/3451 1659/1883/3451
f 1664/741/3452 653/2634/3452 665/2635/3452
f 285/1892/3453 315/351/3453 283/314/3453
f 285/1892/3454 647/2636/3454 1637/1897/3454
f 286/339/3455 287/338/3455 336/1917/3455
f 1663/2626/3456 339/1900/3456 335/1899/3456
f 684/2483/3457 350/762/3457 351/2415/3457 1694/1978/3457
f 298/331/3458 652/333/3458 338/371/3458
f 325/739/3459 338/1856/3459 652/2473/3459
f 298/331/3460 339/369/3460 299/329/3460
f 294/326/3461 299/329/3461 339/369/3461
f 1656/1908/3462 1657/1913/3462 1655/2632/3462
f 1665/1939/3463 1670/1938/3463 331/362/3463
f 331/362/3464 1666/2621/3464 1665/1939/3464
f 660/754/3465 329/755/3465 341/1901/3465
f 1642/372/3466 307/740/3466 337/373/3466
f 339/369/3467 337/373/3467 307/740/3467
f 665/2635/3468 339/369/3468 1664/741/3468
f 648/1889/3469 335/1899/3469 665/1890/3469
f 648/1921/3470 285/1922/3470 1663/1919/3470
f 307/342/3471 278/1846/3471 1664/1924/3471
f 306/341/3472 326/2041/3472 307/342/3472
f 1637/1893/3473 654/1895/3473 659/2628/3473
f 1671/1926/3474 314/2402/3474 655/2054/3474
f 1674/1932/3475 1660/1933/3475 1676/1930/3475
f 1659/1850/3476 1675/1931/3476 662/756/3476
f 1659/1850/3477 1674/1932/3477 1675/1931/3477
f 1747/1940/3478 1672/1942/3478 1671/2637/3478
f 340/2395/3479 301/1915/3479 341/1901/3479
f 334/368/3480 324/357/3480 333/366/3480
f 324/357/3481 330/363/3481 1663/1919/3481
f 1636/2618/3482 1638/2412/3482 1639/2638/3482
f 323/1948/3483 1678/1879/3483 1635/1876/3483
f 1682/1853/3484 1640/2405/3484 1681/2639/3484
f 1680/1949/3485 1681/2066/3485 1640/2399/3485
f 1680/1949/3486 1640/2399/3486 305/2398/3486
f 435/2476/3487 346/379/3487 344/381/3487
f 376/769/3488 381/387/3488 352/385/3488
f 376/769/3489 352/385/3489 442/1954/3489
f 359/393/3490 363/2012/3490 357/2640/3490
f 439/766/3491 344/381/3491 374/2641/3491
f 402/461/3492 399/433/3492 683/2431/3492
f 689/1996/3493 409/1999/3493 449/1997/3493
f 419/2442/3494 1702/2441/3494 1687/2438/3494
f 1701/2642/3495 1687/2438/3495 1702/2441/3495
f 449/1997/3496 427/2000/3496 448/2643/3496
f 423/1989/3497 1688/1988/3497 1700/2007/3497
f 1692/1987/3498 438/1983/3498 673/2644/3498
f 347/1972/3499 440/1974/3499 349/2413/3499
f 1693/407/3500 349/2413/3500 440/1974/3500
f 374/2641/3501 345/380/3501 346/379/3501 375/770/3501
f 343/374/3502 1684/378/3502 403/1980/3502
f 685/1959/3503 445/403/3503 695/402/3503
f 1695/2645/3504 438/1983/3504 1692/1987/3504
f 438/1983/3505 1695/2645/3505 1698/1984/3505
f 676/795/3506 674/1969/3506 677/796/3506
f 677/796/3507 674/1969/3507 405/2646/3507
f 395/798/3508 405/2646/3508 1696/793/3508
f 405/2646/3509 395/798/3509 677/796/3509
f 395/798/3510 1696/793/3510 396/475/3510
f 1699/478/3511 1698/1984/3511 1695/2645/3511
f 1698/1984/3512 1699/478/3512 1691/476/3512
f 1699/478/3513 1695/2645/3513 1692/1987/3513
f 1685/1985/3514 1698/1984/3514 1697/792/3514
f 1710/2439/3515 425/2647/3515 413/2006/3515
f 1702/2441/3516 1688/1988/3516 424/1990/3516
f 424/1990/3517 1701/2642/3517 1702/2441/3517
f 425/2647/3518 1710/2439/3518 1687/2438/3518
f 357/2640/3519 363/2012/3519 669/2648/3519
f 364/1992/3520 365/2419/3520 368/401/3520
f 358/1993/3521 383/2418/3521 365/2419/3521
f 383/2418/3522 358/1993/3522 354/382/3522
f 354/382/3523 667/1994/3523 353/383/3523
f 1789/2126/3524 1790/2649/3524 1787/2123/3524 1788/2124/3524
f 1706/812/3525 426/1968/3525 427/2000/3525
f 1705/810/3526 1706/812/3526 400/2002/3526
f 1707/805/3527 1705/810/3527 680/806/3527
f 446/1961/3528 687/1960/3528 1707/805/3528
f 1707/805/3529 688/813/3529 446/1961/3529
f 1708/1967/3530 447/1966/3530 688/813/3530
f 688/813/3531 1707/805/3531 681/807/3531
f 427/2000/3532 409/1999/3532 1706/812/3532
f 400/2002/3533 1706/812/3533 409/1999/3533
f 428/765/3534 410/1981/3534 367/1958/3534
f 367/1958/3535 366/2003/3535 445/403/3535
f 1710/2439/3536 1709/2005/3536 402/2650/3536
f 1703/2651/3537 402/461/3537 1709/2652/3537
f 1704/784/3538 1688/1988/3538 1702/2441/3538
f 1683/2009/3539 1703/2008/3539 1709/2653/3539
f 1712/790/3540 1748/2067/3540 679/791/3540
f 372/411/3541 397/768/3541 1750/786/3541
f 450/2654/3542 432/2013/3542 1714/820/3542
f 1713/2655/3543 450/2654/3543 1715/819/3543
f 669/2648/3544 1715/819/3544 357/2640/3544
f 1715/819/3545 669/2648/3545 1713/2655/3545
f 670/773/3546 669/2648/3546 363/2012/3546
f 1690/774/3547 363/2012/3547 1689/395/3547
f 357/2640/3548 1715/819/3548 360/821/3548
f 1714/820/3549 1716/2014/3549 690/818/3549
f 1716/2014/3550 694/2484/3550 690/818/3550
f 694/2484/3551 1690/776/3551 1689/1991/3551
f 1689/1991/3552 690/818/3552 694/2484/3552
f 432/2013/3553 694/2484/3553 1716/2014/3553
f 1714/820/3554 1715/819/3554 450/2654/3554
f 1701/2642/3555 424/1990/3555 1687/2438/3555
f 425/2647/3556 1687/2438/3556 424/1990/3556
f 413/2006/3557 1709/2005/3557 1710/2439/3557
f 1704/784/3558 1700/2007/3558 1688/1988/3558
f 682/2015/3559 342/376/3559 412/377/3559
f 682/2015/3560 412/377/3560 350/762/3560
f 345/380/3561 374/2641/3561 344/381/3561
f 377/2074/3562 441/2656/3562 1752/2075/3562
f 418/2435/3563 433/2017/3563 387/2657/3563
f 387/2657/3564 1686/2019/3564 418/2435/3564
f 417/455/3565 379/2020/3565 441/456/3565
f 387/2657/3566 433/2017/3566 1717/2021/3566
f 473/508/3567 698/2032/3567 697/509/3567
f 455/2486/3568 1718/2024/3568 699/529/3568
f 1721/2028/3569 473/508/3569 484/530/3569
f 484/530/3570 702/516/3570 1721/2028/3570
f 478/518/3571 486/524/3571 702/516/3571
f 485/528/3572 486/524/3572 478/518/3572
f 454/499/3573 484/530/3573 473/508/3573
f 1721/2028/3574 466/2030/3574 698/2032/3574
f 453/495/3575 701/822/3575 1719/2026/3575
f 456/2025/3576 457/2451/3576 489/2453/3576
f 484/530/3577 699/529/3577 456/2025/3577
f 465/502/3578 488/525/3578 467/503/3578
f 488/525/3579 1720/527/3579 467/503/3579
f 475/512/3580 701/2077/3580 700/2029/3580
f 1726/830/3581 529/556/3581 502/831/3581
f 714/844/3582 528/2035/3582 713/829/3582
f 713/829/3583 528/2035/3583 1724/2033/3583
f 1726/830/3584 1727/828/3584 704/561/3584
f 523/2457/3585 525/2489/3585 1728/2037/3585
f 1729/553/3586 1727/828/3586 1726/830/3586
f 1725/2034/3587 708/839/3587 519/569/3587
f 507/554/3588 1729/553/3588 1726/830/3588
f 709/547/3589 1725/2034/3589 519/569/3589
f 508/552/3590 524/837/3590 1729/553/3590
f 1727/828/3591 1729/553/3591 532/838/3591
f 654/1895/3592 647/1894/3592 285/2617/3592
f 275/2040/3593 1731/2039/3593 1730/2658/3593
f 1649/347/3594 1648/2042/3594 1731/2039/3594
f 1731/2039/3595 1735/2659/3595 1730/2658/3595
f 1652/2660/3596 1651/1842/3596 1730/2661/3596
f 275/1841/3597 1730/2661/3597 1651/1842/3597
f 1735/2662/3598 1652/2660/3598 1730/2661/3598
f 1732/1863/3599 1733/1865/3599 1645/1868/3599
f 1645/1868/3600 1646/2625/3600 1732/1863/3600
f 1644/1864/3601 279/2624/3601 1733/1865/3601
f 326/2041/3602 306/341/3602 1650/2407/3602
f 1647/1873/3603 649/1849/3603 1734/2052/3603
f 1731/2039/3604 1736/2044/3604 1735/2659/3604
f 1735/2662/3605 1741/2663/3605 1739/2664/3605
f 1741/2663/3606 1736/2046/3606 1742/2045/3606
f 1738/2061/3607 1743/2060/3607 1737/2047/3607
f 1738/2049/3608 313/2048/3608 312/2665/3608
f 1648/2050/3609 1734/2052/3609 1744/2666/3609
f 1734/2052/3610 1649/2051/3610 1647/1873/3610
f 1735/2662/3611 1739/2664/3611 1652/2660/3611
f 1736/2046/3612 1741/2663/3612 1735/2662/3612
f 1737/2047/3613 1743/2060/3613 1742/2045/3613
f 1669/2055/3614 1658/1886/3614 1657/2667/3614
f 1677/1935/3615 1665/1939/3615 1667/1934/3615
f 1746/1903/3616 1667/1905/3616 1666/752/3616
f 1746/2058/3617 1661/324/3617 1745/2059/3617
f 1669/1910/3618 1668/1909/3618 1745/2059/3618
f 1744/2668/3619 1734/1874/3619 1747/1940/3619
f 1744/2666/3620 1747/2053/3620 1648/2050/3620
f 1738/2061/3621 312/1929/3621 1673/2062/3621
f 1672/1942/3622 1743/1943/3622 1673/2669/3622
f 1740/2038/3623 1742/1941/3623 1734/1874/3623
f 1667/1905/3624 1746/1903/3624 1655/1906/3624
f 1740/2038/3625 1739/2064/3625 1741/2670/3625
f 1741/2670/3626 1742/1941/3626 1740/2038/3626
f 305/337/3627 1679/2619/3627 1680/2671/3627
f 1679/1950/3628 1636/2672/3628 1639/2065/3628
f 415/2673/3629 1751/2072/3629 416/2071/3629
f 1748/2067/3630 671/781/3630 415/2673/3630
f 1749/779/3631 671/781/3631 1748/2067/3631
f 1751/2072/3632 372/411/3632 408/2069/3632
f 1711/412/3633 372/411/3633 1751/2072/3633
f 1711/412/3634 1751/2072/3634 671/781/3634
f 671/781/3635 1751/2072/3635 415/2673/3635
f 417/455/3636 418/2435/3636 1686/2019/3636
f 378/2023/3637 377/2074/3637 668/2076/3637
f 437/2022/3638 378/2023/3638 668/2076/3638
f 702/516/3639 484/530/3639 456/2025/3639
f 1756/2087/3640 1754/2084/3640 1757/2086/3640
f 1847/2174/3641 1758/2140/3641 1759/2176/3641
f 1759/2176/3642 1760/2089/3642 1820/2153/3642
f 1760/2089/3643 1759/2176/3643 1758/2140/3643
f 1758/2140/3644 1847/2174/3644 1761/2136/3644
f 1758/2140/3645 1763/2092/3645 1760/2089/3645
f 1764/2098/3646 1850/2095/3646 1805/2094/3646
f 1805/2094/3647 1765/2096/3647 1764/2098/3647
f 1766/2097/3648 1765/2096/3648 1807/2100/3648
f 1767/2106/3649 1768/2101/3649 1769/2103/3649
f 1769/2103/3650 1810/2102/3650 1770/2104/3650
f 1772/2109/3651 1771/2674/3651 1773/2107/3651
f 1772/2109/3652 1872/2192/3652 1771/2674/3652
f 1774/2112/3653 1775/2113/3653 1856/2110/3653
f 1857/2185/3654 1856/2110/3654 1775/2113/3654
f 1775/2113/3655 1812/2145/3655 1857/2185/3655
f 1775/2113/3656 1776/2146/3656 1812/2145/3656
f 1778/2115/3657 1811/2191/3657 1776/2146/3657
f 1776/2146/3658 1775/2113/3658 1778/2115/3658
f 1779/2117/3659 1781/2206/3659 1780/2118/3659
f 1784/2119/3660 1783/2203/3660 1781/2206/3660
f 1878/2202/3661 1783/2203/3661 1784/2119/3661
f 1781/2206/3662 1779/2117/3662 1784/2119/3662
f 1785/2121/3663 1878/2202/3663 1784/2119/3663
f 1782/2120/3664 1779/2117/3664 1786/2116/3664
f 1814/2122/3665 1784/2119/3665 1782/2120/3665
f 1834/2161/3666 1821/2154/3666 1822/2091/3666 1832/2162/3666
f 1791/2123/3667 1792/2675/3667 1788/2124/3667
f 1791/2123/3668 1789/2126/3668 1788/2676/3668
f 1791/2123/3669 1793/2677/3669 1790/2125/3669
f 1797/2131/3670 1799/2135/3670 1796/2132/3670
f 1796/2130/3671 1800/2134/3671 1795/2128/3671
f 1798/2133/3672 1795/2128/3672 1800/2134/3672
f 1798/2133/3673 1799/2135/3673 1801/2151/3673
f 1801/2151/3674 1799/2135/3674 1797/2131/3674
f 1798/2133/3675 1801/2151/3675 1795/2128/3675
f 1802/2137/3676 1761/2136/3676 1756/2087/3676
f 1823/2155/3677 1763/2092/3677 1803/2138/3677
f 1846/2175/3678 1761/2136/3678 1847/2174/3678
f 1804/2108/3679 1764/2098/3679 1857/2185/3679
f 1850/2095/3680 1764/2098/3680 1804/2108/3680
f 1807/2100/3681 1809/2141/3681 1766/2097/3681
f 1805/2094/3682 1806/2179/3682 1765/2096/3682
f 1806/2179/3683 1805/2094/3683 1851/2093/3683
f 1900/2222/3684 1809/2141/3684 1808/2142/3684
f 1865/2144/3685 1770/2104/3685 1810/2102/3685
f 1811/2191/3686 1772/2109/3686 1776/2146/3686
f 1814/2122/3687 1782/2120/3687 1815/2150/3687
f 1814/2122/3688 1815/2150/3688 1816/2147/3688
f 1819/2678/3689 1786/2116/3689 1780/2118/3689
f 1819/2678/3690 1817/2212/3690 1786/2116/3690
f 1821/2154/3691 1820/2153/3691 1760/2089/3691
f 1832/2162/3692 1827/2679/3692 1826/2215/3692 1833/2160/3692
f 1823/2155/3693 1827/2679/3693 1762/2090/3693
f 1822/2091/3694 1762/2090/3694 1827/2679/3694
f 1825/2158/3695 1826/2215/3695 1824/2156/3695
f 1827/2679/3696 1824/2156/3696 1826/2215/3696
f 1824/2156/3697 1828/2159/3697 1871/2157/3697
f 1871/2157/3698 1828/2159/3698 1829/2197/3698
f 1831/2139/3699 1830/2220/3699 1829/2197/3699
f 1828/2159/3700 1823/2155/3700 1803/2138/3700
f 1827/2679/3701 1823/2155/3701 1824/2156/3701
f 1767/2106/3702 1859/2188/3702 1860/2187/3702 1844/2168/3702
f 1832/2162/3703 1822/2091/3703 1827/2679/3703
f 1839/2164/3704 1838/2169/3704 1757/2086/3704
f 1896/2221/3705 1757/2086/3705 1838/2169/3705
f 1841/2165/3706 1835/2163/3706 1837/2167/3706
f 1841/2165/3707 1842/2239/3707 1910/2173/3707
f 1842/2239/3708 1841/2165/3708 1843/2172/3708
f 1836/2166/3709 1845/2186/3709 1768/2101/3709
f 1845/2186/3710 1836/2166/3710 1753/2085/3710
f 1808/2142/3711 1807/2100/3711 1852/2099/3711
f 1852/2680/3712 1853/2183/3712 1808/2229/3712
f 1806/2179/3713 1853/2681/3713 1852/2099/3713
f 1853/2183/3714 1806/2682/3714 1854/2181/3714
f 1806/2682/3715 1851/2182/3715 1854/2181/3715
f 1851/2182/3716 1909/2240/3716 1855/2180/3716
f 1766/2097/3717 1856/2110/3717 1764/2098/3717
f 1856/2110/3718 1809/2141/3718 1870/2111/3718
f 1767/2106/3719 1862/2184/3719 1859/2188/3719
f 1774/2112/3720 1870/2111/3720 1869/2683/3720 1868/2684/3720
f 1848/2143/3721 1810/2102/3721 1846/2175/3721
f 1845/2186/3722 1846/2175/3722 1810/2102/3722
f 1862/2184/3723 1858/2105/3723 1863/2228/3723
f 1858/2105/3724 1770/2104/3724 1864/2190/3724
f 1864/2190/3725 1865/2144/3725 1903/2226/3725
f 1903/2226/3726 1865/2144/3726 1866/2231/3726
f 1857/2185/3727 1812/2145/3727 1804/2108/3727
f 1867/2685/3728 1774/2112/3728 1868/2684/3728
f 1777/2114/3729 1774/2112/3729 1867/2685/3729
f 1867/2216/3730 1868/2686/3730 1833/2160/3730
f 1868/2686/3731 1890/2234/3731 1833/2160/3731
f 1880/2687/3732 1813/2148/3732 1816/2147/3732 1887/2688/3732
f 1825/2689/3733 1871/2690/3733 1778/2115/3733
f 1811/2191/3734 1778/2115/3734 1871/2690/3734
f 1826/2691/3735 1825/2689/3735 1778/2115/3735
f 1811/2191/3736 1871/2690/3736 1872/2192/3736
f 1867/2685/3737 1826/2691/3737 1777/2114/3737
f 1778/2115/3738 1777/2114/3738 1826/2691/3738
f 1872/2692/3739 1871/2157/3739 1873/2194/3739
f 1773/2107/3740 1874/2693/3740 1906/2198/3740
f 1874/2693/3741 1773/2107/3741 1771/2674/3741
f 1906/2198/3742 1909/2178/3742 1850/2095/3742
f 1876/2200/3743 1880/2687/3743 1877/2201/3743
f 1880/2687/3744 1876/2200/3744 1813/2148/3744
f 1876/2200/3745 1878/2202/3745 1785/2121/3745
f 1882/2208/3746 1781/2206/3746 1783/2203/3746
f 1783/2203/3747 1883/2204/3747 1882/2208/3747
f 1886/2213/3748 1885/2211/3748 1818/2149/3748
f 1869/2683/3749 1870/2111/3749 1809/2141/3749 1900/2222/3749
f 1887/2688/3750 1816/2147/3750 1888/2210/3750
f 1815/2150/3751 1888/2210/3751 1816/2147/3751
f 1817/2212/3752 1819/2678/3752 1889/2214/3752
f 1786/2116/3753 1817/2212/3753 1782/2120/3753
f 1833/2160/3754 1890/2234/3754 1834/2161/3754
f 1895/2152/3755 1834/2161/3755 1890/2234/3755
f 1868/2694/3756 1869/2233/3756 1890/2234/3756
f 1890/2234/3757 1892/2217/3757 1891/2219/3757
f 1891/2219/3758 1894/2218/3758 1893/2230/3758
f 1895/2152/3759 1891/2219/3759 1893/2230/3759
f 1891/2219/3760 1895/2152/3760 1890/2234/3760
f 1829/2197/3761 1830/2220/3761 1873/2194/3761
f 1896/2221/3762 1898/2171/3762 1830/2220/3762
f 1873/2194/3763 1830/2220/3763 1898/2171/3763
f 1901/2225/3764 1892/2217/3764 1900/2695/3764
f 1902/2227/3765 1864/2190/3765 1903/2226/3765
f 1853/2183/3766 1862/2184/3766 1863/2228/3766
f 1904/2224/3767 1894/2218/3767 1901/2225/3767
f 1904/2224/3768 1866/2231/3768 1894/2218/3768
f 1866/2231/3769 1904/2224/3769 1903/2226/3769
f 1866/2231/3770 1893/2230/3770 1894/2218/3770
f 1905/2232/3771 1866/2231/3771 1865/2144/3771
f 1905/2232/3772 1759/2176/3772 1849/2177/3772
f 1759/2176/3773 1905/2232/3773 1848/2143/3773
f 1924/2696/3774 1922/2261/3774 1923/2269/3774 1941/2271/3774
f 1869/2233/3775 1900/2695/3775 1892/2217/3775
f 1910/2173/3776 1906/2235/3776 1899/2196/3776
f 1819/2678/3777 1780/2118/3777 1907/2697/3777
f 1780/2118/3778 1881/2207/3778 1907/2697/3778
f 1819/2678/3779 1907/2697/3779 1889/2214/3779
f 1854/2181/3780 1855/2180/3780 1861/2189/3780
f 1859/2188/3781 1862/2184/3781 1854/2181/3781
f 1842/2239/3782 1909/2240/3782 1906/2235/3782
f 1897/2088/3783 1757/2086/3783 1896/2221/3783
f 1897/2088/3784 1831/2139/3784 1756/2087/3784
f 1803/2138/3785 1831/2139/3785 1828/2159/3785
f 1829/2197/3786 1828/2159/3786 1831/2139/3786
f 1840/2170/3787 1899/2196/3787 1898/2171/3787
f 1840/2170/3788 1910/2173/3788 1899/2196/3788
f 1846/2175/3789 1845/2186/3789 1753/2085/3789
f 1846/2175/3790 1753/2085/3790 1761/2136/3790
f 1761/2136/3791 1753/2085/3791 1754/2084/3791
f 1772/2109/3792 1804/2108/3792 1812/2145/3792
f 1843/2172/3793 1908/2238/3793 1842/2239/3793
f 1906/2235/3794 1910/2173/3794 1842/2239/3794
f 1914/2243/3795 1911/2245/3795 1912/2244/3795
f 1929/2251/3796 1918/2242/3796 1930/2241/3796
f 1914/2243/3797 1912/2244/3797 1930/2241/3797
f 1916/2247/3798 1913/2246/3798 1915/2253/3798
f 1917/2252/3799 1984/2254/3799 1985/2255/3799
f 1984/2254/3800 1915/2253/3800 1913/2246/3800
f 1983/2256/3801 1919/2258/3801 1917/2252/3801
f 1920/2263/3802 1922/2267/3802 1921/2259/3802
f 1915/2253/3803 1917/2252/3803 1927/2265/3803
f 1921/2259/3804 1924/2268/3804 1935/2266/3804
f 1919/2258/3805 1935/2266/3805 1917/2252/3805
f 1923/2269/3806 1986/2341/3806 1938/2270/3806
f 1986/2341/3807 1925/2272/3807 1938/2270/3807
f 1933/2273/3808 1928/2248/3808 1929/2251/3808
f 1929/2251/3809 1931/2342/3809 1942/2274/3809
f 1942/2274/3810 1933/2273/3810 1929/2251/3810
f 1942/2274/3811 1931/2342/3811 1950/2285/3811
f 1932/2287/3812 1950/2285/3812 1931/2342/3812
f 1987/2281/3813 1934/2277/3813 1944/2282/3813
f 1946/2278/3814 1927/2265/3814 1952/2280/3814
f 1932/2287/3815 1987/2281/3815 1945/2283/3815
f 1946/2278/3816 1944/2282/3816 1934/2277/3816
f 1924/2268/3817 1949/2288/3817 1935/2266/3817
f 1936/2698/3818 1941/2271/3818 1939/2699/3818
f 1949/2288/3819 1924/2268/3819 1936/2700/3819
f 1951/2289/3820 1959/2293/3820 1957/2701/3820
f 1949/2296/3821 1952/2292/3821 1947/2702/3821
f 1939/2294/3822 1949/2296/3822 1936/2703/3822
f 1939/2294/3823 1960/2297/3823 1961/2295/3823
f 1961/2295/3824 1969/2349/3824 1952/2292/3824
f 1940/2304/3825 1954/2301/3825 1963/2704/3825
f 1963/2705/3826 1937/2706/3826 1940/2707/3826
f 1937/2706/3827 1963/2705/3827 1953/2298/3827
f 1937/2706/3828 1953/2298/3828 1939/2294/3828
f 1948/2302/3829 1955/2299/3829 1954/2301/3829
f 1964/2350/3830 1955/2307/3830 1965/2327/3830
f 1955/2307/3831 1966/2306/3831 1965/2327/3831
f 1956/2305/3832 1951/2310/3832 1967/2309/3832
f 1961/2708/3833 1960/2343/3833 1962/2709/3833
f 1962/2709/3834 1960/2343/3834 1972/2317/3834
f 1953/2318/3835 1963/2710/3835 1975/2316/3835
f 1975/2316/3836 1963/2710/3836 1973/2711/3836
f 1963/2710/3837 1954/2345/3837 1973/2711/3837
f 1973/2711/3838 1954/2345/3838 1976/2325/3838
f 1957/2311/3839 1971/2336/3839 1958/2308/3839
f 1971/2336/3840 1957/2311/3840 1968/2313/3840
f 1970/2314/3841 1961/2708/3841 1962/2709/3841
f 1969/2315/3842 1961/2708/3842 1970/2314/3842
f 1976/2325/3843 1977/2324/3843 1973/2711/3843
f 1973/2711/3844 1977/2324/3844 1975/2316/3844
f 1962/2709/3845 1972/2317/3845 1978/2322/3845
f 1974/2712/3846 1918/2330/3846 1979/2713/3846
f 1974/2714/3847 1979/2715/3847 1977/2321/3847
f 1914/2716/3848 1918/2330/3848 1911/2331/3848
f 1966/2328/3849 1918/2330/3849 1974/2712/3849
f 1981/2717/3850 1980/2351/3850 1979/2715/3850
f 1980/2351/3851 1977/2321/3851 1979/2715/3851
f 1978/2319/3852 1977/2321/3852 1980/2351/3852
f 1982/2333/3853 1984/2335/3853 1911/2331/3853
f 1922/2261/3854 1989/2260/3854 1923/2269/3854
f 1986/2341/3855 1923/2269/3855 1980/2340/3855
f 1981/2249/3856 1986/2341/3856 1980/2340/3856
f 1925/2272/3857 1981/2249/3857 1928/2248/3857
f 1932/2287/3858 1934/2277/3858 1987/2281/3858
f 1927/2265/3859 1934/2277/3859 1916/2247/3859
f 1936/2698/3860 1924/2696/3860 1941/2271/3860
f 1933/2273/3861 1940/2276/3861 1938/2270/3861
f 1939/2699/3862 1941/2271/3862 1937/2284/3862
f 1950/2718/3863 1943/2303/3863 1948/2302/3863
f 1951/2289/3864 1956/2719/3864 1944/2290/3864
f 1956/2719/3865 1955/2299/3865 1944/2290/3865
f 1970/2347/3866 1962/2720/3866 1978/2319/3866
f 1983/2334/3867 1920/2348/3867 1988/2721/3867
f 1920/2348/3868 1980/2351/3868 1989/2722/3868
f 1937/2284/3869 1941/2271/3869 1938/2270/3869
f 1943/2303/3870 1945/2723/3870 1944/2290/3870